scheme_code,scheme_label,n_total_stations,n_valid_stations,median_val_kge,median_val_nse,median_test_kge,median_test_nse,n_excluded_stations
S1,S1 Csb-CA,8,8,-107.61286890368879,-950.682961437543,-207.70642895538816,-2189.9514369587187,0
S2,S2 Cfa-SE,17,17,-0.1675807293206364,-1.1568275057384203,0.01963716709989749,-1.0061068120764287,0
U1,U1 Dfa-MW,10,10,-3.4572549144720828,-25.513911814790845,-1.834727703559224,-5.761149872466804,0
U2,U2 Dfb(E)-GL,10,10,0.16609881919890562,-0.521994723132027,0.14310399880502228,-0.6238775840219848,0
U3,U3 Dfb(W)-RK,6,6,-25.032608677490057,-952.5412216596026,-16.77367426738925,-107.93925788844084,0
U4,U4 BSk-SW,3,3,-11032.106126947274,-111776.52794879116,-421.137507841757,-2927.4990818195633,0
U5,U5 BSk-NP,3,3,-52.622275218984576,-484.5823310367709,-45.73265196126501,-321.8576494403121,0
