scheme_code,scheme_label,koppen_class,n_total_stations,n_valid_stations,median_val_kge,median_val_nse,median_test_kge,median_test_nse,n_excluded_stations
S1,S1 Csb-CA,Csb,8,8,-107.61286890368879,-950.682961437543,-207.70642895538816,-2189.9514369587187,0
S2,S2 Cfa-SE,Cfa,12,12,-1.8853645114765587,-4.747689511195546,-1.1158424655551407,-4.15350453798168,0
S2,S2 Cfa-SE,Cfb,5,5,0.24551177048824668,-0.11754098198285479,0.11070758932933955,-0.2973797505044822,0
U1,U1 Dfa-MW,Dfa,10,10,-3.4572549144720828,-25.513911814790845,-1.834727703559224,-5.761149872466804,0
U2,U2 Dfb(E)-GL,Dfb,10,10,0.16609881919890562,-0.521994723132027,0.14310399880502228,-0.6238775840219848,0
U3,U3 Dfb(W)-RK,Dfb,6,6,-25.032608677490057,-952.5412216596026,-16.77367426738925,-107.93925788844084,0
U4,U4 BSk-SW,BSk,3,3,-11032.106126947274,-111776.52794879116,-421.137507841757,-2927.4990818195633,0
U5,U5 BSk-NP,BSk,3,3,-52.622275218984576,-484.5823310367709,-45.73265196126501,-321.8576494403121,0
