scheme_code,scheme_label,n_stations,median_val_kge,median_val_nse,median_test_kge,median_test_nse
S1,S1 Csb-CA,8,-297.8894219307406,-15778.469648169179,-456.5882239729156,-54231.37963111985
S2,S2 Cfa-SE,17,-1.0744813070467125,-2.243925277714857,-0.8734088807257001,-1.0037571879601597
U1,U1 Dfa-MW,10,-2.7595267315942107,-9.579906258016683,-0.5664933591839147,-1.1641953952055903
U2,U2 Dfb(E)-GL,10,-0.5170285430704737,-0.5182896033515667,-0.7009122673248469,-0.6663681462046822
U3,U3 Dfb(W)-RK,6,-7.268990532203395,-59.37578316408121,-10.244819074847324,-48.78552575952044
U4,U4 BSk-SW,3,-10711.379834041301,-11582532.642951127,-648.9715766372591,-335.70300042137706
U5,U5 BSk-NP,3,-128.19893560762173,-2528.6554514594877,-48.51826797540316,-855.4280860916592
