scheme_code,scheme_label,koppen_class,n_stations,median_val_kge,median_val_nse,median_test_kge,median_test_nse
S1,S1 Csb-CA,Csb,8,-297.8894219307406,-15778.469648169179,-456.5882239729156,-54231.37963111985
S2,S2 Cfa-SE,Cfa,12,-1.2942750659575895,-3.790046914160012,-1.1668018580742863,-2.6494772520695724
S2,S2 Cfa-SE,Cfb,5,0.38173703125623426,-0.20893826519478864,0.3777038292876129,-0.2511119981695036
U1,U1 Dfa-MW,Dfa,10,-2.7595267315942107,-9.579906258016683,-0.5664933591839147,-1.1641953952055903
U2,U2 Dfb(E)-GL,Dfb,10,-0.5170285430704737,-0.5182896033515667,-0.7009122673248469,-0.6663681462046822
U3,U3 Dfb(W)-RK,Dfb,6,-7.268990532203395,-59.37578316408121,-10.244819074847324,-48.78552575952044
U4,U4 BSk-SW,BSk,3,-10711.379834041301,-11582532.642951127,-648.9715766372591,-335.70300042137706
U5,U5 BSk-NP,BSk,3,-128.19893560762173,-2528.6554514594877,-48.51826797540316,-855.4280860916592
