station_id,gap_v2,gap_v3
BOMAustralia__001202A,-0.2873942558081839,-0.35510299356610253
BOMAustralia__003204A,-0.09894324066310062,0.9109153055121124
BOMAustralia__003205A,1.2710482772316365,0.11510396384300509
BOMAustralia__003302A,5.2384929627551315,2.7233741354324668
BOMAustralia__107003A,0.0714334321475788,0.005156196413531822
BOMAustralia__108002A,-0.023709448140909917,-0.06230290990476517
BOMAustralia__110001D,0.020155763501138485,0.11959239733802082
BOMAustralia__110002A,-0.42122887221508065,-0.5255178118716102
BOMAustralia__110011B,0.0412979532150447,-0.01540474931781799
BOMAustralia__110020A,0.08378821783518381,0.1370146429587763
BOMAustralia__112003A,-0.5063748829225794,-0.1533134080569272
BOMAustralia__120106B,-0.35600392143372317,-0.4241080073794932
BOMAustralia__120209B,0.013997029528313165,-0.375524821692366
BOMAustralia__120305A,1.377015621154123,1.351699567629944
BOMAustralia__120306A,-0.0007229400127712893,0.25148500698246046
BOMAustralia__121002A,-0.3885634470436241,0.5877741834825976
BOMAustralia__121004A,0.060066576730495425,0.5283669804982634
BOMAustralia__125009A,-0.09163825609998222,0.30952810477878845
BOMAustralia__125016A,-0.026798383688481496,0.6664664745082589
BOMAustralia__129001A,-0.27971586091244294,-0.22694020552426108
BOMAustralia__130206A,-0.07896515767915763,0.1942408069509869
BOMAustralia__130207A,-0.07808257979107439,-0.3036067540661187
BOMAustralia__130213A,-0.03505326901322009,0.3285912830634996
BOMAustralia__130344A,-0.25524801319794027,-0.133011491724994
BOMAustralia__130378A,-0.8512336123918207,-1.6244557229850831
BOMAustralia__130403A,0.12204115069062915,0.00398956383125848
BOMAustralia__130510A,0.1061138291557358,0.1530108699732447
BOMAustralia__134002A,0.05601134931260059,0.1536376884395235
BOMAustralia__136101C,1.5369824542840016,-0.038282561688412375
BOMAustralia__136108A,17.525851662427765,-1.7726731158933795
BOMAustralia__136109B,3.8926523057984976,10.259755078605735
BOMAustralia__136203A,-0.08381755181024447,-0.10663816348052624
BOMAustralia__136209A,-1.0257984754451055,-3.162073094079579
BOMAustralia__136213A,-0.15992511464484038,0.3646576765778673
BOMAustralia__136304A,-2.4598138678805963,0.5074197351992513
BOMAustralia__138001A,-0.04887948174950574,-0.1256453549274269
BOMAustralia__138111A,0.0976528959940518,0.07763418574012881
BOMAustralia__138113A,0.12318982752710506,0.07196027534276944
BOMAustralia__141008A,-0.23461829959811112,-0.05646003069910077
BOMAustralia__142203A,1.3444135200040677,0.12949056464289743
BOMAustralia__143007A,0.005293402179648354,-0.07790033620385484
BOMAustralia__143110A,0.0002751416549061081,0.005543513731447347
BOMAustralia__143112A,-1.669203241569501,-1.5169039315208572
BOMAustralia__143121A,0.016677679630425768,0.12096664371384558
BOMAustralia__143212A,0.1064297546252786,0.2174827841678526
BOMAustralia__143901A,-0.06397094290576999,0.1134054659332383
BOMAustralia__145003B,-0.16213052847701376,-0.21033321716495157
BOMAustralia__145014A,0.03169574142773657,0.061442274827690935
BOMAustralia__145024A,-0.03342349826455182,-0.20997457247763696
BOMAustralia__145027A,0.02940588324779647,0.04150260744287615
BOMAustralia__145103A,-1.581562935030496,-1.214490923249769
BOMAustralia__145105B,0.2310302079000653,0.10626018701522677
BOMAustralia__201012,0.0864209298725474,0.011577514627478885
BOMAustralia__203059,0.34041051165944514,-0.41028393389547624
BOMAustralia__203061,0.09602846511069418,0.024473342048448532
BOMAustralia__204039,0.2521102569370079,0.43749721620011484
BOMAustralia__204900,-0.053675067224460915,-0.07866338485207869
BOMAustralia__205002,0.018037512309124426,-0.2686984353822881
BOMAustralia__205017,-0.009010687194461076,-0.09685176904342452
BOMAustralia__206032,0.133954891500416,-0.1011325798781284
BOMAustralia__207013,0.005585785130475807,0.11665430188586123
BOMAustralia__207014,-0.03327680598801275,-0.2267312408548704
BOMAustralia__208003,-0.11439589634596792,-0.12504425583197865
BOMAustralia__208015,-0.09474404950276116,-0.12263362547766282
BOMAustralia__209002,-0.10987223756430564,-0.06081154630259
BOMAustralia__210011,-0.008489561950159097,0.007725293090856233
BOMAustralia__210014,-0.038009084940884064,-0.13223393339720135
BOMAustralia__210022,-0.02167863069399134,-0.030766093358539304
BOMAustralia__210080,-0.05738770385795819,-0.1353862090052919
BOMAustralia__210091,0.0013367934541759219,0.02174956165404282
BOMAustralia__210136,0.020834541141242502,0.14679581027810318
BOMAustralia__210150,-0.0514271394529347,0.10025289746764493
BOMAustralia__211008,-0.08600021591865159,-0.10611377110623427
BOMAustralia__211010,-0.07907635971151017,0.2263208866083154
BOMAustralia__211013,-0.08054885513607779,0.06268800100282629
BOMAustralia__212031,-0.0705670299252098,0.016037707524061195
BOMAustralia__212049,0.1916083608102917,-0.23531049523647174
BOMAustralia__212209,-0.2188623100401842,-0.1380035186821007
BOMAustralia__212228,0.1633997465124098,0.060620781196223605
BOMAustralia__2122516,-0.05096821837893195,-0.16905226747862578
BOMAustralia__2122711,0.19275423658018442,0.22458689506900087
BOMAustralia__213005,-0.011400786192887091,-0.13830469787161903
BOMAustralia__215014,0.2040960898625931,0.0708343211144189
BOMAustralia__215209,-0.09276175455141261,0.040693174216170414
BOMAustralia__215216,-0.05309609945316163,0.09711857510198474
BOMAustralia__215233,0.16249715875818604,0.48548151653408744
BOMAustralia__216002,-0.10301337368187341,-0.04648816854365462
BOMAustralia__217006,0.26930108022417165,0.32309251356631385
BOMAustralia__217007,-0.026523619555205435,0.01019686235450723
BOMAustralia__219013,0.06253761319840162,-0.04476960709519051
BOMAustralia__219017,-0.0787395205021626,-0.11677638721881661
BOMAustralia__219025,-0.05130256792762533,-0.14181711381279505
BOMAustralia__220003,-0.11620547983128238,-0.2417060778774161
BOMAustralia__221209,0.02662076649221934,0.19261121662806818
BOMAustralia__222019,-0.120211442665841,-0.04669838044984531
BOMAustralia__222206,0.05827270776075166,-0.016464469613130195
BOMAustralia__222213,0.18795092352530518,0.2657690146242651
BOMAustralia__223208,-0.19482765136448965,-0.06118241032341187
BOMAustralia__223212,-0.18192949518977497,0.04341266594616483
BOMAustralia__224207,0.36780271393426744,0.02592995450367158
BOMAustralia__224213,0.011237021792951163,-0.12845142006828725
BOMAustralia__224217,0.23417954314592804,-0.06633963542092902
BOMAustralia__225020A,1.3831421843749307,-0.4095035114238109
BOMAustralia__225105,-1.6865446289484738,-0.9470620563587209
BOMAustralia__225110A,-0.2670288011974179,-0.11438314787586745
BOMAustralia__225213,-0.13510919644365021,0.03562643576559832
BOMAustralia__225230A,0.23003729864588732,0.1920231666330161
BOMAustralia__226005,0.08789377446306501,-0.02793935194655861
BOMAustralia__226204,-0.04412730275514487,0.04973236404075132
BOMAustralia__226205,0.1398746367544792,0.38797074303558127
BOMAustralia__226220,-0.26717913096947954,0.09659357625016624
BOMAustralia__226233,0.9024280233394051,0.9321833246655129
BOMAustralia__226400B,0.07083156867679297,0.06805485024993008
BOMAustralia__226407,0.19196956098909984,-0.08254799017346026
BOMAustralia__226409C,0.03046718776614138,-0.3071427554561386
BOMAustralia__227211,-0.0845204609264274,-0.32866992280095625
BOMAustralia__227226,0.07465705525697891,-0.2516958626181522
BOMAustralia__227228,0.1274645388636112,0.0993869614883901
BOMAustralia__227243,1.285012449702017,1.6313921129162587
BOMAustralia__228232,-0.7999551359159824,0.6469896784038012
BOMAustralia__228368A,0.064004956422054,0.10024062401512468
BOMAustralia__229214A,-0.022658587288168386,-0.1281638186851295
BOMAustralia__229229A,-0.0633858491418299,-0.1237242345759986
BOMAustralia__229245A,-0.5043114600245823,-0.2667694366282509
BOMAustralia__229248B,0.38269925051847425,-0.102844393248955
BOMAustralia__229249A,0.13826562564354666,-0.07199922215402071
BOMAustralia__229264A,0.03379538825185091,-0.12899373491163302
BOMAustralia__229616A,-0.7067505936680849,0.1554392936032512
BOMAustralia__229620A,-2.5386756622440174,-0.7335388184696875
BOMAustralia__229681B,0.2647695405800218,0.21848660879719106
BOMAustralia__230107A,-0.2675922648406217,0.32817409574804
BOMAustralia__230211A,-0.5607215813480684,-0.2962263982299274
BOMAustralia__231200,-0.5954540549008138,0.5807257426898275
BOMAustralia__231204,-0.5437631829372688,0.2610362084289316
BOMAustralia__231704A,-48.79972799879504,10.076851353284104
BOMAustralia__232200,-1.8724132705232297,3.2863279908895713
BOMAustralia__232202,-0.5024375632300052,-0.7297537408714855
BOMAustralia__232204,-0.5750656716378147,-0.1548216319700421
BOMAustralia__232214A,3.1309664710506735,-1.7728970812221287
BOMAustralia__233224,0.37627659929415297,-0.03957513816240987
BOMAustralia__233250,0.4365152021202281,4.2240503505441485
BOMAustralia__233706,0.2146523561368304,-0.49784405378860735
BOMAustralia__233718,-0.5493842303049457,3.0334914324377933
BOMAustralia__234212,0.910120105926354,-0.2982651331723608
BOMAustralia__235205,0.12240174761476003,-0.24366317158912393
BOMAustralia__235212,-0.271964678671118,-0.13054069271527072
BOMAustralia__235242,-0.0504665303071494,-0.06566444022092531
BOMAustralia__235256,-0.27754790800254603,-0.05885474432725027
BOMAustralia__237202,-0.14571330687165884,0.5389423124200681
BOMAustralia__237207,0.06951478825006296,-0.29728532282727765
BOMAustralia__238218,-0.07019474040113549,0.8112122495823282
BOMAustralia__238228,0.021937163821748706,-0.4299882955467058
BOMAustralia__238235,0.2530206877668316,-0.36462456743562754
BOMAustralia__238238,-0.4613596692851014,0.44537053751127387
BOMAustralia__238249,-0.403030148868663,-0.37329160506327913
BOMAustralia__238700,-1.8591444382816475,-1.2268318936479787
BOMAustralia__401208,-0.26462629073566657,-0.20230221765194595
BOMAustralia__401228,-6.403187603694789,-1.379445900163248
BOMAustralia__403220,0.0962729412961314,0.1881291570935152
BOMAustralia__403227,-0.06136014245475596,-0.06880323084126272
BOMAustralia__403233,-0.0003235249049829969,-0.018885675285265413
BOMAustralia__403248,0.1276679295780329,0.41139158840489237
BOMAustralia__404224,0.11601223378650388,-0.13422442828033693
BOMAustralia__405202,0.08782321546137217,0.10359114834411376
BOMAustralia__405209,-0.03572125435192608,-0.13202719387765505
BOMAustralia__405229,0.5342492981797169,0.7698301412019637
BOMAustralia__405241,0.3472524776919933,-0.04727765222844604
BOMAustralia__405269,-0.17263827533127413,-0.49834939143073287
BOMAustralia__405293,0.2928929551918389,-0.0052127643093979326
BOMAustralia__405702,-0.009005617873281802,-0.09134453557649613
BOMAustralia__405714,0.21710644028524428,-2.703624324909698
BOMAustralia__406201,-0.10138246200146198,-0.34125089494736577
BOMAustralia__406202,-0.3730999764376466,-0.2077784978224818
BOMAustralia__406225,-1.3665656436127749,-0.6951539811028011
BOMAustralia__406235,-0.12020115208235171,-0.16821772342310937
BOMAustralia__406265,-0.4923066527620723,0.17490073462256622
BOMAustralia__406280,-0.2433485460507303,0.3339481307474373
BOMAustralia__407215,0.06772748285650021,0.010589429026353347
BOMAustralia__407221,0.11106199513680937,-0.16014941661744597
BOMAustralia__407236,-0.127370747029181,1.8973899652790043
BOMAustralia__407252,-0.6711277198820321,-0.33120856087858763
BOMAustralia__407258,0.26683401944059715,1.352459430705785
BOMAustralia__408209,-0.0061163707603659745,1.4863183613065845
BOMAustralia__409013,0.261166886733397,0.1670701999568049
BOMAustralia__409045,-0.10241581551079171,0.3951907430111897
BOMAustralia__409047,-0.08491819855215943,-0.6218915844123177
BOMAustralia__409075,0.17007723527616309,2.307933024103441
BOMAustralia__41000210,-0.031041540045339377,-0.1985974811685542
BOMAustralia__41000213,0.11456412590828219,0.6070831024216361
BOMAustralia__410038,-0.23868454442820697,-0.19539065347955153
BOMAustralia__410048,-0.22473432235955443,-1.35512087572741
BOMAustralia__410081,-0.1632700463253643,0.1820344846882525
BOMAustralia__410092,-0.278045114744634,-0.8899162125685789
BOMAustralia__410103,-2.987659890643282,4.66429116362223
BOMAustralia__410112,-1.5737561135027032,-1.6737960136183938
BOMAustralia__410199,-0.016925912050706482,-0.09774555767866291
BOMAustralia__410700,-0.016627182229225657,-0.05263402919886817
BOMAustralia__410705,0.06813075107848166,0.05256529818764599
BOMAustralia__410725,-0.052667365569978974,-0.1383233869673221
BOMAustralia__410746,0.267575196158635,-0.5919637833180941
BOMAustralia__410761,0.05503645395800172,0.06350990893122022
BOMAustralia__411003,0.2112439667916453,0.28686370770963565
BOMAustralia__41200208,0.08550627117121029,-0.011423981836727104
BOMAustralia__41200209,-0.014092591399415044,-0.1500292736097738
BOMAustralia__412028,0.1786191330638328,0.33439880421842116
BOMAustralia__412029,0.052295514788101516,-0.10895726755973989
BOMAustralia__412165,0.3800140188986619,-0.08504021151916558
BOMAustralia__414218,-0.2049137331493369,-0.36327170303504797
BOMAustralia__415206,0.4300974866653522,0.8991241574027786
BOMAustralia__415214,-1.369896416706774,-1.0655662267564618
BOMAustralia__415237,-0.1112543536212525,0.8488413785765274
BOMAustralia__415238,0.15994769085556593,5.390153249507287
BOMAustralia__415256,-0.7015830199775146,-0.8340883781928674
BOMAustralia__416008,0.0650090961817629,0.101567116749163
BOMAustralia__416016,0.005361675910087238,-0.19849434168839203
BOMAustralia__416020,0.05333865342456812,-0.0828073285544072
BOMAustralia__416069,0.1732139986030743,-0.04935769649171384
BOMAustralia__416203A,-0.07951859777800818,-0.438649373631318
BOMAustralia__416320A,0.15760316316869255,0.5253538987950317
BOMAustralia__416402C,0.19986250240694553,-0.0024832663012118728
BOMAustralia__418055,0.2681361245576094,-1.135157657624521
BOMAustralia__418061,0.380001270261455,-0.26561524250995394
BOMAustralia__418070,0.1016831537294514,0.4175053262980371
BOMAustralia__418091,-0.2326309221001106,0.009868420800141886
BOMAustralia__419028,0.1116413517011603,-0.10709288955671215
BOMAustralia__419056,0.03943985066642902,0.13287640485593738
BOMAustralia__419063,-0.3490013704625856,0.041131513256612295
BOMAustralia__419083,-0.06836113407279742,-0.2051393296801933
BOMAustralia__419099,0.49459470305673137,-1.3872951445585615
BOMAustralia__419102,0.1258428047684208,-0.196071398719464
BOMAustralia__421079,-0.33898445474244854,-0.36284080897085147
BOMAustralia__421083,1.2248337776655935,0.23038233076283576
BOMAustralia__421107,0.050450767159417376,1.0041677866390866
BOMAustralia__422005,-0.5286892718823417,6.1504174807196526
BOMAustralia__422206A,0.31607225465033656,0.7516085844349056
BOMAustralia__422323A,0.053081235748993705,0.003386549156801699
BOMAustralia__422343A,-0.2630252712219442,-0.36508347356543014
BOMAustralia__422501A,-0.03917055502267258,-0.0429687295170853
BOMAustralia__423001,3.008097015296109,6.57560264884666
BOMAustralia__600179,0.017570560094197718,0.16059739550920843
BOMAustralia__603001,-0.21938428930453818,-0.054551319712335795
BOMAustralia__603004,0.6442140547661955,-0.0841208411232815
BOMAustralia__604002,-0.08150735042845536,0.0026922326969245347
BOMAustralia__606004,-3.5288544316820447,-2.0742048632665813
BOMAustralia__606218,-0.031234164993807045,-0.01986448414108455
BOMAustralia__608004,-5.891883307684668,-1.6959103616725941
BOMAustralia__609022,0.051252582453021,-0.31814404790745876
BOMAustralia__609028,1.2013389219593607,0.5237201545252202
BOMAustralia__610016,-1.2553274867727438,0.05471545204131145
BOMAustralia__610030,0.5901247626025642,0.2670460684020267
BOMAustralia__610045,-0.7589391640699945,-1.0178978752913772
BOMAustralia__612044,-8.53380254803288,-7.941336965527552
BOMAustralia__613019,-0.9585606022674411,1.117292537524881
BOMAustralia__613029,-4.143317163036009,-1.3342447901846675
BOMAustralia__613032,-0.2961435375689268,-0.0444827288122735
BOMAustralia__614005,0.27938284389793233,-0.4781873423017503
BOMAustralia__614006,-0.2780068715017276,0.21952385474187053
BOMAustralia__614130,-0.058784064293829874,-0.11060862884807432
BOMAustralia__615011,5.049337482119466,-10.705807544942305
BOMAustralia__615027,0.1547638247449879,0.04835521926392783
BOMAustralia__616027,3.767926075247725,2.481168569892538
BOMAustralia__616041,0.0029657759353680646,0.8021558571836218
BOMAustralia__616082,-0.06308933127711303,0.11630105590244166
BOMAustralia__616216,-1.2713730092293996,2.9075198641365514
BOMAustralia__617165,0.5029525317110446,0.1863085011914653
BOMAustralia__701005,-0.5034104234262947,-1.4280682634051596
BOMAustralia__703001,0.5064666381956491,-0.6187797553954202
BOMAustralia__705002,2.55038515375221,-0.4841141829777541
BOMAustralia__706207,0.1398760346009696,-0.1776632524078827
BOMAustralia__708013,21.941697291241667,2.9173322718151127
BOMAustralia__708014,0.1413922238934306,-0.4756283104945239
BOMAustralia__708016,1.699444381260848,0.47800432665526293
BOMAustralia__709005,1.0471178582529184,-1.6945164023487163
BOMAustralia__709010,-0.6673425590783688,0.25861802907373427
BOMAustralia__710204,0.3571889981692169,-0.4455851528275585
BOMAustralia__802198,0.16147534191390028,0.40119780413123235
BOMAustralia__803001,0.09745805750249781,0.09242202873002253
BOMAustralia__913006A,0.07122276652060466,-0.1059430625912452
BOMAustralia__913010A,-0.9608571752739974,-0.7713238352429976
BOMAustralia__915011A,-0.4834880459626161,-0.3771623814780204
BOMAustralia__915013A,-0.15520737407276952,0.1059138226453501
BOMAustralia__915203C,-0.7867714845306568,1.349718737744234
BOMAustralia__917106A,0.018709675816200977,0.21700215102368237
BOMAustralia__918003A,0.1469625271784179,-0.2563367402908532
BOMAustralia__919006A,-0.003920811870772978,-0.0873799398898858
BOMAustralia__919202A,-0.2654144828167771,-0.07369801859840353
BOMAustralia__919204A,-0.04834014233282824,-0.08580530979493584
BOMAustralia__924001A,-0.2449416527129579,-0.029229849795915364
BOMAustralia__926003A,0.10868087750331168,0.015295426457353045
BOMAustralia__A2390505,0.4149855223470391,-0.4145433133601426
BOMAustralia__A2390510,-0.129861021085864,-0.6067849617974828
BOMAustralia__A2391001,-11.339553829930418,-0.6485839867606713
BOMAustralia__A2391146,0.41635721312091767,-0.6689489919882508
BOMAustralia__A4260688,0.2224501156380274,-1.7255236635980804
BOMAustralia__A4261103,-0.0967143769678871,0.07542311823694
BOMAustralia__A5030500.1,-5.267242406951849,0.9825702988413383
BOMAustralia__A5030522,0.32411457797097254,-0.13359500863319068
BOMAustralia__A5030537,-0.15747056764573264,-1.8308155999737052
BOMAustralia__A5030547.1,0.3117212863637503,0.20936126673285477
BOMAustralia__A5040500.1,-0.02478825325605688,0.14285846525857118
BOMAustralia__A5041036.1,0.0492005085244433,-0.0825030838678657
BOMAustralia__A5050512,-1.1615372580485972,-1.3935838934675908
BOMAustralia__A5050532,-0.7323510858393403,-0.30170362119404803
BOMAustralia__A5050543,-1.4100744979940787,2.897825135774222
BOMAustralia__A5051009,-3.6436971717844635,-7.579682458720351
BOMAustralia__A5060502,-0.05854075947629009,0.09485645437379159
BOMAustralia__A5070501,0.055670751141091435,-0.3292225261239051
BOMAustralia__A5091002,0.1829197646636609,-0.20510112495672178
BOMAustralia__G0050115,1.611284120886739,-1.30175068042582
BOMAustralia__G0050116,-0.3452852669632312,0.0021251220957727024
BOMAustralia__G0060047,-1.630160184585292,-1.798448008882481
BOMAustralia__G0280114,2.141843278051165,0.9607965210340632
BOMAustralia__G8100225,-0.08641509378828072,0.4323966251124638
BOMAustralia__G8110107,-0.22858852667168716,0.17689968828202174
BOMAustralia__G8140044,-0.09266744850233119,-0.039701681942941436
BOMAustralia__G8140086,-0.1435098640828889,-0.01043321791042584
BOMAustralia__G8140158,-0.1625711274576061,-0.40962712434412135
BOMAustralia__G8140222,0.37919775757255486,0.05246494764060716
BOMAustralia__G8140535,-0.005995317331806027,-0.03597561882438238
BOMAustralia__G8140538,-0.13440369537228958,0.03230805754627897
BOMAustralia__G8150010,-0.1533580319384581,0.06450931897952217
BOMAustralia__G8150028,0.05484282013800168,0.09223552244487199
BOMAustralia__G8150321,-0.029373475148165462,0.16501736678365714
BOMAustralia__G8180035,0.058193869236693896,0.1771754330310486
BOMAustralia__G8210009,-0.018141340300349418,-0.0398456901934951
CAMELSH__01017060,-0.015026982813463596,0.09888804662745498
CAMELSH__01017960,-0.06809214269235753,0.011888791810359178
CAMELSH__01037380,-0.10101471918262117,-0.11024505298126996
CAMELSH__01042500,0.05850879522443353,0.07887598126588607
CAMELSH__01048000,0.032076663772435565,-0.019565334475170837
CAMELSH__01055000,0.01222644820032015,-0.12472566231720816
CAMELSH__01057000,0.0167620649401935,0.04102544244844286
CAMELSH__01059800,0.4563869569975547,0.8017459706271034
CAMELSH__01067950,0.002921814111759291,-0.1532206897802919
CAMELSH__01076500,0.0631316014827411,-0.01325731813067832
CAMELSH__01082000,-0.16101670876460417,-0.1404976039075122
CAMELSH__01086000,0.013164465362964117,-0.01882424817842454
CAMELSH__01101000,0.06225815545918223,-0.09437090291655581
CAMELSH__01102000,-0.03989421541038607,-0.04715472856746905
CAMELSH__01103025,0.626660423809754,0.14861794126985678
CAMELSH__01103455,-0.12621562633932848,-0.11164425931338118
CAMELSH__01103500,-0.040859554798993614,-0.12309616456047356
CAMELSH__01104475,-0.12379911565193369,0.06338980481431966
CAMELSH__01104500,0.0014766594244097764,-0.049243346211156114
CAMELSH__01105583,-0.12612607973655843,-0.13948025214852033
CAMELSH__01105638,-0.017157789517714184,-0.0023217919366531614
CAMELSH__01109220,-0.19817414768995079,-0.3059072698468518
CAMELSH__01111212,-0.13588229031073218,0.11717731846865864
CAMELSH__01116000,-0.02684273552669303,-0.010245189260361776
CAMELSH__01116905,0.05439794257062913,-0.14936852727679595
CAMELSH__01124000,-0.0208623736518897,-0.062343758873265376
CAMELSH__01125000,0.1527606500730242,-0.010269544111011553
CAMELSH__01125500,0.024110744246285787,0.028586641804315804
CAMELSH__01127500,-0.06955969161148978,-0.010126425791828764
CAMELSH__01133000,0.055680726169790806,-0.0038842365214087904
CAMELSH__01135300,0.06534911091321316,0.035395357960977814
CAMELSH__01137500,0.020486631262745525,0.06597173369310005
CAMELSH__01139000,-0.019508346381214237,-0.016433891315938753
CAMELSH__01139800,-0.14397862230947256,-0.14933740979986287
CAMELSH__01144000,0.02450452607271758,-0.0390647528439666
CAMELSH__01160350,-0.016751866281091154,-0.014983298408977164
CAMELSH__01174500,-0.048051868588703694,-0.0151825794307473
CAMELSH__01181000,-0.03224588871670364,0.05458071308731749
CAMELSH__01188090,0.04645611781613168,-0.10022684679574445
CAMELSH__01189995,0.08585776703781933,0.041313130012329946
CAMELSH__01193500,-0.024521280780214205,-0.05772119547591248
CAMELSH__01196620,0.019524331411693185,0.14395732923394977
CAMELSH__01200000,0.0891070549556724,-0.1191841064922361
CAMELSH__01201487,-0.2762263471565789,-0.10285026202820968
CAMELSH__01203600,-0.06518572610269158,0.197282429487169
CAMELSH__01205500,-0.07677430555055831,-0.042781988995622244
CAMELSH__01205700,0.02527146739116959,0.0988166135394154
CAMELSH__01206900,0.056038341023846194,-0.006236372744132135
CAMELSH__01208925,0.013741488914775335,0.172543628176012
CAMELSH__012095493,0.013271944727704765,-0.057447209479142725
CAMELSH__01209700,-0.12438424750144383,0.009801596034064941
CAMELSH__01312000,-0.027731909735152938,-0.034857760832446516
CAMELSH__01347000,-0.10547296657475236,-0.06228900052971076
CAMELSH__01349000,0.03694222162351113,0.07666744581670648
CAMELSH__01350080,0.07739698960659247,0.04153069372608731
CAMELSH__0136230002,0.24156918417147433,0.2047680853738687
CAMELSH__01374505,0.003154306071216806,-0.010873880016367465
CAMELSH__0137499350,-0.06081324583421499,-0.048355521650583655
CAMELSH__01379773,0.25766029618952824,0.09826535961566585
CAMELSH__01379790,-0.06191687647477273,0.050770755821616165
CAMELSH__01382170,-0.06847750846219769,-0.061023957054339384
CAMELSH__01382500,-0.07426253033495744,-0.09909427049009412
CAMELSH__01384000,-0.22388550520222206,-0.03184730977710426
CAMELSH__01391500,-0.09652280028125337,-0.01248969663083066
CAMELSH__01396091,0.017750491768164678,0.1451756828698022
CAMELSH__01396190,0.12246810330675406,0.0522409239061834
CAMELSH__01397000,0.09829043982739072,-0.026277176013852044
CAMELSH__01398500,0.03160179746708691,0.02274357633900037
CAMELSH__01409000,0.16128124350255685,-0.591552674905001
CAMELSH__01411300,-0.09687223648833099,0.08833676067692287
CAMELSH__01413088,0.012916651148702774,0.057602845367526356
CAMELSH__01415460,-0.009841356753976405,-0.13627558727622502
CAMELSH__01420980,-0.005488529641481943,-0.06157258799907861
CAMELSH__01423000,-0.01576189138677353,-0.006787084755792372
CAMELSH__01430000,0.05519318004379836,0.010018644264790377
CAMELSH__01432110,0.001036362291265247,0.018682286671310222
CAMELSH__0143400680,0.3496776337572084,0.11055163654567984
CAMELSH__01434498,-0.11610575208065188,-0.05862615366864721
CAMELSH__01436000,0.07734600335322162,-0.05266283850283782
CAMELSH__01440200,0.0029563944105407414,0.01007133648144165
CAMELSH__01442500,-0.043492525518708525,0.018788336548334006
CAMELSH__01443900,0.017632979005256066,0.0177455483485216
CAMELSH__01447500,-0.10224556529717033,-0.054885772519461806
CAMELSH__01452500,-0.010918704919102518,0.0026632209911781057
CAMELSH__01453000,-0.04174257286152261,-0.0163081579032337
CAMELSH__01457000,-0.19904620189521016,-0.20202906073658633
CAMELSH__01469500,-0.10835067582421831,-0.12911740706249086
CAMELSH__01470960,0.0178632593600504,-0.03376671010466392
CAMELSH__01471980,-0.0031357949035671906,0.09611703146856043
CAMELSH__01478245,0.03404714226553851,0.03695336695972351
CAMELSH__01480000,0.0022497744855896062,0.06413973348533974
CAMELSH__01480400,0.3041847570259145,0.140615437202811
CAMELSH__01480500,0.1861341870851111,-0.0853119510447955
CAMELSH__01480638,0.26399163667405434,0.27543118547226414
CAMELSH__01480675,0.007387338838341417,0.004522487169888234
CAMELSH__01480870,-0.002450887713510763,0.09782088058190175
CAMELSH__01484000,-0.23130075406587458,0.1222190202456851
CAMELSH__01484525,-0.0719404361974304,0.009787871216350053
CAMELSH__01485000,0.044382689577110446,-0.03939581640525469
CAMELSH__01486000,0.07295331659097948,0.004953007778665475
CAMELSH__01491500,0.057068357833108596,0.05052816928050796
CAMELSH__01494150,0.4239651606095271,0.1505216884153177
CAMELSH__01500500,-0.08507010486627609,-0.019087781964450157
CAMELSH__01512500,0.08400875479120273,0.11998959538611709
CAMELSH__01516350,-0.015599994156566543,-0.027609526320168998
CAMELSH__01525981,-0.07906478513914539,-0.10766854867709574
CAMELSH__01526500,-0.031981098455708734,-0.0759848732897569
CAMELSH__01527500,0.012675460145396222,-0.04853242164098148
CAMELSH__01528000,0.10149925397307508,0.21404238341768506
CAMELSH__01530500,0.009130042320746212,0.048653880033721175
CAMELSH__01534500,0.020126980126085714,0.005537560054473145
CAMELSH__01536000,-0.1408621960429911,-0.09706442754891043
CAMELSH__01543500,-0.07051744443955943,-0.0896171486612597
CAMELSH__01546500,0.30069207850119284,-0.030059331431754766
CAMELSH__01547200,-0.053654964204818634,-0.02640736947980693
CAMELSH__01547700,0.4106018441954571,0.18268585903315127
CAMELSH__01549500,0.010231642217947923,0.03001164233753517
CAMELSH__01552000,-0.08607244682011761,-0.07186964283485331
CAMELSH__01562000,0.0659701277514515,-0.0071493123620703924
CAMELSH__01567500,-0.269218057532035,-0.23790042055606764
CAMELSH__01569800,-0.21597379491718893,0.049992456763701454
CAMELSH__01570000,-0.006486291707141101,0.008041892752137292
CAMELSH__01571500,0.058457834094730377,0.013221476501896423
CAMELSH__01572025,0.03154101262870901,0.07164836709383005
CAMELSH__01581757,-0.015181910330351878,-0.00443598481550711
CAMELSH__01589317,-0.001405148093317099,0.15124237949321942
CAMELSH__01589352,0.06359613563389188,0.09320914247613798
CAMELSH__01589440,0.07568967258354342,0.02578066779308208
CAMELSH__01595000,-0.026599097348331213,-0.05050321309130512
CAMELSH__01596500,-0.007175190269278375,0.07257295704259925
CAMELSH__01600000,0.07270411066458615,0.13559237511958355
CAMELSH__01607500,-0.03316956705889368,0.025545763542477118
CAMELSH__01613095,-0.3097151368004758,-0.5252527610472251
CAMELSH__01613900,-0.31400444084728263,-0.36723422154505103
CAMELSH__01624800,-0.04636897964505016,-0.046897388478994384
CAMELSH__01626000,0.032950371432393655,0.06481916780115471
CAMELSH__01627500,0.10355512321244154,0.08156129146546631
CAMELSH__01632082,-0.0605271405250119,-0.07224394297742431
CAMELSH__01633000,-0.29295874789684717,-0.3017670768256878
CAMELSH__01634500,-0.008826156000894314,-0.05070295476255571
CAMELSH__01642438,-0.2869042103253605,-0.2557569996161009
CAMELSH__01643000,-0.049306395485321675,-0.10886290397813458
CAMELSH__01644375,-0.008342761345374261,-0.034835634598712195
CAMELSH__01648000,0.1706414656223858,0.03335917771952501
CAMELSH__01650500,0.10872927675646527,0.12028791779988957
CAMELSH__01651000,0.02619355980596816,0.1123015099347413
CAMELSH__01651800,-0.043055086065774906,-0.15835104760382482
CAMELSH__01660000,0.1197810927277706,0.16564517856303784
CAMELSH__01663500,-0.24262850595211272,-0.27038123612015774
CAMELSH__01668500,0.14020280445135802,-0.06533196176011768
CAMELSH__01669520,0.04319184852406632,-0.18696682659989722
CAMELSH__01670400,-0.25832752075627863,-0.051083858085733236
CAMELSH__01671020,-0.3030015187951588,-0.12925038438637038
CAMELSH__01673638,-0.45711481932023723,-0.0738508029174374
CAMELSH__01674000,-0.12220020496982098,-0.17736050914811785
CAMELSH__02011400,-0.029019816455414627,0.0645418188609948
CAMELSH__02011490,0.23156323073784912,0.2929235062804974
CAMELSH__02011500,0.022101662838157177,0.010474294850484678
CAMELSH__02018000,-0.04457745587937767,-0.02126902605957881
CAMELSH__02024000,0.07709432041364417,0.1244541820192484
CAMELSH__02030500,-0.0677287411222175,-0.16943971745425435
CAMELSH__02032250,-0.020215628501089156,-0.09003075669240768
CAMELSH__02032640,0.046503511250532426,-0.00828694085272641
CAMELSH__02034000,0.022762829906558424,-0.019783775834884887
CAMELSH__02039500,-0.054699208235272634,-0.06652438232049629
CAMELSH__02040000,0.055562671590144275,0.12419445104518811
CAMELSH__02043500,0.09535288339266829,0.01398800323830629
CAMELSH__02045500,0.1722945890108929,0.27089459447047026
CAMELSH__02055000,-0.038155991973105374,-0.03349495224957555
CAMELSH__02059500,0.030442838115590343,0.023226384340998996
CAMELSH__02065500,-0.05756607458249041,0.03287144705875067
CAMELSH__02069000,-0.01407587704107871,-0.02567707344566661
CAMELSH__02069700,0.07385821523194691,0.013117973795002236
CAMELSH__02076500,-0.199143551464751,-0.28595610473980443
CAMELSH__02081500,-0.030542588947721216,0.05284334183120121
CAMELSH__02082770,0.0868655508492634,0.06433582464038423
CAMELSH__02088470,-0.02946616676128977,-0.073710173299252
CAMELSH__02092500,-0.02242610531426803,-0.11971753427789211
CAMELSH__02093000,-0.040687340477123635,0.036867972062502585
CAMELSH__02096846,0.05495492434912913,-0.0796223462585775
CAMELSH__0209722970,0.01813261054385512,0.005235730182912124
CAMELSH__02097280,-0.05306399018788649,-0.08835492410455031
CAMELSH__02110500,0.1975741952248069,0.05603583833754955
CAMELSH__02112360,-0.022069297431133728,-0.001661638737881832
CAMELSH__02143000,0.13823163990071308,0.1944177204443167
CAMELSH__02160000,-1.2294731672955288,-0.7593170210557119
CAMELSH__02167450,-0.023402138813665596,-0.0034355142630317914
CAMELSH__02192500,-0.011184432339671035,0.09919025011637261
CAMELSH__02202600,-0.03512063691090522,-0.0870931604670796
CAMELSH__02204130,-0.1032015118110583,-0.07425448082788277
CAMELSH__02207385,0.039310729246145204,-0.1704640458937412
CAMELSH__02207400,-0.06319591077304687,-0.26537961954915756
CAMELSH__02207418,-0.12607576924980612,-0.14845291717856712
CAMELSH__02207435,-0.08222208725255209,-0.08121200609738405
CAMELSH__02212600,0.07184103806759257,-0.11940151067428006
CAMELSH__02215100,-0.053569133712277894,-0.014440112407428929
CAMELSH__02216180,0.085104579017512,-0.07377793804536315
CAMELSH__02244440,-0.3265395334444721,-0.10106273506635832
CAMELSH__02246459,-0.21479157631220402,-0.07717251260492808
CAMELSH__02274010,-0.04662615908722201,-0.036310855480246484
CAMELSH__02274325,-0.12238003591916019,-0.19316959428976765
CAMELSH__02293055,-0.1256178431949862,0.07225102586585608
CAMELSH__02294161,0.04775980913522482,0.1742116211369581
CAMELSH__02296260,0.11336827350587997,-0.021128703862000497
CAMELSH__02298488,0.053670302103605794,0.06042244131375685
CAMELSH__02298608,0.09605340348418001,0.1050924740053002
CAMELSH__02303205,0.029154727302648342,0.02237110654379726
CAMELSH__02303330,0.2445936696680101,0.23378216338151236
CAMELSH__02306647,-0.003915037602776561,0.09084940406603992
CAMELSH__02307000,-0.04345054607097221,-0.08339426794072041
CAMELSH__02307359,-0.14424624846663248,-0.16034213931491292
CAMELSH__02312200,-0.012986370378449852,0.21879088010903436
CAMELSH__02314500,-0.2094432007755006,-0.028166309827315827
CAMELSH__02322698,-0.45944360801584283,0.8456160919457907
CAMELSH__02330400,-0.19455536565116638,0.08486569996666327
CAMELSH__02349900,-0.22275214838318957,-0.10869942264684374
CAMELSH__02367310,0.20550648518603842,-0.2333757978346454
CAMELSH__02374745,-0.06665485888579559,-0.0063174245544908025
CAMELSH__02381600,0.07736624656224778,0.10649893978203795
CAMELSH__02382500,0.15236000712139242,0.010366247589110533
CAMELSH__02383500,0.11748073772662126,0.011036147154048437
CAMELSH__02385170,0.15269960363409152,-0.025092153760426505
CAMELSH__02385500,-0.046899423190963296,0.07089099786861819
CAMELSH__02388350,-0.03277893156389933,0.02517271374802721
CAMELSH__02388900,-0.0012435259932669362,0.03781363847536312
CAMELSH__02395120,0.053866213802421736,-0.013088647360993688
CAMELSH__02400100,0.2331213455371064,0.11102491841354645
CAMELSH__02404400,0.16733788820443773,0.06797148109856499
CAMELSH__02407514,0.09411227990356075,0.02764836753738409
CAMELSH__02411930,0.19382165317961042,0.11211820341859213
CAMELSH__02412000,0.2232038998585747,0.1014482902782573
CAMELSH__02418230,0.009991009297503517,-0.0170472679386775
CAMELSH__02423397,-0.10050305287348471,0.02944724981493141
CAMELSH__02423414,0.021342510211448062,0.024948605633191567
CAMELSH__02424000,-0.05805968304783282,-0.0754340110357048
CAMELSH__02450000,-0.0680442870410638,-0.013076069737292029
CAMELSH__02453000,0.02866325264618219,0.024753537507684165
CAMELSH__02454055,0.21750222726646873,0.08686704613297713
CAMELSH__02456000,0.15963427370509353,0.05213299423270579
CAMELSH__02457000,0.06791304548840726,-0.1031634578997272
CAMELSH__02457595,0.10477890622472824,0.005207215456648928
CAMELSH__02465493,-0.05514818438251545,-0.044015002470621734
CAMELSH__02479560,0.09294531644218329,-0.001243287262681747
CAMELSH__02488700,0.08433516080986103,0.022360316243847933
CAMELSH__03010500,-0.032376080763991344,0.035896671482403164
CAMELSH__03011800,-0.035595134550154506,0.04604798700696411
CAMELSH__03014500,0.03822821227120676,0.017210163111876065
CAMELSH__03015500,0.006412561848460729,0.007932268476347204
CAMELSH__03017500,0.05433188255053978,0.0116678654820902
CAMELSH__03021350,-0.05984675285364993,-0.039091488705022215
CAMELSH__03024000,-0.019788054300389324,-0.0008947344599306017
CAMELSH__03026500,-0.07446080717666526,-0.13899710045201252
CAMELSH__03036000,-0.11185838108416701,-0.08543570120765098
CAMELSH__03044000,-0.05347755634398066,-0.0419850404683596
CAMELSH__03061000,0.054755239091393015,0.10330651921501
CAMELSH__03067510,-0.03715531120373872,0.07231106924969743
CAMELSH__03068800,-0.03589811196362713,0.09356501494689617
CAMELSH__03070500,0.039126010081788176,0.040207646599497826
CAMELSH__03072000,-0.02311935630981876,-0.08914602669200922
CAMELSH__03076500,-0.04349723520294091,-0.026053223970255668
CAMELSH__03084698,-0.1073557453269971,-0.17687365522888748
CAMELSH__03085213,0.1914366892255734,0.2298416915417998
CAMELSH__03094000,-0.06901804552772739,-0.01560458245433205
CAMELSH__03095500,-0.05407512709345674,0.0655221954194724
CAMELSH__03101500,0.0691995566567482,-0.042097428909353474
CAMELSH__03113990,-0.09269494599956496,0.02767063008073367
CAMELSH__03115400,0.04859532992153448,0.010173172910997286
CAMELSH__03116000,-0.0355929466169167,0.09348527075334911
CAMELSH__03124500,0.06713938238721151,0.11105731498190652
CAMELSH__03129000,-0.08114016693966941,-0.05782783859266227
CAMELSH__03141870,-0.0011750675023904922,0.07637568537292405
CAMELSH__03159246,0.013316436800299258,-0.0015322366110983587
CAMELSH__03159540,-0.02061738321560569,-0.010204091687416317
CAMELSH__03171000,-0.013163974525391309,-0.02710376208233556
CAMELSH__03175500,-0.023119875598990425,-0.015262267121073592
CAMELSH__03179000,0.03532820744424203,0.05368820427244847
CAMELSH__03180500,0.1245683087479903,0.2841453381557706
CAMELSH__03185000,-0.023243590387014734,-0.03763785415112253
CAMELSH__03191500,0.010491049515903572,-0.022366704065046206
CAMELSH__03192000,-0.04382993004644431,-0.03530578012434582
CAMELSH__03198500,0.10359634197442069,0.10884259302628418
CAMELSH__03206600,-0.010873527248013937,-0.07361845611532147
CAMELSH__03207800,-0.03425612338530171,-0.018752920753265956
CAMELSH__03208950,0.010848338042459882,-0.04074757645479388
CAMELSH__03216500,-0.008371752239009989,0.010471819493392709
CAMELSH__03217000,-0.014775810201187345,-0.007017767916607243
CAMELSH__03225500,0.034649813702875676,0.06109148601662745
CAMELSH__03228500,-0.018270070236491964,0.22453001920792282
CAMELSH__03229610,-0.013355484514800509,-0.04280595484655658
CAMELSH__03230800,-0.023720017203034294,0.011496732180417468
CAMELSH__03234300,0.014928839472515665,-0.025477785771599093
CAMELSH__03237280,-0.02303573224894051,-0.057977794923598336
CAMELSH__03251000,-0.02056773286336233,0.04161335551096146
CAMELSH__03251200,0.19025754591097177,0.08924188902636798
CAMELSH__03260706,-0.04619724427814598,-0.01864756644959631
CAMELSH__03266000,0.025918206773950292,0.08712235532386947
CAMELSH__03269500,-0.0767472555609533,0.05329464101153669
CAMELSH__03274750,-0.018386981966891813,0.12777128171999386
CAMELSH__03276500,0.06862006357514872,0.17551839280223502
CAMELSH__03276700,0.1583245202656952,0.1806553212527806
CAMELSH__03280000,-0.10897185209656235,0.26518731249003213
CAMELSH__03280600,0.15638159314367384,0.18718657141526368
CAMELSH__03281100,0.009218715265193245,0.15612691771936593
CAMELSH__03282000,-0.03373613090232097,0.15732157455512719
CAMELSH__03285000,0.03178616811332868,0.08559686081140117
CAMELSH__03299000,-0.1426535591000131,0.06344691948058973
CAMELSH__03318800,-0.1523444954077685,-0.021927457973972997
CAMELSH__03324300,-0.1767764064742502,-0.1983220365390611
CAMELSH__03327500,-0.14607397892656282,-0.11188639229662944
CAMELSH__03330500,0.03970048814455984,-0.009061580011150983
CAMELSH__03331110,-0.10431260938149944,-0.11264847452380433
CAMELSH__03333700,-0.21161233465591267,-0.17453400546578746
CAMELSH__03337100,-0.15462582953795984,-0.016065294057022228
CAMELSH__03348020,0.07456716829898946,-0.022635542625585203
CAMELSH__03350800,-0.07428266168844333,0.007203283848645992
CAMELSH__03351310,0.04585936217181008,0.033839323285458245
CAMELSH__03352988,-0.314053529151712,-0.48086840662013663
CAMELSH__03353120,0.08412338222296828,0.09028456120213169
CAMELSH__03353460,0.051615994229739115,0.02185865261990072
CAMELSH__03364000,-0.026728034358399877,0.013416548390956073
CAMELSH__03400800,-0.17231131511424286,-0.08235917115639751
CAMELSH__03404900,-0.05758490995764387,-0.0550162642544626
CAMELSH__03414500,-0.0021839035045974065,-0.03808686616049295
CAMELSH__03416000,0.04197411072350521,0.06484865343136792
CAMELSH__03433637,-0.06796980720529827,-0.07461790608035168
CAMELSH__03441000,0.17548230137479903,0.07926004596828373
CAMELSH__03441440,0.12491587382637992,0.12945504148803155
CAMELSH__03456100,-0.16771342938220157,-0.31357141141144673
CAMELSH__03459500,-0.049060057131671275,-0.11050467084177018
CAMELSH__03460000,0.02059019077010149,-0.08941566415850233
CAMELSH__03460795,0.11195320268141773,0.15692921528735315
CAMELSH__03490500,-0.019226046982792844,-0.09947474864960715
CAMELSH__03491000,-0.11008926554846998,-0.016807183096847256
CAMELSH__03498850,0.08400252874512992,0.11892794852382405
CAMELSH__0351706800,0.18264269179057274,0.056785513019025124
CAMELSH__03529500,-0.15642001970925512,-0.1064649088558598
CAMELSH__03539600,-0.048447592077088375,-0.018089134760470915
CAMELSH__03539800,-0.023955121829336568,-0.00537146780746911
CAMELSH__03544947,0.10519499516681319,-0.07459270122775419
CAMELSH__03548500,-0.18226778336973803,-0.18429582418983242
CAMELSH__03550000,-0.021617711965149278,-0.011210070687448948
CAMELSH__03550500,0.017649282740433536,-0.09675794581515695
CAMELSH__03566000,0.043293688858046075,-0.010316465453765411
CAMELSH__03567500,-0.004418099696658184,0.03250946454688186
CAMELSH__03572110,0.015262133977608394,0.009800824292043875
CAMELSH__03574500,-0.055345512546394415,-0.06546845194937034
CAMELSH__03578000,-0.06526796721550965,0.013803833283783873
CAMELSH__03584600,0.09227370625940567,0.00354431930601129
CAMELSH__03596000,0.010562638649759926,0.0818351521340619
CAMELSH__03604000,0.005296395308854285,0.001097873896361734
CAMELSH__04015330,0.034782751415716295,-0.10125361749876416
CAMELSH__04024098,0.22093387882528548,0.18059582829119314
CAMELSH__04027000,-0.026048630757763203,-0.12555814850993552
CAMELSH__04033000,0.042967233838103414,0.10500558863478848
CAMELSH__04040000,0.14607471267673455,-0.08147256394942781
CAMELSH__04043140,-0.4489946868458887,-0.2337798373600279
CAMELSH__04044724,0.016567857646826445,-0.15166941137221268
CAMELSH__04059000,0.24065354478348555,0.4396490710162486
CAMELSH__04059500,-0.024439657828287942,0.15233949989484974
CAMELSH__04062200,-0.13215550599663395,-0.2496844006979797
CAMELSH__04073468,-0.16481729518350535,-0.006242032814415321
CAMELSH__04073970,-0.308596615325174,-0.15694290555148438
CAMELSH__04078500,-0.05845302119835649,0.08440413837426097
CAMELSH__04080000,0.2548347727308241,0.09346251918110127
CAMELSH__04086000,-0.20952202090516647,-0.07272455334904315
CAMELSH__04087120,0.06923005987305375,0.07574574974032933
CAMELSH__04096015,0.06332885683967593,-0.06358972070283897
CAMELSH__04096100,-0.08693945815961424,-0.18784703064235686
CAMELSH__04097540,0.24826587997223315,-0.16745047814333724
CAMELSH__04099000,-0.004725952045706805,-0.09953858336085153
CAMELSH__04102700,0.009741750638251001,-0.058391746130421196
CAMELSH__04104945,0.07212950704996934,0.04482149480548436
CAMELSH__04105000,-0.06908705214351762,-0.030644879217594068
CAMELSH__04106000,0.07621972712263259,-0.01325727181902625
CAMELSH__04111000,-0.010437983688552865,-0.020767539267304902
CAMELSH__04121300,-0.08792256320653014,0.06420946810652528
CAMELSH__04121900,0.5265711364155371,0.3743662537936679
CAMELSH__04121970,0.10188286304167238,0.16823244801974785
CAMELSH__04122100,0.08294197649294599,0.1389836667641582
CAMELSH__04126740,-0.12335016780848257,-0.17946400771816867
CAMELSH__04127800,0.10832492237135061,0.020046573229668296
CAMELSH__04128990,0.18797285142076314,0.11108375652799096
CAMELSH__04130500,-0.31029163331888915,-0.16416923511637116
CAMELSH__04133501,0.07013608566178253,0.2407234551139703
CAMELSH__04136500,0.13577061462033246,0.05579477825332213
CAMELSH__04137005,0.32375418413009116,0.18131064343936432
CAMELSH__04142000,-0.18801489900152946,-0.1411089928088347
CAMELSH__04145000,-0.07194316942010004,0.011103276366385972
CAMELSH__04146000,0.13622848510719154,0.03223320334275259
CAMELSH__04146063,0.2801718283139615,0.18462235725328613
CAMELSH__04148140,-0.062602687013664,0.004402945791298851
CAMELSH__04152238,-0.02971241956436832,-0.12598548654934005
CAMELSH__04159900,-0.20319024265595564,-0.18708674829791394
CAMELSH__04161540,0.03211364810191242,0.05870736453978853
CAMELSH__04164300,-0.06917059804620806,0.1679565014457356
CAMELSH__04166500,-0.004353483648409928,-0.041079195157093906
CAMELSH__04167000,-0.13285832610145543,-0.04562153183560802
CAMELSH__04170000,0.030504468009501684,0.04404487132889945
CAMELSH__04170500,-0.06665267886169068,0.027353628015859055
CAMELSH__04172000,0.04353630385289686,0.0942416947839011
CAMELSH__04174518,0.0028866043913086115,0.07147835638443034
CAMELSH__04176000,0.0024256327870154637,-0.0419409986758954
CAMELSH__04185000,0.09394223166041649,0.05748291129815675
CAMELSH__04186500,0.014740406893795743,-0.055183016024526355
CAMELSH__04188337,0.03771052647388484,0.11522216633279192
CAMELSH__04189000,-0.029094624953198922,0.11036232933001844
CAMELSH__04191500,-0.04643189765290723,-0.03117954022922731
CAMELSH__04206000,-0.02165894085471809,-0.02495272435677076
CAMELSH__04207200,0.06754897143575811,0.04071218989997416
CAMELSH__04221000,0.0070785631386498515,0.0011816556185620941
CAMELSH__04224775,0.03818372483871013,-0.00038651624240171323
CAMELSH__04256000,0.03720957632879107,0.07203333738346518
CAMELSH__04265432,-0.024661974391018138,-0.041203726101887606
CAMELSH__04270510,0.072743376103789,0.04624379419113156
CAMELSH__04282525,-0.022494504492871714,-0.06358529788635736
CAMELSH__04287000,-0.019170537261041787,-0.0363218013020441
CAMELSH__04289000,0.11858463594147706,0.025607072599115432
CAMELSH__04290500,0.045611749409474656,0.03679287907621531
CAMELSH__04296500,-0.14851286544279785,-0.11484845572239943
CAMELSH__05017500,-0.23336438311490149,-0.3386942508362384
CAMELSH__05049000,0.035055857620028504,-0.062627888810417
CAMELSH__05056100,0.026426248215341452,0.1529411065555638
CAMELSH__05057200,-0.09929699846808682,0.033387965199223824
CAMELSH__05059700,0.007147187684520773,-0.09326955582490237
CAMELSH__05069000,0.07539935943162523,-0.11967583646246727
CAMELSH__05075000,0.14710101482372112,0.6582500344045992
CAMELSH__05085000,0.22243376198679166,-0.0475648124132374
CAMELSH__05090000,0.0035593817295554997,0.041913204382380886
CAMELSH__05116500,0.4187305872586875,1.5162189251892282
CAMELSH__05123400,-0.9407564500751262,-0.1745604315587826
CAMELSH__05129115,0.1360109400604006,-0.017091316134935863
CAMELSH__05291000,-0.06135063259712911,0.03876668126838989
CAMELSH__05319500,-0.1086334156862867,-0.04441351583427633
CAMELSH__05320270,-0.10702197831520077,-0.12094549668369725
CAMELSH__05327000,-0.11636648304904407,-0.17524924491118277
CAMELSH__05333500,-0.1451544633924109,-0.03516723448564829
CAMELSH__05338500,-0.12333549644020658,-0.1433751963309886
CAMELSH__05356000,0.028719385832908895,0.03224644445229541
CAMELSH__05357335,0.11145079937574187,0.13038865740243788
CAMELSH__05372995,-0.1530043690231777,-0.06211621176925197
CAMELSH__05382267,-0.08843281477499332,-0.0065410182023194485
CAMELSH__05383075,0.07727217156789778,0.24275986228500024
CAMELSH__05385500,-0.1934504355275985,-0.33881273554933033
CAMELSH__05389000,-0.0887627431626645,0.024043856816945097
CAMELSH__05399500,-0.09614310976768625,-0.07555124830046533
CAMELSH__05405000,0.0851100941779741,0.14185826711532667
CAMELSH__05418500,0.02811023479613972,0.07245906410876657
CAMELSH__05422600,-0.019234505696815285,0.01787001808306632
CAMELSH__05425500,-0.06066264563113122,0.011707736180841644
CAMELSH__05426067,0.008343410590324618,-0.19213164548777933
CAMELSH__05427085,0.11997562238758952,0.18172886120862208
CAMELSH__05427850,-0.09316598757876779,0.048553450932283415
CAMELSH__05431017,-0.06737392501690892,-0.025796977270418464
CAMELSH__05431032,-0.12120325696592449,0.08629876384553836
CAMELSH__05439000,0.004158719288225643,-0.04896509118430237
CAMELSH__05439500,-0.07596494079797567,-0.0774746991580828
CAMELSH__05449000,0.2370215279596346,0.22462007223146996
CAMELSH__05451080,-0.018892869542392443,-0.0532186546527007
CAMELSH__05451500,0.024078253082564727,-0.06584626974205354
CAMELSH__05452200,0.028682139515163074,0.05777609530928096
CAMELSH__05454220,0.10238093119729175,0.04910672939972138
CAMELSH__05457000,-0.131812828895844,-0.0720106560349767
CAMELSH__05463000,-0.07048415450464773,-0.01292831785773485
CAMELSH__05463500,-0.03878293541564681,-0.018745852449520428
CAMELSH__05464220,-0.023142119065340583,-0.04364702268560883
CAMELSH__05466500,-0.15810560749179037,-0.04619870445636176
CAMELSH__05472500,0.020761982987846817,0.05648955288776225
CAMELSH__05476750,-0.006075978163006868,-0.09564987033997563
CAMELSH__05481950,0.06914443892164801,0.13175067121414186
CAMELSH__05484800,0.1582350123799181,0.2210771405058724
CAMELSH__05485605,-0.024962140251038045,0.061684945519889345
CAMELSH__05496000,0.1427005135864694,0.23266154627328473
CAMELSH__05497000,0.11681720806738194,0.3109280450690501
CAMELSH__05502300,0.10643052639878037,0.1937574074027998
CAMELSH__05503800,0.42881926386482416,0.37606065966453767
CAMELSH__05515500,0.06941366795854553,0.0025986946322453797
CAMELSH__05516500,0.04806546355047425,-0.17192503031656448
CAMELSH__05518000,0.03274156853406962,-0.033987000230021325
CAMELSH__05524500,-0.002184948948489529,0.2343066820072438
CAMELSH__05526000,0.055497322150296124,0.061464172915403736
CAMELSH__05528000,0.019417653378508204,0.05008956577332746
CAMELSH__05532000,0.0013461810063077895,0.15105728753453862
CAMELSH__05535000,-0.046513112099900944,-0.07240415091265273
CAMELSH__05535070,0.07925813664392622,0.06619469156033153
CAMELSH__05536000,-0.0404483463735148,-0.06695496806020829
CAMELSH__05536255,-0.031469814163266,-0.04374792610278522
CAMELSH__05536340,0.05104178794777092,0.08933076568433995
CAMELSH__05537980,-0.04479223619063899,0.02499556101820577
CAMELSH__05540275,-0.16636467079173678,-0.11148748208515169
CAMELSH__05549000,-0.0634614953114494,-0.10788563528069417
CAMELSH__05550300,0.044067805663394966,-0.005716133441703852
CAMELSH__05568800,-0.2521373592255869,-0.2326211535534382
CAMELSH__05580000,0.03384809670038347,-0.014618031252648933
CAMELSH__05590950,-0.029852222138328388,0.11571162744244978
CAMELSH__05591550,-0.14001139831975928,-0.031241122084276318
CAMELSH__05592500,0.03740642950120365,0.015385472779535947
CAMELSH__05593575,-0.0423392292272986,0.09903130107461999
CAMELSH__06016000,0.34768885714614267,-0.4273711650834761
CAMELSH__06024540,-0.09297320500017725,0.12496418157506461
CAMELSH__06025500,0.2266948145603329,0.01712747268985848
CAMELSH__06278500,0.23582709234439547,0.002651688596377544
CAMELSH__06290000,-0.007574363136347462,-0.05770701012841062
CAMELSH__06290500,-0.07071439859209105,0.4471893132347017
CAMELSH__06294000,-0.2640789041577022,-0.06988399735726578
CAMELSH__06299980,-0.09021943488810258,0.023458879841971925
CAMELSH__06306200,-0.0249040879737758,-0.1968872838294651
CAMELSH__06311000,-0.2836799567382662,0.01774487115462431
CAMELSH__06318500,0.38588896422490415,-0.011110546473313776
CAMELSH__06329597,2.4607888719841964,0.6581240682019946
CAMELSH__06332515,1.4639886407314446,2.306353785815742
CAMELSH__06332523,1.0333486299987873,0.6148496736780322
CAMELSH__06339500,0.03943396182281922,-0.3182697775532738
CAMELSH__06342450,-0.1751164048934822,-0.17750524871497708
CAMELSH__06343000,0.8306636386254616,0.5271825428427942
CAMELSH__06344600,-0.021691863479585294,-0.08367453450742901
CAMELSH__06349600,-0.1944786792469542,-0.3160472860011233
CAMELSH__06355500,1.8662025916959566,0.04494646088465731
CAMELSH__06400000,-0.012882112595196199,-0.2862950839523447
CAMELSH__06402430,0.3987866075219668,-0.1470057667293688
CAMELSH__06402500,0.9296859386405885,0.39175212840135953
CAMELSH__06425100,-0.8645474376551003,0.0737196389053
CAMELSH__06431500,-0.08811027153607429,-0.07030144262493551
CAMELSH__06433500,-1.4108232994086494,-0.23367540941915693
CAMELSH__06436198,-0.7028882770629805,-1.0318605521199875
CAMELSH__06449100,0.1864602465544272,0.2887336423633056
CAMELSH__06470000,0.08032511716804969,-0.1904540339914062
CAMELSH__06479010,0.01429214483884933,0.05855861980248278
CAMELSH__06479215,-0.15333355834447862,0.0015094113055604819
CAMELSH__06479500,0.0745168257079738,0.03950832017114758
CAMELSH__06481500,0.15454223766636688,-0.0032822120096230867
CAMELSH__06482610,0.009029999023654867,-0.0692712489385483
CAMELSH__06483290,-0.10014262377476657,-0.11401793601589472
CAMELSH__06600900,-0.056968318700116205,0.2768314380196961
CAMELSH__06605000,0.0881607733674078,0.0122496917936189
CAMELSH__06605850,0.03267403801198021,0.07066360014832218
CAMELSH__06608500,-0.04219057425619849,0.04150093307470154
CAMELSH__06610795,0.2695687741329615,0.10391804853737749
CAMELSH__06628900,-0.028578194208060126,-0.07535853507501877
CAMELSH__06634620,2.7766049808906828,0.32474540639746086
CAMELSH__06637750,-0.19228394267650833,-0.3942059796144801
CAMELSH__06653500,0.29543942496285314,-0.016308239823773496
CAMELSH__06701620,1.2334028986887366,0.041804563018934204
CAMELSH__06746095,-0.09023722220754615,-0.08469815675985093
CAMELSH__06751490,0.1331951724456198,-0.1697560888608982
CAMELSH__06771500,0.391842702742669,-0.3096645885307162
CAMELSH__06772000,0.19364183725167217,-1.9717472482341918
CAMELSH__06775500,-2.199593994634741,-0.6543859828041654
CAMELSH__06784000,-0.10235843513509799,-0.2961894532138364
CAMELSH__06794650,0.04920406247687681,-0.0001680281712035936
CAMELSH__06799500,0.19795907785238442,0.02662494690380346
CAMELSH__06800000,0.04342293228979921,0.13779980538951786
CAMELSH__06803093,-0.024672766459391537,-0.18330473961017502
CAMELSH__06803500,0.07185367952332428,-0.009747120798968778
CAMELSH__06803520,-0.029139969304953217,-0.1915735738051585
CAMELSH__06803555,-0.0037095281505861166,-0.007614306728004339
CAMELSH__06804700,0.09284131208940494,0.2440955964992958
CAMELSH__06808500,0.0069403074724700975,0.08823798361215462
CAMELSH__06809500,-0.0481730518384933,0.05509387165098378
CAMELSH__06811500,-0.051369567004045935,-0.04815734562151541
CAMELSH__06819185,-0.012974595407241885,0.008993539991986321
CAMELSH__06821080,-0.004216201346864068,0.0400946555798769
CAMELSH__06866900,-1.5692097069045106,0.2569559564928896
CAMELSH__06881000,-0.5382254659435408,-0.09976128514383759
CAMELSH__06883000,-0.8401296420631278,0.24626205610156457
CAMELSH__06884025,-0.37005191922412606,0.004539356674420403
CAMELSH__06885500,-0.009111212403921654,-0.1131924815801898
CAMELSH__06889200,-0.06355780931340199,0.07840519429803422
CAMELSH__06890900,-0.0688613588513029,-0.03075490683912291
CAMELSH__06891500,0.056788168639902825,-0.03307117265632842
CAMELSH__06892360,-0.03533903111525061,0.15776087728015264
CAMELSH__06893620,-0.012961159999406113,-0.2604653439932957
CAMELSH__06899500,0.05775148459264279,0.04247223443544934
CAMELSH__06899700,-0.32212598316866775,0.07078616195611787
CAMELSH__06903400,0.1468238588432571,0.2307993300817036
CAMELSH__06906000,0.004306190100577423,-0.004524130254217162
CAMELSH__06906200,-0.13988479719293756,-0.12891367934742903
CAMELSH__06911500,0.12108499187590449,0.0953312080158435
CAMELSH__06913500,-0.15556252025134643,0.11648963298108417
CAMELSH__06914100,-0.10131451166662431,0.133699289930591
CAMELSH__06917000,-0.12801651929137392,-0.0482552062320698
CAMELSH__06917240,-0.1376757663478979,-0.026401045243865662
CAMELSH__06917380,-0.11658531005987871,-0.09729469060796592
CAMELSH__06917560,-0.009634776749766982,0.04024384601821818
CAMELSH__06921200,0.05188714021259078,0.18068411326557993
CAMELSH__06921720,-0.12325940444560124,-0.0237326000287153
CAMELSH__06923940,0.12604584047751988,0.2242341613163623
CAMELSH__06923950,-0.12254910740683722,-0.004988351477275832
CAMELSH__06928300,-0.18680082002778803,-0.21650819634829266
CAMELSH__06935980,-0.0021003382044914864,0.11961921867598499
CAMELSH__07010180,-0.048492645608934015,0.10672726365807761
CAMELSH__07014000,-0.15834614561763583,-0.1537915515488143
CAMELSH__07016500,-0.048700974734241065,6.421849309412586e-05
CAMELSH__07018500,-0.05543362098733218,-0.03788608574100971
CAMELSH__07019072,0.02882607673573029,0.14256586820789469
CAMELSH__07019120,0.1646595994684821,-0.0012770272254814946
CAMELSH__07020550,-0.008497959439914826,0.12781834808916648
CAMELSH__07025400,-0.060545222944506594,0.10199183823891378
CAMELSH__07025500,0.017543213580201833,0.0794919091854489
CAMELSH__07028500,-0.0322049187562542,-0.10835252419396457
CAMELSH__07029270,0.08534843570316675,0.2597636565277772
CAMELSH__07030050,0.1360267726059683,0.020527317893603514
CAMELSH__07030500,0.11508888864218314,-0.19077505632368474
CAMELSH__07036100,0.12000726871866174,0.1700523573725874
CAMELSH__07040000,0.12290600330572388,0.11425538198775154
CAMELSH__07048480,-0.0781648957415155,0.2020895929507283
CAMELSH__07048550,-0.1133496572694544,-0.12584267737635135
CAMELSH__07048600,-0.09102815265600361,-0.0691069776559271
CAMELSH__07050500,-0.025655832394020917,-0.030290408019479798
CAMELSH__07052152,-0.09656051230346252,-0.09304589597030799
CAMELSH__07052345,-0.07886296144057703,-0.06260875746277894
CAMELSH__07052500,-0.30740287951021183,-0.07572373327505888
CAMELSH__07053250,0.06668523121288378,0.27819896433143654
CAMELSH__07061290,0.1385644320192811,0.16594813636650207
CAMELSH__07061500,-0.14867682847852726,-0.1885365552505338
CAMELSH__07061900,0.20865971886231605,-0.11622307818958219
CAMELSH__07063000,-0.04358372117567533,-0.03291796423611815
CAMELSH__07064533,-0.09791241900706671,-0.01595447533491734
CAMELSH__07065200,0.03615896937360885,0.08409799974565768
CAMELSH__07066000,0.10256433822990796,0.13951513370160729
CAMELSH__07067000,0.07545928703410909,-0.03367557970249435
CAMELSH__07069305,-0.08145409160018235,-0.09692422992525296
CAMELSH__07096000,0.5453815595772884,0.04597055172604239
CAMELSH__07099060,0.2836569723187082,-0.12143375567775899
CAMELSH__07099215,2.399478432503954,-2.5447681791060157
CAMELSH__07103990,-0.05712174488906663,-0.19080322110670078
CAMELSH__07106000,0.13048793541768727,-0.1837087366661346
CAMELSH__07126200,7.652419579902194,-1.6965547547547857
CAMELSH__07126300,1.4349867530078333,1.3272437937001365
CAMELSH__07126485,0.35505811756031225,1.0661666783528898
CAMELSH__07128500,-0.9692310953316117,1.3097207746116193
CAMELSH__07141770,-1.7761574839864427,-1.0694982095030792
CAMELSH__07141900,-0.8340889969706418,-0.6747953371878563
CAMELSH__07144780,-0.21051790064958853,-0.26787267824413596
CAMELSH__07145200,-0.11249039129965027,-0.05434847551226196
CAMELSH__07154500,-7.115781225948133,10.723827854668976
CAMELSH__07159750,0.3090438652177431,-0.02824671535779366
CAMELSH__07163000,0.042418932798834796,0.022398888411712704
CAMELSH__07170990,0.04516812350020216,-0.04671664394477759
CAMELSH__07171000,0.054764700251365706,-0.03500987364113828
CAMELSH__07177500,-0.05680539317207722,-0.030070287064282053
CAMELSH__07185910,-0.09108516310057135,-0.06936442865329695
CAMELSH__07186000,-0.06928785428837825,-0.07934440269984533
CAMELSH__07188838,-0.00986852367425084,-0.062024723177730445
CAMELSH__07189100,0.03606523772245818,0.10375695696130494
CAMELSH__07195430,0.016817688939048225,0.004909185031061192
CAMELSH__07195500,0.015416457983818521,0.01935267315964473
CAMELSH__07203000,1.4251604847417958,-0.4286639500506396
CAMELSH__07204000,-0.5227760696304854,-0.07759892622470616
CAMELSH__07243500,0.11487142281747154,0.07043179269619315
CAMELSH__07247000,-0.009556891981798543,-0.0757934789896042
CAMELSH__07249400,-0.11359072097665679,-0.07821866776192321
CAMELSH__07249985,0.09517360616394432,0.13501214428961306
CAMELSH__07250974,-0.2395003131633724,-0.1644661709693476
CAMELSH__07260500,0.021072627619523443,0.03240478178102524
CAMELSH__072632982,-0.06213627937953725,-0.20895480025799762
CAMELSH__07263300,0.03279591428398243,0.13323780004106922
CAMELSH__07281960,-0.10220115520840029,-0.01326023231139839
CAMELSH__07287160,0.20288978462734386,-0.028953989282655912
CAMELSH__07289730,-0.03963814711642344,0.007151074801717172
CAMELSH__07292500,0.04441592193296001,-0.04495774307115963
CAMELSH__07295000,-0.2660602305091916,-0.3398016551712093
CAMELSH__07297910,0.42841771748020285,0.20770592613295769
CAMELSH__07301420,-0.8606449785859752,-1.2386728562874787
CAMELSH__07309435,0.5193070342762833,-0.1125586729379873
CAMELSH__07315700,0.1524389724527745,-0.1038471347412373
CAMELSH__07324400,-2.254912388682704,-4.281961345447373
CAMELSH__07325000,0.13122499677442434,-1.3010576048288716
CAMELSH__07325800,0.1277162452214584,-0.08957381269459325
CAMELSH__07327447,0.33966953180842185,0.3451858621848986
CAMELSH__07327550,-0.3758417566810523,-0.12557264345496622
CAMELSH__07331200,0.5435624765369711,-0.3374701241114305
CAMELSH__07331295,0.8322963826908019,-0.7633768844019286
CAMELSH__07335700,-0.05738851378657184,-0.09528672400350535
CAMELSH__07337900,-0.11068238397144059,-0.1360948289008499
CAMELSH__07344450,-0.1718003223782083,-0.10526199993676871
CAMELSH__07346045,-0.17728318368352824,-0.13637322630921056
CAMELSH__07351500,-0.20319767468039418,-0.4112517599689216
CAMELSH__07362100,0.029364711582668068,0.024748034883772863
CAMELSH__07363200,-0.06274670307466823,-0.0043946560941877655
CAMELSH__07373000,0.048737225352387226,0.04218839696389076
CAMELSH__07375800,-0.01942638596578511,0.038655377197168994
CAMELSH__07377500,-0.07657235535449652,0.04654419231260515
CAMELSH__07377782,0.1328766784188939,-0.09872724336411076
CAMELSH__07381450,-0.08168318604297947,-0.04362066370585943
CAMELSH__07382500,-0.03962354760031894,0.03378204638021065
CAMELSH__07385700,-0.12505168832140579,-0.15139291485402673
CAMELSH__08010000,0.031856425305249014,0.024887297966451838
CAMELSH__08015500,-0.04887523303260477,-0.00845712233318574
CAMELSH__08017200,0.04047071455371054,0.06887845756934752
CAMELSH__08018500,0.21253440989504602,0.04467770024044626
CAMELSH__08019000,-0.04702217512775031,0.0781054289408431
CAMELSH__08019200,-0.14859138938309968,0.01075047500348103
CAMELSH__08019500,-0.006597956120722337,-0.23120408716594398
CAMELSH__08022040,-0.00012796321175945202,-0.12186607336906385
CAMELSH__08022070,1.1995907720209877,-0.6832389156926566
CAMELSH__08023080,0.23728075035185703,0.025780215687726038
CAMELSH__08032000,0.009256260076931921,0.0772711429884575
CAMELSH__08034500,-0.12359726538170401,0.17586045303269748
CAMELSH__08037050,-0.1037868425366053,0.11544860414057245
CAMELSH__08038000,0.15726871787474567,0.05494732410558201
CAMELSH__08048543,-0.10793998135722138,0.059015465586228597
CAMELSH__08052780,0.2539350845926192,0.1912357364549917
CAMELSH__08055500,0.17570672504609175,0.052486323578115
CAMELSH__08061540,0.18549810965388036,0.12306060304029015
CAMELSH__08062000,0.09482765656828374,-0.0019589229375909234
CAMELSH__08063048,-0.2884453745317837,0.08223314422098005
CAMELSH__08063100,-0.2036015455727694,-0.10478951413498769
CAMELSH__08068090,-0.2100802079268711,-0.173247136314999
CAMELSH__08068390,-0.274386824478027,-0.2498453002314147
CAMELSH__08068450,-0.1154187366781132,0.00488793149245248
CAMELSH__08068500,-0.28064205996764946,-0.12299088729542618
CAMELSH__08074020,-0.0809321033248731,-0.2439944747272232
CAMELSH__08082700,-0.0645663961313396,-0.036942694153751905
CAMELSH__08083100,-1.3497684367676845,1.378271315767078
CAMELSH__08083230,2.0991353637637924,-0.5698454350340095
CAMELSH__08083240,0.5496008546126008,-3.751961981197269
CAMELSH__08094800,0.22157134168461523,-0.4513502039200096
CAMELSH__08099500,-0.4686674724964446,-0.3022662985271835
CAMELSH__08105700,-0.9285522407945761,0.1393104961758519
CAMELSH__08111000,-0.015948306596835188,-0.146835458766589
CAMELSH__08128400,-11.47936153175772,-11.442162363430413
CAMELSH__08133250,16.02806887275207,20.022935264541907
CAMELSH__08155240,0.07280455499711058,-0.0005331774915702248
CAMELSH__08156675,0.05159574354312982,0.0799590888062377
CAMELSH__08158045,0.1631538963606404,0.18690525886049542
CAMELSH__08158600,-0.05273585521667867,-0.07793193625718609
CAMELSH__08158840,0.01432340135914481,0.06396872510309215
CAMELSH__08160800,0.18102640456568758,-0.09752403981759941
CAMELSH__08164300,-0.2893268751792515,-0.4501414584701652
CAMELSH__08164504,-0.05201416047184437,-0.00665301135519436
CAMELSH__08166140,-0.3235066406391332,0.050961752441791686
CAMELSH__08166250,-0.5812855862005211,0.017884297115351097
CAMELSH__08169792,-0.4063445730299747,0.025762066258790683
CAMELSH__08171300,-0.5775944440103171,-0.4259347634092696
CAMELSH__08174600,0.15421923553401762,-0.15817586495981611
CAMELSH__08175000,0.26127466467610205,-0.19645720984849102
CAMELSH__08178565,0.3221554523245041,-0.001268984822960617
CAMELSH__08178800,-0.26194955143702847,-0.2209236360392005
CAMELSH__08180700,0.7640363778861429,-0.7064706648152232
CAMELSH__08181480,-0.07038017938497401,-0.2173676478263084
CAMELSH__08181800,-0.12015665072612813,-0.032869852163894486
CAMELSH__08189300,9.105733931077747,-11.805689028070638
CAMELSH__08192000,0.01050567747764053,-0.5395577269027473
CAMELSH__08198500,-0.5664221770083853,-1.7180447792362805
CAMELSH__08208000,1.1165142191350819,1.401040555306911
CAMELSH__08211900,0.7872270825948644,-2.111703933920615
CAMELSH__08212400,-0.6412830463009058,-5.2790450638612505
CAMELSH__08220000,-0.09792865414906005,-0.31030876331164065
CAMELSH__08254000,0.5869319669048284,0.2771552975530736
CAMELSH__08266000,0.08227373481566158,0.2956288421932708
CAMELSH__08269000,0.09921809660122322,-0.07257852391235758
CAMELSH__08294210,0.4261515127566131,0.09736441081801972
CAMELSH__08305030,0.0218586192643466,-0.1708384303305914
CAMELSH__08377900,0.2411501465501229,-0.10193159924707146
CAMELSH__08382500,1.6854425443055516,-0.5134456804438912
CAMELSH__08387000,0.21338769615555253,-0.2097023806062845
CAMELSH__09021000,0.129338563811777,0.2152158484284774
CAMELSH__09034900,-0.28970577729728775,0.011541789483304532
CAMELSH__09035900,-0.4708295998670297,0.15608029654956856
CAMELSH__09047700,-0.36805172512159784,-0.013335177741052862
CAMELSH__09058800,0.24687008521240006,0.07439004133407268
CAMELSH__09064500,0.022333614016120995,0.4394205402016381
CAMELSH__09065500,-0.4567318121871454,0.05043621742746851
CAMELSH__09071300,0.022278101299902486,-0.09158842961372948
CAMELSH__09073005,0.07914072489036292,-0.2905265252596707
CAMELSH__09135900,-1.3644401487702984,1.5737231503146791
CAMELSH__09177000,0.2228460401182254,-0.08658818288162828
CAMELSH__09183500,0.003704013660418899,-0.2428299892858008
CAMELSH__09223000,0.022134259107114085,0.02155744647257496
CAMELSH__09223385,0.1045570578424792,0.034379461854762705
CAMELSH__09257000,-0.1765045420883098,0.11597837011311785
CAMELSH__09268500,-1.1065233755646284,-0.311336472392159
CAMELSH__09306007,-0.5252401506670361,-0.4276904031064732
CAMELSH__09306222,-1.2172994096653973,-0.02370420234517212
CAMELSH__09306224,-0.19221914170987814,-0.08413185242560384
CAMELSH__09308500,2.0407877119229685,3.8201330881461035
CAMELSH__09312600,0.1093653008126384,0.3260111543533423
CAMELSH__09313000,-0.06336393408752089,-0.435246947521571
CAMELSH__09349800,0.20974253411198063,-0.03332133171328544
CAMELSH__09355500,0.393505247713152,0.12516464334062607
CAMELSH__09359020,-0.03595994511765577,-0.02098319069167287
CAMELSH__09371000,0.16922403761590601,-0.6253995374115362
CAMELSH__09371520,0.2330971082490818,0.1798306139481074
CAMELSH__09378630,0.2792895632128912,-0.16923771845753538
CAMELSH__09382000,2.3350974901515174,0.536078339653935
CAMELSH__09400562,4.996080091181938,0.7028635142282749
CAMELSH__09401260,-1.2798285321235845,0.006693198806203782
CAMELSH__09404208,-1.1838479470504781,-4.16529133351443
CAMELSH__09406100,0.09712937055011167,-0.05846416066557969
CAMELSH__09413000,2.4381203269910117,0.18897505798558173
CAMELSH__094196783,-7.223958841173864,-9.296588141896258
CAMELSH__09419696,-3.6237313007597303,-4.027528294894579
CAMELSH__09419700,-0.134789413905534,0.36487466160507
CAMELSH__09471400,6.666064293665494,-0.4363737522951012
CAMELSH__09505800,0.2883058077726791,-0.02881398678427871
CAMELSH__10020300,0.38916595548374494,0.07188136139014184
CAMELSH__10026500,0.1356768043312745,0.05678602262342558
CAMELSH__10149400,-0.6186339127634066,-0.48350530740634606
CAMELSH__10153100,0.21591621249967907,0.0025084873121884455
CAMELSH__10155500,0.06940781618028838,-0.1318709309244454
CAMELSH__10172800,0.1970621179428368,0.028000226873654888
CAMELSH__10172860,1.5286268096856084,2.6429110056122864
CAMELSH__10172952,0.32533131122517905,-0.02180287397530578
CAMELSH__10205000,0.36549734169571213,-1.586678818820732
CAMELSH__10215900,0.14557261173423763,-0.19120969347909378
CAMELSH__10245445,0.2908889750591279,-0.060591228763257295
CAMELSH__10257720,-1.9446381468294351,2.1267335320681715
CAMELSH__10258500,0.7540340105324015,-1.4084795637133953
CAMELSH__10260865,-0.3734974190756054,-2.037740558938396
CAMELSH__10260950,0.12880859576118558,-0.1697038645485307
CAMELSH__10289000,0.09707994490285171,0.2811904484429311
CAMELSH__10290500,-0.1069687482112962,-0.04314546473701941
CAMELSH__10293048,0.5861063702728679,2.002604766720968
CAMELSH__10295500,0.31909934877992774,0.032602645702261235
CAMELSH__10308200,-0.2598412351789373,-0.14898109162183304
CAMELSH__10308789,0.11696443840354964,-0.01774450827293028
CAMELSH__10317500,0.8867080035714554,-0.027440772321157686
CAMELSH__10321590,0.2565665820442406,0.7415145075956564
CAMELSH__10329500,0.12713292929006859,-0.16904592348804598
CAMELSH__10336660,-0.0989055157853066,0.03773993608185089
CAMELSH__10336676,0.08058714138305734,0.07786933752978253
CAMELSH__10336770,0.24607448257713527,0.13534844285631764
CAMELSH__10343500,-0.030771189322316816,0.04349121965386182
CAMELSH__10349300,-0.40468412290937156,0.4882660497106745
CAMELSH__10352500,0.09226565602696518,-0.24761364557817778
CAMELSH__11014000,0.07660478895600203,0.9707307445835511
CAMELSH__11016200,-0.06255185314557721,-1.7726549492969355
CAMELSH__11023000,-0.1124635859689459,-0.35670559991637485
CAMELSH__11042000,-0.8552627958293777,0.983691209581697
CAMELSH__11044800,-0.04660829319955312,-0.18308969043986417
CAMELSH__11046100,-3.921374889545228,-0.9657330752801832
CAMELSH__11048600,0.1838538578701541,0.02696513004699075
CAMELSH__11058600,-0.28525596350336724,-0.0893155691003844
CAMELSH__11059300,-0.061407371702438096,-0.09962123892711477
CAMELSH__11077500,-0.42064120935449734,-7.308240174617301
CAMELSH__11113500,0.16528026816358998,0.11982922334489601
CAMELSH__11124500,0.12589032109949472,0.057093711733717245
CAMELSH__11125600,0.1320274081219044,0.011000252412600303
CAMELSH__11132500,-0.02571633224043579,-0.07119823071994325
CAMELSH__11136800,-0.9135330119176961,0.2960084835383144
CAMELSH__11143250,-0.010316421021760114,0.14258662877855388
CAMELSH__11151300,0.005212104241875404,-0.3708006965064788
CAMELSH__11162620,-0.06699793710717161,0.2665448573737392
CAMELSH__11167800,0.12008258297027319,0.01517216653498854
CAMELSH__11172175,-0.15666865735470592,-0.09971817249632475
CAMELSH__11182500,0.1890677290056968,0.30585184138693455
CAMELSH__11200800,0.01959562040293239,-0.12239300253415353
CAMELSH__11204100,-0.20848554874919245,-0.1425322669002202
CAMELSH__11224500,-0.6103208246027718,-1.238286706410545
CAMELSH__11374000,-0.039250595129931454,-0.10163877662928522
CAMELSH__11383500,-0.08579631168025315,-0.08588142036830548
CAMELSH__11402000,-0.2439435218143532,-0.37689039785802525
CAMELSH__11458000,-0.25993913805308344,-0.42946562255656895
CAMELSH__11460400,-0.039066886641797804,0.20454610795085015
CAMELSH__11463200,0.24827222436914342,0.24745176875034447
CAMELSH__11465200,-0.07143891811998293,-0.17731137414430065
CAMELSH__11466200,-0.0457471910124061,0.0009238280381609343
CAMELSH__11467510,0.049924806502982255,0.0636003702737109
CAMELSH__11480390,0.06593293879641793,-0.012430040126949038
CAMELSH__11507500,-0.2192220543729824,-0.31148159979050105
CAMELSH__11523200,0.099225720075092,0.1757120517028311
CAMELSH__11525630,0.07766193203513672,-0.15364430064043366
CAMELSH__11526250,0.13522373209584937,0.07122615462324688
CAMELSH__11526500,-0.06460731996803015,0.006370262967796414
CAMELSH__11532500,0.007864286552271449,0.03675197353168902
CAMELSH__12013500,-0.01398756396421963,-0.011010915039461833
CAMELSH__12024000,-0.0044689554566135214,0.3202716175657915
CAMELSH__12024400,-0.048153104292952165,-0.004807261536258545
CAMELSH__12025000,-0.0597241623569178,-0.04279242993852006
CAMELSH__12026150,0.05960041666655058,0.28828655788891955
CAMELSH__12035000,-0.047439929343610854,0.07246339711006533
CAMELSH__12035400,-0.03962888550701871,-0.01592460211890201
CAMELSH__12041200,-0.015792904449866807,0.06544767621903391
CAMELSH__12043300,-0.003476536870101299,0.017313821251664696
CAMELSH__12044900,0.1345784351526964,-0.0841813272027001
CAMELSH__12045500,0.01193588562359782,0.10650917687967154
CAMELSH__12048000,0.006395315816489333,0.04468960949265677
CAMELSH__12054000,0.1457747730610679,-0.13653394103085803
CAMELSH__12056500,0.1376633166620007,-0.006860291341250546
CAMELSH__12082500,-0.16259701038544228,-0.19413734142374495
CAMELSH__12091290,-0.1148019333551622,-0.14211013388922134
CAMELSH__12091300,-0.10259744619104338,-0.19218968355863608
CAMELSH__12095000,-0.1279257342050213,-0.03128174674373485
CAMELSH__12096500,-0.06067754565089234,-0.010207930935367093
CAMELSH__12099200,0.004039285921928704,-0.01744847115656145
CAMELSH__12106700,0.01944967709735257,-0.06971408419331837
CAMELSH__12108500,0.046346478065606656,0.05846312264958875
CAMELSH__12113349,-0.05644355155856995,0.03275865826944546
CAMELSH__12120000,0.04955997196243156,-0.0849971304274344
CAMELSH__12128000,0.3131854535840554,0.05790478725728199
CAMELSH__12135000,-0.2839931441967633,-0.19229444683389757
CAMELSH__12143700,-0.03612507684846955,-0.16161423685498022
CAMELSH__12145500,-0.02305160792676131,-0.01099883200232643
CAMELSH__12148300,-0.059982181566096915,0.06871283053583643
CAMELSH__12158010,-0.003138014596093086,-0.09455635077661528
CAMELSH__12178100,-0.10172903000465217,-0.0048659919716470545
CAMELSH__12179900,-0.1298950099099223,-0.1425888814935885
CAMELSH__12181100,0.015095135333453191,0.1613063644099233
CAMELSH__12205000,0.005657810900911997,-0.04618856582006825
CAMELSH__12208000,0.0846688477589429,-0.02845916398870274
CAMELSH__12209000,0.026732823197673672,0.005563730249412924
CAMELSH__12301300,0.04832829623035717,0.09681351260247939
CAMELSH__12323250,0.32174872611298966,-0.09418123226445035
CAMELSH__12324200,0.1431323291799504,-0.2330365881306824
CAMELSH__12329500,-0.023117562915594303,0.04006554977943211
CAMELSH__12332000,0.21351236491492454,-0.14260689760267264
CAMELSH__12334510,0.19369542791931443,0.11445794509784213
CAMELSH__12334550,-0.03981845606165124,0.04772130436836619
CAMELSH__12338300,0.03875787049469259,0.051259073496706664
CAMELSH__12350250,0.29466802725336383,0.23381469331913607
CAMELSH__12358500,-0.20957742090427023,-0.18825935737444588
CAMELSH__12381400,0.2629196279339535,0.011929908442877002
CAMELSH__12395000,-0.12257102946873955,-0.031057606509638402
CAMELSH__12411000,-0.0952524692203296,-0.2947976301250077
CAMELSH__12413130,-0.03707316568654584,0.14427070612281678
CAMELSH__12413140,-0.04482131511843401,-0.1301476082820201
CAMELSH__12413210,-0.12207854248310823,-0.13155108259492343
CAMELSH__12413500,0.031574607516632325,-0.15246991068285976
CAMELSH__12433200,-0.1217197118160851,-0.056718324728482816
CAMELSH__12434590,0.06129311751712996,0.10068661314738592
CAMELSH__12449950,-0.0158131636861103,-0.22956567938053063
CAMELSH__12451000,-0.008556655812580805,0.00474919359842807
CAMELSH__12452500,0.10623187942347911,0.32757873453587627
CAMELSH__12458000,0.018980049527020926,-0.12041132497406115
CAMELSH__12464800,-0.8828952585828999,-1.14052315154927
CAMELSH__13016240,0.23677879084417874,-0.11839130787080654
CAMELSH__13016450,0.12285883663479336,-0.09840194801994939
CAMELSH__13018300,0.119393955258425,-0.3350351541953579
CAMELSH__13018350,0.11886703173614555,0.0169933177755901
CAMELSH__13042500,0.0635761695454492,0.1324267132489675
CAMELSH__13046000,-0.1732752792266452,-0.30579856323475074
CAMELSH__13046680,0.01862964156986946,-0.041531401014130664
CAMELSH__13047600,0.016004452984945017,-0.055703641909842116
CAMELSH__13050500,0.007438059008953002,-0.1352417752151166
CAMELSH__13057940,0.12021816909250427,0.14060612547182627
CAMELSH__13063000,-0.12499623296920226,-0.49263047883041033
CAMELSH__13066000,-0.06968487006318808,-0.1579025707816426
CAMELSH__13092747,0.9403964154626021,0.5296866610673683
CAMELSH__13105000,0.3576274789502712,0.1407795490344751
CAMELSH__13113000,0.5350145343524848,-0.0785177396474215
CAMELSH__13116500,0.05395978812713942,-0.19539453364628706
CAMELSH__13118700,0.13078946077736198,0.20559059307389194
CAMELSH__13119000,-0.8620884868042789,0.04402062656824829
CAMELSH__13120500,-0.12940489995808868,-0.2036383727227088
CAMELSH__13127000,-0.1782414880889075,-0.019670551288019533
CAMELSH__13140800,-0.41018759029771124,-0.22499892495907314
CAMELSH__13152500,0.9514507168902655,0.20660343086412336
CAMELSH__13153500,0.8229718493106317,0.20407703941557492
CAMELSH__13162225,0.07628181962116609,0.06600711899977552
CAMELSH__13168500,0.3621000472959107,-0.147188202982769
CAMELSH__13206000,-0.007571351461093778,-0.0898637921274077
CAMELSH__13236500,-0.12768999310930595,-0.1175934782799471
CAMELSH__13246000,0.025309827640378257,-0.04369146969476323
CAMELSH__13249500,-0.43403646466872503,-0.2682436676858091
CAMELSH__13290190,-0.0071960725824999905,-0.05485085513554827
CAMELSH__13297350,-1.1758627764375136,-0.7938774183731201
CAMELSH__13331450,0.12693101203553847,0.11631126835585359
CAMELSH__13331500,-0.003273814500876937,0.11300945593484835
CAMELSH__13338500,-0.15805252132020864,-0.14819428859738482
CAMELSH__13340600,-0.1793374420303534,-0.22930759150530478
CAMELSH__13342340,-0.2794800068388925,-0.6449793306847187
CAMELSH__14015000,0.1325592263964014,0.11126746138948795
CAMELSH__14034480,-3.8068247810952687,-0.14775114008501689
CAMELSH__14054000,-1.3008405894421609,0.02010111656689717
CAMELSH__14054500,-0.19385578787871838,0.6033623318760035
CAMELSH__14090350,-0.039665910616112354,0.02289099934097749
CAMELSH__14096300,0.07061839809700965,0.05513996328105286
CAMELSH__14113000,-0.02378053447374895,0.0905131052022925
CAMELSH__14118500,0.03995743992578438,0.13252181413218167
CAMELSH__14134000,0.35845990002042893,0.2509166607932366
CAMELSH__14137000,0.0012282176490682195,-0.10833254561699446
CAMELSH__14138800,0.0018751732175593672,0.018320655438948563
CAMELSH__14144800,0.01878704369035389,-0.010441985354560979
CAMELSH__14158500,-0.002195342211030904,-0.043748389539636445
CAMELSH__14159110,-0.19760927813850304,-0.3075573255534685
CAMELSH__14161100,0.03885273273187151,-0.014898965973916045
CAMELSH__14164900,-0.05591642292033017,-0.11576873446266944
CAMELSH__14165000,0.018081202080725833,0.08660122617351351
CAMELSH__14171000,-0.014657236910701532,-0.08042318812097826
CAMELSH__14178000,-0.17369526308436356,-0.2613120044399728
CAMELSH__14179000,0.025826918836691082,-0.1147088242902613
CAMELSH__14181500,0.04062853845760794,-0.030188525862025806
CAMELSH__14187000,0.08760090125311115,-0.0412472023874183
CAMELSH__14189000,-0.08557238736405226,-0.08964713628429166
CAMELSH__14193000,0.0897288330971251,0.16210135359492162
CAMELSH__14194300,-0.4060377541477519,-0.5671565885363661
CAMELSH__14198400,-0.4756765775638919,0.10033286258455054
CAMELSH__14200000,-0.10363301559629634,-0.008757520382313255
CAMELSH__14202980,-0.004884017281437447,0.015739936907374907
CAMELSH__14211400,-0.10316084748718579,0.09005642477759002
CAMELSH__14222500,0.036049297632145705,-0.02571904486052401
CAMELSH__14226500,-0.06636461961375362,-0.028870781772489473
CAMELSH__14231000,-0.05265429594268445,-0.06452168939189928
CAMELSH__14243000,-0.004351186738125623,-0.05732806712972138
CAMELSH__14299800,0.1858565223961247,-0.02998944036058626
CAMELSH__14301000,-0.0383267856596734,-0.06462058831618533
CAMELSH__14301500,0.06111473835156245,0.022698022908064663
CAMELSH__14303200,-0.031734667298277563,0.06547175019689144
CAMELSH__14303600,-0.009750913794999927,0.019017804310121234
CAMELSH__14308500,0.06505165144774605,0.027999626505359476
CAMELSH__14309000,0.1519167660350167,-0.057440249596150794
CAMELSH__14310000,0.00871765917278955,-0.10938363923887262
CAMELSH__14311500,0.21084386431855245,-0.06588526927397798
CAMELSH__14316455,-0.1923674885960299,-0.08736078906708122
CAMELSH__14320934,0.11135300993339525,0.006843431465263783
CAMELSH__14334700,-0.23317105449593878,-0.05993966030604203
CAMELSH__14359000,-0.03607794053181779,-0.08529239506970798
CAMELSH__14361500,-0.02832075182146576,-0.02280130161399796
CAMELSH__14375100,-0.06676859009223057,-0.018850497392843724
CAMELSH__394308105413800,0.2844960132135699,0.06496493768015876
CAMELSH__401733105392404,0.045252140519433826,0.12846304206400083
CAMELSH__402913084285400,0.07645577859407682,0.03596505853644072
Germany__11412107,0.06242023108914563,0.06041266632495834
Germany__11427603,0.0338182282245818,-0.004985023567555202
Germany__11443009,0.05757723131868997,0.10400418725228466
Germany__11445004,0.08481253457469423,-0.030045897922062914
Germany__11583303,-0.018317446013533023,-0.03933377767140889
Germany__11689508,0.025671978789233885,0.015080190033289531
Germany__11805008,0.04673418877335611,-0.059568572560185884
Germany__11921701,-0.08576772716688552,0.002086620058930788
Germany__12003500,-0.008385429380036169,0.004737909377797278
Germany__12327003,0.13941092910499775,0.051614021360427365
Germany__12401004,-0.16932911767113296,-0.02646954115050537
Germany__12445000,0.028806987738418055,-0.0220726851345191
Germany__12483100,-2.533802367083981,-3.711451694269599
Germany__13217000,0.07235511494450508,-0.04301515719032961
Germany__13325502,-0.03973296311072405,0.010872447085494619
Germany__13405408,0.000408441995834008,-0.044854015971083516
Germany__13406105,0.0328266306139503,0.001675926535565253
Germany__14006000,-0.07878971739095886,-0.06372949205617962
Germany__14114003,0.057578283352754944,-0.10270057616754058
Germany__14124007,-0.07510388915647215,-0.12444802087434303
Germany__14201108,-0.33169096409056875,-1.6798696975299585
Germany__14465008,-0.12114865908023609,-0.12585124772362732
Germany__14602007,-0.14385110252785638,0.011777309018766391
Germany__14685004,0.010880770034723097,0.06514111905420683
Germany__15205501,-0.02503710343380694,-0.03469561272982358
Germany__15247501,-0.04273409830869057,-0.011893640266638306
Germany__15325004,-0.029949024926624324,-0.05200987905156862
Germany__15408000,0.046982110938846966,0.07253057292485576
Germany__15422500,-0.08860421953076703,-0.019911092476119552
Germany__16002500,0.043353164013355316,0.03672457452935762
Germany__16003003,-0.04956765470454416,-0.005003302226868067
Germany__16005701,0.07987478562970951,-0.0003405581903289656
Germany__16345007,-0.026367243472865343,-0.11292507482233904
Germany__16516008,0.4919374321516581,-0.17448995644887527
Germany__16606009,-0.06513202330854784,-0.049295304510216464
Germany__16607001,-0.023298718438407584,-0.0018078813532419469
Germany__16615203,0.024148567034000146,0.010013697456807358
Germany__16646400,0.08375924306156723,0.02532469199614429
Germany__16658002,0.15963536543192314,0.016492447811433997
Germany__16665008,-0.010672161633303978,0.017278667478432763
Germany__16683010,0.2867899317107263,0.09575346859249889
Germany__16686008,-0.07478633440228877,0.05573743113415752
Germany__16802007,-0.222136365547195,-0.09016056863578048
Germany__16805005,0.0647766295859005,-0.1684141682972456
Germany__16827008,-0.07029066308551679,-0.1264371994724477
Germany__16965001,-0.016775774554480205,0.08824930785091878
Germany__17215007,-0.005120752438343423,0.22380667041901525
Germany__18182005,0.053353377822781045,0.06855752011028815
Germany__18263005,0.05129472047143491,0.0024218863405471858
Germany__18286000,0.08447282317959637,0.06820115808180016
Germany__18407003,-0.29096629563330434,-0.3814599023024357
Germany__18460403,-0.0120961074000078,-0.010833354161542075
Germany__18465000,0.013653076390005126,0.03884346348854362
Germany__18602009,0.022844601277069665,0.019139329421146156
Germany__18620500,0.026521407658972262,0.004434497268827831
Germany__18642003,-0.09521795915514575,-0.07595598309181228
Germany__18663003,-0.04997028696158545,-0.059412212093741146
Germany__18719006,0.020708300142838587,-0.0660753645066694
Germany__18804706,0.01689281315609259,-0.13263715128170528
Germany__24113459,0.07003934948249246,0.09407366456534916
Germany__24118500,-0.006952656848288052,-0.02827294586264173
Germany__24123000,0.07208659713548737,0.14263736605649002
Germany__24126009,0.041679609548459284,0.014083050803783692
Germany__24134007,-0.04149783057130296,0.03261578090517547
Germany__24145003,0.08867288043946675,0.004352385623530131
Germany__24146505,-0.015804382973852782,-0.07012502416044641
Germany__24165805,-0.036149200922231506,-0.23237977322357606
Germany__24187502,-0.032335055016916914,-0.07747550041882012
Germany__24208806,0.1638098143061173,0.14763004852720862
Germany__24211505,-0.08587903987957429,-0.05217052057987154
Germany__24214300,-0.08377030752838094,-0.2416448791903229
Germany__24219008,-0.18219829550382693,-0.2607469973832566
Germany__24225000,-0.11264734024040923,-0.03613491854785511
Germany__24228009,0.1493839841166057,-0.047784322207480745
Germany__24262007,-0.013470417997296757,-0.13305384626628075
Germany__24293500,0.06131253081823207,0.031042186746295775
Germany__24322506,0.03914916170735039,-0.352982483157757
Germany__24336806,0.013877506528668038,-0.04635790848626309
Germany__24338007,0.0030885050960572924,-0.10629420641394416
Germany__24349003,0.003527334089345413,-0.185568865107762
Germany__24381503,-0.07877623875343354,0.4321895681477642
Germany__24401001,0.020050062139678637,0.02663121954690073
Germany__24409003,-0.07519743898842679,-0.15860894193865116
Germany__24412008,-0.0048568129657888814,-0.2577245483791982
Germany__24421009,0.12287968946378702,0.09422301724421323
Germany__24432504,-0.032938549767221104,-0.023988513792854604
Germany__24473055,-0.060400309932709506,-0.169614805121038
Germany__24521105,-0.14305818315421504,-0.1766883442774344
Germany__24719102,0.04194648073738316,0.1141595152660212
Germany__24722005,-0.14630879984523038,0.04801753408452303
Germany__24772003,-0.01872125592621554,-0.018144391109091274
Germany__56113404,-0.660911392598131,-0.8344391566059386
Japan__301031281101040,0.029464821944291786,0.023967232961727536
Japan__301031281101050,0.030787114180715003,0.03541537219104052
Japan__301031281101070,-0.058935451997828125,0.0962933918355976
Japan__301031281101150,0.06028902150539228,-0.0017754384353394492
Japan__301031281101370,0.023768196897447913,-0.04575769387169393
Japan__301031281101520,-0.07318006413765199,0.005356511312129109
Japan__301031281101610,-0.07029551161877179,0.02627609000524067
Japan__301031281101670,0.11391987568067741,-0.026930196005006957
Japan__301031281101750,0.17107666859889697,-0.1951396056186967
Japan__301031281101800,0.0828340555848046,-0.1816206541297486
Japan__301031281101820,-0.010012165710203025,0.09417201112594009
Japan__301031281104010,0.027788847271748296,0.005295320350442889
Japan__301031281104030,0.00701956656081637,-0.024238553385360184
Japan__301031281104070,0.10248549655114703,0.030243111254793398
Japan__301031281104090,-0.011634729912819108,0.013905560133453343
Japan__301031281104120,-0.017716167303381658,-0.07105959636903292
Japan__301031281104200,-0.028240844394380682,-0.01129423836562371
Japan__301031281104250,-0.0018411357770758974,-0.05503148408221403
Japan__301051281102050,-0.07990775330807665,-0.03956530573230377
Japan__301081281107050,0.08773703677492084,0.029309580960556025
Japan__301081281107130,-0.2561655768280243,-0.03420587429190802
Japan__301081281107200,-0.1349918335054472,-0.15218084072306004
Japan__301081281107300,-0.06386043554810183,-0.08697557317294291
Japan__301081281107320,-0.0067064041174188516,0.03474238879139124
Japan__301081281107360,0.007174218601074589,0.06194990176403381
Japan__301091281106070,0.06674943446120696,0.04126192805890683
Japan__302011282218080,-0.03888792225327581,-0.11097883514534301
Japan__302021282224030,0.10193800911306294,-0.01657608611125283
Japan__302031282207120,-0.032284961595564876,-0.049787376020974494
Japan__302041282204110,0.02555174869836674,0.005258095598554835
Japan__302041282204180,-0.022088538512053613,0.010953496686205044
Japan__302041282204450,-0.05210141464425466,-0.11252775050810682
Japan__302041282204470,-0.3935370615817279,0.40437671397979963
Japan__302041282207190,-0.19230485498035116,-0.11344272282123025
Japan__302041282207220,-0.10705991420362942,-0.0744062899347242
Japan__302041282220100,-0.04663128861354493,-0.20386503550418555
Japan__302041282220110,-0.0499108190427755,-0.031602063971705285
Japan__302051282201030,-0.040975688287337,-0.05192454067421748
Japan__302061282202030,-0.1876479067869659,-0.12093145422703155
Japan__302071282222030,0.005996085916252891,-0.1338241986964489
Japan__302071282222040,0.06254722219648223,0.0817534219700764
Japan__302091282209060,-0.08804764728675041,-0.05407741941228705
Japan__302091282210020,-0.018411574170313805,-0.01536918413259647
Japan__302091282210030,0.04065843399641267,-0.008280102061364647
Japan__302091282210090,-0.0013362888741943468,0.02545135231871598
Japan__302091282210110,-0.06993185354577891,0.00025528963218668377
Japan__302101282209070,0.0143729408943164,0.04741512317398111
Japan__302111282214050,-0.07421269103703498,-0.0956852898496664
Japan__302111282214080,-0.01737810435302445,-0.014727433341461316
Japan__302111282214100,-0.015159633322830435,-0.038927809684414005
Japan__302111282215030,-0.06842898717530876,-0.06557450556701427
Japan__302111282216010,-0.0308660198377555,-0.018450925563922138
Japan__302111282216050,-0.05890232406099094,-0.05845882944905001
Japan__302111282216060,-0.09276279060972614,-0.05826948101737173
Japan__302111282216080,-0.040045924331659766,-0.038166483188500355
Japan__302111282216150,-0.014669351342498027,0.017841445700054526
Japan__302111282216210,-0.08808531186205526,-0.12338747465665678
Japan__302111282221010,0.07876080759675286,0.15246861264120903
Japan__303021283322060,-0.5947822027339188,-0.46288646031269787
Japan__303031283301030,0.14859031487157992,0.08455597246637914
Japan__303031283301040,0.004788703370367076,0.010467427773959148
Japan__303031283301090,0.07611239656528668,-0.03935623398431187
Japan__303031283301150,-0.030839299568412692,-0.05076850288783863
Japan__303031283303170,0.10049572811423957,-0.06291807024636997
Japan__303031283305170,0.1107906271277595,-0.051717562565472275
Japan__303031283305190,-0.14301069999576355,-0.07273599714808232
Japan__303031283306020,0.22746720427105724,0.532134434104869
Japan__303031283306300,-0.07181980256011222,0.0170322168782
Japan__303031283314010,-0.14596237078779012,0.027498918696950925
Japan__303031283323030,-0.10763569089173419,-0.1946291765967716
Japan__303031283323100,-0.006614287493595994,0.06314225008785285
Japan__303041283308080,-0.030827871922580297,-0.2877076612300092
Japan__303041283308170,-0.007873120218693686,0.019274039237483942
Japan__303051283310070,0.07905434679990386,-0.11070850319093684
Japan__303051283310100,0.26553841444524195,-0.0497201310565773
Japan__303061283310090,-0.0143566646035522,-0.0251283711427599
Japan__303061283310120,-0.05949339706276735,-0.04915127797216712
Japan__304021284402080,0.008742715163150727,-0.02014539868850851
Japan__304031284401020,0.20359560368625296,-0.2335806457361019
Japan__304031284401080,0.05827736810570461,-0.014522893680607218
Japan__304031284401170,0.3254140793254378,0.4714677247765831
Japan__304031284401180,-0.003602591589539128,0.025809867892240268
Japan__304031284403070,0.019025643195832775,0.019388266652250352
Japan__304031284403150,-0.19006032242447557,-0.10023948730711729
Japan__304031284416100,-0.0023332322642753978,0.033715157690156206
Japan__304031284416160,0.003951444158036388,-0.017973421050041516
Japan__304031284416190,-0.10704273542794485,-0.054592622905339616
Japan__304041284407020,-0.16716434653632506,-0.09284324725245963
Japan__304041284407070,-0.022352482075511437,-0.06274789779866352
Japan__304071284408010,-0.01108003271039315,0.00304165756694319
Japan__304101284408030,0.08666055162950126,-0.006319608848397884
Japan__304101284408090,-0.0511194153665063,0.014268889527588688
Japan__305021285507070,-0.0034817844212484683,0.05343639856946647
Japan__305031285507010,0.006353990011378263,-0.10027827288047475
Japan__305051285510070,0.002237712296088379,0.0902508856689
Japan__305071285512050,-0.15014710796024422,0.11201372780638763
Japan__305101285514050,0.005338527671020832,0.16820549052251016
Japan__306031286607010,0.0445018502588167,-0.01795623077550501
Japan__306031286607090,-0.2370830428427021,0.08122504176476458
Japan__306041286606010,-0.12762403068304584,0.20489348759320525
Japan__306041286606190,0.31387619419034785,-0.190508682405663
Japan__306041286606340,0.03178678129600365,0.0650443000607066
Japan__306041286608010,0.010644195044831606,-0.03026021535358503
Japan__306041286608070,0.0118911800223482,-0.013691590624887399
Japan__306051286611050,0.183388662956409,-0.018148834963188754
Japan__306061286611090,-0.20862034387706685,-0.31747849200275746
Japan__306071286601080,0.00241236987393878,0.13039576848816847
Japan__306101286610050,0.06372581250007658,0.029330655609835166
Japan__307011287701080,-0.11333385305712562,0.14803343182308049
Japan__307021287702020,0.007490987162163454,-0.07283778531587948
Japan__307021287702110,-0.007777294043115557,-0.09020531647689861
Japan__307031287703030,-0.06520826442964078,-0.1801361588697255
Japan__307051287707060,-0.020834506000153463,-0.004895184176197609
Japan__307051287711040,-0.02932022423113745,0.11211323494040415
Japan__307061287707010,0.064946876021715,0.054317202015520094
Japan__307061287707030,-0.02930048170871291,-0.03953277095432506
Japan__307061287707040,0.00010358779728758538,-0.028044997875703692
Japan__307081287717010,-0.10225693510189393,-0.09705001442130823
Japan__307091287712010,-0.0078100738804193215,0.033954049348853266
Japan__307091287712080,-0.07780359982046792,-0.08484458916001203
Japan__307091287712210,-0.030381669328783723,-0.025199341393731256
Japan__307091287714010,0.16553500968980966,-0.09686794403704257
Japan__307111287708130,0.19247203593452566,0.05270501812344508
Japan__307131287708040,0.01568217626098478,0.02707867079766335
Japan__308041288808020,0.02618075019628152,0.03408793742122196
Japan__308041288808070,0.04358104067182911,0.033318926066534915
Japan__308051288808020,-0.013169194474782264,0.041730974910106466
Japan__308071288801010,0.03332940240322557,-0.0011074237694514988
Japan__309011289902170,-0.025803457566074384,0.03240838833816051
Japan__309061289901110,-0.019262177844154293,0.1603133151389864
Japan__309061289920040,-0.06507774322145299,-0.002160390731047679
Japan__309061289920050,0.08040294104110807,0.128527940773229
Japan__309101289908020,-0.011853050072668458,-0.03239954767874842
Japan__309121289918200,-0.033365612779106324,0.014933766341540089
Japan__309131289919140,-0.0022847479321644326,0.1616958484868991
Japan__309141289916050,-0.027796334084731478,0.11117723394479018
Japan__309141289916060,-0.003757467928137581,0.05461472970767434
Japan__309151289916010,0.08864949609662676,0.11044682774372971
LamaHCE__106,-0.08603790781642506,0.03352150343948912
LamaHCE__110,0.08109348240613057,0.0824773641360177
LamaHCE__111,0.008690966750559248,-0.012699165950929237
LamaHCE__12,0.07891914202534611,0.015212486279456705
LamaHCE__14,-0.057370678749333825,-0.0650365764757233
LamaHCE__141,-0.043803293158251266,0.11650218233147869
LamaHCE__150,0.01652407842825876,0.05487103326311982
LamaHCE__155,0.08227619916779005,0.2652627867433389
LamaHCE__158,-0.08769008504100673,-0.08725396981999856
LamaHCE__16,-0.09555176673630383,-0.06540069961129302
LamaHCE__165,-0.024529733011709798,-0.019216821343566504
LamaHCE__169,0.008198032613384365,-0.29030995974382456
LamaHCE__189,0.05727243213419109,-0.009391908978045538
LamaHCE__19,-0.06402141024749741,0.04335144141535663
LamaHCE__191,0.018484904188338147,0.06458915977168256
LamaHCE__195,-0.04340721350547816,0.016526340407594042
LamaHCE__197,-0.044369116389475716,0.05047604731730082
LamaHCE__198,0.006800627029021733,0.029826202297656312
LamaHCE__201,-0.03443828942442384,-0.1102709383199878
LamaHCE__206,-0.002612688096909732,0.06249306754529682
LamaHCE__207,-0.06300939704743347,-0.030987192397890495
LamaHCE__212,-0.1577733784164982,-0.10151844366642293
LamaHCE__215,-0.061001062878858425,-0.07599173094804301
LamaHCE__228,-0.08605809990433899,-0.04375313733139352
LamaHCE__229,-0.11881927677478399,-0.005485007699712385
LamaHCE__232,-0.04398180012903219,-0.011005982622769639
LamaHCE__233,-0.030775711771270142,-0.07310175183931822
LamaHCE__237,-0.10024915590590533,-0.11935502765316586
LamaHCE__239,-0.14179266245945465,-0.12954960707752283
LamaHCE__243,0.04164408213156101,-0.061181928315617196
LamaHCE__245,-0.032757863227893536,-0.004786238201814452
LamaHCE__251,-0.03494055990568601,0.007881330095254158
LamaHCE__252,0.030945530578600722,0.04366533891127233
LamaHCE__254,-0.10990417908463301,-0.052556356369383495
LamaHCE__258,0.007214160432094996,-0.015290821675063349
LamaHCE__264,0.07992449004894053,0.003178880899105674
LamaHCE__27,0.02503725767535403,-0.017918076114326387
LamaHCE__274,0.024540410279798808,-0.11923496618285423
LamaHCE__277,-0.003516011085913151,0.03258160653097775
LamaHCE__278,0.026552420773526042,0.03069531857926666
LamaHCE__287,-0.07563148143920118,0.02063680256469347
LamaHCE__294,0.1759038498113028,0.12633123128365398
LamaHCE__295,-0.1322610929655753,-0.06340306234805171
LamaHCE__30,0.07949561421864648,-0.0652432685025286
LamaHCE__303,0.10289943274859181,0.031028016188524354
LamaHCE__322,0.1921454925013616,-0.04590873091342118
LamaHCE__324,-0.2751224556752155,0.016227665163126126
LamaHCE__332,-0.03412700788386458,0.0008342518452684189
LamaHCE__334,0.08905172087348123,0.0573270077298067
LamaHCE__335,-0.006302507333272089,-0.040686365099677047
LamaHCE__336,0.011348763616350066,-0.096177549425558
LamaHCE__338,-0.2088166726465357,-0.22554936975555995
LamaHCE__341,0.3482940797515063,0.6517016114329834
LamaHCE__355,0.09662447549886344,-0.003322636534678458
LamaHCE__359,0.03263322169125782,0.01730204680616354
LamaHCE__361,-0.16081068112794927,-0.18189924323334816
LamaHCE__366,0.11930031128104424,-0.004069099998125103
LamaHCE__367,-0.004677246467009594,-0.6134279126910145
LamaHCE__37,-0.04823312755156817,0.028007539951177773
LamaHCE__374,-0.30784572394723475,-0.28314971602731837
LamaHCE__375,-0.17219561508745979,19.524706339104718
LamaHCE__377,-0.07981780380800896,-0.011978508981000058
LamaHCE__381,-0.03873088503782529,-0.04554367042696872
LamaHCE__385,-0.01879058770436981,-4.147869732717968e-05
LamaHCE__388,-0.1339150309501359,0.006568253973214366
LamaHCE__4,-0.012588234469051662,-0.06733110524683827
LamaHCE__403,0.10426343556858642,-0.1967281029586957
LamaHCE__426,0.19902142645432674,0.08144979128956253
LamaHCE__428,0.14408805030665528,0.1910242627355681
LamaHCE__433,0.07167378456119561,-0.24321273776881125
LamaHCE__44,-0.09401026756581887,-0.2571535879517838
LamaHCE__444,-0.056349503231398645,0.09369662791969846
LamaHCE__449,-0.061117009179721016,0.017295423733252907
LamaHCE__455,0.02029247068933404,0.14909631297070663
LamaHCE__462,0.02295992545622949,0.19411343947284776
LamaHCE__465,0.026720735291186015,-0.02069728348194877
LamaHCE__468,0.06662718685970193,0.09125758344326451
LamaHCE__47,0.11970001270385411,0.12650219950408303
LamaHCE__471,-0.03894318089290527,0.019386376597294697
LamaHCE__472,0.07734575830923851,0.1219394405443045
LamaHCE__476,0.10122947673716942,0.1392027528429124
LamaHCE__480,0.15209666417016277,0.15373311736076406
LamaHCE__482,-0.10642446312617793,-0.036835659834096535
LamaHCE__494,0.011803941265466245,0.0028650971817809623
LamaHCE__496,0.1295927516250921,-0.00016819219884045555
LamaHCE__5,-0.06334391232723025,-0.08272586600045972
LamaHCE__504,0.04912107438971691,0.00969517445428525
LamaHCE__506,-0.00541438847175002,0.03146132015757375
LamaHCE__510,0.13517938886121172,0.1314235071719254
LamaHCE__516,0.08387231152165608,0.01926425951413413
LamaHCE__517,0.009356683381216091,-0.0822082782119763
LamaHCE__525,-0.06113428319101544,0.015284797701752173
LamaHCE__530,0.06568901246481496,-0.0184986574085646
LamaHCE__538,0.152245467967153,0.10911327144872607
LamaHCE__544,-0.06323780994208228,-0.03710379021106758
LamaHCE__556,0.004204395416647744,-0.020067890664484223
LamaHCE__571,0.02276636817433275,0.008381997786970463
LamaHCE__574,0.0660993400065839,0.24852877111181682
LamaHCE__576,0.09521583476079387,0.11664673823015581
LamaHCE__58,0.13612041383324602,0.08415644139225276
LamaHCE__585,-0.057728667254855814,-0.05267973427646955
LamaHCE__59,-0.0372538629779412,0.02651448379967636
LamaHCE__606,-0.043831860236532516,0.010649834199670805
LamaHCE__608,-0.054570690689028534,0.046379074516389784
LamaHCE__620,-0.03635312757901932,0.01621880485625038
LamaHCE__622,-0.05791844658580947,-0.06605157090570546
LamaHCE__624,0.02722213248780503,-0.050798938297654694
LamaHCE__629,0.043825043839590294,0.0667501179024732
LamaHCE__640,-0.0032182901610464665,-0.002580824389673775
LamaHCE__649,-0.027681613075856704,0.014536628575954613
LamaHCE__651,0.07439903105564566,-0.09738704795995334
LamaHCE__652,0.014936062291903918,0.005323497854457071
LamaHCE__656,0.004979416510846213,0.013765461508960075
LamaHCE__665,0.12325339058953122,0.19861674078168512
LamaHCE__666,0.003112320434854543,0.07058820330274673
LamaHCE__669,-0.0188893178284687,-0.052983769591597896
LamaHCE__674,0.048860385447414334,0.09632374955307688
LamaHCE__677,-0.13673394141480666,-0.07632728706226932
LamaHCE__680,-0.01392482129126571,-0.08126682651570849
LamaHCE__683,-0.07122722662571623,0.06371326222281237
LamaHCE__685,0.03809145474017428,0.12440633614480345
LamaHCE__691,0.03538380082643977,0.0270443233544041
LamaHCE__703,-0.00559422704463175,0.2217703792189646
LamaHCE__71,0.08985342008021635,0.06378554833883743
LamaHCE__715,-0.08323817580775561,-0.08147763499823046
LamaHCE__716,-0.09289057394435418,-0.06913653232559169
LamaHCE__717,-0.027593106624472563,0.04068390861440896
LamaHCE__720,-0.05215815706144933,-0.16550872714070364
LamaHCE__733,0.0934619921349027,-0.08165085502122882
LamaHCE__736,-0.39373988232386375,-0.3256247253444162
LamaHCE__737,0.030314137135885155,-0.19865591780352532
LamaHCE__754,-0.04831124347489979,0.29849110044857485
LamaHCE__757,-0.12160326823562084,-0.05201978528325191
LamaHCE__76,-0.05225049376477309,0.06672302579866995
LamaHCE__768,-0.03954061362130035,0.005670892607800404
LamaHCE__772,-0.04525861542038001,-0.13927541435805868
LamaHCE__776,0.017075283247385276,0.09025989460307726
LamaHCE__777,0.006612185801607051,0.004274549751290824
LamaHCE__780,-0.0729092502807639,-0.0647031440640331
LamaHCE__783,0.022047612283556228,-0.046323218355742046
LamaHCE__786,0.12259522516934074,0.3865389912480634
LamaHCE__788,-0.04812888254851844,0.07253019455145887
LamaHCE__79,0.03655473925237174,-0.03363708930286957
LamaHCE__790,-0.037415861523377836,-0.2165695388943134
LamaHCE__793,0.011359963241648119,0.007855843321767586
LamaHCE__796,-0.10786396163191236,-0.02341335137633016
LamaHCE__799,0.04892868400352146,-0.043714801392410685
LamaHCE__8,-0.10437033825677033,-0.0414644000060741
LamaHCE__807,-0.07771305140870255,-0.024340832799999212
LamaHCE__809,0.008442578194921113,0.029686693268268227
LamaHCE__810,-0.037809682144621104,0.019245424065081007
LamaHCE__819,0.0018591661365342516,0.02314875653967574
LamaHCE__826,-0.21133812045931488,-0.21143647593183001
LamaHCE__83,0.07384551075447865,0.040986760112762255
LamaHCE__832,-0.08526993506617964,-0.19969742630720938
LamaHCE__84,-0.23844354201355572,-0.14418989575268432
LamaHCE__841,0.12295497307458242,0.3203705838896865
LamaHCE__844,0.1324885450122406,0.09707844396907139
LamaHCE__845,-0.0436238419745672,0.05738768100750352
LamaHCE__847,-0.0962881774857699,0.011575865279027875
LamaHCE__858,-0.012667052110102717,0.3243664832395706
LamaHCE__873,-0.031168809731915603,0.0030095305507784054
LamaHCE__874,-0.1668081903217831,-0.193984234888327
LamaHCE__875,-0.03547528663412809,-0.003036529074417302
LamaHCE__91,0.006239053699111374,0.02009119882789745
LamaHCE__96,0.021163074905919954,-0.021448419998527313
LamaHIce__21,-0.055727662629725117,-0.00883556731429358
LamaHIce__25,-0.3072073113322247,-0.18918219054710161
LamaHIce__26,0.028317274497089207,0.11079622476105166
LamaHIce__27,-0.3155977705150669,-0.20112563621631852
LamaHIce__37,-0.3704949490283682,0.1022836281612663
LamaHIce__46,-0.005440180477349177,0.005927950005704896
LamaHIce__47,0.04111350206375114,0.36377127172059565
LamaHIce__55,-0.1550077953885846,-0.09241911030291439
LamaHIce__60,-0.012952921025204012,-0.0038452524932244825
LamaHIce__67,-0.008000985541446237,0.01148343619938258
LamaHIce__75,-0.12131299212073299,-0.04065672380785068
LamaHIce__80,-0.11015915832460033,-0.14801116923867808
LamaHIce__86,-0.29462448681098885,-0.011521469125663653
LamaHIce__92,0.003130353240619055,-0.020180204042422156
LamaHIce__93,-0.2287980054057252,0.1148588788632589
LamaHIce__98,-0.2658658827939865,-0.4192025480834973
BOMAustralia__107001B,-0.034919914705796806,0.044607819139668825
BOMAustralia__108003A,0.040683069202360755,0.040908018311128336
BOMAustralia__111009A,1.4967467136985033,0.6755620288307262
BOMAustralia__111104A,-0.18835929717021088,-0.2034665805873518
BOMAustralia__112006B,-0.06557375190771891,-0.1091040521569942
BOMAustralia__112103B,-0.05690425339588612,-0.3516864480549922
BOMAustralia__113006A,0.039885246496347615,0.06600012937994382
BOMAustralia__114001A,-0.14156197573845275,0.07873067076498763
BOMAustralia__119003A,-0.07178695612908692,-0.0904595287259905
BOMAustralia__119101A,0.02002688633792271,0.04571353532801692
BOMAustralia__120102A,-0.020792603441464108,0.2504280038716354
BOMAustralia__120205A,0.6712780782167085,0.4408282368359411
BOMAustralia__122005A,-0.4938146022807378,-1.569156985095284
BOMAustralia__122012A,0.0406738139826495,0.0004976955721735996
BOMAustralia__124002A,0.4599538869528777,0.48267600184301357
BOMAustralia__124005A,0.4950559997497408,0.5001415369233734
BOMAustralia__125004B,0.21883945883604716,0.27438441752657616
BOMAustralia__125005A,0.43497691772262526,0.4044938454543763
BOMAustralia__125006A,-0.05813386194808645,0.051448109611383575
BOMAustralia__126007A,-1.131708978989508,0.021387403102330393
BOMAustralia__130009A,-0.008144664010883429,-0.030579542258613424
BOMAustralia__130215A,-0.06985602879027442,-0.29474067516405844
BOMAustralia__130313A,0.01827318327717098,-0.2248393993137312
BOMAustralia__130316A,-1.219852384931497,-2.27960951057066
BOMAustralia__130375A,-0.7426179950925524,-0.7591852487570783
BOMAustralia__130404A,0.3579120111393621,0.3153367912358285
BOMAustralia__130509A,-0.7508109106157232,-0.011013594141033901
BOMAustralia__135002A,0.2653264099722193,0.182612749394725
BOMAustralia__135012A,-2.3051197940424433,-1.8030521414157012
BOMAustralia__136112A,0.04780322715184637,-0.0553758670791204
BOMAustralia__136305A,-0.2679368103299159,-0.090021283407108
BOMAustralia__136319A,-0.085025477515972,-0.3832324060522385
BOMAustralia__138002C,0.361484820756551,0.2591414563778661
BOMAustralia__140002A,0.029615264797641705,0.002791963440477996
BOMAustralia__141009A,-0.2137647715663161,-0.04887781205164399
BOMAustralia__143009A,-0.05808952768996656,-0.05750830078257929
BOMAustralia__143028A,-0.5597991215550608,-0.06092755546457762
BOMAustralia__143224A,-0.020418538991861857,-0.015027977960515804
BOMAustralia__143225A,-0.007594587959220966,0.34643547938991276
BOMAustralia__143236A,-2.047962741021636,-1.6299837147334373
BOMAustralia__143312A,0.11797605790407184,-0.051887927305019066
BOMAustralia__145011A,0.44312664280587644,0.6406830954255772
BOMAustralia__145018A,-0.23964882313166108,-0.09078382023259857
BOMAustralia__145020A,0.19490078389424448,0.12348349434011885
BOMAustralia__145101D,-0.17868526074916852,-0.0037262826346943223
BOMAustralia__145104A,-0.34116794965140734,-0.26397972299858014
BOMAustralia__146015A,0.05551591004917722,-0.0025295020669621193
BOMAustralia__146020A,-0.3345673032670618,-0.4889461904538832
BOMAustralia__201015,0.023492585589127923,-0.03669541334125259
BOMAustralia__203014,0.12123678569981444,0.09723719048563129
BOMAustralia__203900,-0.06751030556067483,-0.19685773431558407
BOMAustralia__204006,0.3997073309603472,0.4414259558252103
BOMAustralia__204008,0.0070397245362834315,0.07692652656674293
BOMAustralia__204067,0.05336898421299119,-0.05929418674744236
BOMAustralia__205016,0.029387717200870522,-0.22338192048705452
BOMAustralia__208011,0.023299448421047808,0.17744082255732396
BOMAustralia__208024,-0.015187691193623731,0.016161953973858112
BOMAustralia__208028,0.1829189432072651,0.3943494580453779
BOMAustralia__210016,0.08835459959128951,0.3449800047650478
BOMAustralia__210021,-0.15166056571239994,-0.0795615675524034
BOMAustralia__210044,0.3274717690180656,0.2931022213375893
BOMAustralia__210124,0.046651232720869795,0.043771278085853016
BOMAustralia__210146,0.17046260446427802,0.10308278268780968
BOMAustralia__212016,-0.10794935559098093,-0.07232579350755552
BOMAustralia__212060,0.018115084258193193,-0.026971567588518
BOMAustralia__212203,0.02957199095702301,-0.044911624889847124
BOMAustralia__212238,-0.024539735664460993,-0.06068900901880861
BOMAustralia__213200,-0.01859806320481211,-0.09381078794695871
BOMAustralia__2132102,-0.1112304872131572,0.2160278945098144
BOMAustralia__213282,0.3247258247454128,0.24273835840899877
BOMAustralia__214003,-0.146859657152861,0.2728760606671961
BOMAustralia__215015,-0.2528309623028328,-0.281240433177741
BOMAustralia__216009,0.20475733878244068,0.18167607894317156
BOMAustralia__219018,-0.18635155336359888,0.09834189656599213
BOMAustralia__220004,0.0429247705793912,-0.0279841352892638
BOMAustralia__220006,0.06688939182476139,0.09714348751780177
BOMAustralia__221201,0.5630218323094123,0.5822194740967188
BOMAustralia__222008,0.10114519505737651,0.24159434700210453
BOMAustralia__224201,0.16793333480608297,0.151889288391447
BOMAustralia__224209,-0.09846071701775799,-0.10697137662714207
BOMAustralia__224219B,-0.108282116628034,-0.04491548192394923
BOMAustralia__225200A,0.014630621661064436,0.15531464824425983
BOMAustralia__225242A,-0.1413757356795532,-0.0871474907816599
BOMAustralia__226008,0.11217314815067736,0.13942971111672642
BOMAustralia__226028,0.06844539388939186,0.1143869413428037
BOMAustralia__226217,-0.12731323064942934,-0.11211474865621107
BOMAustralia__226219,-0.2762442052042074,-0.36784954552380345
BOMAustralia__226222,-0.03557885509990233,-0.1818265617806335
BOMAustralia__226402,0.4120968379919561,0.5651420299536258
BOMAustralia__227200B,-0.425372296860003,0.29104726186389157
BOMAustralia__227205,-0.1477048736093738,-0.1210807247601306
BOMAustralia__227225,0.15055395818569978,0.08836251413951163
BOMAustralia__227227,-0.20736735115798777,-0.016547111799101066
BOMAustralia__227238,-0.37549889445657636,-0.07799448327281977
BOMAustralia__227249,1.9745633665148294,1.7502333565465555
BOMAustralia__228233A,-1.48068339516094,-1.0342069844461919
BOMAustralia__228235A,0.293513862942315,0.050923876459844794
BOMAustralia__228393A,-0.14135836546328534,-0.18217673508005322
BOMAustralia__229135A,0.05579884088098186,0.07233017898001648
BOMAustralia__229143A,0.10299282785378067,0.15085106114504648
BOMAustralia__229627A,-1.2439297538779885,-0.8434001913089394
BOMAustralia__229678A,-0.06588005331329128,-0.006573795596668375
BOMAustralia__230213,-2.52213164762742,-0.4158350625447509
BOMAustralia__230219,0.38373597946313287,0.3389137534667435
BOMAustralia__231222,-0.1800180886192645,-0.3993866927233739
BOMAustralia__233211,-2.589645180598891,-0.24438894193731092
BOMAustralia__233218,-0.44083061088333375,-0.944598918731467
BOMAustralia__233225,6.527862901993855,5.133845320048517
BOMAustralia__233248,-0.6303096045525551,-0.024338847239671668
BOMAustralia__234201,-0.4912244175779889,0.07880429208614509
BOMAustralia__235210,-0.07430804154760356,-0.035386731860627574
BOMAustralia__235219,0.043503612463089036,0.010169663753766323
BOMAustralia__235223,-0.45987252688136404,-0.18762310928154113
BOMAustralia__235258,-0.1513024817224882,-1.0409068773762777
BOMAustralia__236212,-0.2967696501181126,-0.4680712602364665
BOMAustralia__236213,-0.23245523574874832,-0.4068719187832599
BOMAustralia__236215,-0.2099624800862901,0.017420374874839106
BOMAustralia__236216,0.2654367957835338,0.16374031967459268
BOMAustralia__237205,0.2663776542922458,0.122302236213527
BOMAustralia__238219,0.3420056307826911,0.4607561714583569
BOMAustralia__238229,-0.6857736079150223,-0.30070144282061284
BOMAustralia__238230,0.23086344613116583,0.13209574964733317
BOMAustralia__238707,-0.23904277115253741,0.0467640421892479
BOMAustralia__340001,-0.20708396274386953,-0.3024384053079002
BOMAustralia__401009,-0.1640504279026045,-0.015327045379693649
BOMAustralia__401013,0.07070137148909028,-0.0579221973402515
BOMAustralia__401029,-0.22846215773549866,-0.2637745404491816
BOMAustralia__401220,0.05289540123722669,-0.015135569417445205
BOMAustralia__401225,-1.227473531551615,-0.622036288676858
BOMAustralia__401229,-0.0701424282662162,0.008627250215805127
BOMAustralia__401554,-0.3820820237372533,-0.015718574275037422
BOMAustralia__403210,0.06771804650460245,0.011661080853042405
BOMAustralia__403236,-0.2074063169636563,-0.2040350016580561
BOMAustralia__403247,-0.41830589435066334,-0.7451061058588662
BOMAustralia__403250,-0.40656784314684247,-0.016815594769329256
BOMAustralia__404204,2.8678911811918053,1.4469731478096632
BOMAustralia__404208,-0.13355819731125496,-0.05492563201454104
BOMAustralia__404210,0.7077994097809801,1.044691222974348
BOMAustralia__404214,0.431907991140292,-1.6860875414785181
BOMAustralia__404227,0.13252041841623052,1.0306728995806202
BOMAustralia__405212,-0.6019855699225451,-0.2771720230477857
BOMAustralia__405217,-0.1652578873285555,-0.06599179687363055
BOMAustralia__405228,-0.09431874027116449,0.0239013079429109
BOMAustralia__405230,0.645706389769259,-0.6769063811871492
BOMAustralia__405237,-0.055864139431215376,-0.18171924317310928
BOMAustralia__405247,0.06285998691119699,0.1830684390134748
BOMAustralia__405290,3.861693526426336,-2.905953284088735
BOMAustralia__405291,-0.16416840036683888,0.6470118015064037
BOMAustralia__405292,3.1572448314052344,-3.7261918041901216
BOMAustralia__405738,-0.04470237586155412,0.2222426758660141
BOMAustralia__405779,4.284790041670848,-0.5059472042023394
BOMAustralia__406210,0.05100011765664769,-0.13676718260065046
BOMAustralia__406250,0.04862399048918731,-0.08742266335698046
BOMAustralia__407209,-0.2749300278468692,-0.0636260580212882
BOMAustralia__407213,-0.5908920411876101,-0.6262256364894425
BOMAustralia__407222,-0.0695963413160745,-0.05118720665029708
BOMAustralia__407229,-0.6708596679895845,-0.2845827559514827
BOMAustralia__407239,-0.3839479003648709,-0.1506915527408737
BOMAustralia__407253,0.3633593378607005,0.264039892510411
BOMAustralia__407285,-0.31757995605638906,-0.8555821885796995
BOMAustralia__407290,0.07921976522965596,-0.23747048014213282
BOMAustralia__407301,0.267568341730754,-0.5586503863864182
BOMAustralia__407314,-0.2204147693748677,-0.3465898369201277
BOMAustralia__407735,-0.09884022257879581,-6.171018630970126
BOMAustralia__409048,-0.199536651471039,-0.1263490681632835
BOMAustralia__409056,-0.2470548157807851,-0.058703324655210706
BOMAustralia__409061,0.2866409326989579,0.5067695421035588
BOMAustralia__41000209,0.38754242867619887,0.18069478960514007
BOMAustralia__410016,0.7752318463812682,1.633974081421476
BOMAustralia__41001701,-0.20965743681930626,-0.26588152530733766
BOMAustralia__410050,-0.026974879329468404,-0.04090709848643648
BOMAustralia__410061,-0.05895950070826372,-0.10103629940539494
BOMAustralia__410090,0.3613355881503195,0.08168766135488748
BOMAustralia__410091,-0.1582418049723721,-0.15175221825581042
BOMAustralia__410106,-0.02013825102324379,0.015031803451888592
BOMAustralia__410137,-0.07521984440019103,-0.07188582701830781
BOMAustralia__410169,0.5074081778291072,0.058105451124156396
BOMAustralia__410170,-0.08366211415690672,1.2840950818678212
BOMAustralia__410183,-0.17263613005351364,-0.12865122168324317
BOMAustralia__410186,0.027628874926504787,0.043505756585971
BOMAustralia__410514,0.003518195558654569,-0.05705351343120402
BOMAustralia__410729,0.07413500216014324,0.03017441659923281
BOMAustralia__410733,-0.07611809895057375,-0.08488800418838982
BOMAustralia__410734,-0.052056842290467475,-0.18422436199956038
BOMAustralia__410779,0.10817508836674289,-0.1894178040393218
BOMAustralia__412016,0.1772533598764734,0.19460370938187727
BOMAustralia__412065,-0.04630928261648315,0.023123153457009327
BOMAustralia__412080,-0.3149730832751727,0.08045612336201152
BOMAustralia__412163,-0.2347774624785376,-0.29860544755401863
BOMAustralia__412187,-0.21847222780051262,-0.08248677456936951
BOMAustralia__415202,0.07969397685137258,0.285146022874397
BOMAustralia__415207,-0.8741640729542932,-0.884047297834921
BOMAustralia__415241,1.4756372613111033,-5.512373048965644
BOMAustralia__415244,0.16956377531985273,-0.3009834456125085
BOMAustralia__415245,-0.6896271060790555,-0.9946259626584344
BOMAustralia__415259,2.4474055522681653,1.1620380173508562
BOMAustralia__415273,-2.6716495024029294,-2.0208143611627873
BOMAustralia__416010,-0.07767194375650999,-0.0850519994758342
BOMAustralia__416011,0.29194851277028505,0.039925056311037876
BOMAustralia__416023,-0.23952807867574083,-0.07899829100233025
BOMAustralia__416027,0.2956700902741806,0.2175857497045301
BOMAustralia__416040,-0.22472609469073632,-0.10851888058308262
BOMAustralia__416202A,-0.3381314130153541,-0.3174233784393146
BOMAustralia__416204A,0.843126242810041,0.49506063420619145
BOMAustralia__416205A,-0.340501856333291,-0.31555259499840344
BOMAustralia__417205A,0.5026226064209238,0.12147476357855261
BOMAustralia__418002,-0.1343364947191184,-0.0889497681684269
BOMAustralia__418015,-0.150893555030102,-0.051518127076000286
BOMAustralia__418027,-0.028247311316159596,0.1714819530481387
BOMAustralia__418060,0.1124429835447771,0.130162195750667
BOMAustralia__418086,-0.6474695001288163,-0.484688397154834
BOMAustralia__418089,1.1384351060638187,0.4283954260313494
BOMAustralia__419007,0.1337710067694194,0.061328849890013915
BOMAustralia__419010,0.09049080208891169,-0.038159960211145094
BOMAustralia__419029,0.19122212637228847,0.24709415167417653
BOMAustralia__419084,-0.1620430815938239,0.1463444469178409
BOMAustralia__419097,-0.035374586241262884,-0.2682375697983703
BOMAustralia__419098,0.07365924484172826,-0.27469049176605975
BOMAustralia__420004,0.27033028316511004,0.2357779872681614
BOMAustralia__421055,-0.42290007143963626,-0.9020276907092861
BOMAustralia__421149,-0.3408390310593482,-0.6209382278543993
BOMAustralia__421153,0.3010435481857613,0.5030167093422113
BOMAustralia__421166,1.4978977820049828,1.5266875332894234
BOMAustralia__421197,-0.05283489674708092,0.057942183723279694
BOMAustralia__422013,0.0919336439634253,-0.02382550936668859
BOMAustralia__422202B,0.2598233463311355,0.2603814597673682
BOMAustralia__422210A,0.3825500661495573,-0.8769552167688983
BOMAustralia__422306A,-0.05250524821153757,0.14512139370381005
BOMAustralia__422355A,-0.032551168190870006,-0.03312489927252549
BOMAustralia__422360A,-0.16254343790559173,-0.1401025355329104
BOMAustralia__423204A,4.687233066685649,4.715901241608508
BOMAustralia__425018,-0.1307550401119521,-0.1290060511564468
BOMAustralia__425019,-0.5969385054845469,0.3602137052121337
BOMAustralia__601005,-8.666153077514288,-2.837151572545187
BOMAustralia__603023,0.05015377326015602,0.04711760885807503
BOMAustralia__606002,-1.1413263249903536,-0.3473351881653248
BOMAustralia__606195,-0.09934860299057813,-0.1766546912869723
BOMAustralia__607002,-0.2826321570942582,-0.05326302426131391
BOMAustralia__607003,0.4628591346990702,0.501895930825182
BOMAustralia__607013,-0.2770770012381619,-0.1475513284552672
BOMAustralia__607027,-0.24210471204440448,-0.7071956836499446
BOMAustralia__607028,-0.5613966899612118,-0.6191810775075403
BOMAustralia__607220,0.16167333063805644,0.016966846026563287
BOMAustralia__608002,-0.27371224427742835,0.04902663556605347
BOMAustralia__609021,6.863605662188999,6.229077344008658
BOMAustralia__610000,0.06005598561001099,0.2330590848247245
BOMAustralia__610015,0.0003223152186383471,0.03527614538070023
BOMAustralia__612002,-1.346047923067732,0.23312974799386402
BOMAustralia__612034,0.11403212022356363,0.32861754978533303
BOMAustralia__612038,1.371864676121412,1.8189012239446174
BOMAustralia__612059,-0.220309291052747,-0.3142397622629361
BOMAustralia__612230,0.1851632508312021,0.21288278193519372
BOMAustralia__613020,-0.941324634413733,-0.5552522563468304
BOMAustralia__613023,-0.7558332995091164,-0.45648429289900533
BOMAustralia__614016,0.13568331421057844,0.1148979787884804
BOMAustralia__614047,0.15569553420208715,0.24069215415785838
BOMAustralia__614059,1.6301180634755759,1.1321833537625663
BOMAustralia__614123,-0.10187057905499883,-0.01284035008992332
BOMAustralia__614125,-0.28606913649526483,-0.1275976553230237
BOMAustralia__616005,0.27761159926981627,0.27257940610303066
BOMAustralia__616084,0.8189018504545647,0.8251703344937495
BOMAustralia__701004,0.014388904124425617,-0.060324071225086484
BOMAustralia__701008,16.906335581475076,27.08692262553212
BOMAustralia__701009,1.3137083736692308,4.4510886641281155
BOMAustralia__704004,0.9055999601472596,1.2521752717174675
BOMAustralia__708011,-0.0934721226889408,-0.45563085767657685
BOMAustralia__709006,0.5504842379684315,-0.3445041120467508
BOMAustralia__808001,0.011789271119847788,0.10860700395139358
BOMAustralia__8091114,-3.4491225745026846,0.4270094006302334
BOMAustralia__809322,0.029470958389035906,-0.06913779297098432
BOMAustralia__809340,0.06292400253079677,-0.02019500470039548
BOMAustralia__915203B,8.72725090764574,-6.213132739511661
BOMAustralia__915208A,-1.5760407274721826,-0.3608535208437491
BOMAustralia__917104A,-0.09146792445153551,-0.16600219664170263
BOMAustralia__919004A,0.055818970880419094,-0.0985918023922584
BOMAustralia__919007A,0.2860105165446677,0.0749640633117164
BOMAustralia__919203A,0.022266834137748825,-0.1731922909147012
BOMAustralia__923001A,-0.23631402649075472,-0.21336898312060254
BOMAustralia__925003A,0.1152963137711851,-0.06394970399724009
BOMAustralia__A2390506,0.17032627116660282,0.010904160931249324
BOMAustralia__A2390527,-0.6760157115655157,-0.7679822089984976
BOMAustralia__A2391007,-0.5086930583668638,-0.7254986352364194
BOMAustralia__A4261014,0.9214807876372588,1.011473782810971
BOMAustralia__A4261091,0.005225700414077189,0.3777376195840141
BOMAustralia__A5011006,0.017628990907420983,0.1927275245771743
BOMAustralia__A5011029.1,2.124288066725944,1.8987309701515478
BOMAustralia__A5030506.1,0.1289946946223057,-0.1684980130950081
BOMAustralia__A5040523.1,-0.0819227386581175,-0.268096294331239
BOMAustralia__A5041009.1,-0.0699380448380299,-0.6172095094993235
BOMAustralia__A5041021.1,-0.36115237386581023,0.06862678096210467
BOMAustralia__A5070500,-1.1244639426305065,0.66650593597755
BOMAustralia__DD505501.1,0.3306379528655804,0.057490218628989405
BOMAustralia__DD505503.1,0.0376180870132021,0.0464675572156201
BOMAustralia__G0060046,-0.2779153218989679,-0.2658817069171757
BOMAustralia__G0060126,-0.2326483032948594,-0.2275790432764257
BOMAustralia__G0290002,-2.6922733264531216,-1.263590932812046
BOMAustralia__G8100210,-0.2002090205629613,-0.43932658326258756
BOMAustralia__G8110016,0.011360684202235405,0.0285910971692028
BOMAustralia__G8140001,0.06328092979923194,0.11312625117782105
BOMAustralia__G8140063,0.21927124934032904,0.16687731708770703
BOMAustralia__G8140161,0.12444841451268207,0.15295785294943676
BOMAustralia__G8140205,-0.016961695900811202,-0.041023717424686135
BOMAustralia__G8140219,-0.2910435023512562,-0.0823088600759051
BOMAustralia__G8140325,-0.04606850349999103,0.004745025171490447
BOMAustralia__G8150018,-0.5884776655781749,-0.8096868335537467
BOMAustralia__G8170005,0.34086076433581675,0.37343148158931233
BOMAustralia__G8170006,-0.3455140330794322,-0.3120341700144746
BOMAustralia__G8170008,0.016606023038108375,0.23629730453073805
BOMAustralia__G8180026,0.11833743101730809,0.07489000088513087
BOMAustralia__G8180069,-0.07721956232996674,-0.1620643866163043
BOMAustralia__G8190072,0.3004904162713462,0.2669262334747457
BOMAustralia__G9070132,-0.015438197944837473,-0.20441793601654723
BOMAustralia__G9070142,0.1922044862462884,0.022051262220117197
BOMAustralia__ME650,-4.291626280572994,-3.4313879564762844
CAMELSH__01017550,-0.08780375535373641,-0.07696530717566819
CAMELSH__01018009,-0.02555915614910198,-0.01661059633647133
CAMELSH__01019000,-0.1439845374897743,-0.10080069462045538
CAMELSH__01021200,0.008082056732607423,0.025113055564157216
CAMELSH__01021480,-0.3007210677272809,-0.3073009277438592
CAMELSH__01021500,0.13778650594073105,0.06376272952128781
CAMELSH__01031510,-0.012914304928172582,0.03622328044470913
CAMELSH__01033000,-0.06694245768196083,-0.09529835599776915
CAMELSH__01054000,0.022017464701272305,0.04309630385887764
CAMELSH__01054200,0.07171560724412529,-0.021143327288285607
CAMELSH__01060000,-0.005158348390064238,-0.13576769385215692
CAMELSH__01064801,0.06501795520731468,0.042787584938651424
CAMELSH__01065500,-0.1405038924752936,-0.12900961439317127
CAMELSH__01066000,0.11483852675990669,0.11081210831544075
CAMELSH__01073319,-0.007111474309704047,0.08037309341772514
CAMELSH__01073587,0.04350374460050044,0.04327913881108314
CAMELSH__01075000,-0.025381668639015476,-0.04522706762456641
CAMELSH__01081000,-0.036388934520705796,0.027431136326579786
CAMELSH__01089100,-0.044655426218017324,-0.03283380550458215
CAMELSH__01092000,0.0811742630192418,0.04363229959371118
CAMELSH__01096000,0.04531963296450614,0.019442506106928104
CAMELSH__01097300,-0.10636760415497892,-0.007983091336623338
CAMELSH__01100627,-0.08201003691957187,0.01681072009692952
CAMELSH__01104200,-0.04854657609406399,-0.07299072853880595
CAMELSH__01104430,-0.1765443585642077,0.1448739763819576
CAMELSH__01105000,-0.020318012849762535,-0.12170502223687474
CAMELSH__011055566,-0.15013971686914196,-0.20399609704186894
CAMELSH__01108000,-0.07111527119210637,0.003557206659531853
CAMELSH__01108320,-0.01480291902665587,-0.058630724217451524
CAMELSH__01108410,-0.00014511863644239842,-0.07496154904845564
CAMELSH__01109090,-0.18288653428124935,0.06823072445017997
CAMELSH__01110000,0.010627530424516474,0.01277965167664541
CAMELSH__01114500,-0.007157829692641893,-0.07319607123940153
CAMELSH__01117370,0.029415773927672473,0.01660723600912628
CAMELSH__01118500,-0.13971431911790388,-0.08493164921426699
CAMELSH__01127000,0.035743288325129186,0.03890815736385922
CAMELSH__01129200,-0.008916031204027508,-0.12918468411850736
CAMELSH__01142500,0.02414663767181613,-0.022197098865679554
CAMELSH__01150900,0.03265501849885266,-0.009139352384511468
CAMELSH__01152500,0.04385927684957436,0.030483275945696442
CAMELSH__01158000,-0.08055321741466298,-0.006316676555898737
CAMELSH__01162500,0.03919560344881623,0.05449888194146557
CAMELSH__01163200,0.05355961558106637,0.03793870346310513
CAMELSH__01169000,-0.05990481753211596,-0.019429745656119435
CAMELSH__01170100,-0.10860583562001536,0.018697949608489584
CAMELSH__01171500,0.060874019062531426,0.05103127644926431
CAMELSH__01173000,-0.031579473581462514,0.026732249835124677
CAMELSH__01175670,-0.14945895878626947,-0.1626443647083332
CAMELSH__01177000,0.0704817134755723,0.018613799145430376
CAMELSH__01179500,-0.02195219409156024,0.004112580258921028
CAMELSH__01183500,-0.038268274950474135,-0.029895824342857757
CAMELSH__01186000,0.06368597194249215,0.016526707175873123
CAMELSH__01188000,0.05806923111281792,0.03609716682394559
CAMELSH__01194000,0.06834400943478691,0.07195887315401284
CAMELSH__01194500,-0.1638531096848419,-0.16988092359534557
CAMELSH__01197500,-0.04247991789479155,-0.027301925013184625
CAMELSH__01198125,-0.07054264083191197,-0.022138158918669992
CAMELSH__01203805,0.05888481699023973,0.11392524437228779
CAMELSH__01208950,-0.08140225735890388,-0.059411422517643586
CAMELSH__01208990,-0.10958193957691842,-0.00036079873924632633
CAMELSH__01301500,0.1657334503802832,-0.1242243007088199
CAMELSH__01302020,-0.12879385331448956,0.03904426247304571
CAMELSH__01325000,0.10557074886235152,0.17257719000902239
CAMELSH__01327750,-0.028607120260781937,0.028756273945118815
CAMELSH__01329490,-0.05137441725929237,-0.01428464875517843
CAMELSH__01332500,-0.13146590463515484,-0.05630738955751691
CAMELSH__01343060,0.0596561815454677,0.006361988535939611
CAMELSH__01346000,-0.014221413503956781,0.034199140557659824
CAMELSH__01349150,0.007028028186623514,0.0369982090028087
CAMELSH__01350000,0.10951441814340734,0.17390178865766526
CAMELSH__01350355,0.10174509019096378,0.14249886426238678
CAMELSH__01357500,-0.07770851122145017,0.019217717751702335
CAMELSH__013621955,-0.048487898855868794,-0.019009556265197625
CAMELSH__01362200,0.04062533171900573,0.06088711105963496
CAMELSH__01362370,-0.0505655644749895,0.00041669711414682453
CAMELSH__01364500,-0.019157198779629292,-0.14234633510917294
CAMELSH__01374701,0.12449940751140809,0.09628300246090227
CAMELSH__01374941,-0.06291474726380303,0.10691197378700273
CAMELSH__01375000,-0.04161308965619437,0.0006999758449557358
CAMELSH__01376800,-0.004081364634827667,-0.13196886232101535
CAMELSH__01378500,0.315093646548218,0.3874101995806512
CAMELSH__01381500,-0.04298755686493683,-0.13229447460919574
CAMELSH__01387500,0.001581030329230515,0.09043527384268302
CAMELSH__01389890,0.049437484174404855,0.03708578422241282
CAMELSH__01390450,-0.09562405814881925,-0.11046901258852104
CAMELSH__01390500,-0.03012875234761081,-0.039071902350022225
CAMELSH__01396500,-0.01430638256346728,0.00701636837947428
CAMELSH__01400000,-0.04962770042732756,-0.016415633510769023
CAMELSH__01406050,0.07144117553393392,0.017713429331406072
CAMELSH__01409280,-0.1215697981828543,-0.290521493530423
CAMELSH__01413408,0.1191207556626327,0.1425330468464262
CAMELSH__01419500,-0.014127506210764196,-0.06597524812924471
CAMELSH__01420500,-0.17519994645466586,-0.136396072869164
CAMELSH__01421900,0.01471983202768612,0.10644310114609257
CAMELSH__0142400103,0.09340921995618923,0.05812182574303082
CAMELSH__01425000,-0.03592871211469484,-0.1049505204525249
CAMELSH__01427510,-0.13488814944256344,-0.040078694516240576
CAMELSH__01434021,0.06778493670751873,0.09530902824953391
CAMELSH__01440485,-0.05892353184713406,-0.048449746475521804
CAMELSH__01441495,-0.11251596389497509,-0.03186393639462526
CAMELSH__01445000,0.06768050616941212,0.08718671586026094
CAMELSH__01451000,-0.07733317725405409,-0.041555938178270746
CAMELSH__01451500,0.15705165165690904,0.03334731301776672
CAMELSH__01451650,-0.11125099345422673,-0.0334543365820672
CAMELSH__01465880,-0.2936655817764947,-0.284740187108945
CAMELSH__01469700,0.2516215046440218,0.12523713956276517
CAMELSH__01470779,-0.6448404912088416,-0.7196575599353541
CAMELSH__01475850,0.06091328136535612,0.09000476123510315
CAMELSH__01480685,-0.038303769382350694,-0.1384605073122503
CAMELSH__01483700,-0.1349779362312188,-0.0722240433712833
CAMELSH__01486500,0.013124143092911822,0.021853175168154382
CAMELSH__01488500,-0.1866218222321801,-0.0711845954907
CAMELSH__01493000,-0.20081500713299005,-0.30880514129364534
CAMELSH__01493500,-0.014459524761551212,-0.033442089909804906
CAMELSH__01496200,0.5626431831297372,0.7601678427553642
CAMELSH__01507000,0.07057170039380889,0.05848037552498431
CAMELSH__01509000,-0.03053185801702807,0.006322639817238795
CAMELSH__01510000,0.10874540072286121,-0.014662805419996539
CAMELSH__01518000,-0.03487454095113518,-0.038284438266715015
CAMELSH__01518700,0.006806288620167966,-0.027245837592942412
CAMELSH__01529950,0.02191444658199415,0.022809639238991264
CAMELSH__01534860,0.07410090850590634,0.09075546262595702
CAMELSH__01541500,-0.12589837220885203,-0.04699015956669905
CAMELSH__01542500,0.016887751564566233,0.008462718348636877
CAMELSH__01545000,-0.050993106231649765,-0.06048087646667144
CAMELSH__01546400,-0.03121388202831199,-0.02821967326914221
CAMELSH__01550000,-0.004296789042020355,-0.02097296593913156
CAMELSH__01556000,-0.01838193419028933,-0.048660385728501065
CAMELSH__01563500,0.012058432605282943,-0.030259952940026147
CAMELSH__01568500,0.1857876252256904,-0.0328526967317005
CAMELSH__01572190,0.01799318627025348,0.05747487551423758
CAMELSH__01572950,-0.009729161236829154,-0.026845628988185488
CAMELSH__01573560,-0.013158845176681533,0.0037287839648286747
CAMELSH__01573825,-0.2936078942407103,-0.28194161939201623
CAMELSH__01589197,-0.050733388590846196,-0.038631987787893396
CAMELSH__01589305,-0.1301109692990423,-0.09311690908074582
CAMELSH__01594930,0.012311417302229621,-0.07767892458905479
CAMELSH__01594950,0.04063265124290005,0.034981741661633925
CAMELSH__01595500,0.009427538945137703,-0.0034418626325348756
CAMELSH__01598500,-0.02729606966370768,-0.05503090209715211
CAMELSH__01599000,-0.008142529401891752,0.01285661568913632
CAMELSH__01601500,-0.046932483258875224,-0.04901995335314868
CAMELSH__01605500,-0.0097878866957722,0.0008510219805030993
CAMELSH__01608000,0.0961201775097662,0.17140181169178292
CAMELSH__01610155,0.08849620562931815,0.04597983246131565
CAMELSH__01613525,-0.3203662572177001,-0.40448177070308083
CAMELSH__01614000,-0.2886445483439566,-0.4128223335715671
CAMELSH__01614830,0.9758415085205969,1.1834247264045739
CAMELSH__01621050,-0.02500167318527821,-0.026553277523580512
CAMELSH__01636242,-0.411023381112132,-0.4778628784349204
CAMELSH__01637500,-0.3526636382786695,-0.32849642964602876
CAMELSH__01639500,-0.16126396567282125,-0.11802186701782907
CAMELSH__01642190,-0.29004654763150095,-0.2289917744888995
CAMELSH__01643500,0.15888817618034579,0.19594978845855782
CAMELSH__01643805,-0.2388646820641822,-0.20309861650010608
CAMELSH__01643880,0.17758353546643046,0.060469743036753676
CAMELSH__01645704,-0.06712334044850243,0.004542716519900902
CAMELSH__01649190,-0.10184431253455173,-0.007267851394173408
CAMELSH__01652500,-0.08409762592705256,-0.023580740554491164
CAMELSH__01653600,-0.1881462695527954,-0.2343144991955265
CAMELSH__01658000,-0.1425128932588582,-0.11800504261789468
CAMELSH__01659000,0.02684878210103414,0.02153204818672433
CAMELSH__01660920,0.0844847469478529,0.0866624314710811
CAMELSH__01661050,-0.2756425959018104,-0.26519160827225313
CAMELSH__01665000,-0.6730884011937799,-0.9144884965218996
CAMELSH__01665500,-0.08804048112894902,0.007680563774432825
CAMELSH__01666500,-0.1555902352249391,-0.1707517391227803
CAMELSH__01671025,-0.10053967970390154,0.03543353557566653
CAMELSH__02011470,0.0788222137829746,0.12066453118740061
CAMELSH__02013100,-0.0559839922093619,-0.04816898038331541
CAMELSH__02014000,-0.020866930404261463,0.007863996587915811
CAMELSH__02016000,-0.03957503763494585,-0.035273161551658494
CAMELSH__02016500,-0.034935941027008255,-0.06237823013200583
CAMELSH__02020500,0.007772220995483359,0.016316041030799422
CAMELSH__02022500,0.10192947160630628,0.08468123431742902
CAMELSH__02024915,0.20731710512057488,0.2386410201947603
CAMELSH__02026000,-0.02893916699825272,-0.02371343394332892
CAMELSH__02027500,-0.0808727230280557,0.0017323748164425057
CAMELSH__02036500,0.13071407841918314,0.23846472119717743
CAMELSH__02038850,0.09963605108620421,-0.06090612024417558
CAMELSH__02042500,-0.035519515317391614,-0.06566614818701999
CAMELSH__02051500,0.034876255325445804,0.06559911563670295
CAMELSH__02052500,-0.144228140007647,-0.161819172344657
CAMELSH__02053800,0.03197903012309,0.030966059955373937
CAMELSH__02054500,0.08875644727057641,0.09600424082794257
CAMELSH__02054530,0.07274178001055354,0.11984229082721243
CAMELSH__02075045,-0.01744512166529255,0.0157129531530954
CAMELSH__02075500,0.08032887907882225,0.08562027636841218
CAMELSH__02077200,-0.002054164891255761,0.04303531285562645
CAMELSH__02084160,0.2916311263732118,0.2115607848532614
CAMELSH__02084557,0.08796907085420003,0.1104554619997733
CAMELSH__02091700,-0.611200536210402,-0.3734935520615634
CAMELSH__0209553650,-0.005538406624904457,-0.007186956991364846
CAMELSH__02102908,0.21086860062899426,0.08002211780866275
CAMELSH__02112000,-0.008607313543359307,-0.05067242711947606
CAMELSH__0214657975,-0.050369609059906784,0.02317598129190601
CAMELSH__02153200,-0.06958192003103969,-0.032446727667979514
CAMELSH__02157470,-0.05532948835310658,-0.0033176372717855784
CAMELSH__02162350,0.026157280869680832,-0.07520834970106016
CAMELSH__02174250,0.022813969059542694,-0.19514033738871017
CAMELSH__02193340,-0.08268406027790365,-0.06933608327745233
CAMELSH__02196000,-0.008255546630042243,-0.08055002462776956
CAMELSH__02207220,0.07854216784022683,0.07318716062560204
CAMELSH__02208150,-0.1609303177666218,-0.16069205290626232
CAMELSH__02217297,-0.20129336464165415,-0.11991513670417298
CAMELSH__02218565,-0.22855756166298247,-0.2361604214928955
CAMELSH__02228500,-0.3478852138921057,0.09493842650890505
CAMELSH__02232400,0.09885094009414241,0.09110610939182551
CAMELSH__02236500,2.1402983242017912,1.7933178122897901
CAMELSH__02245260,-0.10177545182726266,-0.1048753453670297
CAMELSH__02246000,-0.028030332611207243,-0.059888216432145036
CAMELSH__02247222,0.004434313348601501,0.0631603735832139
CAMELSH__02268390,0.08911218806207577,-0.038673444956134895
CAMELSH__02291580,0.7966826833681794,0.9509592214515104
CAMELSH__022929176,-0.33863876999370546,-0.38777792554610696
CAMELSH__02294330,0.9546826022684674,0.6922408203904346
CAMELSH__02294491,-0.001059552355614224,-0.03221035451158544
CAMELSH__02295013,-0.08200784771832126,-0.2507453276315903
CAMELSH__02298554,0.1882807655403389,0.12995683398071356
CAMELSH__02298880,-0.03672704695219542,-0.05394236555727605
CAMELSH__02300042,-0.207653561019425,-0.1964890357049025
CAMELSH__02303350,-0.3500392966333092,-0.3338461946094949
CAMELSH__02303400,-0.08536062321079929,-0.07485552126136241
CAMELSH__02303420,0.09457752913584794,0.11803208379998409
CAMELSH__02304510,-0.7882658445656975,-0.8838922956951162
CAMELSH__02306774,0.04859255848544208,-0.014148857116948133
CAMELSH__02315000,-0.2627025622616684,0.07113307122585655
CAMELSH__02315550,0.008086752163465882,0.03710981122446777
CAMELSH__02321000,0.14681596083969128,0.08934188375121599
CAMELSH__02327100,0.053633223555155984,-0.01970166017886632
CAMELSH__02331000,-0.043407929295786185,-0.11902544677169657
CAMELSH__02334620,-0.19431048245861748,-0.24091031169689942
CAMELSH__02365470,-0.0028233472667490433,0.01188397099547478
CAMELSH__02369800,-0.15588657273833528,-0.11244326047209707
CAMELSH__02370000,0.05918900918623804,0.03962580469700283
CAMELSH__02373000,-0.10865851407499594,-0.10840973881145699
CAMELSH__02380500,-0.1134501342692249,-0.03778026419635694
CAMELSH__02382200,0.2370178676073929,0.19626792759019224
CAMELSH__02385800,0.02803310220194033,0.041762175807966484
CAMELSH__02387000,-0.022250793843959338,-0.03581990377260347
CAMELSH__02388500,-0.03992624100239317,0.007680629213429269
CAMELSH__02390000,0.07832317930876498,-0.008735768247803755
CAMELSH__02392360,0.02581342940405018,-0.016855894044758846
CAMELSH__02392950,0.014487070884520503,0.03933921183658562
CAMELSH__02393419,-0.271451953435786,-0.2729909149188743
CAMELSH__02398000,-0.0026237042977605984,-0.0013801581001252616
CAMELSH__02398300,-0.03496458685190784,-0.05101063409348039
CAMELSH__02405500,0.026269511040563853,0.014541352960260157
CAMELSH__02419000,-0.17089392296437966,0.0079607808236275
CAMELSH__02421000,-0.18585381485239982,-0.017535188659968393
CAMELSH__02423400,0.08474821489148376,0.08071212668952876
CAMELSH__02423630,0.04722317959688671,0.10977788416898904
CAMELSH__02430085,-0.08534953748674812,-0.02368578034991531
CAMELSH__02437100,0.09927749493512694,0.08669722741148733
CAMELSH__02448900,0.02261421699006716,-0.010431370560769704
CAMELSH__02450180,-0.08635044746962461,-0.06437930283416304
CAMELSH__02450250,-0.15953145724665818,-0.17696583859137838
CAMELSH__02450825,-0.1416724085471297,-0.13609308233441775
CAMELSH__02455000,0.09266716362938587,0.07934349967218912
CAMELSH__02456500,-0.04078354049254218,-0.014571221450133454
CAMELSH__02458300,0.09085909782544926,0.09381380895778929
CAMELSH__02458450,0.11307425898803047,0.0924974157198597
CAMELSH__02469800,-0.14114884347809364,-0.0979400232671741
CAMELSH__02471001,-0.047232966244056485,-0.03997837735774301
CAMELSH__02476500,-0.15729014463421653,-0.10899530166672244
CAMELSH__02479500,-0.005822688696682121,0.01863829959233343
CAMELSH__03020000,-0.01733049887370952,-0.03391750601955801
CAMELSH__03027500,-0.022309176230813105,0.04753472965481581
CAMELSH__03029500,0.002144134681273502,0.016263359888856077
CAMELSH__03032500,0.1342646432964153,0.11052502871125403
CAMELSH__03038000,0.09949059934848536,0.017346772137407318
CAMELSH__03042280,0.07699255239917335,0.07876485074086836
CAMELSH__03042500,0.06026702631299008,0.04728138508600488
CAMELSH__03049000,0.042394225328108215,0.035049851640230445
CAMELSH__03053500,-0.005218026125178854,0.008585411430549805
CAMELSH__03058000,0.01941105159803025,0.07951115304027767
CAMELSH__03061500,0.025697916511536634,0.04864736955089133
CAMELSH__03074500,-0.007708105390845321,-0.0074262433161988994
CAMELSH__03077500,0.059657031844414066,0.05535404932790322
CAMELSH__03080000,-0.038354357220963586,-0.05785170619952151
CAMELSH__03081500,0.015521583043410447,0.003959908746151819
CAMELSH__03092090,0.02636822238444947,-0.021683386255304193
CAMELSH__03097550,0.012360119180595208,0.014528493412072963
CAMELSH__03103500,0.05954218920988252,0.033163729875288595
CAMELSH__03105500,0.050692444496879485,0.045358092835226405
CAMELSH__03106000,0.06364211322255997,0.09181644333947647
CAMELSH__03106300,-0.0813722303605412,-0.05470313317186304
CAMELSH__03107500,-0.00807833991154494,-0.03147649814291853
CAMELSH__03108000,0.01079212274245045,-0.002723067199083995
CAMELSH__03110830,0.16911123506341008,0.1134524769746118
CAMELSH__03115973,-0.08139904323788416,0.034288867925776345
CAMELSH__03120500,-0.014639747498210731,0.002867324014524497
CAMELSH__03136500,0.13401054799238576,0.08446202666069969
CAMELSH__03146500,-0.04789118567328954,-0.12276544979524007
CAMELSH__03155000,0.02574859280299735,0.03492423236339359
CAMELSH__03176500,0.023151066275349796,0.014719154206080387
CAMELSH__03177710,-0.1440440530707907,-0.12511547177943416
CAMELSH__03182500,0.038365161708963424,0.09637697479875396
CAMELSH__03184000,0.06631141003167818,0.11184499260505054
CAMELSH__03187500,-0.0019519669065145573,-0.004164042744682739
CAMELSH__03201902,-0.05556594045782037,-0.13966453926529876
CAMELSH__03204500,0.013296890819440299,0.020350446932346666
CAMELSH__03205470,0.04723111460470664,-0.01661605897088092
CAMELSH__03208500,0.0817053306673372,0.04793115440249651
CAMELSH__03209000,-0.06882130025513422,-0.03730869737131681
CAMELSH__03209500,0.05054301601829847,-0.10491680818928223
CAMELSH__03212980,0.12015563264655549,0.06588250672899998
CAMELSH__03216350,0.137912397351937,0.5253605982999183
CAMELSH__03220000,-0.08100186616171823,-0.08440463788521246
CAMELSH__03223000,0.00623656692798491,0.030453075795262796
CAMELSH__03227500,0.040758409811234575,0.036049790528586034
CAMELSH__03229500,0.014704341634262263,-0.030262779895465663
CAMELSH__03237255,-0.01992746844941462,-0.017676673499779028
CAMELSH__03247500,-0.023978084158208346,0.0018706071045113681
CAMELSH__03248300,0.0010983245374769357,0.038485480617655776
CAMELSH__03249505,0.0898548558617992,0.0002718750858956981
CAMELSH__03250100,-0.13408835618438508,-0.08020026408618108
CAMELSH__03262700,0.0794433881708344,0.10743954858289773
CAMELSH__03271500,0.16006346089171442,0.13136176902491992
CAMELSH__03274000,0.028654034348093105,0.03284939597409364
CAMELSH__03275000,0.06252682775035723,0.0701006791121721
CAMELSH__03275500,0.08203505417122858,0.07771678656300296
CAMELSH__03281500,-0.031455830524326434,-0.1003780045484155
CAMELSH__03292460,-0.053372441249566194,-0.057961327948066466
CAMELSH__03294000,-0.13705394176847074,-0.07264425584649081
CAMELSH__03310400,-0.048674570389729,0.1519044178098152
CAMELSH__03313000,0.025089546158609005,0.18810807706587301
CAMELSH__03319000,-0.054981934990546266,-0.08643586497737821
CAMELSH__03323000,-0.025066585164425392,0.015113313423594454
CAMELSH__03325500,0.08376263546420137,0.08272081797181396
CAMELSH__03329700,-0.0637831588609622,-0.05002772598383198
CAMELSH__03333450,-0.10402943496997763,-0.09256625320793677
CAMELSH__03339280,0.04918298317123149,0.08520074078362372
CAMELSH__03341300,-0.17017699041670653,-0.24660278227330612
CAMELSH__03343400,-0.029351509369124673,-0.06392115262876019
CAMELSH__03346000,-0.2412646014903297,-0.18802808232544455
CAMELSH__03348000,0.11975998063867521,0.14266945456450342
CAMELSH__03349510,-0.0583937193144517,-0.01707511844601206
CAMELSH__03351400,-0.06466184509105877,-0.030318816145896488
CAMELSH__03353500,-0.0130289643255882,0.042931261730513426
CAMELSH__03353800,0.036758376482894595,0.05915318689683713
CAMELSH__03362500,-0.01175217628690195,0.013741982424749666
CAMELSH__03363900,-0.08317108283369723,-0.10970022467212337
CAMELSH__03366200,-0.020032924496099835,-0.02436646977335455
CAMELSH__03369000,0.038996550389677115,0.059960053317132
CAMELSH__03371500,0.01285829868094912,0.010213476714999059
CAMELSH__03403500,-0.08052532502153908,-0.03125828144850895
CAMELSH__03407908,0.004377037367992664,0.0377786484058269
CAMELSH__03410500,0.010424591694138452,0.025865699939544018
CAMELSH__03415000,-0.07368988036597224,-0.038995145039985024
CAMELSH__03418000,-0.09511539599787133,0.043036829444175084
CAMELSH__03424730,-0.037989570726987054,0.05431197064966331
CAMELSH__03426470,-0.14174331583927197,0.029171956092933826
CAMELSH__03431599,-0.09048315013926611,-0.023834668039608653
CAMELSH__03432100,-0.07735092316920045,-0.034779353387037304
CAMELSH__03440000,0.02206135665029052,0.003953700110789327
CAMELSH__03443000,-0.043141926763520244,-0.05402668030571822
CAMELSH__03446000,0.09614673625614623,0.025590943204203076
CAMELSH__03447687,0.020291599944329497,-0.0131772523809226
CAMELSH__0344894205,-0.2557351446232603,-0.10556007110099008
CAMELSH__03450000,0.08388432895005238,0.1658044058847672
CAMELSH__03451500,-0.050395754104747725,-0.0959964685465784
CAMELSH__03455000,0.012343915396686445,-0.014461425411409379
CAMELSH__0345577330,-0.0806430394452673,-0.14814772360980077
CAMELSH__03456991,0.020670679597803887,-0.03281138464716604
CAMELSH__03461500,0.1902366538406881,0.17641230809516872
CAMELSH__03466228,-0.004783347493885648,-0.024848746300872082
CAMELSH__03467000,-0.2394836501033028,-0.08845917822997906
CAMELSH__03473000,0.12996164889155648,0.10764920136867506
CAMELSH__03475000,-0.17647361800429173,-0.11283316434007828
CAMELSH__03479000,-0.07667192763316932,-0.09317520683487746
CAMELSH__03495500,0.06986019116548192,0.14478357860116214
CAMELSH__03497300,-0.040985263836299635,-0.10914683535831382
CAMELSH__03513000,-0.05356266723035075,-0.043257760981625815
CAMELSH__03527000,-0.08942116775213993,-0.10995906496052055
CAMELSH__03544970,0.010038596823591983,-0.048294730453570356
CAMELSH__03563000,0.0031377402637489116,-0.014317001101632365
CAMELSH__03564500,0.026621498903276808,0.05294425387816798
CAMELSH__03565500,0.08087549391837867,0.005255857201001746
CAMELSH__03570835,0.035288757354851374,0.05328895343029638
CAMELSH__03575830,0.092773231096693,0.04050859656270123
CAMELSH__03586500,-0.07108027979534226,-0.0243658097667101
CAMELSH__03591800,0.7772505156464126,0.7608350502619476
CAMELSH__03592718,0.014560476805516531,-0.04231605884500089
CAMELSH__03597210,0.015020549822033935,0.1044247807820573
CAMELSH__03597860,-0.312974602854382,-0.1556707472053755
CAMELSH__04021520,-0.06454802923621128,-0.08997820375774435
CAMELSH__04032000,0.04854307598705976,-0.07790544634787877
CAMELSH__04036000,-0.1573448525980914,-0.12211702608413266
CAMELSH__04037500,-0.1674719373801805,-0.15044216141813627
CAMELSH__04043150,0.09437269621899047,0.12145572363652302
CAMELSH__04045500,-0.08490566446689296,-0.08728998343520122
CAMELSH__04057510,-0.04852969893576964,-0.17049669985960436
CAMELSH__04057800,0.018664432065900405,0.049292597127786664
CAMELSH__04061500,-0.2762351562922804,-0.3115025505402226
CAMELSH__04062500,0.026720778632086883,0.11411846883809829
CAMELSH__04063500,-0.024836123744968353,0.021743500897468016
CAMELSH__04064500,0.017599568567045254,-0.015365415407261773
CAMELSH__04065722,-0.07723103829480915,-0.18792552793896844
CAMELSH__04066003,-0.02917227909943032,-0.1711220264188561
CAMELSH__04066030,-0.052949770248144956,-0.16526838092928342
CAMELSH__04066500,-0.030410984565889754,-0.037746319828718344
CAMELSH__04071858,-0.00947529681671544,0.04485552115720581
CAMELSH__04073462,-0.004151586838364703,0.0708416506588862
CAMELSH__04074538,0.20111332768057677,0.13800412429125752
CAMELSH__04077400,0.06389164410521952,0.006814115495096695
CAMELSH__040871488,-0.10343801168212718,0.05623529415316264
CAMELSH__04087204,0.1622775977431422,0.15147709010041788
CAMELSH__04095380,-0.1530755403537004,-0.14599268537128401
CAMELSH__04100500,-0.029071909475486102,0.021901613224859395
CAMELSH__04102500,-0.0768340814315912,-0.1282684535376043
CAMELSH__04102776,-0.03812588900235392,0.11073425419525651
CAMELSH__04103010,-0.13090027229729073,-0.1851325243585915
CAMELSH__04103500,-0.022764828877772425,-0.08109647586055568
CAMELSH__04108800,-0.01901884231973383,0.02131860936053598
CAMELSH__04122200,-0.05413427255411585,-0.004564490695465828
CAMELSH__04124000,-0.019477254573309843,-0.11347933394707233
CAMELSH__04125460,-0.11203988737849291,-0.11790060911897138
CAMELSH__04126970,-0.5226583309545185,-0.36857933768538326
CAMELSH__04135700,0.4697413929774819,0.3062752735393655
CAMELSH__04153500,-0.36743869406518553,-0.409065440618693
CAMELSH__04155500,-0.08280024162656208,-0.003127740717186356
CAMELSH__04156000,-0.059915609389640134,-0.09524856509114465
CAMELSH__04160600,-0.12202296662241985,-0.06291925365444706
CAMELSH__04177720,0.07313638204720418,0.05610295875329885
CAMELSH__04178000,-0.006518737878726477,3.363798885414049e-05
CAMELSH__04180000,0.07800949706427451,0.09417683701898438
CAMELSH__04182950,-0.054268613865775195,-0.033234051415947485
CAMELSH__04199500,0.03427305747818887,0.049533611497261876
CAMELSH__04200500,0.02099333572599993,0.06085635864558503
CAMELSH__04206212,0.06067149009737577,0.08142662701083564
CAMELSH__04206220,-0.134907331488903,-0.12223582965825863
CAMELSH__04233000,0.08562078130450101,0.10685170117665632
CAMELSH__04273800,-0.10595998649696686,-0.04014579174832911
CAMELSH__04276842,0.0941335012892548,0.07313421519033347
CAMELSH__04282500,0.011320334989136871,-0.016012968108839787
CAMELSH__04286000,0.11879185518517876,0.12501202536827094
CAMELSH__04292810,-0.019446100498942243,-0.21625896285007357
CAMELSH__04296000,0.019645236543176403,0.004964995648929271
CAMELSH__05014500,0.008721082829730609,0.025183201508805708
CAMELSH__05050000,-0.028832884302820605,-0.06963641832848944
CAMELSH__05051300,0.12804386582438465,0.02765006149521998
CAMELSH__05055400,0.1936812568657608,0.2092986672430161
CAMELSH__05056000,0.2968605580241715,0.2259382058217898
CAMELSH__05060500,-0.0989180895818535,-0.0839079125471458
CAMELSH__05062500,-0.2464044520843196,-0.22348971940824036
CAMELSH__05101000,-0.07768183172715637,-0.20080766803930028
CAMELSH__05104500,-0.05276903613991479,-0.19376067429397903
CAMELSH__05127500,-0.10820098553053326,-0.09895265698756384
CAMELSH__05131500,0.05536399737434583,0.11986827675142187
CAMELSH__05243725,-0.0003419983990308184,-0.05933385001699121
CAMELSH__05286000,-0.12241082566315731,-0.05428450979208632
CAMELSH__05287890,-0.11683461251271121,-0.09058038897293452
CAMELSH__05289800,-0.04936042982471181,0.0563894663697217
CAMELSH__05315000,0.13588414277909472,0.12585990854691403
CAMELSH__05317000,0.1431364281837485,0.15707597785833105
CAMELSH__05320500,0.06251258098412826,0.1129782919089567
CAMELSH__05331833,-0.032088278997496666,-0.03484923530729489
CAMELSH__05381000,0.08483891322418169,0.12128807598197344
CAMELSH__053813595,0.02732484210908992,0.08453162713979667
CAMELSH__05382257,-0.020349198973271615,0.026976007960737985
CAMELSH__05387440,-0.02115666738944766,0.0542520711304878
CAMELSH__05387500,-0.030350607465876922,0.049477318645645196
CAMELSH__05391000,0.04102444237735042,0.10210823658963414
CAMELSH__05393500,-0.08290847271089086,-0.05946459176044405
CAMELSH__05394500,0.019882388751400693,0.08217431520694762
CAMELSH__05395000,-0.047731402150585134,-0.07431238040838373
CAMELSH__05403500,0.0023045357361682894,0.05018542078883048
CAMELSH__05413500,-0.07614635964858907,0.05897437710069353
CAMELSH__05414000,-0.1288424466606754,-0.043974011809784996
CAMELSH__05415000,-0.2506819921004981,-0.17887799575917745
CAMELSH__05427570,0.08911743599543054,0.10236367946096192
CAMELSH__05432500,-0.03350884785810404,-0.04476133830547813
CAMELSH__05432695,0.2282445204198134,0.09868524838508863
CAMELSH__05435943,0.03341385620460241,0.0690479407736132
CAMELSH__05436500,0.05142628479735267,0.05337845641466754
CAMELSH__05447500,-0.0409494971750195,-0.15845843845265817
CAMELSH__05449500,0.08233421411726383,-0.0033354802649522286
CAMELSH__05451210,0.0029027853997921627,0.015573296150379501
CAMELSH__05451900,0.022014969986174138,-0.003745473098342611
CAMELSH__05452000,-0.054698550077132646,-0.0618270351650253
CAMELSH__05455010,-0.17391959750288855,-0.25300885675186985
CAMELSH__05458300,0.11862586053048163,0.08762795643244703
CAMELSH__05459500,0.03845324809793493,0.06388736449468069
CAMELSH__05464942,0.12444001421811718,0.0721323688183082
CAMELSH__05471050,0.062005735836217934,0.054535951375446645
CAMELSH__05471500,0.0012817568479179808,0.00039571528166160164
CAMELSH__05479000,0.034804237931581605,0.017329971141203937
CAMELSH__05489000,0.03777957421374056,0.030171875090600264
CAMELSH__05495500,-0.009182830369674821,0.030401084994551297
CAMELSH__05498000,-0.026207663023443573,-0.02670568591942546
CAMELSH__05506100,0.2501908178658404,0.19592005115962252
CAMELSH__05508805,0.11307303248156175,0.10091791218644663
CAMELSH__05517000,0.035128370809554,0.048978970416604484
CAMELSH__05530000,-0.11617841901311549,-0.13285532830919133
CAMELSH__05533400,0.03499461370431178,0.05347932823214241
CAMELSH__05534500,-0.07493622647313336,0.10366395964652686
CAMELSH__05535500,0.006067037972749323,0.015256243485920917
CAMELSH__05536195,-0.32311203830461244,-0.1275125181611047
CAMELSH__05540195,0.03873358679064132,0.026931729782021296
CAMELSH__05540500,0.040072841035403095,0.10212574275042574
CAMELSH__05544200,-0.052844038165020035,-0.14876307520327736
CAMELSH__05545750,0.12487296014682125,0.15134470828134083
CAMELSH__05555300,0.06183239734091761,0.05588053305688223
CAMELSH__05561500,0.0018211633637743585,-0.012270595770174642
CAMELSH__05567500,0.01401031572032696,0.014861831534008885
CAMELSH__05568000,-0.04781648484598244,-0.04725833303205618
CAMELSH__05570910,0.08686387462281031,0.07530156620905282
CAMELSH__05577500,-0.1897810383129407,-0.22230516632873598
CAMELSH__05584500,0.1988206912480841,0.11897186332288534
CAMELSH__05585000,0.1273117714840638,0.1733373132113204
CAMELSH__05593900,-0.20077896084586477,-0.2578444330114247
CAMELSH__06020600,-0.13045594355164924,-0.12727932581164592
CAMELSH__06260000,0.23652889058697824,0.014729529645632344
CAMELSH__06260400,-0.55510325473691,-0.2889018586090702
CAMELSH__06265337,0.1155738128039569,0.28386596070626263
CAMELSH__06289000,0.23996861770255495,0.1695063499958267
CAMELSH__06289600,-0.1177982233604733,-0.08424814311296269
CAMELSH__06298000,0.1709811810372357,0.062068932196419846
CAMELSH__06306300,0.1334405852277113,0.019117523113601043
CAMELSH__06313500,0.6247447690183872,0.7253649548620036
CAMELSH__06320500,0.13558833976912887,0.07757358317921359
CAMELSH__06324970,1.3021545086938315,1.3281165888122206
CAMELSH__06345780,0.3653838195534574,0.3021835086968052
CAMELSH__06348300,0.4855233752593868,0.6227585079868777
CAMELSH__06349000,0.560234725048502,0.5665445395165645
CAMELSH__06350000,0.7964306504385733,0.6589534608172801
CAMELSH__06353000,1.2359217889453806,1.2323135056937735
CAMELSH__06354580,-0.0388316450361427,-0.1559574814309524
CAMELSH__06400875,0.7695438242851979,0.73580979759902
CAMELSH__06426160,0.0306179445391999,0.26126309571112294
CAMELSH__06426500,1.1137550069601527,1.4022624356230575
CAMELSH__06429500,0.2928515011176871,1.4004216080664875
CAMELSH__06430500,-0.386023590923633,-0.0638208016451364
CAMELSH__06433000,-0.11465644276770137,-0.21080062336667538
CAMELSH__06436190,-0.4914320799450631,-0.25321991388974474
CAMELSH__06440200,0.9835883116588545,0.7672245343862069
CAMELSH__06441500,-0.3115533578175907,-0.1681825956475942
CAMELSH__06445685,0.0418796424253422,0.3097166625265499
CAMELSH__06449400,0.08005168749639688,0.10574520761968229
CAMELSH__06449500,0.182455689940799,0.24898623885506507
CAMELSH__06463500,-0.01605155411434961,0.1495643414899182
CAMELSH__06464100,0.2920911538021046,0.26005088315485
CAMELSH__06471800,1.0368992444483383,1.0103444401726942
CAMELSH__06478540,0.07809119066169773,-1.0439703025733043
CAMELSH__06479770,0.22012644180945207,0.22160059134545573
CAMELSH__06607200,-0.015576686092168224,0.056063062681262155
CAMELSH__06610732,-0.16091042792011445,-0.15446981815384275
CAMELSH__06610750,0.1012717812285152,0.032164073859132294
CAMELSH__06622700,0.15046934161157388,0.1724772803819733
CAMELSH__06622900,0.007449893763131543,-0.16396757775870274
CAMELSH__06659502,0.24648319551235176,-0.020401271019041683
CAMELSH__06664400,0.16181812180549549,-0.0019458262965287854
CAMELSH__06700000,0.39176681840738276,0.2808668601834647
CAMELSH__06709530,-0.3690683381837551,-0.20637181709911534
CAMELSH__06720990,-0.3102057488399008,-0.20901134802486854
CAMELSH__06769000,-0.7754152662042376,0.08182785998608705
CAMELSH__06788500,0.19237276399487732,0.07573078631397609
CAMELSH__06792000,0.5378427648491165,0.4978101883518563
CAMELSH__06798500,0.227743844055866,0.3725394960142824
CAMELSH__06799000,0.23663618455994417,0.2781871697693595
CAMELSH__06799100,0.23725092001776332,0.1813384835870389
CAMELSH__06799445,-0.022903573141178246,-0.004517433402351001
CAMELSH__06803170,0.05423942576930624,-0.06900291402525527
CAMELSH__06817500,0.06539893651237905,-0.04779490403919562
CAMELSH__06820500,0.00676730809043713,-0.010778131248620926
CAMELSH__06821150,0.006007464747013469,0.02817941183274908
CAMELSH__06853800,-0.12897401008061915,-0.43290128439977255
CAMELSH__06854000,-0.031905791431749306,-0.17319772491612911
CAMELSH__06874000,-0.14086761580429186,0.8793663149998827
CAMELSH__06876700,-0.26264675776902907,-0.08636967453208233
CAMELSH__06878000,0.20055202654843463,0.26666078063775656
CAMELSH__06881380,0.08573756994957682,-0.06199267668779873
CAMELSH__06884400,0.006000889822728839,-0.2496973650394797
CAMELSH__06888000,-0.1909709762035252,-0.20144390815614333
CAMELSH__06889160,-0.32276155996742284,-0.19572500560656386
CAMELSH__06889500,-0.010263321399565317,0.00494217275524278
CAMELSH__06893100,-0.03810910664306266,-0.015482210653213313
CAMELSH__06893562,0.06909495095309803,0.0041485029316563615
CAMELSH__06893890,-0.02018048293259478,0.004521587317125708
CAMELSH__06894200,0.011519759699119447,0.0051013749463015845
CAMELSH__06897500,0.02214459021151094,0.0673536932478539
CAMELSH__06898000,-0.08809123126618512,-0.09298668252782993
CAMELSH__06901500,0.06490324291914296,0.01496247010192342
CAMELSH__06903700,0.089920157612013,0.047416679334997505
CAMELSH__06904010,0.11563948179439261,0.14417450212416222
CAMELSH__06906300,0.21716354165645724,0.24067663980438403
CAMELSH__06906800,-0.2681479439796633,-0.3687072411824768
CAMELSH__06909500,-0.0683266133725372,-0.09574316216961765
CAMELSH__06911900,0.1116389953145735,0.10311931139085845
CAMELSH__06912500,0.023335831014976716,0.003674160482233735
CAMELSH__06914000,0.13925081416370777,0.0029291192951519385
CAMELSH__06914990,0.07423404760605284,0.0879756368966988
CAMELSH__06919900,-0.15783004064660378,-0.1708561058154625
CAMELSH__06921070,0.0128145277294055,0.08246937536369559
CAMELSH__06928420,-0.11318754150610588,-0.0788763007599419
CAMELSH__06933500,-0.048135501100827205,-0.06346464753797754
CAMELSH__06935755,0.4657220206259068,0.3721846597712264
CAMELSH__06935830,0.09096348187646286,-0.009936504332720197
CAMELSH__06935997,0.0259419450820689,0.032579453633496694
CAMELSH__06936475,0.1378198942926685,0.13881645633638207
CAMELSH__07010086,0.03734316096164081,0.12829570997245532
CAMELSH__07010208,-0.040844376850887196,0.05951086861445151
CAMELSH__07017200,-0.12623973511120884,-0.09441104036584547
CAMELSH__07019195,-0.04954307976914041,0.022706724078067286
CAMELSH__07019220,0.008297160347325416,0.05902818798161871
CAMELSH__07021000,-0.005631045036065596,0.03792780643595617
CAMELSH__07024000,-0.06148433098255951,-0.18746037441592583
CAMELSH__07024200,-0.2880678752247498,0.02185246318356182
CAMELSH__07029500,0.032387284206571665,0.040440904498475816
CAMELSH__07040450,-0.16042333778107343,0.09012366932326732
CAMELSH__07047800,0.19570967135837192,0.1147168457873543
CAMELSH__07048490,-0.07168709113323718,0.1642099373875912
CAMELSH__07049000,-0.020061082656487872,-0.02428644341520858
CAMELSH__07050690,-0.07371303463501011,-0.028371756312261076
CAMELSH__07052100,0.5245242126591688,0.4233872074499792
CAMELSH__07052250,0.05827886653037451,0.021286634913148084
CAMELSH__07060710,0.16327257629347397,0.3163571746758557
CAMELSH__07062575,0.049649718716900715,0.0033108679901243665
CAMELSH__07072000,0.08520097568293272,0.014450987449375563
CAMELSH__07075000,-0.05969169728098467,-0.08020760600002075
CAMELSH__07105600,-0.10663059326506708,-0.018783418116613104
CAMELSH__07106300,0.12718143924567651,0.0572458954859232
CAMELSH__07141200,0.007433645383067233,0.9431023595369565
CAMELSH__07141780,-1.1747466508345306,0.8939648601874928
CAMELSH__07143665,-0.21952907574936753,-0.14341408982897075
CAMELSH__07143672,-0.16085967876593044,-0.11263574591933323
CAMELSH__07145500,0.02130329094706518,-0.09235927231304031
CAMELSH__07147800,-0.0436102561971059,-0.02744875231623478
CAMELSH__07151500,-0.21482405794355036,-0.18740687030791414
CAMELSH__07152000,-0.31324657751874274,-0.34543755702183176
CAMELSH__07169500,0.05242054787851569,0.033655901695996415
CAMELSH__07169800,0.014148205185004259,0.0459261324591681
CAMELSH__07170060,-0.0959887170667727,-0.11348810907446683
CAMELSH__07170500,0.06095975371839679,-0.01403224283777127
CAMELSH__07174600,0.08001921394010891,0.07934391711458089
CAMELSH__07175500,0.058610115616935854,0.004347403316167675
CAMELSH__07176950,0.14430033717658264,0.07246341554905344
CAMELSH__07178000,0.02733009824696886,0.0003961183118359468
CAMELSH__07178200,0.034721456796953154,0.014099416888451066
CAMELSH__07179795,0.10350005449340399,0.238115048234651
CAMELSH__07182250,-0.03600093004051075,0.0010018903015956981
CAMELSH__07182510,0.08448515386858657,0.09794171427062004
CAMELSH__07185090,0.1267119399382005,-0.2601976141624004
CAMELSH__07187000,-0.05362266060738752,-0.07142310267252316
CAMELSH__07188000,0.15626716461494683,0.0904628448326974
CAMELSH__07189540,0.1669631652604312,0.0875043113226045
CAMELSH__07191222,-0.11321391552303073,-0.11734622052982213
CAMELSH__07191288,-0.009794898831914589,-0.026114252263952364
CAMELSH__07195400,-0.02554249552245802,-0.04085190137068462
CAMELSH__07196000,-0.1444662352450966,-0.062178973581328956
CAMELSH__07207000,-0.21499337849791111,-0.3300080415154256
CAMELSH__07218000,0.11979120962632162,-0.10728021315731248
CAMELSH__07226500,-9.479001942116373,-0.8773201262482972
CAMELSH__07230500,-0.1046859453253023,-0.0125045317216431
CAMELSH__07234100,0.492583246889013,2.288992038262191
CAMELSH__07235000,-0.4247205501505864,-3.248995504496063
CAMELSH__07250000,-0.0899906126767347,-0.06869568802809181
CAMELSH__07261000,-0.005113337154439845,0.044167142412366855
CAMELSH__07280400,-0.10287246682503248,-0.1562362897293114
CAMELSH__07281977,-0.2273968642699274,-0.22334121963170528
CAMELSH__07308200,-4.577133048592232,6.1575882649661935
CAMELSH__07311000,0.0831223515983116,0.03308819387779305
CAMELSH__07311700,0.8051589878364169,0.13648718438996021
CAMELSH__07312700,0.9173271008226581,0.7685255626331946
CAMELSH__07316500,-1.4690375105113018,-2.861766951071423
CAMELSH__073274406,0.1274268439426256,0.0784831503763071
CAMELSH__07328180,0.789728462086754,0.766072570350139
CAMELSH__07335000,0.07665042262534749,0.16137481252660435
CAMELSH__07338500,0.01987570082693091,-0.0032639107516964083
CAMELSH__07343200,-0.055049108333646624,-0.08091774511774352
CAMELSH__07348700,-0.052364616921120266,-0.019840667255776268
CAMELSH__07359001,0.0464265947462939,0.027354613509199932
CAMELSH__07359002,0.05930273114098561,0.011795219780319888
CAMELSH__07359500,-0.031134060280500142,-0.1556631555869995
CAMELSH__07362641,-0.058195154725436016,-0.0974506732588788
CAMELSH__07375500,-0.04244355771539443,-0.01195365057680986
CAMELSH__07376000,-0.03814996668416182,-0.09365712163029793
CAMELSH__07378000,0.0028612545142463475,0.12218046659539228
CAMELSH__08013000,-0.04416073393081277,-0.1028080678411627
CAMELSH__08014500,-0.3494986069556171,-0.2303931357918858
CAMELSH__08020900,0.001745462501666406,-0.2120575225711233
CAMELSH__08023400,0.005345011427753343,-0.012164832171762008
CAMELSH__08028000,0.030050458352015474,0.01977909250955867
CAMELSH__08029500,-0.011938613678183774,-0.05020779993517638
CAMELSH__08031000,-0.03636872774149569,-0.09520821042431904
CAMELSH__08033900,-0.019266737830605285,0.022334750172189333
CAMELSH__08036500,-0.013481669957092435,-0.0466657144092264
CAMELSH__08041500,-0.17206692984919603,-0.13949892015254128
CAMELSH__08041700,-0.03969793771364838,-0.31915917400747484
CAMELSH__08047050,-0.07240792173976263,0.044416808773751204
CAMELSH__08047500,-0.1408196002192963,-0.1778536674938873
CAMELSH__08048000,-0.4954021241546556,-0.11739482784349875
CAMELSH__08050840,0.05786181720526273,0.08577216760659567
CAMELSH__08052700,-0.02147020166309216,0.06430033370595589
CAMELSH__08053000,0.08380830539690465,0.15404952731147925
CAMELSH__08059000,0.15231379194408534,0.1258688929811287
CAMELSH__08059350,-0.06510227506380228,-0.09441174215293346
CAMELSH__08062800,-0.03104771750655655,-0.12331576210700457
CAMELSH__08068275,0.155339031518957,0.1443159968671247
CAMELSH__08071000,-0.013133909466966909,-0.14318542754820462
CAMELSH__08075605,-0.03514770120703847,-0.0413655080568725
CAMELSH__08083420,0.12621308458662078,0.11132876782096962
CAMELSH__08091500,-0.3235604787470081,-0.14423621014251597
CAMELSH__08095300,0.06552659897615531,0.007714375090883463
CAMELSH__08104100,-1.4717180643725531,-0.5307586779426844
CAMELSH__08104900,-0.36384610870997935,0.014079759337240705
CAMELSH__08120500,-0.1819302177110852,0.08610234805368802
CAMELSH__08128000,-0.5943261724616966,-0.5071677356778315
CAMELSH__08134000,-7.481853265689758,-18.250339526437273
CAMELSH__08144500,-0.7285173585583206,-1.4616597566396623
CAMELSH__08153500,1.2041414721239858,-0.867822294851512
CAMELSH__08156800,-0.16446070413780872,-0.01500955480018823
CAMELSH__08163500,-0.042222818045606125,-0.2902486964232135
CAMELSH__08164503,-0.03267959164818224,-0.05822662842652471
CAMELSH__08164600,-0.03359370154277208,-0.4931524217891894
CAMELSH__08164800,-0.005503238582991621,0.01857802307728218
CAMELSH__08165300,-0.0208142119994717,-0.0006713065104596017
CAMELSH__08168500,0.09429527727964482,-0.030898431980634578
CAMELSH__08171000,-0.44727692936150176,-0.26888922614925775
CAMELSH__08176900,0.23356864751309642,-0.8459428901183014
CAMELSH__08178000,-0.45515846267959126,0.49412977677748193
CAMELSH__08180800,0.3461640324562647,-3.192864051412217
CAMELSH__08183890,-0.4740198564013293,-0.373992640084542
CAMELSH__08185065,-0.6111973403938369,-5.286034838693299
CAMELSH__08186500,0.03091498307779239,-0.3570352383643555
CAMELSH__08189200,-0.04581213389216432,-0.05676609672470556
CAMELSH__08189700,0.3733799284145265,-1.2882178663260104
CAMELSH__08190000,0.08166790282750269,0.26379086075651986
CAMELSH__08194200,-0.7324789514140677,1.2228166534121894
CAMELSH__08196000,-0.009467527079253246,0.1947900952363648
CAMELSH__08197500,0.5420390745316916,-0.673459841314221
CAMELSH__08204005,-0.2102278497042687,0.1918152860647992
CAMELSH__08205500,-0.799836892321276,-0.6748551643003191
CAMELSH__08253500,-0.0186637225088494,0.07326060246871358
CAMELSH__08255500,0.1664021175331034,0.1847302471476039
CAMELSH__08267500,-0.09009058275114967,-0.014117953804986594
CAMELSH__08290000,-0.9178446272770594,-0.5512140225886257
CAMELSH__08315480,-0.041856105031160606,0.20451938232761258
CAMELSH__08316000,0.23304612207955366,0.14360503267222313
CAMELSH__08329840,-0.2619710178407706,0.023006911783891193
CAMELSH__08334000,-0.13313326334251574,1.1857105559778007
CAMELSH__08340500,-11.855404544999294,-1.8101055311976015
CAMELSH__08378500,0.11741545567951106,0.0072053167779211336
CAMELSH__08386505,0.1844483564568093,-0.0795176848381711
CAMELSH__08390800,-7.0223981381077545,4.325714864030852
CAMELSH__08393610,-10.945766037021185,5.429870624476587
CAMELSH__09019000,-0.49941513806842974,0.21663628913073069
CAMELSH__09019500,-0.018740377543898096,-0.18129644191426758
CAMELSH__09041090,0.25030272976974344,0.23395218445469246
CAMELSH__09073300,0.14962457908754712,0.15031404214142186
CAMELSH__09073400,0.05451238845394102,-0.015336092943117774
CAMELSH__09074000,-0.14815369382136773,-0.2665320144568024
CAMELSH__09126000,-0.019222282683993397,-0.12567656371161118
CAMELSH__09132940,-0.18177150976244316,-0.18418225999219157
CAMELSH__09132995,0.8555803767126171,0.22860565385789688
CAMELSH__09171100,0.4137074879618774,0.5266789184009144
CAMELSH__09188500,-0.00597027343557921,0.029928434747059307
CAMELSH__09209400,-0.048907799873698865,-0.19757333924177078
CAMELSH__09217900,-0.14264252933283705,0.03768156616341989
CAMELSH__09224700,-0.018232293775084604,-0.0803876669585777
CAMELSH__09229500,-0.17698992746805087,-0.10107705680234214
CAMELSH__09230300,0.14765135467722182,0.2504582785168679
CAMELSH__09235600,-0.8434810898195167,0.30627840897629655
CAMELSH__09302000,-0.1621294219282865,-0.11133857459771601
CAMELSH__09303300,0.025994190228845415,-0.3079662276584827
CAMELSH__09314500,-0.1106291598859393,0.015688974563161984
CAMELSH__09339900,-0.3770591585063664,-0.2841728665931601
CAMELSH__09358000,-0.05266311823765246,-0.13735038986432313
CAMELSH__09358550,0.03420650244382151,0.041677799334689625
CAMELSH__09363500,0.019192927265797577,0.09790697034505613
CAMELSH__09364500,-0.08608425414067278,0.041951894002962065
CAMELSH__09367000,1.7663854787247528,2.051589180963397
CAMELSH__09371492,0.8137347689993464,0.48074410000276857
CAMELSH__09408150,0.3208521766071672,0.26138216842868317
CAMELSH__09408195,18.73626738750049,20.0917730317451
CAMELSH__09410100,0.2497341158952203,0.1630263687407712
CAMELSH__09419800,0.26565882853337863,0.3109556135923224
CAMELSH__09423350,0.019844126194926093,0.004478640500352793
CAMELSH__09460150,-0.036403575953273176,0.10528840123919123
CAMELSH__09468500,0.2625972130394843,0.0754915370312086
CAMELSH__09470750,0.24773326714316438,0.0942212587706594
CAMELSH__09484550,-0.9691203668866184,0.1880726706238285
CAMELSH__09484600,-3.8351382177047904,-1.7634826971591742
CAMELSH__09497700,0.022897972960246926,0.08835280717923588
CAMELSH__09497800,-0.1911481801875229,-0.030464667089656894
CAMELSH__09497980,0.3621838910522144,0.41407211228378227
CAMELSH__09513780,-0.4435972989931467,0.029781234877471918
CAMELSH__10015900,0.007379479034252699,-0.291871772722341
CAMELSH__10038000,0.2889559374735952,0.22667397902050285
CAMELSH__10093000,0.2962467885545356,0.2871202579905791
CAMELSH__10125500,1.9491328684208857,1.1521466381608414
CAMELSH__10149000,0.07073346649781792,-0.025962298268240203
CAMELSH__10153800,-0.1029629786518953,-0.04685898698111102
CAMELSH__10172875,-0.4020594511201879,-0.28491520121825464
CAMELSH__10191500,0.3724838714351762,0.171284007304843
CAMELSH__10239000,0.6665734360846499,0.4584027347972443
CAMELSH__10245910,-0.5591721787495116,0.062116111346921105
CAMELSH__10249280,0.0723547285409506,0.15371661132113357
CAMELSH__10256500,-0.1654447845353777,-0.05330662570092737
CAMELSH__10257600,-2.709021071637437,2.919172258132244
CAMELSH__10260500,-0.07083861293772098,-0.06665061714683773
CAMELSH__10263500,0.032670340600348347,0.024214688151180996
CAMELSH__10293000,0.06089551796274034,0.19051112001094256
CAMELSH__10296000,-0.04338014364812737,-0.2475294820542951
CAMELSH__10300000,0.022494976443746983,-0.015011754836971702
CAMELSH__10301500,0.16209903294881328,0.3148169220277406
CAMELSH__10301600,0.1052859350719973,0.2029763397075034
CAMELSH__10308783,0.29883678238391503,0.1747096443785217
CAMELSH__103087891,-0.04866146098359425,-0.12096589566637816
CAMELSH__10308794,0.1909714097085981,0.03121882394329173
CAMELSH__10310000,0.09407996516624129,0.020701967824141465
CAMELSH__10311300,0.0865546465345714,-0.05379627370884932
CAMELSH__10312150,0.23262809961318454,0.14638270510683082
CAMELSH__10315600,-0.16295342727192696,-0.05789786543699693
CAMELSH__10316500,-0.06997111050290716,-0.007624854253795665
CAMELSH__10319900,-0.13934334471209808,0.03475020219865499
CAMELSH__10324700,-0.12178912254326131,-0.2820809934043731
CAMELSH__103366993,-0.10179699184410085,-0.1720820961451064
CAMELSH__10353600,0.23071784673280893,-0.1419250963981954
CAMELSH__10353800,0.2159419676063591,0.3379816671853773
CAMELSH__11025500,-0.3486379899880015,-3.1473557124636584
CAMELSH__11046090,-0.3414764299301847,-0.4352769657066229
CAMELSH__11051499,-0.0053532077784952115,0.049190170359876495
CAMELSH__11057500,-0.8904445824089368,-0.12637804400376473
CAMELSH__11063510,-0.2247120193580209,-0.1836982960089536
CAMELSH__11063680,-0.2693886977963696,-0.2823799712959622
CAMELSH__11065000,-0.016995332810114228,1.5318924352829875
CAMELSH__11069500,0.18559512542257678,-0.9347744024529059
CAMELSH__11073300,0.19532467321018732,0.0779519207769998
CAMELSH__11073360,-0.11882017860135421,-0.2184597537596696
CAMELSH__11073495,0.29410507912027906,0.035523427609097546
CAMELSH__11092450,-0.5490053606246229,-0.31002333930045534
CAMELSH__11101250,0.03999969821477778,-0.6636906721394424
CAMELSH__11102300,-0.16089921212315839,-0.106334842861043
CAMELSH__11118500,0.08770278224193101,0.053510769465129615
CAMELSH__11119745,-0.47354400527039475,0.26369505746967015
CAMELSH__11120520,0.319721159985576,0.33348340172626917
CAMELSH__11123500,-0.4023988022931454,-0.2295277828838329
CAMELSH__11134800,2.0575949474767845,1.9626553526481745
CAMELSH__11136100,-0.45497717266284166,-0.11659682798942883
CAMELSH__11137900,0.14724463046190497,0.04342525726150398
CAMELSH__11148900,0.2372472592276329,0.11822329829858613
CAMELSH__11149900,-0.28515800284187215,-0.1957898756866363
CAMELSH__11153650,-0.6311606515442896,-0.7424396056086993
CAMELSH__11154700,0.054570295217821085,0.024189765114067396
CAMELSH__11156500,-0.5169726411122365,-0.4224046426464111
CAMELSH__11157500,-0.21661294168203948,-0.7695843870546684
CAMELSH__11166000,0.31218851821477067,0.38430503963290963
CAMELSH__11173510,-0.016377547851921914,-0.16932130552160674
CAMELSH__11176500,0.04875607580237462,0.0794476655119421
CAMELSH__11180500,-0.07365637603824182,-0.2033288729391347
CAMELSH__11180700,0.22651173501460714,-0.05994278637677081
CAMELSH__11180825,-0.10147381454449489,-0.3793003628324473
CAMELSH__11180900,0.10181208611674258,0.20815672339929742
CAMELSH__11181040,0.17630637592948672,0.03476171406625844
CAMELSH__11203580,-0.06150775013873988,-0.004297091794091323
CAMELSH__11255575,-0.7710899843992851,1.5360753205218474
CAMELSH__11274500,-0.023111720076377518,-0.14372660774426843
CAMELSH__11379500,0.07412218858601816,0.2971278608220186
CAMELSH__11381500,-0.031125170902655652,0.024197216416109057
CAMELSH__11390000,0.016118121894648674,0.04427189808062548
CAMELSH__11413000,-0.24578146977739201,-0.3016622633561791
CAMELSH__11421000,-0.08148050573499754,-0.08322255752896679
CAMELSH__11446500,-0.0658608022878342,-0.12496685997890089
CAMELSH__11451100,-0.08744649251272629,-0.08875517543943268
CAMELSH__11458500,0.03518300781579242,0.019029570272497187
CAMELSH__11460600,0.023199372043639643,0.06740530295477343
CAMELSH__11460750,0.047122309368834436,0.005823619593575691
CAMELSH__11464000,0.005326323963961599,-0.007900354276317523
CAMELSH__11465690,0.04961278249197487,0.05954662793950327
CAMELSH__11467200,0.1705757726303473,0.18643667307865486
CAMELSH__11468000,0.0311709984050077,0.09218688127037011
CAMELSH__11469000,-0.0037498629291097263,-0.060236033452535365
CAMELSH__11475560,0.10172647166129822,0.14889227368158087
CAMELSH__11476500,0.06713866837744353,0.06193564563907239
CAMELSH__11477000,-0.0931393322837375,0.004242466474114415
CAMELSH__11497500,0.5024139241532064,0.5200690775545186
CAMELSH__11501000,-0.0927146628297123,0.019826611537310912
CAMELSH__11519500,-0.07111217171811468,-0.13694402572811848
CAMELSH__11522500,0.15138948431245525,0.04986419348906057
CAMELSH__11525655,0.25163342185068993,0.24587172425719306
CAMELSH__11525670,-0.06531708413401405,-0.07730145373182185
CAMELSH__12017000,-0.0132499669406827,-0.028587275917376198
CAMELSH__12020000,-0.03819290157559374,-0.036012302440758925
CAMELSH__12020800,-0.019263282843905494,0.08720003275864407
CAMELSH__12026400,-0.020017955902913,0.04007048371239341
CAMELSH__12031000,0.03545561224368321,-0.018555910548627597
CAMELSH__12035002,-0.11204239742118549,-0.040859260990412816
CAMELSH__12036000,-0.046605916868415975,0.010480475582959947
CAMELSH__12040500,-0.011805657123342472,0.016751006511122157
CAMELSH__12060500,0.02567821725327113,-0.01980714882147383
CAMELSH__12080010,-0.10356984559717597,-0.005249950556854843
CAMELSH__12086500,-0.10581733436216145,-0.16520393176267367
CAMELSH__12091200,-0.26534114521688545,-0.21206992459318197
CAMELSH__12097500,-0.07314391718915902,-0.0211444057594109
CAMELSH__12099600,0.04799432705728335,0.019744954094818246
CAMELSH__12102190,-0.09565386494186512,-0.14297503380964072
CAMELSH__12115500,-0.06128980241845583,0.03364243635784392
CAMELSH__12117500,-0.07374963401241619,-0.011735676115990579
CAMELSH__12144500,-0.03443469936659538,-0.00539892563446398
CAMELSH__12147500,-0.01300078396719917,-0.002388794101484626
CAMELSH__12157250,0.07797744636293757,-0.01769660383690863
CAMELSH__12175500,0.04681608404231863,0.020463047618813457
CAMELSH__12186000,-0.040383718553723025,-0.013030044391642348
CAMELSH__12201960,0.12790173921116788,0.15668584004091524
CAMELSH__12202300,0.03846298091798078,0.06739310353832767
CAMELSH__12202310,-0.1886241895794315,-0.1717581621832598
CAMELSH__12210000,0.03968651491090647,0.050481655951542526
CAMELSH__12210500,0.02989361974480842,0.040920916123415085
CAMELSH__12210700,0.005846251565960414,-0.0727463532719893
CAMELSH__12303500,0.01041486916516901,-0.053110587213146904
CAMELSH__12323700,0.0756561963038187,0.07351830681500593
CAMELSH__12323800,-0.05142191406392971,-0.3153559475968788
CAMELSH__12324680,-0.15481240755523518,0.09470581229063191
CAMELSH__12325500,-0.05224061284464088,-0.016476447803180028
CAMELSH__12342500,-0.04904992025823174,0.04014631741350516
CAMELSH__12343400,-0.02301861539739547,-0.06669758664952075
CAMELSH__12344000,0.13813404984022615,0.09143614769240949
CAMELSH__12354000,-0.5132861584737054,-0.2629409486433354
CAMELSH__12383500,-0.15783268367841208,-0.17875877525313427
CAMELSH__12387450,-0.2358951824188149,-0.08528022527704715
CAMELSH__12388200,0.3289128496956501,0.3464808289801004
CAMELSH__12394000,0.002290762862234952,-0.038922404543854094
CAMELSH__12413445,0.16405071171862418,0.1653691428732187
CAMELSH__12413470,-0.08476194723539843,-0.1129845594614487
CAMELSH__12413875,-0.2580236881335073,-0.18435622532336782
CAMELSH__12414500,-0.1370511409030034,-0.25019474584363366
CAMELSH__12416000,-0.07582993779404912,0.1697049980652745
CAMELSH__12433542,-0.08130778031317498,0.04162950588024805
CAMELSH__12433890,0.03127013547247892,1.042564701780285
CAMELSH__12448000,-0.3954890622600716,-0.21630595517999973
CAMELSH__12459000,0.011126706830643207,0.019872623979706794
CAMELSH__12462500,-0.11619435496453923,-0.11402626344609601
CAMELSH__12479500,-0.17884974283283459,-0.015462996900733383
CAMELSH__13011500,0.17660866369574957,-0.12023752506727187
CAMELSH__13014500,0.1543365288863422,0.11755083054503856
CAMELSH__13015000,-0.26088085408614964,-0.36516599018289314
CAMELSH__13016305,-0.06872331592381908,-0.011327519734871672
CAMELSH__13018750,-0.015427377882342275,0.04018867874300602
CAMELSH__13039500,-0.07638344489833931,0.06476984095774224
CAMELSH__13049500,0.0731633675453992,-0.01769766145759577
CAMELSH__13052200,0.0401549993902397,0.1053982829515715
CAMELSH__13055198,-0.5405512616044867,-0.538663838684892
CAMELSH__13056500,0.0022472730533829033,0.08299532627761708
CAMELSH__13068500,0.4771275549323417,0.21068660846692483
CAMELSH__13141500,0.10311268089608677,0.1879437702443963
CAMELSH__13185000,-0.17389776379917377,-0.25025267713405236
CAMELSH__13216500,-0.4262803927233266,-0.404870610283197
CAMELSH__13217500,0.05482306663024877,0.10341204028984863
CAMELSH__13245000,0.390338871133152,0.46118225447204375
CAMELSH__13247500,-0.19874155821871142,-0.20618607275416556
CAMELSH__13297330,-0.03516695629347372,-0.0601122946173982
CAMELSH__13302005,-0.04904965546805512,-0.15403555336937608
CAMELSH__13330500,-0.17312859398866176,-0.07130266022104625
CAMELSH__13334450,0.18338370027168627,-0.0011672284210799688
CAMELSH__13337500,-0.17419360783282667,0.2968017640894356
CAMELSH__13345000,0.08784287916400835,0.13309654255923153
CAMELSH__14020300,0.12173568356603515,0.1626971792457792
CAMELSH__14033500,-0.06997931937904012,-0.12140333808199344
CAMELSH__14050500,-1.2659667610780068,-1.0324313369279854
CAMELSH__14064500,-0.4482131554537166,-0.707395272749389
CAMELSH__14088000,0.1659011209407496,0.4718855214216596
CAMELSH__14091500,-0.19523711529548554,0.1307181130261823
CAMELSH__14092750,-0.034007900591883855,0.04526780679768716
CAMELSH__14093000,0.16079350398965309,0.11791646691858249
CAMELSH__14096850,0.25948244765697004,-0.03751195961100512
CAMELSH__14097100,0.16208509651125114,0.10229213079823896
CAMELSH__14101500,0.04316827639209464,0.009416674170947825
CAMELSH__14113200,0.26400404133420985,0.35753445334392964
CAMELSH__14138850,-0.06166384027375915,-0.016050110795069128
CAMELSH__14138900,0.01610676738098138,0.07091296039320749
CAMELSH__14139800,0.020388863756719333,0.05137357925544428
CAMELSH__14142500,-0.04335120052288466,-0.008330888002355596
CAMELSH__14142800,-0.05667509616441391,0.014914831169938525
CAMELSH__14150300,0.10575594880380412,0.019843268347561005
CAMELSH__14150800,-0.0016424874217870755,0.0864605189245291
CAMELSH__14152000,-0.04353290736751736,0.02000565743239502
CAMELSH__14161500,0.020909883190551537,0.004705203348655651
CAMELSH__14162200,-0.03902896564915537,0.01846774988377664
CAMELSH__14163000,-0.0448964484347788,-0.09138962759663571
CAMELSH__14166500,-0.16288269764691155,-0.22634217897029774
CAMELSH__14180300,-0.29078144450402355,-0.0858328198180417
CAMELSH__14182500,0.02531354041707745,0.004813994866257332
CAMELSH__14183000,0.013995483038499401,0.02362410425616046
CAMELSH__14185000,0.17244616170747096,0.17641665342235557
CAMELSH__14187200,0.0016581985278266709,-0.027649129109202808
CAMELSH__14196000,-0.03890876267890664,-0.05028720546707177
CAMELSH__14201340,0.03672276134912589,0.02314104969945463
CAMELSH__14206950,-0.005727270634089732,0.03945677376083345
CAMELSH__14211550,-0.12530425471776796,-0.03166207013384226
CAMELSH__14216000,0.043660501892837544,0.02342738713302861
CAMELSH__14306400,0.04839164161216236,0.03824576836825655
CAMELSH__14308990,0.07105328382821408,0.08740154371125919
CAMELSH__14312000,-0.09297861696137444,-0.16542403727753707
CAMELSH__14312500,0.05206416252938251,0.16912869921981255
CAMELSH__14314700,-0.09912739832284878,-0.1620434594223918
CAMELSH__14318000,-0.1366167422635749,-0.07731602920290903
CAMELSH__14320700,0.1333864757760298,0.1619558943013213
CAMELSH__14330000,0.0479401670465347,0.07273192796911443
CAMELSH__14337800,-0.054985006236536904,-0.010206572966893757
CAMELSH__14337870,0.0256150244115968,0.044017982413368295
CAMELSH__14338000,0.017290745380261652,0.03037882725723884
CAMELSH__14339000,-0.002307573535502594,0.06366244338416394
CAMELSH__14354200,0.1074557452082866,-0.02417050192347825
CAMELSH__14357500,0.18888976392475498,-0.04766036702161869
CAMELSH__14362000,0.04956837005401693,0.05998613868470282
CAMELSH__14369500,0.04619472789988077,-0.014851986517543714
CAMELSH__14400000,-0.010354766543586136,0.11336349960472947
CAMELSH__385106106571000,0.07859779085888696,0.011549996126280493
CAMELSH__393109104464500,-1.2675972429405808,-0.1202900667920278
Germany__11405000,0.025368958956754506,0.0536745029515594
Germany__11411104,-0.012384400020386654,-0.0003890843127710708
Germany__11417100,0.07299775680318765,0.21253410410878715
Germany__11418250,1.039306370947019,0.9251546489311168
Germany__11438015,-0.02059719638080748,-0.04727057734909512
Germany__11548007,-0.014814087086762462,-0.012472278746473386
Germany__11582300,0.003196737489130963,0.07733636549018397
Germany__11802509,0.15190163713477223,0.15283841518041796
Germany__11808006,0.14283374561057105,0.123612555014877
Germany__11809009,0.1820230115394652,0.14898047132033598
Germany__11864007,0.04385932030293149,-0.005143221710950163
Germany__11944004,0.0543705459846644,-0.023912179789420618
Germany__12404705,0.0875445940118329,0.05161284335236882
Germany__12405005,0.10985299103197987,0.11548896066619208
Germany__12433102,-0.0480154861462585,-0.049088116165598494
Germany__13124001,-0.06934882697814282,-0.05595297118194886
Germany__13208000,0.052753773811915594,0.06031650849665393
Germany__13450300,0.027970544610363524,0.008840595343524105
Germany__13465002,0.20035450769036,0.15389169684461723
Germany__14107008,0.051021466741743904,-0.041004200072792596
Germany__14198309,-0.1413385536331192,0.014055577033379785
Germany__14426006,0.03415334794570357,0.025668760373558253
Germany__14604002,0.30866551583561697,0.2863457881804101
Germany__15202300,0.016229444818826155,0.016698002850435656
Germany__15212700,0.026788551990714393,0.03495121853100014
Germany__15221009,0.050415928254979314,-0.0031753060510545383
Germany__15228008,0.03467155299155522,0.025895823597547385
Germany__15241006,-0.010428202458747593,0.03915565237977259
Germany__15246000,-0.051530418304449266,0.02870397917906964
Germany__15315000,0.02125403316127028,0.05309274111064888
Germany__16007004,-0.1143077213350564,-0.0636744578432289
Germany__16166008,0.07565514998191836,0.043070530618873115
Germany__16395005,-2.9040369045991525,-3.0913494210552557
Germany__16404900,-0.071059271877291,-0.06663244744518126
Germany__16527503,-0.07926564250108314,0.02837645962561719
Germany__16602303,0.09292081194786839,0.08546195951337765
Germany__16605006,0.07940888470396001,0.11962005827502331
Germany__16616002,-0.06432951413914079,0.008772686627793624
Germany__16625003,-0.11477333688333935,-0.10883885458731624
Germany__16647458,0.11878562018394945,0.16126113794432073
Germany__16667604,-0.010357423628541307,-0.00837343322128592
Germany__16668800,0.10468408459131828,0.12962971378443744
Germany__16825002,-0.1573370826374697,-0.11336382653294108
Germany__17445007,0.03813502695144122,0.09079029594710142
Germany__17468002,0.02593267852341319,0.029507385541586495
Germany__18196000,0.15054164302531903,-0.0477395308479282
Germany__18218000,-1.965399848670447,-3.6485134606258245
Germany__18226009,-0.1059832995814588,-0.1397138204475633
Germany__18284606,-0.046957033432780404,-0.015391544954234615
Germany__18405008,-0.15130797974112764,-0.19771641081669733
Germany__18408200,-0.03265590713187505,-0.15610166886456633
Germany__18481006,0.059103916089214836,0.04237305687263526
Germany__18622006,-0.023749892019498953,-0.06695783313222814
Germany__18625004,0.012141369333439345,0.03260191606985796
Germany__18646809,-0.039649726368962135,-0.07664017330354422
Germany__18683000,0.06746150227643288,0.13517225857034965
Germany__18806406,0.06138203212591342,0.05486991525095031
Germany__18808004,-0.02146616125432177,0.0112150547897083
Germany__18838005,-0.11605676703391576,-0.1154758745889698
Germany__24110508,-0.056222931718170166,-0.06326030432858332
Germany__24114000,-0.04177623324460511,-0.200562398928522
Germany__24118000,0.088262645939996,0.012312113480894893
Germany__24125006,0.07667255386674365,0.10692088333223759
Germany__24128004,-0.03842107453145116,0.03960873079553373
Germany__24144500,-0.031047127234808847,-0.05558953643502196
Germany__24145502,-0.08146864267284748,-0.07395218888809008
Germany__24160903,-0.2570658585035584,0.03705095570340067
Germany__24163005,0.20003729444490048,0.1067815046958815
Germany__24165204,-0.04451956033424942,-0.018402566666455678
Germany__24211200,-0.01749566609351716,0.07922915552619891
Germany__24211651,0.01054546881373808,0.021576017326803143
Germany__24217104,0.1766736233371582,0.027460563548822536
Germany__24220506,0.2486817580192674,0.1272330329656155
Germany__24223005,0.11201628999318658,0.04694425401209412
Germany__24227006,0.07952667735829128,-0.01664297914977403
Germany__24228905,-0.08684198880086391,0.08638398738856479
Germany__24232006,0.17610660218011798,0.0742812104322198
Germany__24246000,0.05198970941982428,0.06146844953681552
Germany__24248403,0.14924813091416134,0.10936498840197917
Germany__24261106,0.001703273293155172,-0.13553652917291312
Germany__24374805,0.15991552182986013,0.048621939356786714
Germany__24406005,0.16748253209967146,0.06747753702560522
Germany__24422001,0.27778476083328185,0.11846495354754116
Germany__24424007,-0.12689735059411156,-0.11268616149285204
Germany__24429000,0.0992932597331817,0.07057074991054102
Germany__24522006,-0.17299412561462413,-0.23990095997476268
Germany__24776004,0.030837185691699798,0.032465356550944846
Germany__53201505,0.007312562704254177,0.03865935627389705
Germany__56000500,0.0006430326647756113,0.062053354443360687
Japan__301031281101080,-0.028204000183288502,-0.004435665620347584
Japan__301031281101200,0.22347738990632715,0.16866429424005958
Japan__301031281101230,-0.0496427414559939,-0.09320537065747803
Japan__301031281101270,-0.07731725973948411,0.010110555899846996
Japan__301031281101290,0.00795696289820641,-0.0254142147827896
Japan__301031281101630,-0.02080468593638729,-0.011349029625038476
Japan__301031281101770,0.0009055068526029886,0.10268347164417357
Japan__301031281101790,-0.04887587671375371,-0.012626731900347465
Japan__301031281104040,0.0005651466055127674,-0.08516484172447347
Japan__301031281104050,0.09785764992596513,0.16211699707604166
Japan__301031281104220,0.06962933561941043,0.06542226396997708
Japan__301041281103030,-0.11602671059227188,-0.19917222926922873
Japan__301051281102010,-0.011055572748010223,-0.03898049068807169
Japan__301051281102040,-0.1151860703660208,-0.1514448156949152
Japan__301051281102070,-0.13264559371759965,-0.1595119102021063
Japan__301061281105050,0.07372150864797489,0.09940898069121873
Japan__301081281107010,-0.1463323500566607,-0.15868152259443422
Japan__301081281107060,0.011020555131547538,-0.014443026343527121
Japan__301081281107100,-0.21608652066353612,-0.20003813222017042
Japan__301081281107260,-0.05022434656140451,-0.027408033273507715
Japan__301081281107270,-0.1945556886706155,-0.22325285168626807
Japan__301081281107280,-0.0793648576122119,-0.1897513377890887
Japan__301081281107290,-0.2022696926278469,-0.06453868103413984
Japan__301091281106090,-0.04804269896237068,-0.09045302128089405
Japan__301091281106110,-0.059102274278644784,-0.04317603253275615
Japan__301091281106120,-0.048328452112604836,-0.005039369449000297
Japan__301091281106130,-0.18087440023374834,-0.01703058368280108
Japan__302011282218070,0.07420888512584001,0.09395243018902451
Japan__302011282218110,0.3629411893737684,0.4423732251350588
Japan__302011282218120,0.24826936959215906,0.1647541268924314
Japan__302011282218300,-0.006087233074048015,-0.053698418515839785
Japan__302011282218350,0.11812935012812564,0.08630569646486608
Japan__302021282224060,0.022000542248299393,0.059862184857832235
Japan__302041282204080,-0.005958112997317855,0.003793420618936061
Japan__302041282204150,-0.009515870368606238,-0.05654692335137301
Japan__302041282204230,0.06375157019055588,-0.01674975267207801
Japan__302041282204380,-0.0917169663814763,-0.005716088486518722
Japan__302041282204490,-0.13934765624824585,-0.05127258789712619
Japan__302041282207100,0.2671124444060735,0.2279881363489279
Japan__302041282220060,-0.7098328035801819,-0.6470256590850131
Japan__302041282220130,0.03256399006764993,0.01844094051357298
Japan__302041282220140,0.025765690167088295,0.037215808952570706
Japan__302041282220160,0.03415255668447437,-0.0032494888109995124
Japan__302041282220200,-0.004369312876833065,-0.008774553334133794
Japan__302051282201050,0.04997096208833973,0.028356788056691506
Japan__302071282201030,-0.1618771633815833,-0.09301820118436288
Japan__302071282201040,-0.17105411040886542,-0.008088990536156304
Japan__302071282201080,-0.05926984028746751,0.045828278569406966
Japan__302071282201100,0.015587065877529671,-0.057858351262863206
Japan__302091282210050,0.006828959314639893,0.0262066244479342
Japan__302091282210120,-0.19680078280384494,-0.17776132920705223
Japan__302091282210140,-0.033286733913904576,-0.051663129636898564
Japan__302091282226010,0.03391257328950703,0.03785354939423602
Japan__302091282226020,-0.2076168968675386,-0.09939304889032119
Japan__302101282209010,-0.052133895212557846,-0.044719062312707725
Japan__302101282209020,-0.00977480642574613,-0.02996385836023041
Japan__302101282209090,-0.10222895822522893,-0.09264289849276497
Japan__302111282214010,-0.0006247232483249654,-0.023219841569107613
Japan__302111282214090,-0.029733347774852703,-0.018880200474803766
Japan__302111282214160,0.12059117779514184,0.11718861314536233
Japan__302111282214170,0.0659509039780814,0.06566965104523437
Japan__302111282216070,-0.11244128643552931,-0.05370962948967806
Japan__302111282216120,-0.09351801144076127,-0.21022330075984508
Japan__302111282221040,0.003516153943768141,0.0037660338663295656
Japan__302111282221050,0.05467216602856961,0.028837609021021393
Japan__302121282215010,-0.06386737974737533,-0.05128467679808102
Japan__302121282227050,-0.06295491278154919,-0.09440068348332553
Japan__303021283322040,0.014998764627123018,0.06688378218041191
Japan__303031283303190,0.04662536031492093,-0.3726756822550851
Japan__303031283305520,0.09271996540632732,0.058418469871937884
Japan__303031283307160,-0.026362059936657856,0.05756365423528398
Japan__303031283323070,0.07763157696393103,-0.04149791469765196
Japan__303031283323120,-0.039002746118287024,-0.04597754764904949
Japan__303041283308210,0.09584338393750602,0.1606360934761436
Japan__303061283310070,0.04184776008602781,0.023062539349229194
Japan__304011284406020,0.006425799817246003,-0.011163192971936575
Japan__304021284415010,-0.09033173573617403,-0.032088140556869926
Japan__304031284401060,-0.0649907398084345,0.008939128760245496
Japan__304031284403090,0.035234298941017594,0.019355246408558124
Japan__304031284403130,-0.15069461955648966,-0.12009611641517193
Japan__304041284407060,0.06456378879825975,0.05365361237006683
Japan__304081284408090,0.11811123951679303,-0.06016873520512678
Japan__304091284408020,-0.124256904064311,-0.2294145496618252
Japan__304091284408040,0.12524668477837841,0.13097982577774758
Japan__304111284412070,-0.00753829999491018,-0.028182965972629703
Japan__305011285508060,-0.035614183731234705,-0.17142518916731042
Japan__305011285508170,0.2722984215782916,0.279658606790664
Japan__305021285507030,-0.0026069481472670297,0.06253025906687704
Japan__305131285514010,-0.13132937516386006,0.0368165918871356
Japan__306021286614020,-0.15404867071429212,-0.11689836424316513
Japan__306021286614210,0.00036408716310590283,-0.012771213885061694
Japan__306031286607070,0.0429328799822436,0.022620462082984405
Japan__306041286606080,-0.041664040645433276,-0.23895830079226688
Japan__306041286606310,0.07036017412830198,0.03144875055004037
Japan__306041286606370,0.09785764720121526,0.07894376536625414
Japan__306041286606440,0.14849347868928775,-0.14833724516164132
Japan__306041286617140,-0.14854781495681801,-0.1166026712437771
Japan__306051286611100,-0.07083082450326783,-0.07497157109230279
Japan__306061286611050,0.0827397471203899,0.09096397323490091
Japan__306071286619060,0.5036782609939421,0.17192779407060518
Japan__306081286601010,-0.07130231088127958,-0.09260161683359108
Japan__306081286601030,0.023956293674859963,0.016520844569288817
Japan__306091286605010,-0.015080968524662342,-0.024732895699767776
Japan__306091286605020,0.007347260575405912,0.1203230891449531
Japan__306101286610120,-0.027142945531360763,-0.019622819309792483
Japan__306101286610130,0.09770670172915874,0.09077343868339294
Japan__306101286610160,-0.08236538416465344,-0.0992493532747416
Japan__306101286610180,-0.05632130212947728,-0.1511223990626953
Japan__307011287701050,0.016358683726621415,0.043912764669382987
Japan__307051287711120,0.061698283591751446,0.03416943684174112
Japan__307051287711160,-0.16522619241487635,-0.16672661288704105
Japan__307071287715090,0.04052767627791809,0.09563198916997884
Japan__307101287710080,0.21303758580166254,0.1604851754387132
Japan__307101287710110,-0.11249070815403261,-0.214249795104288
Japan__307111287708020,-0.03338862414715327,-0.07169009180530894
Japan__307121287708070,0.024567251857702255,0.014625265526566622
Japan__307131287708060,-0.02107675068062309,-0.015720863582302402
Japan__308041288808060,0.00418360881980101,0.051190606973882696
Japan__309011289902090,0.01606845126906231,0.08072741875415657
Japan__309011289902130,-0.008910389920757197,0.05272176248617451
Japan__309011289902150,0.06348757876677236,0.0771327633901453
Japan__309021289903010,0.044910045472272175,0.021559929319290516
Japan__309051289903060,0.23111840667062766,0.07034129874063788
Japan__309061289901130,0.06828557524910861,0.1695649751059194
Japan__309061289901330,-0.04490486466581789,0.09601471122903871
Japan__309061289901410,-0.11928064772366376,0.0004762461689203912
Japan__309061289901430,-0.09773346603924182,0.04198764163157265
Japan__309061289901450,-0.013604882279749653,0.11734234106405328
Japan__309061289901510,-0.30272851767833797,0.038499556446961014
Japan__309061289920010,-0.045321727355644936,0.23485850542201314
Japan__309061289920080,0.09122494347589283,0.020792084766372287
Japan__309081289911020,-0.040609243952715146,0.14351292511894287
Japan__309081289911080,-1.0130687584323232,-0.1224194702239274
Japan__309081289911140,0.08372393997257876,0.15975324124307033
Japan__309101289908010,0.01150618450132801,-0.0007038623473278882
Japan__309121289918110,0.13015987221805414,0.023620735833255524
Japan__309121289918160,-0.261300544155033,-0.2898667636678334
Japan__309131289919060,0.04158546419605591,0.026476405051594876
LamaHCE__1,-0.06957074162339993,-0.12843583616938647
LamaHCE__10,0.01574610087713091,0.043782967304805354
LamaHCE__100,-0.033166614468965516,0.011115602630374477
LamaHCE__107,-0.02806602398587099,-0.01967902410515654
LamaHCE__109,-0.004971578831138523,0.024067672629312087
LamaHCE__113,-0.050216742356959054,-0.03250864809145426
LamaHCE__124,-0.12637438306190796,-0.11148943402936773
LamaHCE__125,-0.08506663640976486,-0.11385438526723834
LamaHCE__132,-0.04034678738756936,-0.0701192272133686
LamaHCE__136,0.029494650449664706,0.010783687579063561
LamaHCE__139,0.025320384826343245,0.08435863561192969
LamaHCE__140,-0.09311717550935772,-0.04682514876031374
LamaHCE__142,-0.017699600958355655,-0.003509269124745251
LamaHCE__144,0.08939370088780874,0.08295413960312092
LamaHCE__148,-0.09699604954401797,-0.08943771879416929
LamaHCE__160,0.14154096107956304,-0.041765982401185675
LamaHCE__167,-0.05770661773767771,-0.0732525079744909
LamaHCE__171,0.07850241791747914,0.08432346834397153
LamaHCE__176,0.12945252750921177,0.14437742375072848
LamaHCE__18,0.06621412335110677,0.12253332288284491
LamaHCE__181,0.06878168856569822,0.11183377207228917
LamaHCE__186,-0.08365292728097129,-0.03973707264981441
LamaHCE__193,-0.10333855618568943,-0.10378627449039823
LamaHCE__199,0.0011922105363492141,0.04892520150742152
LamaHCE__209,0.04393342444402948,-0.05944307089342438
LamaHCE__210,-0.14118872580422842,-0.11470830336673082
LamaHCE__214,0.0016738672422961232,0.06410637776146877
LamaHCE__220,-0.2214601425225547,-0.23559970234991218
LamaHCE__222,-0.20217532743333633,-0.1859831486024196
LamaHCE__226,-0.04100271364481345,-0.08807562808970226
LamaHCE__230,0.012107815439154734,0.022893220625895716
LamaHCE__257,-0.05455797182260147,-0.03551864028066376
LamaHCE__266,0.09610423097644283,0.0689469526859876
LamaHCE__267,-0.17425083085633908,-0.07924963115157146
LamaHCE__268,-0.034152808345074503,-0.06982858876762343
LamaHCE__271,-0.050821442140729256,-0.0032148290674280933
LamaHCE__281,-0.049227817515995365,-0.030448153865172967
LamaHCE__29,0.05855741573016293,0.06001549532293704
LamaHCE__290,0.0708704016970172,0.11710100291862036
LamaHCE__297,-0.0017051913474790403,0.030351909892871842
LamaHCE__301,0.02285674498569279,0.03267442961114175
LamaHCE__305,-0.1171675890435041,-0.061425298034192055
LamaHCE__307,-0.07301882543482674,-0.02176425901284218
LamaHCE__310,-0.039653700301121364,-0.03709013627987978
LamaHCE__315,-0.11327552451588219,-0.08841140601613612
LamaHCE__316,-0.10858810560074827,-0.06943184057936014
LamaHCE__318,0.01704364251883428,-0.05418236961395728
LamaHCE__325,-0.03042998776783179,-0.03788403837040244
LamaHCE__33,-0.012097080328812182,-0.08479581535050085
LamaHCE__330,0.024512519427068002,-0.027002055693052807
LamaHCE__331,0.03645869647104272,-0.03185462356148405
LamaHCE__340,-0.0285577788290019,-0.03188275882284303
LamaHCE__343,-0.045400328750283436,-0.04775093196358193
LamaHCE__344,-0.08590232781080398,-0.07830172189237589
LamaHCE__348,-0.22868134349239588,-0.21364008498184128
LamaHCE__35,0.023776149814358827,0.04139270046157617
LamaHCE__354,-0.07519424669689545,-0.09760489806900963
LamaHCE__360,-0.003607614024346506,-0.005134250636690707
LamaHCE__370,-0.10728483136021882,-0.021430421247874865
LamaHCE__376,0.014426067095216093,0.1259450766190841
LamaHCE__380,-0.0361347207503353,0.05056839450715711
LamaHCE__383,0.013280911222556702,-0.03882227024590612
LamaHCE__389,0.05585587045829843,0.021588428925669034
LamaHCE__40,0.006042320486853159,0.028602385030381372
LamaHCE__411,0.04538682922976081,0.1482123309147235
LamaHCE__414,0.1354419451270728,0.06217026657744562
LamaHCE__416,0.2491758486600566,0.1418155388068879
LamaHCE__431,-0.05951172586911646,-0.07086464692528716
LamaHCE__448,0.007017582105320441,0.005223868543126953
LamaHCE__451,-0.01218135094505668,-0.0018412882676804854
LamaHCE__458,-0.017301396455075002,-0.06307539284708541
LamaHCE__459,-0.015676201933778333,0.003588280609192085
LamaHCE__463,0.04003330377874548,0.048923380624774304
LamaHCE__466,0.1342836488252963,0.04289809945093315
LamaHCE__469,0.005371799066589578,-0.022771236371378123
LamaHCE__474,0.0435611315393597,0.053204011188853206
LamaHCE__48,0.10010962205989027,0.31744547861952
LamaHCE__487,-0.014753424322069941,0.0014139304908941108
LamaHCE__489,-0.07237967465629036,-0.04599870372572312
LamaHCE__508,0.03843463284699866,0.02820886845325299
LamaHCE__51,-0.10164844207089307,-0.16387126629277726
LamaHCE__521,0.02776324495457594,-0.003546642112674636
LamaHCE__528,0.1281463034204321,0.15558659618097925
LamaHCE__531,0.029152442179269822,0.03239629375340469
LamaHCE__534,-0.010881960295048954,-0.06509419388367288
LamaHCE__535,0.04046347475494638,0.021937962830527624
LamaHCE__545,0.04581895397425284,0.08447245470503562
LamaHCE__548,0.11031348476204772,0.11754265180514245
LamaHCE__554,0.08158014193848073,0.11213768655100287
LamaHCE__559,0.06724026783867298,0.07243892635048899
LamaHCE__560,0.005505604713569534,-0.023136076736226308
LamaHCE__561,0.03356438207516921,0.011348622704927758
LamaHCE__565,-0.0027740705284319267,-0.007704738470707517
LamaHCE__570,0.08257668110953453,0.08439476702172632
LamaHCE__578,0.04178469984194699,0.005942477633261833
LamaHCE__580,-0.03522666833015253,-0.018323540861166054
LamaHCE__584,-0.046427107426164516,0.011137782491996262
LamaHCE__588,0.039876819908363226,0.007736104011721867
LamaHCE__597,0.012775900493315007,0.036312412599871946
LamaHCE__599,-0.07129350763115183,0.012365347946225014
LamaHCE__609,-0.067302009345649,-0.12689813758210533
LamaHCE__610,-0.30890550427838676,-0.14687161670171822
LamaHCE__619,-0.030895891933718445,-0.04175649510518198
LamaHCE__625,-0.09058324561631792,-0.0687244761446798
LamaHCE__626,-0.0828919100682638,-0.07902822651909924
LamaHCE__630,0.2212340178069624,0.22603649690796201
LamaHCE__632,0.19342752403140462,0.16823117439674695
LamaHCE__634,0.052912996983118465,0.011054833111951101
LamaHCE__635,0.055437170284585946,-0.023840239992490186
LamaHCE__638,-0.08099267048431691,-0.02491768785377302
LamaHCE__64,-0.13817396887091116,-0.1197388173659959
LamaHCE__642,0.09583718351150028,0.12175075127505541
LamaHCE__644,0.09601108212252885,0.10477647899447251
LamaHCE__645,0.03590140041861378,-0.006969490560471359
LamaHCE__646,0.15959001837270015,0.06228706371992887
LamaHCE__647,0.0870168323477356,0.11555181629462219
LamaHCE__650,-0.04076700794136723,0.007763158901414657
LamaHCE__653,0.21675314108793875,0.2512291077514658
LamaHCE__657,0.01863188274583094,0.029632810202634086
LamaHCE__661,-0.04802501187539365,0.025756585365234064
LamaHCE__662,0.18013650565795347,0.16387744424854844
LamaHCE__668,0.01787753002164938,0.012264467227771414
LamaHCE__671,0.03881680119530906,0.040104852881844066
LamaHCE__672,0.044202831593393,0.04472405322530648
LamaHCE__682,0.07782810136190976,0.12077047033120192
LamaHCE__694,0.07360168630816943,0.06425417347375206
LamaHCE__705,-0.04710295492619654,-0.011996920999562288
LamaHCE__706,0.09245862880309286,0.16335937198490236
LamaHCE__707,0.030257860071239207,0.0691009194272274
LamaHCE__709,0.04639767208353862,0.09525250442249011
LamaHCE__721,-0.17716548179183678,-0.22312091082183627
LamaHCE__724,0.09053408783665429,0.05544878192693736
LamaHCE__729,-0.0030399057234260507,-0.0027630894520606075
LamaHCE__742,-0.2834065411422412,-0.1583687820602166
LamaHCE__743,0.034983198422488204,0.027351770585575363
LamaHCE__751,-0.05527889335206637,-0.05809599139762922
LamaHCE__756,0.6136900467870202,0.4330511851234852
LamaHCE__766,0.05700409708023901,0.10649307958132859
LamaHCE__767,0.00748786012909497,-0.12454325077832884
LamaHCE__770,0.002300974687177604,-0.052744880960790386
LamaHCE__778,-0.018915602102662188,-0.004156745879250745
LamaHCE__784,-0.034211786592384996,-0.061676437921688865
LamaHCE__80,-0.041717198402025646,0.08275046528511876
LamaHCE__800,0.11993793490009153,0.08987036503975121
LamaHCE__802,0.019399679729785624,-0.033991758369761094
LamaHCE__81,-0.02572809142333754,-0.022661490777467153
LamaHCE__813,0.05023645359333806,0.04070744578261387
LamaHCE__817,-0.2660676934794893,-0.42549921678751346
LamaHCE__822,-0.0017813095722101213,-0.1051271258910984
LamaHCE__823,0.014650736401587539,-0.006149619673138207
LamaHCE__825,-0.010157143532924073,-0.05905673023459401
LamaHCE__831,0.027148151493254558,0.02156707100812527
LamaHCE__838,0.2095973190246854,0.2826011851262695
LamaHCE__843,-0.05574629811059151,-0.024700487405850735
LamaHCE__848,0.040107508944408954,-0.040812929901942296
LamaHCE__849,0.06338191120520598,-0.08806407456052312
LamaHCE__85,-0.4204061357782498,-0.24914029605529378
LamaHCE__850,0.7249423177013916,0.957958418493762
LamaHCE__851,-0.23073731131251085,-0.14396291432158642
LamaHCE__857,-0.3170288039711349,-0.3072081406284809
LamaHCE__865,-0.05246895001596549,-0.07172036931165279
LamaHCE__868,0.028980311760040386,0.03188258898106609
LamaHCE__877,-0.15250681199176147,-0.08797061934329709
LamaHCE__90,-0.04429313593469342,-0.07348969349924461
LamaHCE__93,-0.0844554682007963,-0.058366053983913035
LamaHCE__98,0.10678446156179244,0.10894987681545865
LamaHIce__102,-0.16948203182041682,-0.13726136991047133
LamaHIce__11,-0.12997299029370213,0.0340217516702388
LamaHIce__28,0.011023324970968584,0.003085617364606996
LamaHIce__34,-0.05163655427552016,-0.002685675125521869
LamaHIce__36,-0.09288254596555978,-0.01802282573335845
LamaHIce__38,0.05189439874154028,0.014950746596530118
LamaHIce__39,-0.14634788680124483,0.16294727438975276
LamaHIce__40,-0.02197115790389992,-0.018949500445078593
LamaHIce__48,-0.12261031471784212,-0.07394051865151985
LamaHIce__50,0.2416594866303485,0.29806607773234123
LamaHIce__59,-0.28446483057437166,-0.29773617116311357
LamaHIce__64,0.0360724691838272,-0.04742250535649589
LamaHIce__68,-0.035990752051605956,-0.06974130829511294
LamaHIce__8,-0.1445030169857262,0.054726499242422566
LamaHIce__82,0.01652339655267654,0.1711135053881394
LamaHIce__94,0.20972653303506544,0.1588305349619838
BOMAustralia__003202A,0.0906659753076442,0.07446403688850567
BOMAustralia__104001A,0.07922154344837912,-0.11420209677496768
BOMAustralia__105001B,0.1657723125838882,0.13601319641154264
BOMAustralia__107002A,0.019134275644141385,-0.14766422696211579
BOMAustralia__110003A,-0.1113429849244556,0.14449530128685217
BOMAustralia__110016A,0.41584360793300046,0.2769026453397488
BOMAustralia__111005A,-0.28542942646803726,-0.15392454069975237
BOMAustralia__112101B,0.18407518105573095,0.6119635270345298
BOMAustralia__112102A,-0.30443140694962273,0.18125151294243252
BOMAustralia__112104A,-10.62742714441542,-5.58683739567463
BOMAustralia__116006B,0.12282719241366802,-0.00010299314248801705
BOMAustralia__116011A,0.1529003435084944,-0.5945905450800202
BOMAustralia__116014A,-0.4627126345240547,-0.8187451937079988
BOMAustralia__118106A,-0.14942840995309006,0.0632969812155384
BOMAustralia__119006A,-0.6429094969720114,0.7509813317510623
BOMAustralia__119104A,0.2931581029764126,0.1640670347547758
BOMAustralia__120209A,0.0026902145350367057,0.004061923083362284
BOMAustralia__120216A,0.6520785669763949,0.5625341275712211
BOMAustralia__120304A,0.3138733125257329,-0.6022606941469424
BOMAustralia__121001A,3.0461904190100553,-0.4560831335133564
BOMAustralia__125002C,-0.08663204625962931,-0.073292738189167
BOMAustralia__125014A,-0.5354974803549507,-0.1934187580584693
BOMAustralia__130327A,0.5494651087120126,-0.7684136879197057
BOMAustralia__130334A,-0.6497394965794694,2.8867474537579465
BOMAustralia__130349A,-1.0482457029734886,-1.287379104493832
BOMAustralia__130376A,0.1155207735992232,0.3464525575764851
BOMAustralia__130406A,-0.38696357764091016,-0.06966912957783461
BOMAustralia__130416A,0.0978939957762297,-0.0765555375180451
BOMAustralia__133006A,-0.014234720089490449,0.010233684216469419
BOMAustralia__136118A,0.11991374922819698,0.2726839410252312
BOMAustralia__136211A,-1.7457431286724931,-4.815847642106433
BOMAustralia__136303A,0.06852658412165008,0.2881938547415741
BOMAustralia__137001B,0.7574702886044321,0.1459711821876553
BOMAustralia__137201A,0.1726675262419463,0.1234042661784254
BOMAustralia__138005A,-0.16646059332203952,0.5855007188405751
BOMAustralia__138010A,-0.03346304539113565,-0.07800654198825252
BOMAustralia__138014A,-0.008988687511461535,0.036216665014219496
BOMAustralia__138109A,0.1227496332792446,-0.015636482637150673
BOMAustralia__138110A,0.07056301695611683,-0.048689280262645795
BOMAustralia__141010A,0.07343177846838433,0.03561578697773471
BOMAustralia__142001A,0.06086981453423124,-0.16022009506454687
BOMAustralia__143016A,-0.0773953058358059,0.0252327064478155
BOMAustralia__143108A,0.2345963678991667,0.15783135154904415
BOMAustralia__143113A,-0.22542840724858015,-0.0803639920331618
BOMAustralia__143116A,0.12821168223316914,1.7024442667834356
BOMAustralia__143207A,0.4255535996455568,0.7594121915627328
BOMAustralia__143210A,0.5966750656151458,1.169246137546402
BOMAustralia__145010A,-0.21200929932160567,-0.2943983351773946
BOMAustralia__145013A,-0.9177196098900944,-0.2663002615761647
BOMAustralia__146002B,0.3398552040520707,0.028184242830820383
BOMAustralia__203041,0.11800705596758254,0.40754629007287435
BOMAustralia__203057,-0.9770613276954867,-1.025097376275946
BOMAustralia__204002,0.03827422718666312,0.0008921131796141846
BOMAustralia__204015,-0.07487893364688525,0.0055229235008272815
BOMAustralia__204033,-0.14753370326206627,-0.19695079963299245
BOMAustralia__204034,0.08828852980479385,0.11103505701600935
BOMAustralia__204046,-0.08195681394756527,-0.1193764950891798
BOMAustralia__206008,0.00407768577667339,-0.1298641953398441
BOMAustralia__206024,0.021078918510914146,0.037133995803385056
BOMAustralia__207009,0.01676101477537406,-0.22131781951473184
BOMAustralia__207017,0.028847210113114308,-0.129646145467418
BOMAustralia__208006,-0.093159327845445,-0.20095621771993233
BOMAustralia__208019,0.013683355426637789,-0.21402120451304885
BOMAustralia__208027,-0.005662854632459746,-0.005870520299038673
BOMAustralia__210002,0.06064444975259775,0.010420516210100428
BOMAustralia__210004,0.24787447911871235,0.029277785760386088
BOMAustralia__210006,0.15692088344043192,0.023853940738467583
BOMAustralia__210056,0.04646476974781799,-0.09007758490578555
BOMAustralia__210089,0.279221133043105,0.055426150171506094
BOMAustralia__210143,-0.03455816096083342,0.033868328113208945
BOMAustralia__210144,-0.07980982145819193,0.07102396122528565
BOMAustralia__210147,0.1746653592210375,0.07408970908932219
BOMAustralia__212009,-0.01225497948896681,-0.1063486341888501
BOMAustralia__212011,0.021144090656413317,0.4351762087908428
BOMAustralia__212053,-0.18189258932277447,-0.21424227246288857
BOMAustralia__2122051,-0.23054246431525494,-0.2515899744664374
BOMAustralia__212250,0.057655566419708704,0.15361320988723873
BOMAustralia__2122512,0.07278459732152653,0.363875245886495
BOMAustralia__2122517,0.02064579811091133,-0.024257444541697926
BOMAustralia__2122951,-0.012219700267850075,-0.054655399953099204
BOMAustralia__212297,0.0948685229420673,0.0418234955601591
BOMAustralia__213011,-0.14934572707579574,0.14291041569116025
BOMAustralia__213018,0.03769440512374447,-0.03833140029850629
BOMAustralia__2152201,-0.06481724984807691,-0.07476334401550128
BOMAustralia__215237,-0.08243603515542881,-0.122017941318421
BOMAustralia__218001,0.1385930417168788,0.09562685415929417
BOMAustralia__218007,0.07302318811894704,0.018583215582899437
BOMAustralia__219016,-0.16899940222425852,-0.24382886789890038
BOMAustralia__219034,-0.007007376439548518,0.09587663450132755
BOMAustralia__221210,0.10343633320852919,0.35941922050394237
BOMAustralia__221224,0.08018573287486142,0.17494635915173928
BOMAustralia__222023,-0.0813588580432431,0.1843417490145748
BOMAustralia__224214,-1.2951537408372777,-1.645440477712198
BOMAustralia__225217,0.15841897029672697,0.1198470899749791
BOMAustralia__225219,-0.3262245164695601,-0.3134236675316686
BOMAustralia__225702A,-0.46053135365715053,-0.5351036934133555
BOMAustralia__225715,0.7756757620263857,-1.111666001648104
BOMAustralia__225728A,-0.2244483180837327,0.5292612588972632
BOMAustralia__225730A,-0.1902743302813319,0.042151142874399694
BOMAustralia__226408,-0.022227604041970495,-0.0013625364608167434
BOMAustralia__227213,0.0008344447164941871,-0.020503544125772294
BOMAustralia__227231,-0.16239247866300982,-0.15123699705702287
BOMAustralia__228207A,-0.15857154555483177,0.37930385704247166
BOMAustralia__228214,0.10697526398440188,0.23030805629547563
BOMAustralia__228219C,-0.4766459080214498,-0.4746995120785298
BOMAustralia__228231A,0.19937077020139582,0.23691217978430118
BOMAustralia__228255A,0.019881357848483105,0.07152703654001924
BOMAustralia__228364A,-1.4856631007848426,-0.6124777494447087
BOMAustralia__228373A,-0.7106996542546783,0.38463833324734337
BOMAustralia__228395A,-0.5967977448880025,-0.4967635136181171
BOMAustralia__229104C,-0.325772039868264,-0.4559729746769655
BOMAustralia__229144A,0.052621880257760045,-0.4793789348790196
BOMAustralia__229246C,-0.1415659584685549,-0.288043971690195
BOMAustralia__229270A,0.10592521875581706,0.41247679644919155
BOMAustralia__229400A,0.7534237794542749,2.3338791750444963
BOMAustralia__229610A,-0.21856446817325842,0.2529057265230756
BOMAustralia__229617A,-4.113862829450082,-1.7126436429389416
BOMAustralia__229624A,-0.013385817366855901,0.1033562944144018
BOMAustralia__229628A,-0.3132191477757067,0.9155134713182838
BOMAustralia__229652A,0.009423987875092799,0.15631744262815417
BOMAustralia__230232,-0.3787361646156373,-0.5006874315116403
BOMAustralia__231106A,-0.5014886030810088,-0.9887266151982402
BOMAustralia__231208A,-0.5053147217846402,-0.1765785406770764
BOMAustralia__231221,0.19965204498235195,0.06825142261258349
BOMAustralia__231231A,-2.1279963286807235,-1.1264016413989548
BOMAustralia__231721A,0.030815762732940913,-0.009149771452301891
BOMAustralia__232211,0.08308289812563849,-0.4590347639843009
BOMAustralia__232213,-0.164803475372783,-0.4499239072467745
BOMAustralia__232242A,-1.8714943107070208,-1.3363918627728886
BOMAustralia__233200,-0.034486502396115004,-0.4756692614699054
BOMAustralia__233201,0.07024657624806618,-0.0741011390805354
BOMAustralia__233227,7.235932206946618,4.73276631847915
BOMAustralia__233247,0.09495416227209308,-0.04523652123387861
BOMAustralia__233257,-0.3770989720332097,-0.4609907303895574
BOMAustralia__234200,0.5137579430462296,0.0005320410421165711
BOMAustralia__234209,0.3368760591615446,0.06891305515170598
BOMAustralia__234215,4.6518750678531156,0.072944436665896
BOMAustralia__234701,-0.6169765622612449,8.547555436653711
BOMAustralia__235203,0.0817220455522179,0.15659892902261285
BOMAustralia__235225,-0.2852955082024048,0.0081269616266888
BOMAustralia__235229,0.2000953446581613,0.1149602641129204
BOMAustralia__235233,-0.3516412033023681,-0.16125019772168642
BOMAustralia__235237,0.1506530498682036,-0.07463407479042311
BOMAustralia__235241,0.24491622947567643,0.4526038463376834
BOMAustralia__235255,13.896770069888138,4.4623844557682295
BOMAustralia__235257,-0.30047190882244257,-0.391772666290807
BOMAustralia__236204,0.12088563461530877,-0.836156238840768
BOMAustralia__236227A,0.03979427007204944,0.0616156642947675
BOMAustralia__237208,-0.6098694725180629,1.138191134171282
BOMAustralia__238202,-0.10055356286461697,0.11559016295692115
BOMAustralia__238208,1.3456296481553118,1.144758450448767
BOMAustralia__238210,-0.6605559427254905,-0.6517415444710641
BOMAustralia__238220,0.8682576543050231,0.18641692670165722
BOMAustralia__238223,0.4593650364875307,-0.1871776637201481
BOMAustralia__238224,0.032799113327944385,-0.35223816511452277
BOMAustralia__238702,-0.4242923694518699,0.12798789053739568
BOMAustralia__401014,0.12051960985974242,0.12147113168438595
BOMAustralia__401015,0.1972929996516376,0.016138747755591987
BOMAustralia__401026,-0.22183608623547796,0.00228833602186318
BOMAustralia__401210,-0.0946080601270547,0.030933151758497757
BOMAustralia__401216,-0.14091335693993057,0.13035450267420434
BOMAustralia__401231,-0.04070065346894858,0.0005570407374978492
BOMAustralia__402213,-0.06726499542953579,-0.6800900856843061
BOMAustralia__402215,0.9438756961169199,0.1800778704730683
BOMAustralia__403221,0.08550559327935142,-0.14866316211049768
BOMAustralia__403222,-0.26253744279642555,-0.15094661079019978
BOMAustralia__403223,0.14408877871441195,0.06515983662454838
BOMAustralia__403230,0.01986532148891451,0.008160361339843103
BOMAustralia__403241,0.06717828269005077,0.12205955861170736
BOMAustralia__403249,-0.06711869354972033,0.34393987982752594
BOMAustralia__404206,0.09083931676690149,0.10903176337039633
BOMAustralia__404207,0.17186162269532657,-0.06436459057821664
BOMAustralia__404239,2.7231300446215867,1.7078103425709381
BOMAustralia__404246,0.4258191132031164,0.03273759140464022
BOMAustralia__405201,0.1399007599060207,0.13033894948546187
BOMAustralia__405203,-0.0859843463989631,-0.004556664111224601
BOMAustralia__405218,-0.2753236075145412,-0.07734391259417939
BOMAustralia__405219,-0.44381735995535865,-0.2664724054168946
BOMAustralia__405231,-1.1238256050634328,-0.4484531100815502
BOMAustralia__405238,0.2747420286193396,0.20171351920514258
BOMAustralia__405248,0.04672401242699811,0.624858093414989
BOMAustralia__405251,0.07125115485197997,0.17933745649846367
BOMAustralia__405264,-0.14664923006882769,-0.33492840564167725
BOMAustralia__405709,-1.010955967222703,-0.14580327252592878
BOMAustralia__405719,1.513826706762611,-0.406486211283259
BOMAustralia__405746,13.701693223387348,9.507302732532224
BOMAustralia__405758,7.252916467683298,-2.5540570528036772
BOMAustralia__407205,-0.9393306447779624,-0.1753482801035223
BOMAustralia__407220,0.03034792420985427,0.04037782111549493
BOMAustralia__407237,-0.26018009077009124,-0.3614372639611384
BOMAustralia__407284,2.1331407025141864,-0.7200714265632198
BOMAustralia__407295,0.4512007277823986,0.5776748182193197
BOMAustralia__407300,-4.105754311808104,-1.3997858889436299
BOMAustralia__407712,2.8890082719682164,0.7942560869015671
BOMAustralia__409044,-0.028178900084922853,0.08969582379156693
BOMAustralia__41000254,-0.1254234823419058,-0.10423029999876249
BOMAustralia__41000271,-0.16987238643712352,-0.2294696188203253
BOMAustralia__410014,-0.30359682421963063,-1.1653347988542935
BOMAustralia__410062,0.03143786198957943,-0.23734900112810908
BOMAustralia__410110,2.365784703827558,0.967199282523642
BOMAustralia__410114,0.1036360720019478,0.0030958236592254496
BOMAustralia__410534,-0.045303895374513736,-0.13006562308301217
BOMAustralia__410575,-0.2155518610159971,0.07724052466882403
BOMAustralia__410738,-0.1447947561028029,-0.019798101921366218
BOMAustralia__410781,-0.20180861402154748,0.17309273997014835
BOMAustralia__41200210,-0.04682603917931494,0.2736921143116792
BOMAustralia__412014,0.3144546158266302,-0.6754976350129667
BOMAustralia__412066,-0.005496576176485801,0.00017281298332005868
BOMAustralia__412134,10.556558373252047,3.9446553722525586
BOMAustralia__412195,-0.27676391894920116,-0.023343855559509907
BOMAustralia__415252,0.32845774404796657,0.4664680004799516
BOMAustralia__416003,-0.015582353652294878,-0.03569840055966922
BOMAustralia__416006,0.08684592243981393,0.05040122500777916
BOMAustralia__416021,0.0707881046645012,0.03960630680332544
BOMAustralia__416037,-0.1471730490041352,-0.05067072085978236
BOMAustralia__416039,0.12225333888374179,0.12696567546912663
BOMAustralia__416052,0.19281113368110098,0.6069655278994854
BOMAustralia__416080,0.2634881090391073,0.7243607314411539
BOMAustralia__416310A,0.512421123006156,0.26784207973667173
BOMAustralia__416317A,-0.09195102880058653,0.1331547723903132
BOMAustralia__416318A,0.4751208550382138,0.3723153708100032
BOMAustralia__416319A,-0.3356973987086293,-0.2688153094307888
BOMAustralia__416410A,-0.44461975436200163,-0.0404018957132265
BOMAustralia__418025,0.1563277845708061,-0.00034510683531741027
BOMAustralia__418049,1.3435602788025953,0.12586150145112818
BOMAustralia__418052,-0.2635132228461026,-0.17397142236504598
BOMAustralia__418053,0.05494151976928738,-0.6074493209614615
BOMAustralia__418068,-0.14070456825357402,0.1990571339484228
BOMAustralia__419020,-0.3394387983487737,0.065106894597071
BOMAustralia__419032,0.1506942353861224,-0.021047059568957194
BOMAustralia__419033,0.3012264591222662,-0.06558963211280583
BOMAustralia__419043,-0.1686080462656838,-0.2536274090779415
BOMAustralia__419051,0.251785060904544,0.3400338278420964
BOMAustralia__419086,0.2888445280700783,0.0824106327321667
BOMAustralia__419112,-0.07887522419666149,0.10017930339671399
BOMAustralia__420017,0.20220082223696462,-0.028846654251261483
BOMAustralia__421015,0.5461832002887372,-0.9951665685469828
BOMAustralia__421026,0.34432657086910345,0.11605265533203446
BOMAustralia__421076,-0.1389088233506499,-0.4869906159772306
BOMAustralia__421164,3.549987222004737,-0.4644502044764037
BOMAustralia__421184,0.2677792634094761,0.5177178120575759
BOMAustralia__421188,0.1016848570157397,0.24482234567763667
BOMAustralia__422022,0.3178874908242646,0.5566229555688373
BOMAustralia__422026,-0.03570083999758361,-0.232064132474679
BOMAustralia__422031,-9.889245338543848,3.1484794523465407
BOMAustralia__422209A,0.1411205882487474,-0.3287762281505606
BOMAustralia__422211A,0.2448941212659961,0.5745283992135537
BOMAustralia__422316A,-0.06091040425459571,-0.06502360771929866
BOMAustralia__422341A,-0.10277288812193341,-0.1512100789302484
BOMAustralia__422353A,-1.1946021565827818,-3.418415954081456
BOMAustralia__422394A,0.21726126419983582,0.02220640928204387
BOMAustralia__600166,0.0175302713869796,-0.037793213798797076
BOMAustralia__600169,0.03816991448533669,-0.7033978374908505
BOMAustralia__600577,-0.14841886212200517,-0.16088437490179353
BOMAustralia__601004,6.857605599114554,8.878298803949928
BOMAustralia__601008,1.181783512033108,0.5929236885254113
BOMAustralia__601015,8.530709676568645,-4.015322143241115
BOMAustralia__602001,1.155711110948151,0.2339604673702598
BOMAustralia__602199,-0.2173321638801416,-0.05326199991540592
BOMAustralia__603024,0.06432977400564122,-0.03497165005716596
BOMAustralia__603028,1.5484425206305898,3.3786820715448407
BOMAustralia__607038,0.20498379567073866,0.036093847733149165
BOMAustralia__608015,0.101998252561951,0.7608722138113607
BOMAustralia__608019,0.23806881630636245,0.3867506506584609
BOMAustralia__608020,0.031184165146735277,-0.08562533508407605
BOMAustralia__608171,0.019738314915419997,0.43693665454542274
BOMAustralia__609005,-0.1145175109410386,-0.39602367371518393
BOMAustralia__609035,4.106786501209424,-4.0458875883395535
BOMAustralia__609077,0.14882984541681765,0.07698082076888013
BOMAustralia__610009,0.524800259875331,-1.8530612006130966
BOMAustralia__611009,0.4600178444548782,0.42953033874285934
BOMAustralia__612021,0.5004454612653982,-0.2890909838263815
BOMAustralia__612023,0.5529835568832309,0.2506557324288178
BOMAustralia__612025,-1.3625197725134899,-0.6032409417349154
BOMAustralia__612047,0.19787436577776024,0.40107744487533603
BOMAustralia__614025,2.06366715341962,0.1905610032825103
BOMAustralia__614105,0.6425912658083661,-0.05298253028483352
BOMAustralia__614196,0.37786571153128456,0.46426889086935763
BOMAustralia__616010,-0.3332954603539394,0.349149334000345
BOMAustralia__616014,0.08911476156652165,0.02508003587655927
BOMAustralia__616086,5.856297333194941,-0.047047516715999826
BOMAustralia__616134,-0.43411211415279277,0.10377670891308088
BOMAustralia__617002,-0.783399869589692,-30.894951561779553
BOMAustralia__707004,0.4888397269536708,0.4465969342425131
BOMAustralia__708001,3.607705090276335,7.673874490514577
BOMAustralia__708227,0.7704290724670947,-0.13714784822455028
BOMAustralia__802202,0.14094409403949226,0.0605624295555095
BOMAustralia__802213,-0.024696773501565072,0.036894857266377534
BOMAustralia__806001,0.004755832646926916,0.13049044045758662
BOMAustralia__806004,-0.131718185381471,0.06922905743443969
BOMAustralia__806005,0.020496137650508284,-0.01051955899325252
BOMAustralia__806007,0.14848730176935898,0.702481012375836
BOMAustralia__913004A,-0.6633018360067191,-1.1143395662061966
BOMAustralia__915211A,-0.8854732320982994,0.4957057293688967
BOMAustralia__919201A,-0.6425483617131027,-0.3951934534019367
BOMAustralia__919309A,0.18935225117326748,0.07258731665074492
BOMAustralia__922101B,-0.12659392295798555,0.025389953086429662
BOMAustralia__A2390523,-0.3580595486978761,-1.0012175397906686
BOMAustralia__A2390542,4.965305640566797,2.7713407798927903
BOMAustralia__A4260530,-0.250852230114307,0.17036011037366378
BOMAustralia__A4260536,-4.164178654328275,0.8497567660961798
BOMAustralia__A4260600,0.22807464603805339,-0.1927396053914497
BOMAustralia__A5010503,0.26545132718482384,0.42406904572735354
BOMAustralia__A5040503,-0.4033314185266703,2.468784000863263
BOMAustralia__A5040546,4.8589121695355555,23.401357210114895
BOMAustralia__A5100502,-3.4709958877119633,-29.06597320252234
BOMAustralia__A5120500,-0.6055875567145221,-1.2525903139496923
BOMAustralia__G0060009,0.6687161766606021,1.0510001486294214
BOMAustralia__G0280010,0.5506386812323354,0.2791012164731183
BOMAustralia__G0290012,-1.9428084256961493,-2.917441010835601
BOMAustralia__G8110006,0.3015318268050267,0.1091139561832615
BOMAustralia__G8140060,-0.07164052183276504,-0.10093205851336351
BOMAustralia__G8145749,-1.0896039888572706,-1.0065275406984462
BOMAustralia__G8150180,-0.04228198212826384,-0.018692955761603125
BOMAustralia__G8170002,-0.039485277234864835,-0.020935829430400288
BOMAustralia__G8170084,-0.035266591001450354,-0.054419968299132426
BOMAustralia__G9030176,0.11731506334184416,0.07195064876408341
BOMAustralia__R0060007,0.079472669176389,0.1121932860308492
CAMELSH__01013500,-0.008429886788596797,-0.10936242085172354
CAMELSH__01015800,-0.07503120150981424,0.043687066869292135
CAMELSH__01017000,-0.04886237633281565,-0.01422020485374853
CAMELSH__01018000,0.026459042520843856,-0.06665282091388824
CAMELSH__01022260,0.10277417378012255,0.09173891322384464
CAMELSH__01022330,0.08727299185540993,-0.07488286277105771
CAMELSH__01027200,-0.26772923279244654,-0.18209422493729643
CAMELSH__01031300,-0.13522467945690386,-0.11266716118538511
CAMELSH__01031450,0.04132734611241162,0.011006028669423129
CAMELSH__01043500,-0.12722742025508338,0.03814317984548671
CAMELSH__01047000,0.024250902587521384,-0.07468282274077986
CAMELSH__01047150,0.04861443220908235,-0.10258053402592049
CAMELSH__01048220,0.014629092180365122,-0.020871708821931234
CAMELSH__01052500,-0.04401624667893378,0.030537504527300863
CAMELSH__01064118,0.43342008613251626,0.33084263357743604
CAMELSH__01068910,0.09389918030683941,0.0526918723215678
CAMELSH__01072800,0.007207855296579746,0.046925274470422274
CAMELSH__01073500,0.06421988353945185,0.12604250084004165
CAMELSH__01076000,0.0028498303830613025,-0.07857517307825501
CAMELSH__01085500,0.3154542723698448,0.23948771012738257
CAMELSH__01091000,0.016070310129215004,-0.06795990135703711
CAMELSH__01094500,-0.031597004061461376,-0.10493770328947372
CAMELSH__01097000,0.09612265121106844,0.0608321162340546
CAMELSH__01098530,0.05220360847412309,-0.015324514092559194
CAMELSH__01100600,0.023962892087781684,0.009928239280830198
CAMELSH__01102345,0.045010514108622,0.015548088128400361
CAMELSH__01105585,0.159430290308435,0.06298014494716259
CAMELSH__01105600,0.07660496670349759,0.07732492160505167
CAMELSH__01105730,-0.04292575824394629,-0.01756459677408284
CAMELSH__01109403,-0.005015681395764138,-0.05145512538236929
CAMELSH__01109730,-0.007177804568994306,-0.05671346553462131
CAMELSH__01113695,-0.024660730175601553,0.032053763172501526
CAMELSH__01115187,-0.038044262293727926,0.06326080882243312
CAMELSH__01115770,0.027926140784951037,-0.0021416012880296487
CAMELSH__01117000,-0.3593951261886352,-0.29662100818220316
CAMELSH__01118000,0.07250050739814551,0.022691662837506565
CAMELSH__01118300,-0.003756766613343898,-0.016455230086120265
CAMELSH__01121000,-0.06320220832596352,0.10010579046974982
CAMELSH__011230695,0.015606113582690706,0.040192565937967495
CAMELSH__01123360,-0.12085680512254648,-0.058653989467611245
CAMELSH__01124151,0.1050202227096988,0.05998235670688323
CAMELSH__01125100,0.045850563154963386,-0.07581743638018201
CAMELSH__01130000,0.03899758152917954,0.007128062553224845
CAMELSH__01135150,0.07457954145787382,-0.046789018496943835
CAMELSH__01151500,0.05669762043780546,0.08464479782696088
CAMELSH__01153000,0.0262991388036542,0.07461549904921339
CAMELSH__01153550,-0.03563319035939161,-0.003285124530418293
CAMELSH__01157000,-0.18995410228974735,-0.10526226620993373
CAMELSH__01169900,0.006873202511586407,0.08059895536167994
CAMELSH__01172500,0.02743416133270915,0.0019828313689205235
CAMELSH__01191000,0.3580663873428569,-0.010666912756164604
CAMELSH__01192500,0.06089407640092337,0.018818236329504856
CAMELSH__01195490,-0.05980205399595229,-0.1251205767421486
CAMELSH__01196561,-0.06572262610332646,-0.16062156483687096
CAMELSH__01197000,-0.130465993745827,-0.11250392842103596
CAMELSH__01199000,-0.04487913019619394,0.004161960377845997
CAMELSH__01200500,-0.10632298904500948,-0.025716581875264377
CAMELSH__01202501,-0.0875021205073061,0.017141796609474125
CAMELSH__01204000,-0.10031661776842515,0.1013871957163599
CAMELSH__01208500,-0.02242368151081997,0.019148008149267426
CAMELSH__01329500,0.0006965197540101942,0.01564558902243529
CAMELSH__01334000,-0.08267303492369293,-0.024063695052600198
CAMELSH__01334500,-0.1612104626735913,0.0238577373211194
CAMELSH__01349700,-0.026723894862771713,0.1258691204908834
CAMELSH__01349810,-0.014978409873811604,-0.029881417959231937
CAMELSH__01349950,0.08036966015219571,0.10739446840821254
CAMELSH__01350035,-0.0019282407371772337,-0.05601919009217171
CAMELSH__01350101,0.10748114441198331,0.16620872120592212
CAMELSH__01350120,-0.33390315155799694,-0.13207752844167464
CAMELSH__01350140,0.015472348346267317,0.09526649301597634
CAMELSH__01360640,-0.043043467729124374,-0.036544048337540935
CAMELSH__01374581,-0.011963799698692656,0.03854732147516071
CAMELSH__01374901,-0.18245004327970682,0.03900322106451093
CAMELSH__01374918,0.12141071377981372,-0.03966828693540436
CAMELSH__01380500,-0.07184103505992812,-0.07287936587087485
CAMELSH__01381400,0.0092677604649124,0.02695162123181416
CAMELSH__01386000,-0.10538909198243329,-0.055760400386918985
CAMELSH__01388000,0.02534454315912338,0.06848480136256252
CAMELSH__01388500,-0.14660663050584632,0.046376946400131125
CAMELSH__01405500,-0.006403656877195907,-0.09538641525482727
CAMELSH__01409810,-0.009187042859016836,0.07396592949125025
CAMELSH__01413398,-0.01972306833040749,-0.00342325139989752
CAMELSH__01414000,0.07653352423996529,0.06555438517900258
CAMELSH__01417000,-0.07712572641227855,-0.0716921088506996
CAMELSH__01422500,0.2489494335303596,0.1079545606497826
CAMELSH__01422747,0.06698831461025034,0.05742894932175591
CAMELSH__01427500,0.015803165983874545,0.018124046102517832
CAMELSH__01428000,0.06251326149136494,0.09483178544759141
CAMELSH__01432900,-0.10771698174203714,-0.015071804308540493
CAMELSH__01433500,0.03275210607474849,0.04313233187125881
CAMELSH__01439800,0.01131755170393789,0.0621759396091236
CAMELSH__01440000,-0.04378452114673026,0.018659804324012375
CAMELSH__01440400,-0.0052460935409341936,-0.08062310391592542
CAMELSH__01443280,0.2085604431172734,-0.028091291741800695
CAMELSH__01445500,-0.0908594023639826,-0.12134602827120355
CAMELSH__01446775,0.11465700802573231,0.044739690537475285
CAMELSH__01446776,0.18265079532676887,0.03440089574550109
CAMELSH__01447720,-0.08396028639281139,-0.11213376667499364
CAMELSH__01447800,-0.027140991335941833,-0.03494318485431569
CAMELSH__01449000,0.09465094070849778,0.07417463253096346
CAMELSH__01449360,-0.28788885779226714,-0.014545462635939588
CAMELSH__01450500,-0.1425802454684758,-0.05534360668945415
CAMELSH__01455500,0.09567204019126685,0.0986134558826452
CAMELSH__01460880,-0.2725834962720973,-0.12570389716922054
CAMELSH__01470756,-0.12360321637033678,0.012431102059540788
CAMELSH__01470853,0.20700886339480729,0.2658712694541945
CAMELSH__01471000,-0.03978796453673583,0.02283579267415148
CAMELSH__01471510,0.0037028639652887385,-0.035325803645792964
CAMELSH__01471875,0.017746057819029715,-0.08499814351760115
CAMELSH__01472000,-0.0012956215015752504,-0.0010835096333979832
CAMELSH__01475000,0.06921466134248933,0.10748116529442542
CAMELSH__01477800,0.4555817277640785,0.2662570917360597
CAMELSH__01478120,0.061871088412659536,0.104957699517234
CAMELSH__01479000,0.014824193262299223,0.050042497995627544
CAMELSH__01479820,0.17794509346135473,0.23153553460622378
CAMELSH__01485500,0.28151508297806405,0.16181322809222953
CAMELSH__01492500,0.1847442757526464,0.03645529196289343
CAMELSH__01500000,-0.03821029375337359,-0.019000587975585015
CAMELSH__01514000,-0.0077447407804294155,0.04453635444642168
CAMELSH__01516500,-0.11927774355797915,-0.05865402148210863
CAMELSH__01521500,0.013192922093413606,0.07022677887371698
CAMELSH__01529500,-0.09867443159181644,-0.022555486271772396
CAMELSH__01531000,0.016799805747944707,-0.009863245365229312
CAMELSH__01544000,-0.04250923885152258,-0.0576702480808009
CAMELSH__01544500,0.018710323425235487,0.00806260819267035
CAMELSH__01547100,-0.07747064752422983,0.1596007053330123
CAMELSH__01547500,0.053959874762321114,0.03773646465163816
CAMELSH__01548005,0.08740536575751023,0.12744089773884826
CAMELSH__01549700,0.008802039260460748,-0.029557676499208263
CAMELSH__01557500,-0.026563921653664946,0.005081613291445741
CAMELSH__01558000,-0.05930638144487632,-0.036913034907440245
CAMELSH__01563200,-0.012040615213491312,0.05541871414057897
CAMELSH__01567000,0.04661640783450505,0.03304213203782991
CAMELSH__01571184,-0.29264602169680143,-0.5317687042403114
CAMELSH__01573482,0.19918440356373823,-0.07125328755635318
CAMELSH__01573849,-0.22898369571462363,-0.23728732651703865
CAMELSH__01589100,-0.1594567041896342,-0.04987273018181601
CAMELSH__01595300,-0.10717667955510135,-0.08630880762252169
CAMELSH__01601000,-0.02560129915947551,-0.03145860750893292
CAMELSH__01606000,-0.03385204152121324,0.01960556127743618
CAMELSH__01616100,0.1854566015940734,-0.07767994569490494
CAMELSH__01617000,0.08333909358164271,0.3647816008071623
CAMELSH__01619500,0.020493190354964774,-0.034827315532451
CAMELSH__01620500,0.033545268445849596,0.03777070535072824
CAMELSH__01622000,-0.02804677763557939,0.004757418816170755
CAMELSH__01630700,-0.5656500495921524,-0.33646566822052015
CAMELSH__01631000,-0.17132142563831887,-0.10492218144869492
CAMELSH__01632000,0.02127710537578953,0.0138924703507598
CAMELSH__0163626650,-0.1917850237602493,0.0037339877054096693
CAMELSH__01643395,-0.0006133207917501937,0.002068453692727512
CAMELSH__01644371,0.0046408423690268985,-0.03397115567213527
CAMELSH__01644380,0.02484353260040062,0.012339409911845456
CAMELSH__01645000,-0.09589912859869404,-0.0849117693035818
CAMELSH__01647850,0.10316106530345298,-0.002009181244219782
CAMELSH__01653000,-0.009599564781102465,-0.14542040455446614
CAMELSH__01654000,-0.07232021450552595,-0.1276407818145685
CAMELSH__01656000,-0.3205301629114678,-0.5689441014130954
CAMELSH__01659500,-0.040338354499022344,-0.11944772027670547
CAMELSH__01662800,-0.18543489587878964,-0.14208977321241073
CAMELSH__01664000,-0.017250688605998432,-0.07529003226010966
CAMELSH__01667500,-0.15405086058995454,-0.2707824663541961
CAMELSH__01668000,0.0049763325090274035,0.015103667901732898
CAMELSH__01672500,-0.016048523857924768,-0.10309934764309558
CAMELSH__02013000,0.02907414586119783,0.018132604741801117
CAMELSH__02017500,0.015081017845734901,-0.010830352679198851
CAMELSH__02018500,-0.013539975828000261,0.05660148652551178
CAMELSH__02024752,-0.025667049468883874,0.021687039519408646
CAMELSH__02027000,-0.14796554648552374,-0.08611708208260105
CAMELSH__02027800,0.29247471934947694,0.16168891313535413
CAMELSH__02041000,-0.00402036169277431,-0.05561678427964678
CAMELSH__02055100,-0.1309388610066542,0.007554023529999676
CAMELSH__02056000,0.0038211754435302225,0.06799235487955602
CAMELSH__02059485,0.09626741484342749,0.06494304840253773
CAMELSH__02062500,0.01120425290788718,-0.03682464096128335
CAMELSH__02066000,0.010563797925157714,-0.019406327789363353
CAMELSH__02068500,-0.06642492269707045,0.02384474916590562
CAMELSH__02075000,0.0031438153762390897,0.003946332045896228
CAMELSH__0208111310,0.007522902240486351,-0.0331749627982586
CAMELSH__02085220,-0.6221624410074649,-0.36641442607128477
CAMELSH__02091000,-0.04339913459585165,0.010914014795245675
CAMELSH__02105900,0.10745515852210719,-0.10011118571052552
CAMELSH__02108000,0.04316556468468258,0.019340287858065852
CAMELSH__02111000,-0.35606133194927053,-0.24762436149484246
CAMELSH__02111180,-0.07896049654428805,0.003962223579659141
CAMELSH__02111500,-0.15962904630953567,-0.07020979564015795
CAMELSH__02112250,0.04531449295096124,0.017215603469302843
CAMELSH__02118500,0.15061675860903145,0.1617200897962341
CAMELSH__02123567,-0.07945291431882634,-0.0563937250086019
CAMELSH__02128000,0.033348501796146346,-0.033673810660408754
CAMELSH__02137727,0.016580366045590655,0.02954550418433377
CAMELSH__02143040,-0.05621888160357669,-0.0016286455040300796
CAMELSH__02150495,-0.27073725416193267,-0.36999044650951457
CAMELSH__02157490,0.0030305067707346867,0.06989428371764411
CAMELSH__02163001,0.0647958725501967,0.17144072274284916
CAMELSH__02178400,0.08175272979507131,0.07032028520773448
CAMELSH__02191300,0.0022380085554910556,0.04727167286128464
CAMELSH__02198690,0.11569676462011225,0.18332444596482939
CAMELSH__02203700,0.04616615077119868,0.0006471287833413886
CAMELSH__02207120,0.10039319032206429,0.1256094451535057
CAMELSH__02208050,-0.1789753686885009,-0.3854309373999543
CAMELSH__02221525,0.16091767943529356,0.012811666080771555
CAMELSH__02231342,-0.011459103261581949,-0.08192152570778666
CAMELSH__02231396,-0.019159671445482807,-0.06731893556964008
CAMELSH__02232200,-0.020502497875046488,-0.03371197343657373
CAMELSH__02232500,0.053027587348735916,-0.11774063011283986
CAMELSH__02245500,0.1643686811338132,-0.015134725735837518
CAMELSH__02270500,-0.03413301576904104,-0.11455340357976729
CAMELSH__02271500,0.09025947585634897,0.03998256692773694
CAMELSH__02274005,-0.2348757923343439,0.0766727268112034
CAMELSH__02292900,-0.15584569324620962,-0.07730861152645724
CAMELSH__02297100,0.17025965865756176,0.05232349605806874
CAMELSH__02297105,-0.25032404858448465,-0.1889829281232812
CAMELSH__02298110,0.014870312075695225,-0.040214436560728095
CAMELSH__02298495,0.07118029747509069,0.054157712653911894
CAMELSH__02299950,-0.05915985249140798,-0.04768601309954745
CAMELSH__02301990,-0.2353989770613898,0.006656309036752961
CAMELSH__02302010,0.13768222326536805,-0.12093855287315491
CAMELSH__02302500,-0.26942487931590076,-0.4104074912098262
CAMELSH__02303800,-0.06857395766228014,0.017377346774030467
CAMELSH__02307323,-0.015999764775707304,0.07938273507355523
CAMELSH__02310947,-0.09238311305520808,-0.11076119729600553
CAMELSH__02322800,-0.05157678377898689,0.09717563788207706
CAMELSH__02324000,-0.11417300464151653,0.1608381954351928
CAMELSH__02324400,-0.14803933876557562,0.21542008189673623
CAMELSH__02326000,-0.02487935687574583,0.11790980193005118
CAMELSH__02327033,0.21954165971574524,0.1566980569473433
CAMELSH__02334578,-0.0640639689709609,-0.14922728674151026
CAMELSH__02342850,0.009092634419347323,0.2016156694178998
CAMELSH__02370700,0.5283480496855081,0.0443535252438676
CAMELSH__02372250,-0.03171804637540754,-0.010549091611365191
CAMELSH__02374500,-0.06047837483352181,-0.0024236954036996883
CAMELSH__02379500,-0.006386155848442598,-0.05883732181078971
CAMELSH__02381090,0.12849615867913766,0.15065666025592261
CAMELSH__02384500,0.21792577727911422,-0.04681304074173931
CAMELSH__02392780,-0.14992365578171052,-0.08202483037678343
CAMELSH__02392975,-0.10151587074433788,-0.09967301235780601
CAMELSH__02397500,-0.004499936513122305,0.005711136300034059
CAMELSH__02408540,-0.15565171045061366,-0.03419043064692273
CAMELSH__02413000,-0.14067375917438163,0.006515518004713061
CAMELSH__02413210,-0.038613291476466194,-0.0167601852895799
CAMELSH__02413300,0.014015445623517642,-0.006590778138902298
CAMELSH__02429980,-0.23726557816777105,-0.3883298016979248
CAMELSH__02440500,-0.012842769690424527,0.13753827041169553
CAMELSH__02442500,0.9307003184288298,-0.788469863657147
CAMELSH__02443500,-0.06301033982060944,0.09926374638012969
CAMELSH__02458600,-0.0851546744645797,-0.06472847809865978
CAMELSH__02461500,-0.0742085545471689,-0.14055240985260253
CAMELSH__02464000,-0.05023893835908566,0.017491533513715574
CAMELSH__02470072,-0.03966188097946943,-0.10144741159244325
CAMELSH__02472500,0.07166542393296116,-0.09397661346572728
CAMELSH__02472850,-0.021589057034549053,0.012376779536665827
CAMELSH__02479300,0.019246425590295546,-0.006497121339414158
CAMELSH__02479431,0.011445537325256772,-0.028290334185582466
CAMELSH__02483500,0.05447484893030108,0.024108171592389205
CAMELSH__03012550,0.012879271271562187,0.03206736868961679
CAMELSH__03016000,0.05509336788456931,0.14698950314946646
CAMELSH__03042000,-0.026139600133334384,0.03536225935413051
CAMELSH__03047000,-0.20060254639348568,-0.18145474332438033
CAMELSH__03049646,-0.20935023199378838,0.18047568227590832
CAMELSH__03049658,-0.0370765714093209,-0.10238768629736901
CAMELSH__03049800,-0.08220485731198734,0.054464702921857455
CAMELSH__03050000,-0.06736029945867861,-0.17830763222603718
CAMELSH__03052000,-0.018668345756431615,0.007760655554218343
CAMELSH__03056250,0.0022797543457477865,0.017301351239463414
CAMELSH__03062500,-0.061947809217363425,-0.10421438820267381
CAMELSH__03065400,0.01007258066086092,-0.061430549486442554
CAMELSH__03066000,-0.006699185927831586,-0.031152081771151807
CAMELSH__03075905,-0.027011145216823462,-0.0450073106671508
CAMELSH__03079000,0.01120679673694458,0.02805378209027276
CAMELSH__03081000,-0.017611996685850007,0.029170022203187096
CAMELSH__03084800,-0.007267505643799965,0.2298669469633654
CAMELSH__03085500,0.056969107267439645,0.15917020594574605
CAMELSH__03085956,-0.1469451645601188,0.21967632773422502
CAMELSH__03092000,-0.1255404926218821,-0.05665553161842829
CAMELSH__03092460,-0.06274185591098841,-0.0763903148936016
CAMELSH__03099500,0.04166044417705039,-0.01518257121957134
CAMELSH__03109500,0.07854969807427392,-0.0757273876709238
CAMELSH__03111548,0.09036666733748644,0.13054564182490558
CAMELSH__03114500,0.012359969384964531,0.032500223821124274
CAMELSH__03117000,-0.007454261917574478,-0.06912182833719649
CAMELSH__03118500,-0.05490537500788961,-0.04998243104619593
CAMELSH__03140000,-0.0914185930182348,-0.0515277215727008
CAMELSH__03144000,-0.009473886231667672,0.04417123349438923
CAMELSH__03157000,-0.08726112534965114,-0.013589596781725888
CAMELSH__03158200,-0.020780277777476153,0.0007904265104775599
CAMELSH__03159500,-0.026219947310081593,-0.04909952262807271
CAMELSH__03167000,-0.031560961071518956,-0.004159376811433302
CAMELSH__03183500,0.05788237975306365,0.04236384292471718
CAMELSH__03190400,0.004553683162493827,0.022891439360150256
CAMELSH__03194700,-0.02041372508715289,0.006603076334300018
CAMELSH__03196800,0.1719080596698583,-0.08420437278823789
CAMELSH__03201405,-0.19363252299398243,0.0137861847226044
CAMELSH__03201980,-0.09814711142808141,-0.03083527403069586
CAMELSH__03202400,-0.06985643053590096,-0.11769947627619903
CAMELSH__03207965,0.009128410187512398,-0.26916082035673006
CAMELSH__03210000,-0.008363298979924827,-0.17093014216437596
CAMELSH__03212750,-0.24410090916151866,-0.4387037836230166
CAMELSH__03219500,0.021845928894862476,0.04706686861715126
CAMELSH__03223425,0.029074662466798684,-0.01585074581439916
CAMELSH__03228300,0.0010788509499404242,-0.004626338782216077
CAMELSH__03228805,-0.0030007056136577004,0.11410265968643041
CAMELSH__03230450,0.08644485520438905,-0.023645461397799994
CAMELSH__03230500,0.05487351900541393,-0.044021637010969505
CAMELSH__03230900,0.0146107176786901,-0.18603654853931112
CAMELSH__03232470,0.1494177000416872,-0.7915969378594605
CAMELSH__03234000,0.046245423442711986,0.01624211554796451
CAMELSH__03238500,0.13590185547740086,0.1135706762969515
CAMELSH__03241500,-0.11106638353657827,-0.15144993396657946
CAMELSH__03249500,0.0602272775591588,-0.1837532516694234
CAMELSH__03250310,-0.14479258978901763,0.04365019672498638
CAMELSH__03250322,0.03212060826735341,0.1821220816837421
CAMELSH__03252500,-0.6278521106380484,-0.2791981478133249
CAMELSH__03261500,0.16275195654291796,0.12454004804562946
CAMELSH__03261950,-0.1124840446454437,-0.022062407205657886
CAMELSH__03263000,0.18025580049551626,0.09812178373163083
CAMELSH__03265000,0.1487633893350736,0.08069058628282522
CAMELSH__03270500,-0.10012654409526545,-0.10757288359361072
CAMELSH__03271000,-0.09175529908085611,-0.05384608221755083
CAMELSH__03271800,0.02709018140761832,-0.03543018505301554
CAMELSH__03272700,0.041421382201824786,-0.008874865815516997
CAMELSH__03274950,-0.4210932282741251,-0.47135124848693066
CAMELSH__03277300,-0.003521727205878733,-0.08217380430575016
CAMELSH__03281000,0.03998077347319373,-0.023512619403170287
CAMELSH__03282500,-0.102570765267743,0.009419349353492201
CAMELSH__03283500,0.02745398013092204,-0.15026170482728451
CAMELSH__03291780,-0.12698339849681894,-0.1273136133730725
CAMELSH__03302110,0.09318298476671916,-0.02483809498487155
CAMELSH__03302680,-0.0005345501017479104,-0.04098400236245592
CAMELSH__03311500,0.03586818122848051,-0.06119927142504911
CAMELSH__03322985,-0.0036146141257659137,-0.07866654266810347
CAMELSH__03326500,0.12937817870799462,0.10680086020103596
CAMELSH__03328000,0.0031256601709321874,-0.03529702509927535
CAMELSH__03328500,0.05177048784326488,0.05223326398711747
CAMELSH__03331500,0.07770557731336036,0.011162161187566966
CAMELSH__03333600,0.13022243722924332,-0.0037896207299097373
CAMELSH__03335000,0.16167938335867937,0.033032722351893806
CAMELSH__03337000,-0.01768398631278989,0.1086947787159277
CAMELSH__03339000,0.024377647023992144,-0.037408577469226656
CAMELSH__03339108,-0.07178189580516159,0.044551066366285585
CAMELSH__03339500,0.0709878867070417,-0.0426879256896876
CAMELSH__03347000,0.18454601958488248,0.09472025440997867
CAMELSH__03351072,-0.06834096765426789,-0.13247246698128412
CAMELSH__03353000,0.05236122431163226,0.010306601655962644
CAMELSH__03353200,0.320220363758709,0.21319120446526485
CAMELSH__03353611,0.09483061047838637,0.06891959827970817
CAMELSH__03353620,0.016343110098886227,0.0704322368077287
CAMELSH__03354000,0.11063244446143927,0.1046648230214362
CAMELSH__03360000,0.03439659492589964,-0.03969561911831199
CAMELSH__03361650,-0.1259649121105405,-0.09726727034424154
CAMELSH__03366500,-0.12203276146379194,-0.21937656156574803
CAMELSH__03373508,-0.4312927802140365,-0.5081361966963069
CAMELSH__03406500,0.021784462167263152,-0.029492088987411402
CAMELSH__03422500,0.05617064177072717,-0.17340007283975245
CAMELSH__03436690,0.08130961901328015,-0.02108815611823245
CAMELSH__03453000,-0.03298341650402814,-0.05922132671103264
CAMELSH__03453500,0.07538140602231902,0.04710132575209158
CAMELSH__03455500,-0.05763228902958839,-0.09122128889952863
CAMELSH__03456500,0.062372845566482926,0.10313072549885383
CAMELSH__03463300,0.13235687189256595,0.08714125326701472
CAMELSH__03465500,0.04850807532624346,0.09268055428685174
CAMELSH__03466208,0.04090951005350674,0.15444414348908198
CAMELSH__03466500,0.21876860014373656,0.27974978388934635
CAMELSH__03470000,0.26142429882471885,0.20669477603828756
CAMELSH__03488000,-0.028964629086199234,0.08113418049883914
CAMELSH__03490000,-0.10129011831518575,-0.10273870478998925
CAMELSH__03498500,0.08289402314489147,0.2506130006661397
CAMELSH__03500000,-0.055298377766613394,-0.07021778908546739
CAMELSH__03512000,-0.011173341904225365,-0.010838568404852644
CAMELSH__03518500,0.09695859578990418,0.029021551720038397
CAMELSH__03527220,-0.00504407891097447,0.03083606626214952
CAMELSH__03528000,-0.07423221146124448,-0.056161163369118694
CAMELSH__03535400,-0.04807502888253601,-0.15039261918131208
CAMELSH__03539778,-0.037160647923044965,-0.001724326125672082
CAMELSH__03568933,-0.09641052933163707,0.0012059864179784219
CAMELSH__03571000,0.1745950170020878,-0.062256112362683025
CAMELSH__0357479650,0.050334400823951186,-0.057492725307944914
CAMELSH__03575100,0.055619706942875435,0.01371964239765655
CAMELSH__03576500,-0.01892381143284222,-0.0012765818469586132
CAMELSH__03584020,0.06554582836254008,0.03564170531324562
CAMELSH__03592000,-0.019471105870637162,0.07344008066844665
CAMELSH__03593800,0.041733302081472634,0.0491314877195439
CAMELSH__03599450,0.08789112477783079,0.17092727691960896
CAMELSH__04024000,0.11865848801805601,-0.07773108812248342
CAMELSH__04024430,0.09339198356609407,0.05260826946213104
CAMELSH__04025500,-0.058690129887312814,-0.04799309047000333
CAMELSH__04035500,0.06915029040947795,-0.03469375903244598
CAMELSH__04043238,-0.08749896561404591,-0.021928258839580606
CAMELSH__04056500,0.27065835259647253,0.014654454676212847
CAMELSH__04058100,0.015411963858754985,-0.06310192424908545
CAMELSH__04060500,0.16848375095906254,-0.052092237763032845
CAMELSH__04065106,-0.06483941922440006,-0.0969175682697535
CAMELSH__04069416,0.07347123385430598,0.05695249134465352
CAMELSH__04079000,0.13126221203895738,0.07986986106943028
CAMELSH__04083545,-0.2942276987653127,-0.21653121288323252
CAMELSH__04085427,-0.0021509956823335674,-0.09988464663444196
CAMELSH__04087050,0.1622281520494494,0.13231378662213056
CAMELSH__04087088,0.14988815238385733,0.20535504573911278
CAMELSH__04087142,-0.04889271938276339,-0.043897761900490606
CAMELSH__04087170,0.04793159703631922,0.022234794138906944
CAMELSH__04087240,0.09046917011132727,0.08813076732798786
CAMELSH__04087257,0.22840589608721484,0.24737396776202047
CAMELSH__04093000,-0.03265713517304725,0.09843018400746428
CAMELSH__04094000,-0.1309554970728941,-0.09146182931717595
CAMELSH__04094500,0.10660940224037446,0.20158187279018286
CAMELSH__04095300,0.04748429004307708,-0.06608139289473602
CAMELSH__04096515,0.09690613337730802,0.04187296962592291
CAMELSH__04101500,0.0025972538293045355,-0.08807289687734576
CAMELSH__04101800,0.15642370137970285,0.0929883977894298
CAMELSH__04105700,0.09071930317740784,0.03314387244468686
CAMELSH__04106320,-0.03033401785891532,-0.05332349506066275
CAMELSH__04106400,-0.16762913679202662,-0.2402448698277513
CAMELSH__04108500,0.05719930188876621,0.061992935186730325
CAMELSH__04108600,0.1269996704844396,0.021230347180048237
CAMELSH__04108801,0.13681815396425667,0.03352847541003623
CAMELSH__04112500,0.09265271244768791,0.017732260914511966
CAMELSH__04115000,0.09040626708134769,0.035046115331407335
CAMELSH__04115265,-0.06879259422074668,-0.1069108576647998
CAMELSH__04117000,0.10332390266687647,-0.012249603727434
CAMELSH__04117500,0.029038260217752798,-0.024958940037864252
CAMELSH__04118000,-0.009145329032793303,-0.035261784680331476
CAMELSH__04118500,0.0327896980700485,-0.06345698133329003
CAMELSH__04121500,-0.10391446748347033,-0.1524210815185495
CAMELSH__04121944,-0.12704170289876782,-0.06577401066344446
CAMELSH__04124200,0.014201175047433012,-0.19846492276490513
CAMELSH__04125550,0.05164558546927389,-0.09595033932897601
CAMELSH__04137500,-0.05738147522125958,-0.13510418187056228
CAMELSH__04159492,-0.4332210099762326,-0.4140908828630643
CAMELSH__04160800,0.02198174125184771,2.9545018735421813e-05
CAMELSH__04164500,0.023470408220155448,0.006293594464658381
CAMELSH__04166000,-0.09563147078294532,-0.11046159236769781
CAMELSH__04166100,0.12852821645568857,0.09490958605153421
CAMELSH__04168000,0.07892928731576121,0.1185069223967864
CAMELSH__04173500,0.10765912904027208,0.13351610206003617
CAMELSH__04174500,0.05692218487740863,0.004174653520652161
CAMELSH__04176605,0.5156920711083863,0.42082018933257864
CAMELSH__04180988,0.01121182738173121,0.010664832524601264
CAMELSH__04181500,0.015359742232331941,-0.07411553698003015
CAMELSH__04182000,0.004646564692649124,-0.061165201506232725
CAMELSH__04184500,0.07605994052117304,0.01300752944686745
CAMELSH__04195820,0.11224709364309082,0.05214092161348971
CAMELSH__04196500,-0.013486670971232906,-0.013956865937178708
CAMELSH__04197170,0.04545318512347407,0.13841261848718034
CAMELSH__04198000,-0.11145068334324948,-0.026793474418900343
CAMELSH__04201500,-0.07769342390856648,-0.07446157842061274
CAMELSH__04202000,0.07626514126018613,0.12186954181938892
CAMELSH__04216418,-0.054060572899853554,0.04625477581344606
CAMELSH__04233300,-0.002722462450389096,0.010137929344464003
CAMELSH__04237962,-0.04301108903491402,-0.10118979649952292
CAMELSH__04282650,0.09161249294641316,0.1479568276173912
CAMELSH__04285500,0.08438590272384772,-0.05480573711456049
CAMELSH__04288225,-0.23386321402475174,-0.2155705035033555
CAMELSH__04288230,-0.07951670470168348,-0.07876078939517833
CAMELSH__05014300,-0.15142804333756454,-0.23432882878565842
CAMELSH__05056200,0.2844580252823957,0.2619452132692629
CAMELSH__05059600,0.3465027497085968,0.2395119725837352
CAMELSH__05060100,0.08534721895027425,-0.08369331506670541
CAMELSH__05061500,0.1023468739196981,0.010170923433503676
CAMELSH__05063398,0.0908568677098508,-0.10403199570302663
CAMELSH__05078230,-0.05708171663877559,-0.20025925014645096
CAMELSH__05078500,0.17941362860780885,0.14336937615959522
CAMELSH__05085450,-0.0320776637308271,-0.14087760975068486
CAMELSH__05094000,0.04667601108327013,0.2800580568963442
CAMELSH__05120500,1.9913318647741087,0.8495735154943305
CAMELSH__05200510,0.20361307288884767,0.18241472990292817
CAMELSH__05212700,-0.07554629508081079,-0.19681934995482364
CAMELSH__05280000,-0.07641420799956167,-0.035982712478530465
CAMELSH__05304500,-0.009502919663973985,-0.053898014832779895
CAMELSH__05320000,-0.05682007092800201,-0.07108068880105012
CAMELSH__05345000,0.06034012092723329,0.06599246697402705
CAMELSH__05355200,0.12734609197268032,0.043381960466185254
CAMELSH__05356500,0.10812477994857406,-0.024242517307604627
CAMELSH__05360500,-0.016653564573634427,-0.08765024134782629
CAMELSH__05368000,-0.02404950765784597,-0.060863904638552624
CAMELSH__05379500,-0.017467776400268753,-0.011266955656002997
CAMELSH__05383950,0.04116543347729684,-0.012209604163563759
CAMELSH__05388250,0.03189600377980906,0.08980344821662356
CAMELSH__05397500,0.08926135907736177,0.19111328387943505
CAMELSH__05402000,0.09687751363845143,0.07524479781574755
CAMELSH__05408000,0.01738309380577041,0.01170164501082549
CAMELSH__05411600,0.15648812041502347,0.12461962618116329
CAMELSH__05411850,0.03934741230187755,0.06294680520806395
CAMELSH__05412400,-0.01189739887426322,0.05773965261522185
CAMELSH__05418400,0.04377277669186719,0.02372935982206492
CAMELSH__05419000,-0.10112997171433818,-0.046911822225031985
CAMELSH__05421000,0.03521161191437838,0.03503931224106682
CAMELSH__05422560,0.008675115142620593,0.14651760064738742
CAMELSH__05424000,0.02275983254594116,0.2975044142885137
CAMELSH__05426250,-0.17831778593366332,-0.28108413385904063
CAMELSH__05427948,0.05086232390459983,0.14056184319773002
CAMELSH__05430500,0.06722188767710313,-0.08702494794474347
CAMELSH__054310157,-0.04353982052308958,-0.04991622289798775
CAMELSH__05432927,-0.10889948863456828,-0.0397972877430075
CAMELSH__05433000,0.06805348944486433,0.0006517172040109154
CAMELSH__05434500,0.04565570356773141,0.010584140779321904
CAMELSH__05438283,-0.007657089597071509,-0.0431235067831221
CAMELSH__05440000,0.057103449279294116,0.007107166924332997
CAMELSH__05444000,-0.49252130613225,-0.272368783826428
CAMELSH__05458500,0.08569390519752673,-0.004242829450547658
CAMELSH__05458900,0.023893476002682323,-0.023911682640245013
CAMELSH__05466000,0.05113316470665863,-0.05333980415788875
CAMELSH__05467000,-0.05206728358536483,-0.05075365914679464
CAMELSH__05469000,-0.0934769299269711,-0.18489534370402316
CAMELSH__05470000,0.06133347488205565,0.04583414565797472
CAMELSH__05473400,0.11456531623253607,-0.020068659102786768
CAMELSH__05482500,0.07077795671831166,-0.07226775414203546
CAMELSH__05483450,0.09651393055890456,0.06707853704788169
CAMELSH__05483600,0.09394378392786384,0.02201615211674579
CAMELSH__05487470,-0.10503815690711571,-0.13727518980782627
CAMELSH__05487980,-0.16453881038022194,-0.18336669392254418
CAMELSH__05488200,-0.156324739442669,-0.2207179023700343
CAMELSH__05498150,-0.07179798514567837,0.012114771373135325
CAMELSH__05498700,0.0011416600862089732,0.018983876759960494
CAMELSH__05500000,-0.09259942409094035,0.03060929096053555
CAMELSH__05501000,-0.060645466325671915,0.10573587914447014
CAMELSH__05507600,0.05101208142735936,0.12545796069576054
CAMELSH__05515000,-0.13581769211874528,-0.002139151892424196
CAMELSH__05520500,0.09395147899502498,-0.0892234506109093
CAMELSH__05521000,0.015087815380546266,-0.027640683104761088
CAMELSH__05522500,-0.017450037823479092,0.05724584868092897
CAMELSH__05525000,0.05021397834640129,-0.0011809429443050412
CAMELSH__05527900,-0.031176795734622398,-0.014865013481873413
CAMELSH__05527910,0.043445601353955365,0.021573606541617663
CAMELSH__05528500,-0.06819318233228999,0.02947812206995648
CAMELSH__05529500,-0.12958815241567545,0.05749947660754562
CAMELSH__05531300,-0.16395775787378275,-0.05212822859886468
CAMELSH__05536118,-0.12405311293176913,-0.27871047485647915
CAMELSH__05537500,0.15884700539447305,0.18186404086832797
CAMELSH__05540095,-0.138513229488469,-0.03163344520808642
CAMELSH__05540130,-0.12511165345062525,-0.05568144229217842
CAMELSH__05540250,-0.03533356471192539,0.16683631253829778
CAMELSH__05543830,0.13411315862226503,0.0486924221246815
CAMELSH__05548280,0.1636572414405113,0.10016741199961532
CAMELSH__05551675,-0.012131607764042429,0.34893427185828163
CAMELSH__05554500,0.005204974083123037,0.0685328620293707
CAMELSH__05560500,0.008287604127901527,-0.019478199975890953
CAMELSH__05570000,0.019193670070647983,0.13652580867135855
CAMELSH__05570370,-0.196980085754208,-0.09408759753967433
CAMELSH__05579725,-0.02218793816434661,0.08980289314405665
CAMELSH__05592050,-0.1443620239778316,-0.12983044202091332
CAMELSH__06006000,0.05846035434411134,-0.26111794544139244
CAMELSH__06018500,0.552115884283553,0.27121823876564877
CAMELSH__06024450,0.08021794319264341,-0.16707895040309695
CAMELSH__06285100,-0.1832099330458956,-0.10596168343273077
CAMELSH__06289820,-0.017932366587348092,-0.07684002997592754
CAMELSH__06301480,0.014698371759088835,-0.03704790870322483
CAMELSH__06340500,0.5643023869417627,-0.18634115515609068
CAMELSH__06348500,0.2825659304106182,0.353009999553461
CAMELSH__06356000,0.04418188331939321,0.38448318121571856
CAMELSH__06359500,0.13583165620347742,-0.2122965204404605
CAMELSH__06403300,-0.10257798513858601,0.0269688710444706
CAMELSH__06406000,-0.12638794815898846,0.02893151268709948
CAMELSH__06408700,0.11432165954664499,-0.19920911993539608
CAMELSH__06422500,0.028129618572487358,0.07198516319105613
CAMELSH__06425500,0.393296720629135,0.9148657564935492
CAMELSH__06428200,1.8966489355451572,-0.009849828582864872
CAMELSH__06428500,1.9720727285824438,0.9709536123301734
CAMELSH__06430770,0.11526184268812231,0.154179581970747
CAMELSH__06430800,0.2395497695332382,0.29147110581043933
CAMELSH__06430850,-0.001163338970951,0.1373313357991517
CAMELSH__06430900,-0.18099009551825307,-0.0028526072711065886
CAMELSH__06446700,0.7158101774915261,0.11356053586184998
CAMELSH__06449000,0.14003115781140274,0.4180431157547115
CAMELSH__06453255,0.017625188475973386,0.25521229362188513
CAMELSH__06469400,0.03728288144866565,-0.15861411611876675
CAMELSH__06471500,-0.07801297737300902,-0.281961809389483
CAMELSH__06478600,-0.4672542897935096,-0.8095278605848444
CAMELSH__06481480,-0.25748846147129245,-0.33572490413107725
CAMELSH__06600100,0.04668774108267276,0.1132327011679658
CAMELSH__06601000,0.14422246490110574,0.04740506274936385
CAMELSH__06606600,9.825278958297545e-05,-0.08109672243083077
CAMELSH__06609500,0.026386273485839995,-0.023103878118476806
CAMELSH__06625000,0.08061099785355963,-0.1921444403368321
CAMELSH__06635000,0.16190461278661888,-0.3132397266760948
CAMELSH__06647500,-0.2722990815676739,-0.028229381878646653
CAMELSH__06661000,-0.1641684334115501,0.05041872831515498
CAMELSH__06661585,0.30011555015964475,-0.0323580105372126
CAMELSH__06665790,-0.2417193357523415,0.1227499989307885
CAMELSH__06709000,-0.3552025695356227,-0.0038452211280156634
CAMELSH__06710385,0.03197615922625119,-0.0629962186483769
CAMELSH__06751150,-0.27529178955962663,-0.3251706208329176
CAMELSH__06773500,0.011892114323796499,0.3349127132419359
CAMELSH__06786000,0.0425231562597726,0.20004114989636573
CAMELSH__06787500,0.2720603205050658,-0.008518640476290404
CAMELSH__06795500,0.05709363866870243,-0.30675898785380923
CAMELSH__06797500,0.011345815387107105,-0.0699451660124692
CAMELSH__06799460,0.14101859606772704,0.030023262474256462
CAMELSH__06803080,0.24894458915005663,0.12264851383862763
CAMELSH__06804900,-0.9340657027857577,-0.4205614636758247
CAMELSH__06806500,0.07197793158824728,-0.03535874405387407
CAMELSH__06809210,0.05966205730566265,0.10334981398758858
CAMELSH__06817000,0.02817114036270585,-0.11827501975615251
CAMELSH__06817700,0.08912467580795091,0.06308180626700965
CAMELSH__06836500,1.5836342528321445,-2.077376612269827
CAMELSH__06852000,-0.4038149745293453,-0.20694263109375682
CAMELSH__06869950,0.019723302739053206,0.22989470221678898
CAMELSH__06871500,-0.8525445588295271,0.32140363511067926
CAMELSH__06873200,-3.86637115035427,0.8788652145479063
CAMELSH__06880000,-0.28889036533865087,-0.19265024580213208
CAMELSH__06881200,-0.24266586261528766,-0.017714818636902774
CAMELSH__06884200,-0.04117724175360371,0.04000770993845315
CAMELSH__06891260,-0.05713047532218796,-0.05985929000717416
CAMELSH__06892000,0.04982935874571226,-0.09185196187477501
CAMELSH__06892495,0.22873320896779337,0.225406963421664
CAMELSH__06893080,0.11798885751264354,0.1732876914283451
CAMELSH__06893500,0.1514700415990058,0.19054859912103095
CAMELSH__06893578,-0.1338589459447268,-0.06364746650832731
CAMELSH__06893910,-0.13396368644514556,-0.11421184647227983
CAMELSH__06894000,-0.06772322924234497,-0.03946694874669299
CAMELSH__06900050,0.03279252907195329,-0.015514232554232232
CAMELSH__06905500,-0.14368482606397792,-0.024752515759849714
CAMELSH__06907700,-0.11141761981549192,-0.14775545918008226
CAMELSH__06910750,0.11352230179430989,-0.1021186830145906
CAMELSH__06910800,0.026276498417861283,0.116977751618077
CAMELSH__06911000,0.1002818842685442,-0.016393741921597402
CAMELSH__06911490,0.0041508989918597194,0.09564072541891067
CAMELSH__06917630,-0.02537678672200938,-0.037079819795136304
CAMELSH__06918740,0.07234527975674987,0.20381597373905558
CAMELSH__06927000,-0.03167006635052605,0.02272330318052984
CAMELSH__06930000,0.06085909056494665,0.0515091152885746
CAMELSH__06934000,0.17402344859245744,0.1288393757188655
CAMELSH__07005000,0.12191858056512006,0.044419997587806126
CAMELSH__07010030,-0.0643243673341223,-0.08710053960792868
CAMELSH__07010061,0.0670307184545183,0.002228644949496289
CAMELSH__07010082,-0.011349139408494219,0.04549956556167373
CAMELSH__07010094,-0.12203809009058988,0.02226402252401849
CAMELSH__07019000,0.04721632555509747,0.11459845515092015
CAMELSH__07028960,-0.0416305169440192,0.02489593605198437
CAMELSH__07030392,-0.031103036403625883,-0.31514245065436536
CAMELSH__07035000,0.02262670329723182,0.12234721214896604
CAMELSH__07040100,0.22448504727326946,0.2727286457177618
CAMELSH__07048700,0.3247248222026354,-0.028762327714062064
CAMELSH__07050152,-0.00890342315278947,-0.1192730657186023
CAMELSH__07053810,0.1431847909385222,0.01549894299565413
CAMELSH__07056515,-0.0412665950261607,0.18492556321127263
CAMELSH__07056700,0.14772427732687754,0.021015233374412134
CAMELSH__07057500,-0.056182111753173114,0.030303210501566147
CAMELSH__07061270,-0.0651283025265143,-0.0406344597991532
CAMELSH__07064000,0.03644741277239527,0.015351709154929116
CAMELSH__07064440,-0.40724525701743225,-0.2514408341707037
CAMELSH__07068000,0.08652954087627451,0.09624675139899108
CAMELSH__07086000,0.395183251311834,0.2776539419592878
CAMELSH__07103980,-0.18728556154442272,0.24914200945799864
CAMELSH__07108900,-0.3712926435317286,0.4782084186780722
CAMELSH__07119500,-4.006609999220503,1.9178086245342727
CAMELSH__07122400,-0.7323437703875862,-0.30476588681760775
CAMELSH__07140850,-0.5572912990988863,-1.0865666881918403
CAMELSH__07144100,-0.2982165892586738,0.011896039364111322
CAMELSH__07144480,0.012349186870082463,0.0540314033493241
CAMELSH__07144795,0.27902807644159294,0.0854141137416403
CAMELSH__07144910,-0.15705051325683167,-0.06280720491722697
CAMELSH__07148400,-0.2876167730082836,0.6336077493450311
CAMELSH__07165562,0.17451361693944434,0.14223494211257615
CAMELSH__07167500,0.08478506966899113,0.19304144585188787
CAMELSH__07176500,-0.03628839573181297,0.07188733450708429
CAMELSH__07180500,0.02794857540044815,0.09376634662555672
CAMELSH__07183000,-0.0925011054744127,-0.08252150481449749
CAMELSH__07188653,-0.12382172125887025,-0.09569834340138095
CAMELSH__07191160,0.005320893014317707,0.19662696955258002
CAMELSH__07191179,0.00514052929099873,0.18906883164171479
CAMELSH__07191220,0.025875631986953085,0.18649894395461936
CAMELSH__071912213,-0.001137165336539958,0.1342825111603102
CAMELSH__07195800,-0.13458895680807215,-0.08885312723542171
CAMELSH__07196900,0.10192275416669438,0.10261771137675141
CAMELSH__07197360,-0.20584946048568092,-0.2221342456845804
CAMELSH__07198000,0.06179394147518752,0.10190666208662003
CAMELSH__07206000,0.21258708035859536,-0.5051718557950631
CAMELSH__07207500,0.1900985441745993,-0.1647733234077757
CAMELSH__07211500,1.4685781105997062,0.5449314280027319
CAMELSH__07216500,-0.4938440090386892,0.1716982040318644
CAMELSH__07222500,-2.66962872714067,0.6015545615211786
CAMELSH__07243000,-0.34508947572877346,-0.1506050825689194
CAMELSH__07247250,-0.05811091572934979,0.09136133534776847
CAMELSH__07247500,0.2027803810956974,0.008853603916361363
CAMELSH__07250965,0.021438983181078064,-0.017153318697163633
CAMELSH__07252000,0.08959814443881398,-0.06010178154191781
CAMELSH__07257006,0.18370630643385755,0.02137897867509564
CAMELSH__07263012,-0.08253549322150633,0.011357785145256982
CAMELSH__07263296,-0.13688739670220285,-0.17198872895680917
CAMELSH__07264000,0.013812961013006442,0.018625849592037946
CAMELSH__07285500,-0.0652908361535417,-0.014787169521868981
CAMELSH__07287150,0.05863844618866332,-0.015053075082170242
CAMELSH__0728875070,-0.22405287472971658,-0.05981709179458761
CAMELSH__07301500,-1.4450771626946126,0.07676891718577128
CAMELSH__07303000,-2.0792429169156383,-7.883064932546913
CAMELSH__07307800,-5.402507806542427,-0.807286445848268
CAMELSH__07315200,-0.44099255140904087,-0.4722593288566482
CAMELSH__07325850,-0.08399354209942622,0.14632851493683974
CAMELSH__07329780,0.03183313961044265,0.36371302128494254
CAMELSH__07334000,-0.018518176324830993,0.013044171022745243
CAMELSH__07336200,0.0068631056970985815,0.023798357995754582
CAMELSH__07339000,-0.03142476873613759,0.005306850492976134
CAMELSH__07340300,-0.06022849123244611,0.05787316397686881
CAMELSH__07342465,0.04219026619261468,-0.05838316926120024
CAMELSH__07343000,-0.0442443361489403,-0.0032985690821638047
CAMELSH__07352000,0.14681334866088647,-0.1250264891274212
CAMELSH__07360200,-0.04127704054432224,-0.005358956008292837
CAMELSH__07362587,-0.04866208393432214,-0.0025852125770153833
CAMELSH__07375280,-0.1137495168031345,-0.05644302519764921
CAMELSH__07376500,-0.10721238986805315,-0.009957790932430766
CAMELSH__07386980,-0.10556449858042827,-0.055311551138704784
CAMELSH__08013500,-0.2380826548555398,-0.13896213267163082
CAMELSH__08033000,0.0027719700925541435,-0.027187257978329105
CAMELSH__08043950,-0.0446444796617792,-0.23216681673749842
CAMELSH__08044500,0.33941150337617276,0.0709481109068135
CAMELSH__08047000,0.0784730559078343,-0.325789964384236
CAMELSH__08049580,-0.09141432099676089,-0.02199740608957912
CAMELSH__08050100,0.2166318809318633,-0.0350312970767042
CAMELSH__08050400,0.06780859335447537,0.09187201098403969
CAMELSH__08053009,-0.006809803154266103,-0.043455264812428895
CAMELSH__08055000,0.3525282979916627,0.0284667887878272
CAMELSH__08062895,0.0794642985413605,0.3005449692976857
CAMELSH__08065200,-0.05447923023267309,0.044292333226512604
CAMELSH__08066300,-0.038855726753292075,0.020804895558579894
CAMELSH__08070000,-0.049506822804562145,0.040953877672364525
CAMELSH__08070200,-0.12278293547745867,-0.01671643437358389
CAMELSH__08086290,0.126208966397371,0.014754313074361008
CAMELSH__08093360,0.10679107093882484,-0.09344766546784078
CAMELSH__08095200,-0.017885729986710563,0.004310903480160944
CAMELSH__08098300,-0.0845672896194303,0.002713810999255495
CAMELSH__08102500,-0.19154479978453492,0.08661281520648881
CAMELSH__08109700,0.39028258138133365,-0.5581200350439053
CAMELSH__08111700,-0.2529132509891451,-0.058504262731343015
CAMELSH__08116400,-0.13200088602580728,-0.18743045384316692
CAMELSH__08131400,0.5308448720931866,-0.8300467807389273
CAMELSH__08150700,-0.002091568944575392,-0.09952924219949501
CAMELSH__08152900,1.053823016101822,-0.5267344574850591
CAMELSH__08155541,-0.0025335407290949935,-0.05224759833217091
CAMELSH__08156910,0.2725903166442446,0.2733753691755406
CAMELSH__08158200,-0.2852772073246337,-0.009242335295741588
CAMELSH__08158810,-0.17462626376072005,0.40284549743581116
CAMELSH__08158819,0.6787623864039909,-0.07305515854262401
CAMELSH__08158930,0.11942802826494914,-0.35203943919452874
CAMELSH__08166200,-0.16891611539791462,0.024176860482977625
CAMELSH__08167000,0.17293280747464984,-0.09141688447715107
CAMELSH__08167800,0.41916662974145846,0.4164161002873507
CAMELSH__08170500,-0.15867112067885653,-0.024350570017811157
CAMELSH__08172000,-0.025227855438467506,0.1304751998072018
CAMELSH__08173900,-0.25112455334608713,-0.14627254220453295
CAMELSH__08177500,0.1073160307076999,-0.8403075654966246
CAMELSH__08178700,0.9504706899871704,-0.5888449185075029
CAMELSH__08183200,-0.6411123806177401,-0.1342355992401727
CAMELSH__08183900,1.1921609307601349,-0.022557222541015415
CAMELSH__08185100,-0.1538577069361008,0.2700057678084132
CAMELSH__08185500,0.0445769356781866,-0.4366975060677672
CAMELSH__08186000,-0.23256878912348233,-0.3707720530425267
CAMELSH__08206700,0.5689338521229554,-2.2124080839030107
CAMELSH__08252500,-0.15575985592210617,0.05664539211175912
CAMELSH__08253000,-0.1718455909728962,-0.016308772479789013
CAMELSH__08265000,0.29770062526745367,0.13234265305458393
CAMELSH__08284100,0.023266998430782393,0.028450758385659913
CAMELSH__08285500,-0.07999503857573359,0.0804393430595472
CAMELSH__08287000,-0.3783056349541212,-0.21178561307565147
CAMELSH__08291000,-0.19432326041986125,-0.26991899915363565
CAMELSH__08329000,0.0019365341376404999,0.1913269501427142
CAMELSH__08382650,-3.368213851891802,1.1838841435064442
CAMELSH__08382830,-2.010529047524224,1.2035520579977423
CAMELSH__08390500,-4.826753383222776,3.183244450307468
CAMELSH__08447020,0.8431630078221646,0.7763125660572443
CAMELSH__09041400,-0.25415569727181575,-0.11493793891469484
CAMELSH__09052000,-0.21588930888945468,-0.7397334592816673
CAMELSH__09063200,-0.02862920773696387,-0.21879557385371828
CAMELSH__09066100,-0.10070933327491605,0.14105344171377066
CAMELSH__09074800,-0.26284393177429055,-0.37926672151349605
CAMELSH__09081000,-0.25928817632974255,-0.15178629047968462
CAMELSH__09083800,-0.14757183202798663,-0.21005007568905176
CAMELSH__09168730,0.8854970381575342,0.1089177137234939
CAMELSH__09169500,1.1976242443919882,0.2051076627346568
CAMELSH__09196500,-0.07719874544361216,0.08637046753013145
CAMELSH__09205000,-0.038301722779827685,0.08384841549443645
CAMELSH__09213500,-0.0138977065324698,0.5824722014989457
CAMELSH__09240020,-0.1761658220895863,-0.012836805573748666
CAMELSH__09246200,0.4168395787278112,0.20069367166089846
CAMELSH__09258980,2.4949453702050026,-1.0468193242481492
CAMELSH__09295000,0.941869923765206,0.147710961200276
CAMELSH__09301500,0.0785068860578921,0.0437510709064986
CAMELSH__09303500,-0.5873183030036925,-0.3830956922251606
CAMELSH__09306200,1.1552279565260546,-1.0247192524857536
CAMELSH__09306290,-0.15199191979233295,0.11099387528824695
CAMELSH__09346400,0.18037487884467862,0.10813169228148956
CAMELSH__09353800,0.3872413390333918,0.2939561031107737
CAMELSH__09354500,0.08977740080291441,0.21967775193903022
CAMELSH__09400568,1.0970432321938937,7.199615061195334
CAMELSH__09403000,0.3837222824746163,0.1478912876862506
CAMELSH__09404222,-5.107234886268038,-2.3623856718207366
CAMELSH__09404450,-0.007301079058726012,0.4351732015225419
CAMELSH__09404900,-0.112778667898846,0.40592187730880347
CAMELSH__09413200,0.42082515499988327,1.2127435689690702
CAMELSH__09414900,2.297048054393554,-4.581039975843173
CAMELSH__09415460,7.194345124980407,4.862900029478415
CAMELSH__09424447,0.30451398511994227,0.5218259498211347
CAMELSH__09430600,0.04501477700692638,0.4396168319315069
CAMELSH__09444000,0.1814968706765026,1.968794676028264
CAMELSH__09471310,0.3406582846493097,0.0039561516252658024
CAMELSH__09485000,-0.4659425214095897,-0.48124602202503436
CAMELSH__09492400,-0.09550817680476642,0.01807029948691974
CAMELSH__09508300,0.02631816185728275,0.04593322072686051
CAMELSH__09516500,-4.532054454650415,-6.778421634645866
CAMELSH__10028500,0.5487365794498632,0.008227060917165296
CAMELSH__10039500,0.21058847469015796,-0.018374165506331863
CAMELSH__10041000,-1.169443485487009,-0.2047207932616105
CAMELSH__10105900,-0.011639209285813967,-0.009000899564255316
CAMELSH__10148200,-2.680497026442498,-2.487479249040346
CAMELSH__10156000,-0.2514216593587316,-0.0409501026210885
CAMELSH__10157500,-0.8031695497845621,-3.523980538018858
CAMELSH__10189000,0.2035482509916091,0.4090145565389873
CAMELSH__10194200,-0.1125974280098812,-0.0992411734471948
CAMELSH__10215700,-0.03760827950912027,-0.05819004920339099
CAMELSH__10219200,-0.46729020418350453,-0.5424627724387168
CAMELSH__10224100,-0.28125858508583373,-0.19017782950937506
CAMELSH__10242000,0.11559853855572255,-0.10345066804112857
CAMELSH__10243260,-0.026778157709784423,0.008684072478892801
CAMELSH__10243700,0.4434891882691991,0.2356824860524539
CAMELSH__10249300,0.04630317599204303,-0.0182094886055143
CAMELSH__10259000,0.06401928076380092,0.140622989578146
CAMELSH__10259200,-0.19577165092982307,-1.4724542078344702
CAMELSH__10260470,-0.144705602122979,-0.014889892469038796
CAMELSH__10291500,-0.4108061445329843,-0.2556023954952925
CAMELSH__10293500,-0.29316300057432665,0.2942254710436206
CAMELSH__10301745,0.47416695721122987,0.24086630155644637
CAMELSH__10309000,-0.14157139415493347,-0.1513978734036241
CAMELSH__10311400,-0.07862738349631393,-0.011343914274802747
CAMELSH__10311700,0.06696717596691293,0.13746802607641817
CAMELSH__10322150,0.2544786236547578,0.1508289692105357
CAMELSH__10336645,-0.0591982461278161,0.03359921286638312
CAMELSH__10349495,-0.4483304368313372,-1.9379042058380282
CAMELSH__10349980,-0.02148392603313476,0.06942806678801045
CAMELSH__10353750,-0.3480930945621706,-0.19727411863692967
CAMELSH__10384000,-0.2473856001607257,-0.2767903821791951
CAMELSH__11046300,0.045574816167668786,-0.28027885362582894
CAMELSH__11058500,0.27473421551093336,-0.0425393915471647
CAMELSH__11085000,0.43656347922415595,-0.34978950391080676
CAMELSH__11097000,4.316622546585692,2.0244983013537663
CAMELSH__11098000,0.411091717058061,0.15469447018308952
CAMELSH__11109800,-0.3742654117947133,0.2667353369558492
CAMELSH__11114495,-0.08966642954853965,0.3022740826810739
CAMELSH__11119940,-0.21569607760574488,-0.17698650547326877
CAMELSH__11128250,4.572499860002174,0.015190199912912927
CAMELSH__11133000,0.3802880436540824,0.15125509612900595
CAMELSH__11138500,-0.2287663327317253,-0.10421262979437695
CAMELSH__11147500,0.011321687110283252,-0.11359681707603125
CAMELSH__11149400,-0.1797068286347967,-0.08934383432745699
CAMELSH__11152000,0.010718067137368448,-0.11481809401257381
CAMELSH__11152600,1.6198946378994585,1.2970535067226383
CAMELSH__11153000,-0.2295438482647913,-0.2265174223533521
CAMELSH__11159000,0.3579863222541782,-0.07792232710445401
CAMELSH__11170000,-0.09264053372426412,-0.337248908600564
CAMELSH__11173575,0.1260383516795377,-0.01096771860042578
CAMELSH__11181000,0.020499990364907128,-0.18525983566532178
CAMELSH__11181008,-0.008102426167963195,-0.1007711624047718
CAMELSH__11253310,-1.2874111671182071,-0.9158623668906536
CAMELSH__11274790,-0.15327617217973688,-0.16172325449952707
CAMELSH__11336580,0.04547866864735972,0.19677390067373668
CAMELSH__11418500,-0.12528097092860824,-0.20390804655264716
CAMELSH__11431800,0.09191246984089652,0.05763275289612402
CAMELSH__11447293,0.10329200484423173,0.0008119606322585238
CAMELSH__11447360,-0.35607723468595787,-0.5725956192017373
CAMELSH__11451000,-0.504732463601073,-0.8376550150376842
CAMELSH__11451300,0.0776995183115598,0.0798216608562825
CAMELSH__11456000,0.01790045417725561,-0.1497536918014658
CAMELSH__11462000,0.1088733105767159,0.0856774735706215
CAMELSH__11463000,-0.013740493308201818,0.012251298605009397
CAMELSH__11463900,0.27226300963555805,0.33469580838755186
CAMELSH__11465350,0.45715459250088863,0.10475406123349429
CAMELSH__11465680,0.014017448673401822,-0.1314236284926581
CAMELSH__11466320,-0.0615275598070546,-0.003805380774296374
CAMELSH__11466800,-0.03991728431860897,-0.006341666548993263
CAMELSH__11468900,0.05716293360249669,0.0585294519360271
CAMELSH__11473900,-0.25462146113499795,-0.11150030096759
CAMELSH__11478500,-0.0060182646531401485,0.01895677614535829
CAMELSH__11481500,0.09334236175706945,-0.04835608328586627
CAMELSH__11482500,0.0370653713347453,0.05526015582922883
CAMELSH__11493500,0.3911467455856066,-0.35096950159052653
CAMELSH__11495800,-0.11404122688627727,0.048636632558844095
CAMELSH__11502500,0.1846766544210957,0.24504606884880864
CAMELSH__11525500,0.1668233167827609,0.17083129809855935
CAMELSH__11525854,0.19920351000133418,0.18033531953446424
CAMELSH__11526400,0.12881183723357414,0.1471566497083006
CAMELSH__11528700,-0.0045723682684286615,0.006293601655344205
CAMELSH__11530000,0.06475485083403565,0.11276591669858071
CAMELSH__12035450,0.19390108766823821,0.25108518200940755
CAMELSH__12037400,0.04809030609416176,-0.06360426074921666
CAMELSH__12039500,-0.05922153597556867,0.01034267848592696
CAMELSH__12059500,-0.2027107605358568,-0.018035213138304973
CAMELSH__12089500,-0.058963157154085066,-0.020411240453537483
CAMELSH__12091100,-0.07950092365639216,-0.038038860279807074
CAMELSH__12091500,-0.011229097454339199,-0.06223287687302037
CAMELSH__12097850,-0.10779536372007303,0.12108284066793884
CAMELSH__12098500,0.34140792293212147,-0.011496131912957286
CAMELSH__12100000,-0.9802265799700837,-0.6893248342397742
CAMELSH__12100496,0.150645900573251,0.12953559888041416
CAMELSH__12104500,0.023126686275604325,-0.010103566469911396
CAMELSH__12113000,-0.03439705066239651,-0.022120457212772116
CAMELSH__12113347,-0.03525023610712691,0.02854381194751343
CAMELSH__12117600,-0.006283523028752014,-0.07005664788680932
CAMELSH__12134500,0.04831053547288422,0.02643953450778669
CAMELSH__12138160,-0.03548636304384878,-0.04911222863483922
CAMELSH__12143900,-0.04976184630950842,0.0425427273378014
CAMELSH__12144000,-0.15512521342628272,-0.1649560514661167
CAMELSH__12148000,-0.03535394052774343,-0.008212141780388538
CAMELSH__12148500,-0.009851114230505553,0.13162028341519183
CAMELSH__12150800,-0.027405723388388425,-0.04761681115882721
CAMELSH__12158040,0.1399169252826611,0.08307605054875156
CAMELSH__12181200,0.16498943193741042,-0.1883647511551373
CAMELSH__12189500,-0.03662060947135792,-0.045194750160189034
CAMELSH__12201500,-0.13795158975443156,-0.20175913782169985
CAMELSH__12209490,-0.06549623720208031,-0.044121253112691106
CAMELSH__12323600,-0.17136606831297452,0.15981295176320365
CAMELSH__12323670,-0.07141520388531208,0.040042771232934427
CAMELSH__12323750,-0.011679982097122732,-0.19819219837394614
CAMELSH__12330000,0.07808932258960077,-0.09725690022065403
CAMELSH__12335100,0.006420841047633963,-0.07621371206146432
CAMELSH__12340000,0.2659380784314894,-0.031571968405709194
CAMELSH__12362500,0.28695807518124605,0.06320395275409385
CAMELSH__12366080,0.005245045603484488,-0.0583119278365265
CAMELSH__12375900,-0.0680744718912274,-0.16965755890382428
CAMELSH__12377150,-0.0166885888809426,0.0015995106992511277
CAMELSH__12388400,0.1491557130369497,-0.1619037753566953
CAMELSH__12392300,-0.1604635008920513,-0.07491832682362087
CAMELSH__12409000,-0.2001748776126806,-0.21641832827622853
CAMELSH__12413355,-0.012569098771608722,-0.13362885186488715
CAMELSH__12413370,-0.4244092159975196,-0.5218552232698592
CAMELSH__12415140,-0.025130469611243766,-0.12029033166892789
CAMELSH__12424000,0.01585719467217994,-0.06560905963820485
CAMELSH__12434110,-0.04916691673118792,0.8891414271928721
CAMELSH__12447390,-0.11120537806574926,-0.059141289769756855
CAMELSH__12448998,-0.18132510984401762,-0.10737158703681104
CAMELSH__12452890,-0.37813860343389116,-0.3113439483701682
CAMELSH__12452990,-0.2523881716829989,-0.2777279242149536
CAMELSH__12457000,0.05873845510247466,-0.060160653116076435
CAMELSH__12464770,1.09134644806026,-0.053525133490684995
CAMELSH__12465000,2.9261748498721323,0.807689966000841
CAMELSH__12484500,0.12580257457380362,0.18107616740353583
CAMELSH__13010065,-0.08571554213386923,-0.24939804433637625
CAMELSH__13023000,-0.23573733683409104,-0.14978983489147313
CAMELSH__13047500,-0.4965338112027272,-0.7108519865722047
CAMELSH__13055250,-0.17401665836258173,0.07340016119564674
CAMELSH__13055340,-0.2729374327371888,-0.34685120076825143
CAMELSH__13075500,-0.22996742596150788,0.5584535214960243
CAMELSH__13108150,0.021727040710162904,0.12671610400870661
CAMELSH__13139500,0.5353096778548181,0.16500939736616815
CAMELSH__13161500,0.11554754477280949,-0.08892967246680406
CAMELSH__13169500,23.266386728651632,-10.917271597777578
CAMELSH__13186000,-0.14259294909693065,-0.1695794936979178
CAMELSH__13204640,0.15543941025582197,0.5367945716208428
CAMELSH__13239000,-0.4129843416895394,-0.24561581113942793
CAMELSH__13265500,0.09591904535637691,0.26006721957655793
CAMELSH__13275300,-0.3277015164316877,0.067318639355189
CAMELSH__13292000,-0.00519064812359582,-0.08704199638391152
CAMELSH__13302500,0.0876643168349841,0.001186153984543803
CAMELSH__13316500,0.08873390072988185,-0.019349240546996826
CAMELSH__13330300,-0.09327235815224744,-0.0392679566853098
CAMELSH__13334700,0.019419507733965613,-0.03269666309754227
CAMELSH__13337000,0.06991254453554274,-0.0011711273318886217
CAMELSH__13346800,0.19443018737602535,0.08368141084229952
CAMELSH__14013000,-0.04541850016339288,0.012177581639180923
CAMELSH__14013700,-0.0007145023795904759,-0.01725251787479376
CAMELSH__14018500,0.02003346205663925,-0.04268869689018806
CAMELSH__14020000,-0.014764655580504993,-0.02766908499114995
CAMELSH__14020850,0.032900303694355926,-0.033153873592064786
CAMELSH__14034470,0.10193394358340835,-0.044196110599921457
CAMELSH__14050000,1.8445876294078198,-3.5766759322309714
CAMELSH__14051000,-0.4797831416420313,-1.2601512445116612
CAMELSH__14052000,0.43402487567244985,-1.15784757380611
CAMELSH__14056500,0.020048344876448354,0.25020066743320457
CAMELSH__14080500,-0.20542149798018378,0.2865533785879353
CAMELSH__14095500,0.13555517464161287,0.22393381385968858
CAMELSH__14107000,0.16642626233733715,-0.05158380758425363
CAMELSH__14111400,0.0269371507977747,0.004153105434406723
CAMELSH__14140000,0.0011950491881735914,-0.0018580899876555756
CAMELSH__14141500,0.006126524870425976,0.012787068796707213
CAMELSH__14145500,-0.016799067670592693,-0.04692652903292194
CAMELSH__14148000,-0.010801723058876389,-0.013006098941201305
CAMELSH__14151000,0.025114934124414123,0.03944239224418622
CAMELSH__14158850,-0.011390215925212832,0.023157708189249115
CAMELSH__14159000,0.021225876645409092,0.06145182592232856
CAMELSH__14184100,0.015969859500130523,0.03102696088428647
CAMELSH__14187500,-0.01049909875016164,-0.03848015500121038
CAMELSH__14198500,0.12044056826080118,-0.14512245348137665
CAMELSH__14199704,-0.08714926814527024,-0.09441948945444278
CAMELSH__14201300,0.02902070780303667,-0.03692353495165257
CAMELSH__14203500,0.002192881577861794,0.01154546704998105
CAMELSH__14206900,-0.2179681247919958,0.08264385302246291
CAMELSH__14209500,-0.06556413369414871,-0.016157720243868412
CAMELSH__14211315,-0.02737221021871239,0.016672581494989402
CAMELSH__14216500,0.054872169309752916,-0.12500961437519653
CAMELSH__14219800,-0.20614249912813853,0.014847672736341022
CAMELSH__14238000,-0.0288311210538984,-0.06999107902158941
CAMELSH__14240525,0.013210194145695242,0.004656020881136036
CAMELSH__14306340,-0.004578152320440343,0.0067036520676618805
CAMELSH__14306500,0.02043076611427841,-0.02965285217680047
CAMELSH__14308000,-0.02990321231995874,-0.06747491545997353
CAMELSH__14309500,0.031188862641925885,-0.003141979200246836
CAMELSH__14313500,0.1257461671586151,0.2179781443331617
CAMELSH__14315500,-0.3221878085048155,-0.43351014654901665
CAMELSH__14315700,-0.2243727947631345,-0.289195215343231
CAMELSH__14316700,0.0016627268861587607,0.02197402839462581
CAMELSH__14328000,-0.17197804400117422,-0.11449094142815142
CAMELSH__14337600,-0.09743136858802137,0.0033997547610067347
CAMELSH__14353000,-0.5674685696375552,-0.02549012484006341
CAMELSH__14366000,0.0024737725051267034,-0.13773456742840662
CAMELSH__14377100,-0.03968578566939329,0.03142150940388311
CAMELSH__394839104570300,-0.3229651964729831,0.15515482605652578
CAMELSH__402114105350101,-0.22770313109178364,0.0677606256928952
Germany__11609000,0.036549796536865964,0.03478696809081072
Germany__12006000,-0.007091256404768154,0.07585972977569011
Germany__12314001,-0.05421710864544549,-0.035691481794076274
Germany__12335001,-0.06737768622860996,0.02048044229204027
Germany__13201000,0.006694840599620444,-0.06695717052241668
Germany__13202003,-0.09834638862500122,-0.05007007513642914
Germany__13206004,0.06700948755679947,0.19533069344045906
Germany__13322005,-0.0820791000210308,0.047738100381799264
Germany__13424901,-0.1564812824901315,-0.04928806708847311
Germany__13483004,0.023528127637629237,-0.012110456225012167
Germany__13926207,-0.14844648023257534,-0.010727631939715154
Germany__14209008,0.0908150771622871,0.05944051539692374
Germany__14406508,0.0588319572061865,0.07995817575398323
Germany__14608003,0.1406904446056898,0.1442034570531714
Germany__14644801,-0.0005312190844850573,0.01010902514063483
Germany__15216009,0.10444236771718618,0.1877171905120486
Germany__15314008,0.10744057668450413,0.15543379211574992
Germany__15993001,-0.06414187654357029,0.020745812257771168
Germany__16004006,0.10642071601602643,-0.10453657172903963
Germany__16004403,0.16106953343632224,0.018750675350378
Germany__16007106,-0.043228430631110995,-0.0263989661427877
Germany__16403001,0.08074533882662416,0.03399295727674545
Germany__16407002,0.4402431815511924,0.06606435921533393
Germany__16603000,0.10890566074480568,0.19280514762450318
Germany__16610709,0.050511414572033564,-0.016254535831395023
Germany__16612001,0.016581299865552235,0.042349581106330025
Germany__16666000,0.16320009968741445,0.05779650700809691
Germany__17125006,-0.04096364498974181,-0.004135659245877887
Germany__17201501,0.0047439377429292495,-0.07724903040738751
Germany__17204204,0.10520211498269594,0.040002264077988126
Germany__17207508,0.04771508452986217,-0.06637142996792522
Germany__17245507,0.06529745238696849,0.06806851229309019
Germany__17325005,-0.1407196981807955,-0.15658029139726293
Germany__17406005,-0.06964072011334099,0.03236078721426261
Germany__17418004,0.18777080504440852,0.10308340998152521
Germany__17464001,-0.010346706228641644,0.09971282446866137
Germany__18203003,0.166489719306945,-0.1223235279442112
Germany__18205985,-0.10232346657739799,-0.016494759136370662
Germany__18216005,-0.03561975622847491,-0.019160798281179447
Germany__18246006,0.21959285686896574,0.13417085762539732
Germany__18285507,0.14591448024988596,0.18175935809316124
Germany__18387008,-0.021180004388356988,-0.12142270621060858
Germany__18454003,0.06219440076642213,0.03954130995471894
Germany__18462205,-0.0016523370373222601,-0.020751958234678014
Germany__18465600,0.05066787163575903,-0.014804760031888797
Germany__18666001,-0.04663658926605729,-0.009685372784021817
Germany__18669000,-0.08974320814013181,0.06209761085820509
Germany__18801005,-0.0822370189641155,0.008068434493341159
Germany__18803805,-0.05185785247841046,-0.15703649464224723
Germany__18825003,-0.06246154608089538,-0.08910585730791032
Germany__19145208,0.041952288862032394,0.10414690161394091
Germany__21643004,0.03647642481419633,0.12552580461475937
Germany__24010004,0.08298313285711933,0.06055570320234782
Germany__24115002,-0.01254659059097929,-0.11889332686401399
Germany__24117008,0.046026990984208926,-0.049542688325656226
Germany__24118703,0.18772769948123424,0.00803008646555936
Germany__24141206,0.08184695965358046,0.03888675960078636
Germany__24141501,0.08294615375884529,0.051630196872976875
Germany__24145808,0.08304368811352847,0.007368279913498532
Germany__24148001,0.06394139531492171,0.010523451594415922
Germany__24162206,-0.2939756384447323,0.20648936545183105
Germany__24165306,-0.07492425450920148,0.003081013767632923
Germany__24165907,-0.16426204612177497,0.04076788088530789
Germany__24167006,-0.186112986423547,-0.4684597409674248
Germany__24168009,0.20118410879294857,-0.004391681023834915
Germany__24186000,0.05850754786238377,0.08722924036097102
Germany__24210309,0.0577745824862938,0.047857889360070516
Germany__24211414,-0.044284064115018396,-0.260301512046493
Germany__24212450,-0.06710512372888477,-0.051910076022154805
Germany__24214004,0.10847929794644318,-0.00281273176811514
Germany__24217400,-0.030450229718130384,0.1078669363704754
Germany__24217603,0.11519686483790736,-0.009535915642789106
Germany__24224008,0.050377551883532545,0.14787866698309626
Germany__24231309,0.14741158540445104,-0.12938054974482305
Germany__24232301,0.1585850960912933,-0.03050992655436141
Germany__24235208,-0.028261103705523594,0.21929469866772067
Germany__24237509,-0.05020667573402715,-0.19395626772922436
Germany__24238002,0.15690425352466397,-0.10621784545519641
Germany__24238501,0.11926233071736847,-0.004707135008708008
Germany__24242000,0.09700810121149284,0.049927932689014076
Germany__24260500,0.07551996321688714,-0.21003049940662455
Germany__24345206,0.06254501621939612,-0.1590850290168372
Germany__24369000,-0.10014657716377517,-0.04162963285093091
Germany__24382304,0.002216349704513232,-0.13498613108788438
Germany__24460306,0.08276336285074881,-0.0015123109207172414
Germany__24482003,0.11159077081089308,0.061926185874752404
Germany__24601000,0.12792992905891115,-0.021549400550259334
Germany__24623003,0.047436392320917176,-0.12510923994395118
Germany__53202508,0.057569049492634417,-0.0011547639805419285
Germany__53216808,0.044720139014901794,0.006877586403727598
Germany__53222006,0.05289630594000999,-0.15999901128489236
Germany__56001003,-0.08446923105917781,-0.10661547576420793
Germany__56001502,0.15733555722315418,-0.08058912180795974
Japan__301031281101030,-0.023519042653812883,-0.04602827179885649
Japan__301031281101090,-0.3803298019897709,-0.293802240540773
Japan__301031281101220,0.0021650872640384122,-0.018421933898585596
Japan__301031281101320,0.21171143520598817,0.25745776307080637
Japan__301031281101400,-0.01133907530519318,0.06374391749772501
Japan__301031281101430,0.1117117969033713,0.05656087557962858
Japan__301031281101470,-0.1921493255728004,-0.0600910364556468
Japan__301031281101550,-0.052087153965506894,0.12417968464924578
Japan__301031281101840,-0.12986136031435214,-0.30819694311290735
Japan__301031281104060,0.17050457065019942,0.14276478894581957
Japan__301031281104100,0.10035790363682712,0.08424115515920559
Japan__301031281104210,-0.0658996865258824,-0.06067682244410455
Japan__301031281104230,-0.04545927416123785,-0.07248244186518638
Japan__301031281104260,0.061240076203368576,0.02544934981237823
Japan__301071281105010,0.007539727942164454,-0.06398387782259823
Japan__301071281105040,0.022276996014001904,-0.08671099965200124
Japan__301081281107040,0.045912593507988375,-0.048909337745754344
Japan__301081281107120,0.1904747515148424,-0.8191571082120526
Japan__301081281107170,-0.17034705795459593,-0.12778204770030066
Japan__301081281107310,-0.2294670782716841,0.20500208157638983
Japan__301081281107370,-0.11279061086886244,-0.1139627087619779
Japan__301091281106020,-0.19776450297649056,-0.28314156313515626
Japan__301091281106050,0.05997270247809838,0.01720758382219556
Japan__302011282206060,-0.015198287490978513,-0.0027988199432560368
Japan__302011282218010,-0.023530046045046937,-0.0324815138276251
Japan__302011282218040,0.040693413537505,0.000552439378396552
Japan__302011282218170,0.02076495955194435,0.1357562496233573
Japan__302011282218220,-0.13886564961530284,-0.0861421660767413
Japan__302011282218270,-0.027608344041872845,-0.10008198196961482
Japan__302011282218290,0.11726652669970589,0.6313905477509548
Japan__302011282228110,0.06347285570608441,-0.005972196334136148
Japan__302021282206050,-0.0715278848868105,-0.10733589543796151
Japan__302021282224020,0.02171444945715295,-0.05000001509948748
Japan__302021282224070,-0.09878136746616967,-0.0859760168547376
Japan__302031282207070,-0.012689858842269697,-0.0167046243574962
Japan__302031282207150,0.03971164358102852,0.02399575725844605
Japan__302041282204360,-0.10495450847370635,-0.07079305597798036
Japan__302041282207090,0.027936982814712463,-0.0692137674647223
Japan__302041282220070,0.019036446630037673,0.058860432192521905
Japan__302041282220180,-0.039074387807864985,0.04999096304012507
Japan__302051282201070,0.025877127792014232,0.011894897381487413
Japan__302051282201990,0.013558076605634684,-0.035360295708826706
Japan__302071282201050,-0.1447664905544428,-0.10058952535991761
Japan__302091282210040,-0.05330368468850044,-0.04309912462175425
Japan__302091282210060,-0.0722909505074224,-0.07019334074731798
Japan__302111282214070,-0.0617135648802134,-0.06309025478242236
Japan__302111282215080,0.07651974102158421,0.09194046334713613
Japan__302111282216140,-0.019639598455907015,-0.06936520590508055
Japan__302111282221030,0.029787307522808115,0.11668457365892326
Japan__302121282215040,0.07131716379892883,0.10565319119263106
Japan__303021283322070,0.0348400597060467,-0.05290222593084093
Japan__303031283301110,-0.10611286113667595,-0.12468912565862911
Japan__303031283303230,0.19754110159209148,0.24391944331643428
Japan__303031283305540,0.17559978254586217,0.14092203876725917
Japan__303031283305610,0.016278279573918142,0.06763239100935081
Japan__303031283306050,0.22920867854755833,0.08601661595946775
Japan__303031283306170,-0.012685620306045697,-0.15393831886122677
Japan__303031283306220,-0.09265324287393595,-0.2243332280130672
Japan__303031283307110,-0.13254162389874902,-0.018258428527788695
Japan__303031283307130,0.1710822392837158,-0.02397742599115371
Japan__303031283323040,0.008298379350823226,-0.1825375021462149
Japan__303031283323060,0.13684090026586038,0.0749751914783493
Japan__303041283308110,0.024753478456508105,0.1745122120218658
Japan__303071283319020,-0.09718901387969353,0.057627610046281585
Japan__303081283324010,0.08457322516526433,0.1312767516408958
Japan__304011284406010,0.032096129139926766,0.011816151845754241
Japan__304021284402010,0.15998487151826335,-0.031699933889347554
Japan__304031284403100,-0.04154184659057325,0.00816383808188581
Japan__304031284403110,-0.07074294494770061,-0.038780957928777005
Japan__304031284416030,-0.018757666884753554,-0.02778632632809641
Japan__304031284416130,0.15676548234214738,0.05266688492811655
Japan__304031284416210,-0.06515879761471943,0.09286945678120884
Japan__304051284407020,-0.1982813264855921,-0.0562966370622735
Japan__304081284408040,-0.07532687750661671,-0.01017594120970644
Japan__304101284408080,-0.05948080990343385,-0.0095367549936205
Japan__305021285507020,0.08405348046707561,0.05130733216403893
Japan__305041285510070,0.014863499418104942,0.018751632252739348
Japan__305051285510020,0.03538694238370077,0.13177359093646346
Japan__305051285516030,0.1420833017844093,0.0815616996816515
Japan__305061285512010,-0.03324160009825339,0.04336028218587423
Japan__305071285512010,-0.0903374747268808,0.1681541699989717
Japan__305071285512020,-0.09693780760555937,0.1204600683643704
Japan__305071285512090,-0.03910778583163854,0.09086709363576984
Japan__305121285514010,-0.0943879228569035,-0.059738748453160906
Japan__305121285521030,0.2936191704622547,0.2996544493934489
Japan__306021286614200,-0.08108206795808509,-0.07975484463809157
Japan__306031286607040,0.05366046410816627,0.006349617837007271
Japan__306031286607100,-0.04428436083365789,-0.012703436537819579
Japan__306041286606040,-0.26146158426653293,-0.28628092520212906
Japan__306041286606090,-0.18358237462281846,-0.2917046757333295
Japan__306041286608060,-0.04991219629565774,-0.028800786544567192
Japan__306051286611110,0.04614720071746631,0.054413806112748486
Japan__306061286611020,-0.032181837990574724,-0.0556457549447108
Japan__306061286611120,-0.05769515439814943,-0.010900499828671917
Japan__306071286601130,-0.10619193626032808,0.021133099531683408
Japan__306071286601160,-0.09752919564270135,0.03991191372239056
Japan__306091286605040,-0.18476699920238138,-0.028423453071833416
Japan__306091286605110,0.038778868043569115,-0.015750419960460338
Japan__306091286605200,-0.05079429675656866,0.24340454270445927
Japan__306101286610010,-0.034095859565988595,0.03579424118516339
Japan__307011287701020,-0.11997018024644279,-0.03285007822003172
Japan__307021287702120,0.19449330108181292,0.01607778292419748
Japan__307021287702130,-0.02980979611239054,-0.08965218710951561
Japan__307031287703080,-0.03260222018257575,0.003970690482290928
Japan__307051287707030,0.03926416558862467,-0.028239322202322947
Japan__307051287711070,-0.12484711432760376,-0.08533516101038519
Japan__307051287716010,-0.14911419943066784,-0.058438546419015136
Japan__307061287707060,-0.01933749817476693,-0.0746069361181324
Japan__307071287715010,0.16104293529172498,0.0258233565753323
Japan__307071287715040,-0.05966304646853815,-0.05688154527828715
Japan__307091287712130,0.12341604526130845,0.039763451026047725
Japan__307091287712140,-0.12022163930384844,-0.08657920697710408
Japan__307091287712190,-0.04677285817246568,-0.04822628774379378
Japan__307101287710010,-0.05025342506177444,-0.10101586032002197
Japan__307101287710020,0.01239290309689045,-0.07444862609884784
Japan__307101287710100,-0.17264032999044998,0.03734103964398208
Japan__307111287708140,0.020281496413836586,0.07713110949904478
Japan__307111287708170,-0.016075723015697707,0.010663627523434083
Japan__307121287708170,-0.8083454446969209,-0.3008230153281399
Japan__309011289902030,-0.11266276648689821,0.02637747631859888
Japan__309011289902210,-0.08294104433974439,0.009047713857867706
Japan__309021289903040,0.053918562900436284,0.030685322537052473
Japan__309051289903010,-0.12226671211896067,0.044927202086952334
Japan__309061289920030,-0.05796774779485436,0.02324769905685875
Japan__309061289920070,0.007439138485174218,0.03869678902375939
Japan__309071289901040,0.06978825411549883,0.11692389996265973
Japan__309081289911050,-0.285605305503096,0.2990361580566784
Japan__309081289911060,-0.08194110952074951,0.32694852326091906
Japan__309081289911110,-0.04900463593119897,0.17855550026896155
Japan__309081289911160,-0.9924420476770957,5.211088178547565
Japan__309101289908030,-0.09531606751472,-0.12875358968335804
Japan__309101289908060,0.06580710743191065,0.23950435969622913
Japan__309121289918140,0.025154501578762645,0.022634385120454348
Japan__309131289919050,0.07890483777670532,0.21296385821851133
Japan__309141289916020,0.06346267532079197,0.1943656499573989
Japan__309141289916080,-0.024278642656839988,0.10479178695003
Japan__309141289916160,0.04756661223456071,-0.0313773133962052
LamaHCE__101,0.09274065220302319,-0.05458142970074803
LamaHCE__112,0.04029982509935959,0.038065327706199525
LamaHCE__114,-0.095285055477065,-0.04944582173490353
LamaHCE__117,-0.019359942319611467,-0.07415394548663112
LamaHCE__121,-0.08532342761817781,-0.2217573684535084
LamaHCE__123,0.012793927520536763,0.04270364371130442
LamaHCE__126,-0.08862536999322801,0.10076610887148962
LamaHCE__13,0.053251168270846305,-0.013321052577945358
LamaHCE__130,-0.037256640039031064,0.15543525726968843
LamaHCE__133,-0.045121870399949526,0.012452367654104624
LamaHCE__134,-0.06223657799680704,-0.0601179084359722
LamaHCE__143,-0.09090158671273918,-0.0686537697681614
LamaHCE__152,0.20476533534758612,0.12918155875768833
LamaHCE__163,0.022228646152746778,-0.0028388138762280857
LamaHCE__164,0.11124604249910708,0.08242461100980353
LamaHCE__166,0.020040197333755838,0.004401452615193313
LamaHCE__168,0.09946169568964192,0.07493006863093121
LamaHCE__17,-0.018985292913828333,-0.06195826758501066
LamaHCE__177,-0.12301832575479277,-0.25057703716831015
LamaHCE__183,0.03608145284253328,0.007808615849777989
LamaHCE__2,0.2340305042325722,-0.04548543314042475
LamaHCE__202,-0.019915340864108788,-0.06945852105911293
LamaHCE__204,-0.0528653965365008,-0.012881539949004428
LamaHCE__205,0.007413206208033873,0.007317044281742291
LamaHCE__21,-0.13325906277875077,-0.09392358716499427
LamaHCE__216,-0.04637686834525745,-0.00800073339998919
LamaHCE__217,0.00854829104475996,0.016625968313835005
LamaHCE__22,-0.06383800897360814,-0.11756196522645979
LamaHCE__231,0.07303012040718426,-0.008198132161199578
LamaHCE__238,-0.19740648086284007,-0.19188312815146957
LamaHCE__24,-0.051001415860216115,-0.11677566243666027
LamaHCE__241,0.02879294129010479,0.09024876458671838
LamaHCE__244,-0.12831821846318636,-0.13757962493899178
LamaHCE__248,-0.09758997275556025,-0.12988651623207215
LamaHCE__249,0.0593251828363065,-0.017186362150551915
LamaHCE__25,0.03505544896463764,-0.03361999006495875
LamaHCE__261,0.11887294954691519,-0.09092148286934837
LamaHCE__262,-0.04615005469334654,0.04188207440592695
LamaHCE__269,0.10596723334269387,0.029626072006273874
LamaHCE__270,0.03556122072835888,0.04537317783539174
LamaHCE__275,-0.03056725115755532,-0.03227294074668541
LamaHCE__279,0.0022660538533522123,0.029755374751954222
LamaHCE__280,-0.08834229927786641,-0.0381820544218483
LamaHCE__286,-0.04398173115825221,0.0681547446377635
LamaHCE__289,-0.01266677984337472,0.007834373129425143
LamaHCE__296,0.12470319523499462,0.22992589737570646
LamaHCE__298,-0.015897278567216344,-0.13262018285481836
LamaHCE__3,0.1132663171691554,-0.09556391013127088
LamaHCE__304,0.10981786818866612,0.12776934889544778
LamaHCE__308,-0.013105982126234594,0.01560775931818198
LamaHCE__309,-0.1280607367907871,-0.11895626873888498
LamaHCE__319,0.03682084867791002,-0.06768444065936574
LamaHCE__32,0.2630295838872427,-0.0731805708985932
LamaHCE__320,0.010337948236909589,-0.08492416837221017
LamaHCE__321,0.0067996828269822895,-0.16336677581097736
LamaHCE__346,0.1871482002472148,-0.026576962793255277
LamaHCE__347,0.28712617610420477,0.11909157877559345
LamaHCE__36,0.00386272622578987,0.03000200978821521
LamaHCE__363,0.2958468409912861,0.10122262171599306
LamaHCE__364,0.35004068269702165,0.04371489653582783
LamaHCE__371,-0.0813756362205964,-0.05679061904815341
LamaHCE__382,-0.03741098497808493,0.06864902536810469
LamaHCE__384,0.03157104632416685,0.20043245027539813
LamaHCE__391,0.5061257550195623,-0.21877035226887198
LamaHCE__392,0.046332903024142606,-0.066817625681133
LamaHCE__402,0.1462620966742958,0.0971593564967167
LamaHCE__408,-0.14006192712478865,-0.04715435992756223
LamaHCE__412,0.05039899158736855,-0.032965678569449264
LamaHCE__42,-0.13849132071608028,-0.010549703869321081
LamaHCE__422,-0.1296869933282213,-0.0009057283852126341
LamaHCE__430,0.007982193536403698,-0.1411152469121846
LamaHCE__440,-0.01022196151567134,0.03378677457668733
LamaHCE__443,0.0997027559441016,-0.10551097797338471
LamaHCE__45,-0.06665679297277649,-0.0778207473177559
LamaHCE__456,0.10931606802213101,-0.04568224823948519
LamaHCE__464,-0.045444946941526565,-0.04400531671089736
LamaHCE__477,-0.02900935041807373,-0.013432446935630726
LamaHCE__478,-0.035812391180983894,0.04029367403076867
LamaHCE__486,-0.025804725776400472,-0.010980587953592136
LamaHCE__492,0.171396965087108,0.10267123395949473
LamaHCE__507,0.030783444823011874,-0.0343774347671284
LamaHCE__509,-0.057201312721554265,0.017987864936840126
LamaHCE__513,-0.02700877039276861,0.030710708038939938
LamaHCE__518,0.0026281199043571846,-0.030521114722890097
LamaHCE__52,0.0038291769278684384,-0.05858011006269492
LamaHCE__526,0.15444118265918083,0.0773290445648156
LamaHCE__527,0.09024434809502879,-0.009167771990600815
LamaHCE__529,0.15341948103953196,0.0379229442302903
LamaHCE__53,0.055591901803018096,-0.0019140664780685768
LamaHCE__537,0.04512554990068829,0.06068093359845084
LamaHCE__540,0.16231036381933306,0.00463337086617277
LamaHCE__541,-0.047045749672305015,0.1355668374735406
LamaHCE__546,0.24309978927303844,0.005570369360589522
LamaHCE__549,0.14140445696652915,0.06810081314677885
LamaHCE__550,0.03372172476317559,-0.01552872707214148
LamaHCE__551,0.10869648479253413,0.04229330139673082
LamaHCE__555,-0.06709948534684429,-0.0031222188782560334
LamaHCE__558,-0.002084079585501275,-0.027055146073073244
LamaHCE__562,0.029057954933548236,0.0011781906716020751
LamaHCE__564,0.07990080521515286,-0.0119242760267958
LamaHCE__567,0.039681731664959474,0.008191851457711508
LamaHCE__569,-0.002188998572790979,-0.018303353027944835
LamaHCE__577,0.1060486336435087,0.07857348769385725
LamaHCE__579,0.2397695510703164,0.2010127802792001
LamaHCE__583,0.045189369255306255,-0.029259677090236247
LamaHCE__586,0.03872044926046292,0.11478590498808205
LamaHCE__590,-0.12446928438584015,-0.10868697476977662
LamaHCE__591,-0.22162977537744177,-0.12679916677443892
LamaHCE__595,0.0012912239798140157,0.1760998564027442
LamaHCE__60,0.07346105679314152,0.24193441452701514
LamaHCE__603,0.15654483616588,0.08370884471578333
LamaHCE__607,0.10294278900641285,0.001904855376689718
LamaHCE__62,0.0054929525223453846,-0.0031420107664577035
LamaHCE__621,-0.016061989209245175,-0.025853081785603416
LamaHCE__633,-0.008144461532662683,0.042890480592150504
LamaHCE__639,-0.00025855365985427703,0.08054392092660245
LamaHCE__655,-0.09313738636957114,0.03893430823177202
LamaHCE__66,0.004683804882797515,-0.12422220465069944
LamaHCE__667,0.0729496740670168,0.11554617945615897
LamaHCE__673,-0.1291310132616188,0.030276995959262587
LamaHCE__676,0.003995073557630402,-0.1452953157935175
LamaHCE__679,-0.09739781741451736,-0.09765740704654291
LamaHCE__684,0.11777521097588117,-0.06754367265959826
LamaHCE__686,-0.4216655087021044,-0.4336468581973414
LamaHCE__69,-0.008264266136589371,-0.04244339681753129
LamaHCE__692,0.10678275202685783,-0.023343344106416142
LamaHCE__696,0.2170549664228995,0.11710359939193526
LamaHCE__700,0.003852157572586834,-0.07718406800264055
LamaHCE__702,0.07152129946907204,-0.03148205527474068
LamaHCE__708,-0.06245368867658363,0.0369688651940121
LamaHCE__718,0.1416216759951182,0.002004336558087738
LamaHCE__72,0.18167901326157876,-0.08709443531602734
LamaHCE__725,0.12887150125098057,-0.02279591813205839
LamaHCE__728,0.031191238227435747,0.033604298125602616
LamaHCE__73,-0.17239640433010395,-0.17324031184971844
LamaHCE__730,-0.010138945239750119,-0.02136686898984208
LamaHCE__731,-0.11867597759609894,-0.01766070305073819
LamaHCE__735,-0.14336886444615726,-0.19251343769484386
LamaHCE__740,0.04835842399253265,-0.05263654185491795
LamaHCE__748,0.021706081798940957,-0.129987417515527
LamaHCE__758,-0.08692221513282389,-0.5864542727096457
LamaHCE__763,0.10816495353766109,0.12970916822944156
LamaHCE__764,-0.07990450375632074,-0.15468471183776644
LamaHCE__77,0.04563463973596793,-0.10012429070958295
LamaHCE__773,-0.03599328371608379,-0.1184119008095087
LamaHCE__779,-0.19922779814063152,-0.14835115380082703
LamaHCE__782,0.041284794251458035,0.04789596329976231
LamaHCE__791,-0.23365987554957296,-0.18801638313622004
LamaHCE__792,-0.0426013091001447,-0.043179412056332356
LamaHCE__798,-0.07095115851795153,-0.08570993103376356
LamaHCE__803,0.07520035247720647,-0.06205932686707827
LamaHCE__805,-0.01869547508029168,-0.13811884606491753
LamaHCE__808,-0.0880580573236448,-0.19227167178042237
LamaHCE__811,0.018804916496844015,0.040406163464362876
LamaHCE__818,0.13920287605758286,-0.08908162823916244
LamaHCE__820,-0.12007095056419448,-0.18861756280304665
LamaHCE__830,0.1381925258075315,0.1328522406900885
LamaHCE__837,0.2736546782106572,0.15900829122160298
LamaHCE__839,0.1696073290541659,0.1642696062621736
LamaHCE__854,0.11079356895281905,0.1192383211489576
LamaHCE__856,0.11074253623129937,0.13998343310562972
LamaHCE__859,0.24125933690055917,0.05100787783490812
LamaHCE__861,0.15514354056390361,0.15217507448924572
LamaHCE__869,-0.0054497222929908995,0.0258010916808471
LamaHCE__876,-0.2304413250602762,-0.1513956202963828
LamaHCE__9,0.04870807351272488,-0.1163844571635263
LamaHCE__92,-0.23492429357408495,-0.09507830233935255
LamaHCE__95,-0.010027617513200804,0.03317272848480224
LamaHIce__104,-0.3617457469306999,-0.2368913533459977
LamaHIce__105,-0.10383626450576378,-0.10761723164742576
LamaHIce__15,0.03297724919817757,0.0600798830748237
LamaHIce__2,-0.12786122370314834,-0.013781880027096571
LamaHIce__24,0.017712463339121687,0.024063832152701914
LamaHIce__33,0.09412575702923998,0.10194704561149515
LamaHIce__4,-0.11795359056750543,0.007930675179810831
LamaHIce__54,-0.23810976067814532,-0.23945518644600639
LamaHIce__66,-0.05644725632877745,0.08601492410367717
LamaHIce__72,0.3561741949696693,0.04966021953716904
LamaHIce__79,-0.04158191994066168,-0.06791451919881353
LamaHIce__90,0.36321953189800904,0.19555668842653834
LamaHIce__91,-0.08920095006349932,-0.16029809184092236
LamaHIce__9900,-0.15422734858244358,0.194414437830969
BOMAustralia__002105A,0.7862655085852535,3.0128008245650566
BOMAustralia__105105A,-0.29552386678541387,-0.05245577311886618
BOMAustralia__106001A,0.1812201475178335,0.08269959127622711
BOMAustralia__108008A,-0.16573739559862583,-0.016093659341870903
BOMAustralia__110006C,0.09084419967797303,-0.2643079459157209
BOMAustralia__110021A,-0.03704635634614273,-0.015170188804640938
BOMAustralia__111101D,0.004778890756733656,-0.039220288819587945
BOMAustralia__112002A,-0.2939108361430327,-0.0649559309070949
BOMAustralia__112004A,-1.1441953833206235,-1.1701162811023613
BOMAustralia__113015A,-0.038488707205406425,0.057056166994479685
BOMAustralia__116004C,0.14412750319628354,-0.21129382528424767
BOMAustralia__116015A,-0.6708374094001368,-0.568871784488663
BOMAustralia__117002A,-0.06478219188880846,-0.16097695478899676
BOMAustralia__118004A,0.7038327954681337,0.39953305920187265
BOMAustralia__120112A,-0.006681185393261346,0.022874580481793305
BOMAustralia__120120A,0.12986743352108776,0.2184870201252176
BOMAustralia__120121A,-0.1443886691293647,-0.15305881593531329
BOMAustralia__120207A,0.9211566068335171,0.08125268063993207
BOMAustralia__120299A,-0.25098886673382664,-0.30444023974345735
BOMAustralia__121003A,-0.7907538263576619,-0.6040282983405578
BOMAustralia__122004A,-0.306532695177681,0.21723279863729344
BOMAustralia__125007A,0.41978852240065834,-0.17117693404215373
BOMAustralia__130008A,0.10646300111457507,0.0015615178660801088
BOMAustralia__130212A,-0.0655988908920925,0.5824719109320828
BOMAustralia__130306B,2.501952093781938,-0.033019502671716605
BOMAustralia__130335A,0.1623069537087284,0.2933986791428253
BOMAustralia__130336A,-0.27839672297636553,-1.739972205658208
BOMAustralia__130348A,-0.042914967002479,-1.042506510935064
BOMAustralia__130407A,-0.0018472188508167897,0.08080125795657628
BOMAustralia__130414A,-5.752361833686246,-7.513055487856044
BOMAustralia__133003A,-0.06627871508732786,0.016388851294900197
BOMAustralia__133004A,0.16350031831280676,-0.16104355057752817
BOMAustralia__136106A,1.1081246651300065,0.051560308290996726
BOMAustralia__136119A,1.7934834634552748,-0.5659532693848401
BOMAustralia__136206A,-0.16255406737195338,-0.2674494190900845
BOMAustralia__136306A,0.10372607412436502,-0.7502252157268872
BOMAustralia__136317A,-9.993851168048236,4.084411874153343
BOMAustralia__138003D,0.46671033740913787,0.2943380244478627
BOMAustralia__138009A,0.036584425579384405,0.11631637076837367
BOMAustralia__138107B,-0.14127296980628773,-0.13595289776064162
BOMAustralia__138903A,0.04944588046195264,0.07000613843420966
BOMAustralia__141003C,0.15330444435876758,0.30976394681117086
BOMAustralia__141004B,-0.10709209986278037,0.10651093559496178
BOMAustralia__141006A,0.2058833657854276,-0.03348085090282743
BOMAustralia__143015A,0.11686770703635257,0.3096430623470321
BOMAustralia__143203C,-0.0010578490597945578,0.002290084872996312
BOMAustralia__143222A,-1.831696135186558,1.2900329725628161
BOMAustralia__143231A,0.29106842100032576,0.3453746733188251
BOMAustralia__143303A,0.1478603686658403,0.14952870206310787
BOMAustralia__143921A,0.5422803463446553,-0.5482784163779104
BOMAustralia__145012A,-0.4446988248285438,-1.0643648382611595
BOMAustralia__146095A,-0.010272248044328358,-0.12477372834260514
BOMAustralia__202001,-0.14835737224067658,-0.42095935423253045
BOMAustralia__203024,0.13954477293365275,0.3337191122076835
BOMAustralia__204001,-0.10375671924229202,-0.14047425587871032
BOMAustralia__204004,-0.10072307968009953,-0.19554214715817453
BOMAustralia__204030,0.09095637026022574,0.0573743831892124
BOMAustralia__204043,-0.44313753034322617,-0.7766784295501404
BOMAustralia__205015,-0.11430961017817087,0.06538179605063932
BOMAustralia__206014,0.12977902578539147,0.20077369955705282
BOMAustralia__206018,0.03850886057507452,-0.0037729117342719665
BOMAustralia__206034,-0.0029460710828855263,0.16527943235981019
BOMAustralia__206039,-0.9266071498583445,0.0698349170415216
BOMAustralia__207015,0.1997256071799287,0.005508860488242395
BOMAustralia__208004,0.020203764874916708,-0.1738194978260149
BOMAustralia__208007,-0.302432691434144,0.0785875813662956
BOMAustralia__210013,0.11423907678422311,-0.30612718657623367
BOMAustralia__210017,-0.0367992232467827,0.020788585194713716
BOMAustralia__210028,-0.00023704720996342576,0.07759097560874983
BOMAustralia__210031,-0.4110490731689683,0.45161796899379036
BOMAustralia__210040,0.1019726665664554,0.24500590820906548
BOMAustralia__210055,0.08397692636550147,0.13239526238868937
BOMAustralia__210070,0.0025693020227758323,-0.1088932334105539
BOMAustralia__210110,-0.023554106123061996,-0.05844093603520378
BOMAustralia__210130,0.0596278845599122,0.2973644022189703
BOMAustralia__210142,-0.08184375700445229,0.1342476565867285
BOMAustralia__211014,0.030471739980248547,0.08758947527860728
BOMAustralia__212021,-0.17202716738516877,0.17241707582735818
BOMAustralia__212040,0.16567408665549999,0.4068005811342893
BOMAustralia__212054,-0.22213217805496543,-0.33982432226637427
BOMAustralia__212058,0.030134007087254,-0.07600570743272639
BOMAustralia__212230,-0.029278452088143503,-0.17811229335591958
BOMAustralia__212241,-0.15015227655245741,-0.2833560965298333
BOMAustralia__2122520,-1.280782321133802,-1.8480933999142104
BOMAustralia__212294,-0.1662196184566181,-0.0848995606100792
BOMAustralia__212296,0.1327612892994528,0.1317032353779875
BOMAustralia__213009,-0.12226672302272171,-0.15700076659172146
BOMAustralia__213211,-0.2191124971481273,-0.18724274793638201
BOMAustralia__214010,-0.09994736512971047,-0.14519493826653573
BOMAustralia__215002,-0.1574484964418622,0.04710324903677077
BOMAustralia__215008,-0.010872683103610559,-0.056503209378456765
BOMAustralia__215018,-0.3644685518090311,-0.20248317386378942
BOMAustralia__215208,-0.2839962569295871,0.11843292297875274
BOMAustralia__215223,-0.06810596238576452,0.16946214287807743
BOMAustralia__215241,-0.0806084417586066,0.1277893611043786
BOMAustralia__216004,0.06603611707677226,0.050298408614407375
BOMAustralia__219001,0.010173684503440028,0.10573478573891609
BOMAustralia__221001,-0.3851353337151195,-0.11145964362581859
BOMAustralia__221002,-0.060113181898891366,0.1485125174391102
BOMAustralia__221010,-0.06681182234332739,0.12162954884020205
BOMAustralia__221207,-0.09551035541161149,0.0030677595663237134
BOMAustralia__221213,-0.5980840114420185,-0.4679395660318888
BOMAustralia__221218,0.041409077506480374,-0.11503062361292637
BOMAustralia__222004,-0.28887150410101564,0.1554866481708097
BOMAustralia__222007,0.49630910142825213,0.3562012606101422
BOMAustralia__222017,0.20322019139557823,0.17277956848131
BOMAustralia__222202,0.25459163081003144,0.0811775574577891
BOMAustralia__222210,0.4090058536487047,0.2993509294412112
BOMAustralia__222217,-0.05094926459189797,0.16328888115776197
BOMAustralia__224215,0.017297870620901046,0.15888113948229754
BOMAustralia__224222,0.2537707604671551,0.0360423950237565
BOMAustralia__225201,0.030289765406286806,0.4069168367018839
BOMAustralia__225209,0.17066662784853542,-0.1443257318941945
BOMAustralia__225221,-0.19159688327535218,-0.12043980193219278
BOMAustralia__225231,-0.005691981550279168,0.01617778879529258
BOMAustralia__225717,0.059627696719405376,-0.041437958204267655
BOMAustralia__226007,0.06655906903542896,0.23563717191418687
BOMAustralia__226209,0.08773574539218121,-0.24733276438714535
BOMAustralia__226224,-1.0438027210213923,-1.315861552271136
BOMAustralia__226227,0.2409733457923915,0.1993520189858768
BOMAustralia__226410,1.1381206100322652,0.4363460240119167
BOMAustralia__227216,0.3500222027503397,0.3580191272227886
BOMAustralia__227239,-0.08158083595489285,-0.31663620461215036
BOMAustralia__227244,-0.03731725707076661,-0.35578637441402755
BOMAustralia__227272,-0.13930478329307316,-0.1467716055031762
BOMAustralia__228357A,-0.1221341879514875,-0.016487854121737366
BOMAustralia__229106A,-0.07714875410841698,0.07567764402029464
BOMAustralia__229142A,0.2189978871342536,0.04488139482050335
BOMAustralia__229200B,-0.006671027580533062,0.028943451024064815
BOMAustralia__229215B,-0.09044001944376712,-0.07906764569848046
BOMAustralia__229247B,-0.09043376965943017,-0.01577405064249271
BOMAustralia__229608A,0.4817047030992398,0.2547649757564918
BOMAustralia__229645A,-0.0024127313740861522,-0.09016210941098945
BOMAustralia__229653A,-0.007304713074032465,0.046244948432179744
BOMAustralia__229659A,-0.12257347761747794,-0.3075371862990127
BOMAustralia__229694B,-1.4926808093134567,0.6605125539525962
BOMAustralia__230112A,0.6189961589878397,1.5381061774204399
BOMAustralia__230205,-0.6191815785580107,-0.20440758791745306
BOMAustralia__230217,0.19953790216077139,-0.2970183318144284
BOMAustralia__230237A,-0.4451062674947005,-0.6950511347864516
BOMAustralia__231211,-0.1143144596413163,-0.4214218138960364
BOMAustralia__231236,1.1329494705080796,5.211082613784436
BOMAustralia__231707A,0.056396715808522124,0.6496200451445746
BOMAustralia__232709,-0.7379323305662557,-0.5359754545095716
BOMAustralia__233215,0.09057726779341124,0.012962060424124622
BOMAustralia__233246,-0.0023722978877454004,0.30176745182196113
BOMAustralia__234203,-0.12539613842051833,-0.1494613355219252
BOMAustralia__235224,-0.22027705442639173,-0.2019598232195185
BOMAustralia__235227,-0.5625858164803885,-0.3733488785518051
BOMAustralia__235243,-0.7310851768255026,0.013430685697731995
BOMAustralia__236203,-0.011169863722371276,-0.645216225003765
BOMAustralia__236205,0.061564808265019866,0.4462714653869496
BOMAustralia__237206,-0.0610804289619733,-0.022259399471137586
BOMAustralia__238231,-0.42672360022735306,-0.24755273723744237
BOMAustralia__238233,0.14245436211276163,1.017380999315349
BOMAustralia__238234,0.4583781837071138,0.5989353643006321
BOMAustralia__401016,-0.3499043626997632,-0.015180319093779815
BOMAustralia__401017,-0.1349821909635458,0.1036022143820221
BOMAustralia__401024,-0.11213654473985812,-0.19304509447396356
BOMAustralia__401209,-0.19364533964782532,-0.10908896526857659
BOMAustralia__401560,-0.37421731062896596,0.05478793753253075
BOMAustralia__402217,1.2463545992377074,1.2032570082862983
BOMAustralia__402219,0.28024636341888937,-0.17448261041051039
BOMAustralia__403214,-0.09574106402308025,-0.187786215319933
BOMAustralia__403232,0.02213827090426901,0.1233780620778051
BOMAustralia__403240,-0.09649992350071701,-0.0031137592946324233
BOMAustralia__403254,-0.1675556271545462,0.21687572838688102
BOMAustralia__404235,0.7036865658300299,0.4264975867638493
BOMAustralia__405260,-0.02039308670862372,-0.27248301494692706
BOMAustralia__405261,0.028367742651282113,-0.6642324791177394
BOMAustralia__405263,0.1490132143314264,0.1959525672174039
BOMAustralia__405278,0.07281691205116647,0.2714724706620928
BOMAustralia__405704,-0.23677086660720528,0.1556167983038898
BOMAustralia__405717,-0.1827608199882029,0.1509864547128299
BOMAustralia__406213,0.2260049957294903,0.22669440207641323
BOMAustralia__406214,-0.0738124265617791,0.061113295266953194
BOMAustralia__406216,1.0331085004194844,-0.5911293711664758
BOMAustralia__406262,0.3560121043972553,-0.12344084332915162
BOMAustralia__407217,0.0997184253919205,0.054795321153126963
BOMAustralia__407230,0.5574546266090337,0.4976424768092465
BOMAustralia__407240,0.9711636519629911,0.11822865525425252
BOMAustralia__407716,1.4185259510645654,-0.7380664960918559
BOMAustralia__408203,-2.3766734651091936,-5.503333179083823
BOMAustralia__408204,-0.9654998409045101,-0.7022564006508984
BOMAustralia__409019,-0.6028421922701825,0.5694667244258111
BOMAustralia__409029,0.170565504899729,-0.01819309876369382
BOMAustralia__409062,0.2492980734644849,0.26759418525598216
BOMAustralia__409086,-0.42847609392740493,-0.37019073575051836
BOMAustralia__409712,38.259188592697775,-1.122857151361952
BOMAustralia__41000261,-0.26883886094510895,0.037178513410940583
BOMAustralia__410025,0.07844419068056763,-0.00962364519365011
BOMAustralia__410044,0.20506668300159703,-0.014470526605040224
BOMAustralia__410059,-0.3032608844201611,-0.17653984866111527
BOMAustralia__410076,-0.1365203349329372,-0.1765233202758271
BOMAustralia__410094,-0.24609445344859054,0.08637700086227079
BOMAustralia__410097,-0.12742844125673952,-0.9746318035827737
BOMAustralia__410107,0.29807587908584104,-0.12564493141491329
BOMAustralia__410108,-0.008706487728192991,-0.1108177805317078
BOMAustralia__410574,0.05671271592987104,0.12811444601871003
BOMAustralia__410711,0.21029532335205203,0.006206467881533673
BOMAustralia__410713,0.13268174364085528,-0.014899103569132044
BOMAustralia__410730,-0.616571064102416,-0.21801212773699008
BOMAustralia__410736,0.1598273207516575,0.0507191119564423
BOMAustralia__410756,0.03582962395008993,0.00042582543348612667
BOMAustralia__410772,-0.1356300039406196,0.15957947981539378
BOMAustralia__410790,-0.0592154774890097,0.0152667112650225
BOMAustralia__410851,0.06379388432820643,0.5583535701269083
BOMAustralia__412027,-0.07665006172163003,0.06434722395707682
BOMAustralia__412042,-0.316278436123489,0.3469279637847481
BOMAustralia__412047,0.31174923659671677,0.19076362115081968
BOMAustralia__412050,0.1649749180599783,0.2172360781546317
BOMAustralia__412056,-0.03098149586080301,-0.097820759720602
BOMAustralia__412077,-0.4331879618198381,-0.41185605563563077
BOMAustralia__412124,0.0021762398413540107,0.752516838726024
BOMAustralia__415220,-1.0595531161756335,-0.11652765509896101
BOMAustralia__415224,0.22939944730763123,-0.056066679509326645
BOMAustralia__415257,-0.11210139272884662,0.7745368251802374
BOMAustralia__416022,-0.06042655657296503,-0.11276988502039886
BOMAustralia__416031,-0.18456649905836348,0.21862116269877951
BOMAustralia__416054,-1.0415428751046327,0.650404922788413
BOMAustralia__416068,-0.2091713863316218,-0.13887905758043628
BOMAustralia__416206A,-0.2376085534302333,-0.11417100266711801
BOMAustralia__416305B,0.6291360687613445,-1.6403624270645603
BOMAustralia__416312A,0.293810762132698,-0.3847814740430531
BOMAustralia__416404C,-4.059068732347095,-3.6114133114737945
BOMAustralia__418005,-0.02558047343527392,0.25589517357752456
BOMAustralia__418032,-0.020240787256639303,0.4984590803926451
BOMAustralia__418078,-0.16139905054351,-0.004462215587406226
BOMAustralia__418087,-0.0343041006738043,0.1252239244121007
BOMAustralia__419034,-0.0567037025067304,-0.1438679630011745
BOMAustralia__419035,0.22550863115494985,-0.006223168567583315
BOMAustralia__419053,-0.010989751301680506,0.2365445808913912
BOMAustralia__419104,-0.1702737190791457,-0.10664854166003987
BOMAustralia__420007,-0.0673007294309177,-0.017217906185163
BOMAustralia__421048,0.04840605857405371,0.3192905978384543
BOMAustralia__421146,0.7292525542800519,-0.19523478831108543
BOMAustralia__422007,-0.030004195966579383,0.0659359265674963
BOMAustralia__422207A,0.0209857009087355,-1.0308532793271057
BOMAustralia__422208A,1.4279168882288977,0.4181930113407111
BOMAustralia__422313B,-0.10114969521962236,0.07855689700280255
BOMAustralia__422326A,0.012930979692818784,0.0903497493436411
BOMAustralia__422334A,0.04938555695349445,0.06476150026532079
BOMAustralia__422345A,1.1983571429316147,0.5801285325160319
BOMAustralia__422361A,-0.2704318014846424,-0.07835093029991258
BOMAustralia__600162,0.5180375453579416,5.071141360322524
BOMAustralia__601016,-0.36049895403200094,0.9516507662712965
BOMAustralia__602002,-1.5613094599883315,-3.2161256883265166
BOMAustralia__602016,-0.3279711586835651,0.22475032852084859
BOMAustralia__602021,0.1941712674250909,-0.2631769128841303
BOMAustralia__603136,-0.3935307011920444,-0.5787092801520951
BOMAustralia__604003,0.1907133320682134,-0.3071646649563319
BOMAustralia__607155,-0.006979254836778193,0.39504811786568583
BOMAustralia__608151,0.36199743681903146,0.30933232921309006
BOMAustralia__609002,-0.17413676200270756,-0.028450993869488017
BOMAustralia__609014,0.4842559901086866,-0.5738933566744217
BOMAustralia__609016,-0.16430332825938287,0.49158460358929024
BOMAustralia__609079,0.07827370729349659,0.030294311071952684
BOMAustralia__610008,2.344625225361275,0.38694320065173526
BOMAustralia__610010,-0.06787805247755452,0.011560285320620922
BOMAustralia__610025,-0.08757550281107751,0.3474775253055365
BOMAustralia__610028,-0.062348982697906785,0.24714805203959378
BOMAustralia__612001,0.19286022010463477,-0.19023877863629163
BOMAustralia__612014,1.659457969070575,-2.232544343478825
BOMAustralia__612019,-0.0350323834909847,-0.16644657878348168
BOMAustralia__612022,-0.2679719514885915,-0.7819023893419212
BOMAustralia__612039,0.3834148440861037,-0.20187976900211047
BOMAustralia__613016,0.2637164237382812,0.4886034263410645
BOMAustralia__613022,0.3291715294898379,0.5624820975389128
BOMAustralia__614034,0.0018828750272424088,-0.3585175426670732
BOMAustralia__615063,0.11080934345109009,-2.5853940871105086
BOMAustralia__615222,0.4134070421875133,0.6427832512814821
BOMAustralia__616001,0.15644931358285097,0.5070234302219667
BOMAustralia__616002,-2.1140098553921463,2.8910071661436643
BOMAustralia__616019,-0.11445637022667349,0.0469454270151925
BOMAustralia__617003,0.5106993588403674,-0.009374414281920984
BOMAustralia__617017,-6.6501643640760255,-6.16390393855181
BOMAustralia__701003,0.4916188651287118,-0.07713103296396522
BOMAustralia__701006,0.1958333698699741,0.48963143661151637
BOMAustralia__701013,-0.0319119704858562,0.019122093022086728
BOMAustralia__704001,-0.10884384618746679,-1.296239997877342
BOMAustralia__705001,0.393103123735011,-0.7223669164431361
BOMAustralia__707005,-2.775191643063319,0.5759796104440048
BOMAustralia__709007,-0.1398522463565197,0.04936428403773871
BOMAustralia__709008,-3.6380176498320314,-5.2277492716094285
BOMAustralia__709009,-4.747386984473909,0.6259353429219368
BOMAustralia__802002,-0.12651663876108252,0.1939268705283397
BOMAustralia__803002,-0.02136028195200801,0.17955358124250798
BOMAustralia__804001,-0.12623285443337,0.4680263287338069
BOMAustralia__913014A,-0.1721333130997646,-1.0629479448336294
BOMAustralia__915206A,-0.3295724737347152,-2.7263462206085483
BOMAustralia__917107A,-0.059307401075152366,0.12189953012042232
BOMAustralia__917112A,-0.26943535475965485,0.025713215295106784
BOMAustralia__917115A,-0.09351462635336238,0.15501219617074913
BOMAustralia__919001B,0.2922085631108787,0.5264226829290378
BOMAustralia__919003A,-0.21792019530791268,-0.029434840199466017
BOMAustralia__919008A,-0.027956507277565767,0.03207861768837483
BOMAustralia__919013A,-0.029117530647888967,0.12298017127852562
BOMAustralia__920002A,0.058685237143075275,0.09549533759869777
BOMAustralia__921001A,0.1483086740477541,-0.51868684782666
BOMAustralia__924101A,0.009090680330474554,-0.12333061530511313
BOMAustralia__926001A,0.16910057124514558,0.43245454927228577
BOMAustralia__926002A,0.0978799715476193,0.13593532509624828
BOMAustralia__A2390504,0.22190663125511062,-0.1363009613461779
BOMAustralia__A2390519,-0.05063998756207741,0.0192312871689424
BOMAustralia__A2390532,0.2606935372140515,0.1153753761667462
BOMAustralia__A2390565,0.612958378258303,-0.4161582497010977
BOMAustralia__A4260503,0.05850746915337643,0.737260132546603
BOMAustralia__A4260580,-0.015616733842088282,0.4733572652119041
BOMAustralia__A4261075,0.12478869797789427,0.354451310204209
BOMAustralia__A4261101,-0.2611990230633838,-0.13579534342444655
BOMAustralia__A4261225,-0.023447809257563845,-0.029092655128365452
BOMAustralia__A5040901.1,-1.3567962828393385,-0.4271543389408268
BOMAustralia__A5041022.1,-0.7658839844530438,0.21132995168868668
BOMAustralia__A5051007,0.23454009262386633,1.8594113923395266
BOMAustralia__A5061008,1.0936354592781716,6.71301313917508
BOMAustralia__A5120503,1.19191444886126,2.5458494960273494
BOMAustralia__G8100106,-0.2586946924886338,0.09881548598086431
BOMAustralia__G8110232,0.46785849559250225,-0.803370517484441
BOMAustralia__G8140008,0.0029114633713374083,-0.011071710952281988
BOMAustralia__G8140157,-0.01211979005442454,0.015281956750735959
BOMAustralia__G8150036,-7.944335530827493,1.6132371087346644
BOMAustralia__G8150098,-0.0016269366954941855,0.511675649535029
BOMAustralia__G8150179,0.7780593063284262,0.1290019080201044
BOMAustralia__G8170020,-0.04123089934427193,0.1864739414173262
BOMAustralia__G8170066,0.11890927086352143,0.15588897452577632
BOMAustralia__G8180252,-0.03649324466208437,0.11456407026907633
BOMAustralia__G8200045,0.052348032237032605,0.0347174583033844
BOMAustralia__G9030514,-2.6236684417460863,-0.30752333741192595
BOMAustralia__RE690,-0.6534910768066521,-0.9018149758544107
CAMELSH__01011000,-0.12045225247343194,-0.2615455493450438
CAMELSH__01021470,-0.004214231563545501,-0.06731799652732762
CAMELSH__01022500,-0.16938979815111033,-0.19773230439435618
CAMELSH__01029200,-0.10128368506642671,0.0024405238173578203
CAMELSH__01029500,-0.09497032630380353,-0.16540237060469032
CAMELSH__01031500,-0.07954084170697207,-0.1030021876768542
CAMELSH__01034000,-0.16565055711858045,-0.17444349971865625
CAMELSH__01044550,0.03993012272841612,0.05814680218137025
CAMELSH__01046000,-0.04509634855906408,-0.04019103443569283
CAMELSH__01047200,-0.10103106846410914,0.08823990390063519
CAMELSH__01049000,-0.02860724891918187,0.018906326989517552
CAMELSH__01053600,-0.04890115203403067,-0.07469400521970126
CAMELSH__01055500,0.002356945329333282,-0.007071268887995696
CAMELSH__01059000,0.04261315864667814,0.006176975518667693
CAMELSH__01064500,0.08119585049891465,0.03534171443337031
CAMELSH__01069500,0.026825406638860017,-0.029047028074503323
CAMELSH__010735562,0.04329475158545859,0.01783067276176864
CAMELSH__01073785,-0.08662998332600769,-0.0051647076756399235
CAMELSH__01077400,0.16189646178041017,0.2970019122505375
CAMELSH__01078000,0.021611446034462967,0.11938743613705582
CAMELSH__01093800,-0.11507672997653917,0.069284562409626
CAMELSH__01093852,-0.043128226896012034,0.011217681893743725
CAMELSH__01095375,0.10317842850893266,-0.24880666634150428
CAMELSH__01096500,-0.02330545612820223,-0.07347402064400044
CAMELSH__010965852,-0.07129960927193313,-0.03164551587631448
CAMELSH__01102500,0.05842014061812373,0.1230738805924339
CAMELSH__01103280,-0.041389765543600965,0.10160855342599417
CAMELSH__01104460,-0.46742767761547727,-0.032635525167570845
CAMELSH__01105880,-0.3046476033075239,-0.7345845665891492
CAMELSH__01106500,0.36112489939699793,0.25488448878536996
CAMELSH__01109000,-0.08440517797787961,0.04490973424310962
CAMELSH__01111300,-0.014638359988556005,0.04851541824327732
CAMELSH__01111500,0.06452451377903723,0.029171227078812367
CAMELSH__01115630,-0.015130508099616802,0.017493903721224724
CAMELSH__01116500,-0.03725304112005812,0.0808489983566042
CAMELSH__01117500,0.05190374427661171,-0.07906168872306929
CAMELSH__01117800,0.07486253985318347,0.016848932723713794
CAMELSH__01122500,-0.00862781301997495,0.020863633597256626
CAMELSH__01123000,-0.05204695576177609,-0.13184755616439403
CAMELSH__01123600,-0.17874372284941098,-0.09084943051919347
CAMELSH__01154000,-0.11495695969254216,-0.05474227097981177
CAMELSH__01161000,-0.024971114350498036,-0.052026154956402615
CAMELSH__01166500,0.03244697672191332,0.05596284062326551
CAMELSH__01168500,-0.054408581471940165,-0.0007743333244177864
CAMELSH__01170930,-0.034370380734578876,0.0366706320014919
CAMELSH__01176000,0.11569262464512031,0.011010218951553519
CAMELSH__01184100,-0.03972805150649039,0.06876506064269416
CAMELSH__01187800,-0.007305158298088976,0.044739523693090644
CAMELSH__01192883,0.04900372711868084,0.022659251055561436
CAMELSH__01195100,0.07884464962833593,0.07952187729862847
CAMELSH__01196500,0.22227435225692016,-0.007821449951399773
CAMELSH__01198000,0.05941806051180187,0.15176093993667483
CAMELSH__01199050,-0.093652336109598,0.14374694931040932
CAMELSH__012035055,0.024170401135725217,0.03797548599368139
CAMELSH__01205600,0.0291925559479288,-0.13807890103390763
CAMELSH__01315000,0.10397073049374317,0.04413085517405013
CAMELSH__01315500,0.014701041085909639,-0.09527703679592903
CAMELSH__01318500,-0.008210948031538323,-0.05611124754038943
CAMELSH__01321000,0.03343448491678214,-0.07403589030288316
CAMELSH__01330000,-0.05510876022314837,-0.08820529230193497
CAMELSH__01333000,0.007381926157827401,0.06035251549005227
CAMELSH__01349705,0.02497927107423492,0.0262351525176171
CAMELSH__01350180,-0.0011625239351664707,0.02431264792285126
CAMELSH__01351500,0.04404737296555117,0.01765003214946559
CAMELSH__01356190,0.010177384998626193,-0.11317356254425037
CAMELSH__01365000,0.040249862723304775,0.0008635665037785012
CAMELSH__01367800,0.15959430072815117,0.21422409876851134
CAMELSH__01372500,-0.08393114776469524,-0.09572008012383082
CAMELSH__01374531,-0.08108248369513082,0.27035094894871037
CAMELSH__0137462010,0.3254592044804271,-0.20695453978255646
CAMELSH__01374781,0.09889899687310844,0.004893161131919177
CAMELSH__01374821,0.008443198765598847,0.005181820842502294
CAMELSH__01374930,-0.1741348573797618,0.10470660911623475
CAMELSH__01374987,-0.00284219708868072,-0.10370682913474649
CAMELSH__01377000,-0.164990560538543,-0.05243084601788017
CAMELSH__01377500,-0.007774537986850905,-0.008322784192607569
CAMELSH__01383500,0.16329425646875328,0.03504454326149675
CAMELSH__01384500,0.001598340923323227,-0.07703868563408295
CAMELSH__01387420,-0.08236666374117108,0.0005701451228282695
CAMELSH__01389500,0.09804968561426497,0.01609831624680047
CAMELSH__01399510,0.07508672777610448,0.11197123453276259
CAMELSH__01403500,0.0768762824715212,0.3211635497588306
CAMELSH__01407290,-0.10517603567057171,0.07003079493535289
CAMELSH__01413500,-0.034136828386044704,-0.022694041106197882
CAMELSH__01421000,-0.19686482699508956,-0.0565496680496812
CAMELSH__01422738,0.054478514803165456,0.05145169572899205
CAMELSH__01434000,-0.14622947662745456,-0.028538668119361787
CAMELSH__01434017,-0.019904978202046397,-0.07520060160379793
CAMELSH__01447680,-0.021272817889339102,0.05510416469648416
CAMELSH__01448500,0.10272726727006787,0.07344054966217972
CAMELSH__01449800,-0.24289671797156243,0.04737975141120698
CAMELSH__01452000,0.06058827063016192,0.008372029983736984
CAMELSH__01454700,-0.03037824003873313,0.008632308605517891
CAMELSH__01466900,0.09744830328366483,0.013841971097351635
CAMELSH__01467492,0.1113788517333234,0.13220762358133398
CAMELSH__01468500,-0.058782197278994475,-0.017383905269082622
CAMELSH__01477000,0.03260553143094291,0.06679432486801784
CAMELSH__01478650,0.020265503128458207,0.11085702484483106
CAMELSH__01483200,0.17925057572592962,0.057939401785907174
CAMELSH__01484800,-0.2363115526238399,0.08506848867160188
CAMELSH__01525500,0.0871445410048095,0.03342102390647228
CAMELSH__01532000,0.08716067280057127,0.10946041848404098
CAMELSH__01541000,0.06464038628972746,0.05818556136000608
CAMELSH__01541200,-0.034461715776609836,-0.030854375740171802
CAMELSH__01541303,-0.09141033514267627,-0.1352860592728623
CAMELSH__01543000,-0.09308019355598662,-0.12718948671032893
CAMELSH__01545600,-0.0144619788214716,-0.07283048404256398
CAMELSH__01548500,0.017103434682857133,-0.0007907246999601103
CAMELSH__01559000,0.042565446906560056,0.05250489409896608
CAMELSH__01566000,-0.02578097997241624,0.021693851865059788
CAMELSH__01568000,0.031022616074519282,0.10434189567723506
CAMELSH__01573000,0.046928665328234254,0.16393440246650393
CAMELSH__01581700,-0.013358213710596423,0.004196410582392618
CAMELSH__01581810,0.1655268714088368,-0.2859430370863379
CAMELSH__01581960,-0.1566489440783651,-0.3702256954944552
CAMELSH__01583500,-0.2204654844966576,-0.27331265412791816
CAMELSH__01583580,0.030049334427585894,-0.02923981948070553
CAMELSH__01586610,-0.09041782499635742,-0.07301748363870453
CAMELSH__01589000,-0.0953431410925411,-0.08999768399643798
CAMELSH__01589290,0.035735059122135704,0.0818257798726223
CAMELSH__01589330,-0.11521649793673863,-0.021030660903986503
CAMELSH__01594936,0.024043872580516767,-0.008993792076543827
CAMELSH__01597000,-0.12063850421924366,-0.06170873041498204
CAMELSH__01597500,-0.0680749433307154,0.02538628545739885
CAMELSH__01603000,-0.0018996042834552584,0.004188770536992625
CAMELSH__01604500,-0.011905430464136169,0.02807365539938045
CAMELSH__01606500,0.07573229997403236,0.03526872933009506
CAMELSH__01608500,-0.013597711054296913,0.0027562011876154924
CAMELSH__01610000,-0.09954297900822429,0.07264342571316784
CAMELSH__01615000,-0.22039353286241464,-0.13510244908325297
CAMELSH__01619000,-0.10557742409746929,-0.17763242122457457
CAMELSH__01625000,0.14309533623134385,0.25970329986477075
CAMELSH__01626850,0.006142505583161317,0.011748797918620824
CAMELSH__01628500,0.22581774586072834,0.07679182624893177
CAMELSH__01635090,0.06360241839525571,0.09531376709729622
CAMELSH__01635500,-0.28618154743129115,-0.2872026003163287
CAMELSH__01636316,0.07987282117350558,0.06587757441922082
CAMELSH__01636500,0.026091283998241233,-0.2005672578968447
CAMELSH__01638420,-0.553121221126165,-0.6271603154849571
CAMELSH__01638480,-0.1275981984426019,0.03175306572787884
CAMELSH__01639000,-0.0778299885311936,-0.01963217813022433
CAMELSH__01643590,-0.011213281365518357,0.14017376842459578
CAMELSH__01643700,-0.2230095544876849,-0.17928845262430038
CAMELSH__01645762,0.11669854692916287,0.2886048483442877
CAMELSH__01646305,-0.2643492468816193,-0.2494451237454902
CAMELSH__01649150,-0.24113750306409787,0.019759869838540306
CAMELSH__01649500,0.031165444464146153,0.307370691013302
CAMELSH__01650800,0.20908050408741463,0.20103946205618628
CAMELSH__01658500,0.0948684735910974,0.21030945762251285
CAMELSH__01660400,0.026625762108528073,0.1637204934791084
CAMELSH__01669000,-0.0271105366578811,-0.0016422894073220284
CAMELSH__01673550,0.034463851390873046,0.08397653916903047
CAMELSH__02011460,0.14967826755445623,0.06612950200041401
CAMELSH__02011800,-0.030473765391273888,-0.03184327654132779
CAMELSH__02021500,-0.0032899591160890918,-0.003228177451756742
CAMELSH__02025500,-0.021086882939803098,-0.03539113387147119
CAMELSH__02031000,0.006570502482790119,0.22269138934266908
CAMELSH__02039000,-0.005512338538567696,0.04697321263729437
CAMELSH__02044500,0.05195179843756814,0.17375408086869037
CAMELSH__02049500,0.1270214504310685,0.04722716277024519
CAMELSH__02052000,0.04383524297568964,0.07590647262237982
CAMELSH__02056650,-0.0004683392327772262,0.1628619235258606
CAMELSH__02056900,0.03471579094193644,-0.03150490932935579
CAMELSH__02060500,-0.0167067341318049,0.004233993072613074
CAMELSH__02064000,0.03468034104112594,-0.1209873130038509
CAMELSH__02070000,0.005488518011019461,0.008630172610750386
CAMELSH__02074500,-0.13473134867691683,-0.06715676773837831
CAMELSH__02077000,-0.005019896958661452,0.019321652642625642
CAMELSH__0208650112,-0.10160231426771571,-0.009289832493348
CAMELSH__0211139110,-0.000867871788123864,-0.016719478378230068
CAMELSH__02112120,-0.051634268607570366,-0.08351859871769962
CAMELSH__02125000,-0.1881166200268454,-0.0657370861941522
CAMELSH__02135300,-0.32244679366839435,-0.4670545901157407
CAMELSH__02138500,0.04081833164008364,0.13229905756283888
CAMELSH__0213903612,0.07566369091581909,0.020503503554269054
CAMELSH__02140991,0.052817373851514526,0.14611198566693556
CAMELSH__0214253361,-0.10407078352678889,-0.1710400704617766
CAMELSH__02152474,-0.062155746794855804,0.03952077176782298
CAMELSH__02162500,0.03312094087193784,0.02313890046115452
CAMELSH__02181580,-0.2048689820433016,0.08916587741759589
CAMELSH__02198100,0.11726605772669518,0.1334845377459869
CAMELSH__02205522,-0.05459028410973288,-0.12436583563999648
CAMELSH__02217274,-0.0482778260550262,-0.0878126780387112
CAMELSH__02226100,-0.1160199962357561,-0.03433674145925503
CAMELSH__02231000,-0.24324099192778736,0.0054160919382783
CAMELSH__02235200,0.06221913449364613,0.1662515957589765
CAMELSH__02269520,0.01973823333686031,-0.17738113702893654
CAMELSH__02270000,-0.0954584542645942,-0.2519957903486403
CAMELSH__02293090,-0.035747136028968285,-0.3504461118719649
CAMELSH__02296750,-0.15339583634404352,-0.13557780440931677
CAMELSH__02298123,-0.09890781521634129,0.08901886598614472
CAMELSH__02298202,-0.21240804065141294,0.08318441170007662
CAMELSH__02301900,-0.4812460228400607,-0.36519728811557495
CAMELSH__02303000,-0.35589094918531566,-0.2547828657001665
CAMELSH__02304500,-0.3128764198546425,0.1338760597707074
CAMELSH__02310147,-0.33940196857102123,-0.3784891707858791
CAMELSH__02315500,0.04749704663235388,0.025490204047966425
CAMELSH__02326512,-0.04735621562133352,0.07177827304499607
CAMELSH__02328522,-0.1601201539458369,-0.010191349936612193
CAMELSH__02330450,0.01087134119220834,0.07120360726975283
CAMELSH__02341910,-0.022187950138906398,-0.015427612083432685
CAMELSH__02342070,0.15242500783632507,-0.03355071139865595
CAMELSH__02342500,-0.11431342998682814,0.17513607089152367
CAMELSH__02361000,0.037574022847962185,0.10611607374623921
CAMELSH__02365769,-0.1322212426362448,0.03798042785856298
CAMELSH__02374950,0.17143836923487676,0.0033973554127243455
CAMELSH__02387500,-0.015121511710114444,-0.01582322293254057
CAMELSH__02387600,0.09407431651732978,0.08182131475978016
CAMELSH__02391840,-0.0003555264137591885,-0.04184725396893679
CAMELSH__02399200,0.0563168122237816,0.1192923331463055
CAMELSH__02400680,-0.1061407037965254,-0.09605293248203395
CAMELSH__02401000,0.012918835302091591,-0.03709667620795987
CAMELSH__02401390,0.03918130205175341,0.0479761797851288
CAMELSH__02414500,0.020068152684832863,0.02561216104358688
CAMELSH__02414715,0.0018273102220307536,-0.0103627217853699
CAMELSH__02415000,-0.05538600827058815,0.057468350193258466
CAMELSH__02423380,-0.026515814875195054,0.04805619552107754
CAMELSH__02423496,-0.03190182112173334,0.016541315382935795
CAMELSH__0242354750,-0.05871990324221754,0.02916151423305624
CAMELSH__02425000,-0.01145536985977147,-0.03620687322854721
CAMELSH__02427250,-0.08381846973055784,-0.07147177803797033
CAMELSH__02430615,-0.06433650259396517,-0.06210538129398269
CAMELSH__02430880,-0.014784423829247939,-0.05105132372230381
CAMELSH__02446500,0.014544715280828346,-0.0333125498890352
CAMELSH__02465292,0.2570617048361267,0.32074543854304643
CAMELSH__02479155,-0.11301454505543007,0.007664046831866722
CAMELSH__02479945,0.1142828216880889,-0.09768820619523577
CAMELSH__03007800,-0.006191131945520678,-0.01820465293119733
CAMELSH__03011020,0.006110082709992692,0.02121175806334963
CAMELSH__03013000,-0.1628542343900048,-0.437140615281375
CAMELSH__03015310,-0.03854634289743186,-0.059415217374385376
CAMELSH__03020500,-0.0009788851740486493,0.04275068207835897
CAMELSH__03021520,0.011355267632574328,-0.04949805400321494
CAMELSH__03022540,-0.013121840691564302,-0.024998438282942792
CAMELSH__03022554,-0.015020660043354672,-0.06233965221194526
CAMELSH__03028000,-0.02389510395979544,0.08177575239417967
CAMELSH__03028500,-0.11300595442978201,-0.06189889390820169
CAMELSH__03030500,0.03682171877640217,0.01858145316845361
CAMELSH__03034500,0.12490260080914406,-0.010254977468101556
CAMELSH__03039000,-0.06730887301081845,-0.04303733458818426
CAMELSH__03051000,-0.0743146958917903,-0.13512609706846102
CAMELSH__03052500,-0.11502226777507585,-0.1494719467590987
CAMELSH__03056000,-0.09513348164757063,0.07503278583163953
CAMELSH__03065000,-0.06734821231387667,-0.051225080076463536
CAMELSH__03069500,-0.04716683176392422,-0.05568146903224436
CAMELSH__03069870,0.044985716313047375,0.13581947349920243
CAMELSH__03073000,0.09073693252721327,0.1421516748895726
CAMELSH__03076600,-0.05352151929781368,-0.06479196257858788
CAMELSH__03086500,-0.0506688768518917,-0.005729178933653878
CAMELSH__03090500,0.03067778301096291,0.050347967199316335
CAMELSH__03091500,0.0484127673412737,0.13548973138562492
CAMELSH__03093000,0.018414779864647124,0.015079775129872575
CAMELSH__03102500,-0.10917312355730002,0.17373609914300925
CAMELSH__03102850,-0.12474072374177358,0.13528341984271408
CAMELSH__03102950,0.1395053832523404,-0.07568142314643844
CAMELSH__03106500,-0.03298964612598965,0.014730353675253327
CAMELSH__03114000,-0.21655495886997356,-0.0014601124651107966
CAMELSH__03117500,-0.12080536932181829,-0.07600602140489765
CAMELSH__03118000,-0.018426893095874752,0.08473487480600195
CAMELSH__03135000,0.003894957122013154,-0.023069968039082123
CAMELSH__03139000,0.10109515372362698,0.010262873035500775
CAMELSH__03142000,0.06360392738804443,-0.08296925217751605
CAMELSH__03144816,-0.1316699833167554,-0.013226738159083151
CAMELSH__03145483,-0.05996718173265525,-0.095834173765727
CAMELSH__03152000,0.16495703334449152,0.047679876001792576
CAMELSH__03165500,0.03203965299833189,0.09049707381116012
CAMELSH__03167500,-0.26570970979160247,-0.23264606486222095
CAMELSH__03170000,0.07798067844586665,0.028980455287598628
CAMELSH__03189100,-0.013790187703493273,0.08303071037131227
CAMELSH__03198350,-0.28444048396102484,-0.2397510891085065
CAMELSH__03199000,-0.02250995179896642,-0.019317811598502543
CAMELSH__03209200,0.016610778263215442,0.06097479376694681
CAMELSH__03212500,-0.054242986973238705,0.1282016920499618
CAMELSH__03213000,-0.46846280941858814,-0.025655591468615874
CAMELSH__03214500,-0.03148865616921026,-0.00035959016253572784
CAMELSH__03228750,-0.09693911749749584,0.003369218466838353
CAMELSH__03229796,0.09003158195407279,0.12274943423229745
CAMELSH__03231500,-0.0007225737175162728,-0.005017039300003967
CAMELSH__03232500,0.08310019158482396,0.2156060711179142
CAMELSH__03240000,0.019953655681174798,0.0384804754187974
CAMELSH__03250000,-0.19665552442607187,-0.09575881928129443
CAMELSH__03252300,-0.26804918764530394,-0.13155116518547905
CAMELSH__03259000,-0.13165127585899672,-0.07045123193909897
CAMELSH__03266560,-0.003293906925032286,0.12824434100885307
CAMELSH__03267000,-0.02112123330334159,0.021402398093531283
CAMELSH__03267900,-0.0031097571955622794,0.10824344794064145
CAMELSH__03271300,-0.04862026626439497,0.08923349849816853
CAMELSH__03271601,-0.10639842107979225,-0.07293359071328664
CAMELSH__03274650,0.060470024476469986,0.09756118007546555
CAMELSH__03280700,0.06086770344919601,0.0699382326000707
CAMELSH__03288100,0.12236129648797311,0.14060695583094396
CAMELSH__03288200,-0.07412157607897601,-0.38054321011063924
CAMELSH__03297900,-0.2009239764479207,-0.19238473589433092
CAMELSH__03302050,-0.009387764021167477,0.14608215826159904
CAMELSH__03311600,-0.04558796301626655,0.20717352519393667
CAMELSH__03312259,0.06754358369982316,0.3461647598688796
CAMELSH__03322900,0.13235340618291547,0.11200843087150003
CAMELSH__03327520,-0.02282574551800176,-0.021004097721505244
CAMELSH__03329000,-0.131072128331018,-0.09027497204011525
CAMELSH__03329400,0.08168371725853163,0.04387467023175795
CAMELSH__03333050,-0.06453942855581574,-0.048229790366868475
CAMELSH__03334000,-0.0679865828644538,-0.05997469835761016
CAMELSH__03335690,0.031223728282554375,0.10222109433009452
CAMELSH__03336900,-0.008065144921931,0.0012743581246894564
CAMELSH__03347500,0.25484608970189293,0.13679907359415888
CAMELSH__03348350,-0.06073225313580932,-0.07703301435105525
CAMELSH__03351000,0.14570405136929365,0.1622113774190188
CAMELSH__03351500,0.07663226638662957,0.08905144641273144
CAMELSH__03352500,0.1065547945645342,0.09331881023536004
CAMELSH__03353600,-0.026863390759734096,0.05574474586316369
CAMELSH__03353700,0.24540597387198582,-0.09847386983263895
CAMELSH__03357000,0.002659400885738239,0.13422872734476943
CAMELSH__03357330,-0.19914696147525035,-0.2048844136425424
CAMELSH__03357350,0.034214427444616,0.02097255456742131
CAMELSH__03357500,0.005741554295019102,0.025189471077373904
CAMELSH__03361850,0.11240889901003215,0.1569247361560222
CAMELSH__03363500,-0.04187170812678431,-0.020690265214551973
CAMELSH__03365500,-0.08428763842225173,-0.02715261174999073
CAMELSH__03369500,-0.19620821132149247,-0.15790702495569164
CAMELSH__03400500,-0.08669050818956225,0.0386336425295688
CAMELSH__03401000,-0.19422214990755915,-0.15823362166724053
CAMELSH__03404000,-0.03997006684526683,-0.1430129702800469
CAMELSH__03408500,-0.08164584130467023,0.10477161762297915
CAMELSH__03410210,-0.009646169423029205,0.007729400202176162
CAMELSH__03427500,-0.01823126604667813,0.045088824641062786
CAMELSH__03439000,0.06418783447509113,0.03457512403319252
CAMELSH__03451000,0.009249935601899684,0.14225925485378438
CAMELSH__03467609,-0.06264167114937369,0.005367728722449727
CAMELSH__03469175,-0.24815962679024117,-0.14498686215119438
CAMELSH__03491544,0.00852052156607358,-0.07873072595522307
CAMELSH__03504000,0.1425572687990999,-0.005442171416385921
CAMELSH__03508050,0.10697979459568518,-0.032032058938709196
CAMELSH__03509000,-0.7974455971760834,-1.6413192181433558
CAMELSH__03510577,-0.16800790837313873,-0.23322910456945423
CAMELSH__03524000,-0.2280483076989699,-0.28303751336734717
CAMELSH__03540500,-0.003853614857326937,0.11990723124232827
CAMELSH__03543500,-0.12532686364039924,0.10922046476512948
CAMELSH__03558000,-0.17106731954692134,-0.12499278299054373
CAMELSH__03559500,-0.001241617183989685,-0.08183096636891068
CAMELSH__03560500,-0.061755418541180815,0.10843388780034771
CAMELSH__03566420,0.036013851001001296,0.053848059948224114
CAMELSH__03566525,-0.08674918222774353,0.08863542889254894
CAMELSH__03572900,-0.020115289797540625,0.05165984885206254
CAMELSH__03592500,-0.06970079778157823,0.07315067333873615
CAMELSH__03597590,-0.09692023770336022,0.2856824113473778
CAMELSH__03601630,0.03310070887325159,-0.05864304237834719
CAMELSH__03606500,-0.05684687771884056,-0.18330772255651828
CAMELSH__04040500,-0.27040732877039475,-0.20788520371776498
CAMELSH__04041500,0.013111433755998547,-0.130577260217568
CAMELSH__04043050,0.09024192017844346,0.15164679116222257
CAMELSH__04043275,0.01713719092328092,0.15187289440950413
CAMELSH__04061000,0.04560567022023898,0.045334279117527965
CAMELSH__04062011,-0.11311998418644009,-0.023652181298409847
CAMELSH__04071000,0.029247934644974438,0.06929225711676767
CAMELSH__04071765,0.17445369773397446,0.028675706921043487
CAMELSH__04072845,0.13485377094667272,0.19284863052007106
CAMELSH__04073500,-0.05454929823086718,-0.0359032795209242
CAMELSH__04074548,0.21623592070107844,0.01492238215851649
CAMELSH__04074950,-0.04715173034958464,0.005212259178337897
CAMELSH__04077630,-0.09076075162238051,0.0818482839816862
CAMELSH__040851325,0.16346741299675094,0.13076506155335021
CAMELSH__04085200,0.261055614621028,0.2572407871343433
CAMELSH__04087070,-0.0037912091672288595,0.026186512380660054
CAMELSH__04087119,-0.1150194685424068,-0.12882691059287577
CAMELSH__04096900,0.04387725825316735,-0.042208647842273184
CAMELSH__04100222,-0.04378271765874153,-0.05041744570643114
CAMELSH__04100252,-0.023109316156250337,0.06392561932459095
CAMELSH__04101000,-0.05582601222166461,-0.005797075873602231
CAMELSH__04101370,-0.08742922612233517,-0.1142995999436276
CAMELSH__04105500,0.01654761876678368,0.0373948434117054
CAMELSH__04111500,-0.13637984849402196,-0.04729786518417356
CAMELSH__04113000,0.05243111963604141,-0.00311842105884097
CAMELSH__04122500,-0.10941606729098874,-0.13461348600937972
CAMELSH__04123500,-0.018806312217659826,0.6060105313172395
CAMELSH__04136000,0.014865015583327312,-0.02602040823742069
CAMELSH__04147500,0.058385735790416726,0.029905073899726853
CAMELSH__04148500,0.08125404471987074,0.011116321856939448
CAMELSH__04149000,0.040024881393902256,0.04775624969763692
CAMELSH__04151500,0.130818246021432,0.14606959720475132
CAMELSH__04155000,-0.21090861309401865,-0.0010384314424596308
CAMELSH__04160900,0.02965336401826779,-0.010974610608021962
CAMELSH__04161820,0.011048498267664963,0.04556479257600443
CAMELSH__04164000,0.16774435454852243,0.07575966666177392
CAMELSH__04164100,0.01530197074490991,0.009919549597387722
CAMELSH__04165500,0.1792618130233824,0.26250927243783617
CAMELSH__04166300,-0.21512614468735125,0.07017076576981207
CAMELSH__04177000,0.12646885009958764,0.24272406854613304
CAMELSH__04183000,0.032357083120117425,0.053449865364292415
CAMELSH__04183500,0.09228699106207361,0.055752496407786345
CAMELSH__04185440,-0.2646633428925276,-0.10265354695437362
CAMELSH__04188400,0.011114829825443429,-0.005978965626748045
CAMELSH__04188496,0.011674988189349866,-0.11843937971606566
CAMELSH__04199000,-0.07081845921388963,0.02860748174833816
CAMELSH__04213000,0.08213947864356463,0.10824845692824281
CAMELSH__04213040,-0.08935162052991219,-0.1349736427429834
CAMELSH__04213075,0.004325942497036217,0.15826398816315235
CAMELSH__04268800,-0.021888100071855487,-0.09755106689115045
CAMELSH__04282000,-0.024624859398279852,-0.1465966531134808
CAMELSH__04282813,-0.030615319096353177,0.11492027231590207
CAMELSH__04288000,0.0399854955304354,0.1057986469873029
CAMELSH__04292770,0.017058245671924543,0.0899858284345944
CAMELSH__05030500,-0.058384279001231665,-0.18312165423265603
CAMELSH__05051500,0.09435737658419252,-0.007837928067732425
CAMELSH__05053000,-0.11748993866076429,-0.0238887483288428
CAMELSH__05055300,0.4610313988874568,-0.030800823966282406
CAMELSH__05057000,0.05554746325715887,-0.031158339182317252
CAMELSH__05059715,-0.1149567796774702,0.4733086505905917
CAMELSH__05065500,-0.029798926056172848,-0.03236485212801249
CAMELSH__05066500,-0.003728080599481376,-0.016692137119077244
CAMELSH__05078000,0.07534675710162353,-0.002103295846355824
CAMELSH__05084000,-0.05302782301190323,0.03339421874834858
CAMELSH__05099400,-0.13549142136182118,-0.23580348880607577
CAMELSH__05130500,0.0032877590881527086,0.029174669493192362
CAMELSH__05211000,0.4174593170679664,-0.14869846541268392
CAMELSH__05245100,-0.013094234685474992,-0.24273049307067035
CAMELSH__05275000,-0.2110534039534983,-0.033384509839608834
CAMELSH__05288705,-0.042323797409246855,-0.087651823706278
CAMELSH__05290000,0.212436538999211,-0.2134659514766944
CAMELSH__05292000,-0.1339451465347556,-0.1291986279622746
CAMELSH__05294000,-0.08398857929537407,0.1395010101461096
CAMELSH__05316500,0.1035418322378831,0.16876820934562975
CAMELSH__05336700,-0.04873154846393324,0.04352527191419564
CAMELSH__05353800,0.0438884566928851,0.04039425698349286
CAMELSH__05359500,-0.22538737864972058,-0.18019303517854413
CAMELSH__05370000,-0.11080120412430206,0.02366602573345178
CAMELSH__05389400,0.03705479758707264,0.0026836193129359254
CAMELSH__05404116,-0.237942773391047,-0.11104519345836522
CAMELSH__05410490,0.07922848635270374,0.1517434678932239
CAMELSH__05412020,-0.05254402754703613,0.009792213127146399
CAMELSH__05412500,0.006607632913467665,0.05867563299171319
CAMELSH__05424057,-0.00731309718369566,0.06344240503942034
CAMELSH__05426000,0.07619339476112919,0.028797983583586206
CAMELSH__05430150,-0.19285835276032293,-0.01833085818544833
CAMELSH__05431016,-0.09951444470326276,0.04527317297507327
CAMELSH__05435500,0.08007464155310196,0.10036123007109554
CAMELSH__05435935,1.0412223955554567,0.5696063117270076
CAMELSH__05438500,0.05857963013174339,-0.05534113749564984
CAMELSH__05451700,-0.017745136056135813,-0.0020371559931768868
CAMELSH__05453100,-0.015633629158319895,-0.025468182547920604
CAMELSH__05454000,0.044831739801884485,-0.024273502703085592
CAMELSH__05454090,-0.0349822380419042,0.1108329835038848
CAMELSH__05454300,-0.07724331471554824,0.03654024342861961
CAMELSH__05455100,-0.05896891114081926,-0.026760601744681867
CAMELSH__05457700,0.0056604644258417824,0.058297359362769585
CAMELSH__05458000,-0.045625956592661554,0.0059304842404157565
CAMELSH__05471000,0.03312346915104769,0.07238930384984288
CAMELSH__05471200,-0.011821581458051122,0.041596248935819036
CAMELSH__05473450,-0.07977443667188688,-0.15649169632994975
CAMELSH__05476500,-0.16596639074279118,-0.19606776967250272
CAMELSH__05484650,-0.10816933184101984,-0.12628194098609824
CAMELSH__05485640,-0.1361041096555642,0.055333358426702284
CAMELSH__05486490,-0.0932094603991821,-0.2133579178395093
CAMELSH__05494300,0.2176675339605172,-0.1113918494998975
CAMELSH__05495000,0.1026434903268365,0.12407979105294542
CAMELSH__05502500,0.05543831899686713,0.0947139833141839
CAMELSH__05506350,0.04086974250856745,0.01725529133138015
CAMELSH__05507800,-0.18380524977762436,-0.10703677491544189
CAMELSH__05508000,0.01067389460078455,-0.06395586537606757
CAMELSH__05514500,-0.01768351164497317,-0.017573828782049716
CAMELSH__05514712,-0.20527717159383096,0.06775657735669038
CAMELSH__05517530,0.034327541586800514,0.023683260203607448
CAMELSH__05525500,0.09251428134301576,0.13722923519107577
CAMELSH__05527905,0.27005020539661007,0.1283309398697663
CAMELSH__05529000,-0.02142823343299438,0.1301117828704068
CAMELSH__05532500,0.023370040510069523,-0.10080035406469157
CAMELSH__05533000,-0.14124799944123578,0.04104787748461991
CAMELSH__05536105,-0.05438084960192757,-0.07081526462401766
CAMELSH__05536215,0.05338815339024838,0.1677610485984664
CAMELSH__05536275,-0.021526286914297144,0.07061380543062246
CAMELSH__05536290,0.05296530925326226,0.06160798252889432
CAMELSH__05539900,-0.27439228626246476,-0.030147109628065105
CAMELSH__05540060,0.052316784482560386,-0.0235262595591067
CAMELSH__05540160,-0.1988130801140613,-0.06781248148402796
CAMELSH__05542000,-0.0065893890336112815,0.07080585054409527
CAMELSH__05550500,-0.16426895874901515,0.008559609464146689
CAMELSH__05551330,-0.11224522898280098,-0.2139616992644756
CAMELSH__05569500,0.20144452175054905,0.22004062729332974
CAMELSH__05570360,-0.2529982518113364,-0.035637715729904984
CAMELSH__05573540,-0.11601731750442612,-0.2154696716575537
CAMELSH__05576500,-0.0030965519498984406,-0.004532619883688804
CAMELSH__05578500,0.26083119479033845,0.16730636141438726
CAMELSH__05579500,-0.3323165972907476,-0.10059992447019078
CAMELSH__05580950,-0.2553011984243482,0.016006534952268225
CAMELSH__05582000,-0.01869041959389084,-0.01056818650872271
CAMELSH__05587000,-0.02952328540548821,-0.02477585980898811
CAMELSH__05591700,0.11138135501999735,-0.07714273555108331
CAMELSH__05592000,0.09544282323577025,-0.01883456040665976
CAMELSH__05595730,-0.09409611494417991,-0.17250269898233228
CAMELSH__06019500,-0.02444545564503897,0.08907301905020326
CAMELSH__06276500,-0.0013154006671116103,-0.3128173855472122
CAMELSH__06278300,-0.20647523294788644,-0.37878111810238413
CAMELSH__06295113,0.2910796279432516,-0.23521863654934122
CAMELSH__06305700,-0.0683436153378072,-0.12543417958634395
CAMELSH__06306250,-0.2171794425922711,0.5532209195974136
CAMELSH__06307500,0.1842125948299147,0.11237342694067937
CAMELSH__06307616,-0.1693392110985395,-0.02838918556146408
CAMELSH__06311400,0.13967824320586575,0.5715934305760728
CAMELSH__06316400,0.7392667353989131,-0.12243671338182069
CAMELSH__06320000,0.2574989715996284,-0.0979204958336155
CAMELSH__06323000,-0.03094600954225113,-0.06546663217634618
CAMELSH__06331000,-0.8269015188809032,0.9745480854892441
CAMELSH__06332000,-0.2223417728418697,0.4407324986706732
CAMELSH__06332770,1.478804658068585,1.5524851648358489
CAMELSH__06339100,0.1404130568248471,-0.1143087603731992
CAMELSH__06345500,0.18531489077322,0.3999211866614663
CAMELSH__06347500,0.28531791398384987,-0.18887282053406362
CAMELSH__06356500,-1.1252968038634827,-0.653969062120737
CAMELSH__06402000,-0.813482332311863,-0.8413302104097551
CAMELSH__06404000,0.2262905267799183,0.25093602885249133
CAMELSH__06426130,0.7584595718048328,-2.324184309932951
CAMELSH__06429905,-0.2198811359963063,-0.037634965140860906
CAMELSH__06430532,-0.5514754761221898,-0.2885360765274234
CAMELSH__06436180,-0.09352703043242072,0.28228837698947856
CAMELSH__06436760,-0.09966564546595441,0.06897414255269631
CAMELSH__06447500,0.351806229716484,0.5629178897967541
CAMELSH__06450500,0.060718462271593505,0.5158489621416804
CAMELSH__06453600,-0.05162520775241289,0.05573346147712699
CAMELSH__06464500,-0.015009597616370274,0.05217969186894181
CAMELSH__06465700,0.038511367416084075,0.24069040211426396
CAMELSH__06466500,0.10132345525785813,0.2405720639250063
CAMELSH__06468170,0.18365778881301775,0.1876202046638311
CAMELSH__06468250,-0.04775427841779134,0.18260360350788174
CAMELSH__06469500,0.08765954377758539,-0.045671634336732325
CAMELSH__06470800,0.5650077557179956,0.18950705326343864
CAMELSH__06477500,0.13513115390629282,-0.3105663465215905
CAMELSH__06478690,0.07458109161662418,0.2656306764983233
CAMELSH__06479438,-0.1510239973686462,0.30392148448396195
CAMELSH__06479525,-0.06069857162809622,0.27497880432017563
CAMELSH__06614800,-0.13661810598522872,0.18088947628379448
CAMELSH__06659580,0.09697238655924967,0.07532451433058251
CAMELSH__06660000,0.6495898152057409,0.4826771402471517
CAMELSH__06696980,-0.12854314860648608,0.21679781863672343
CAMELSH__06708800,0.2672250166261248,-0.201291570315426
CAMELSH__06710150,-0.23544329988237855,0.07481402862515374
CAMELSH__06710247,-0.7484901483149243,-1.2151673233075881
CAMELSH__06712000,0.3222548721849463,-1.156043607579932
CAMELSH__06713500,-0.4601425168812249,0.9223237077060275
CAMELSH__06717400,0.3637559681942102,0.201346204924863
CAMELSH__06720820,-0.11865697033503889,0.3242149721218206
CAMELSH__06755960,0.2579240030829086,-0.27372813843958127
CAMELSH__06772100,2.6053753248068485,-4.994680260064959
CAMELSH__06772775,0.3480312511549402,0.2957533749217549
CAMELSH__06772898,-0.22248930309534481,-0.21144830271034187
CAMELSH__06791500,-0.47584540371812967,-0.14313412185333763
CAMELSH__06803000,0.026423457036257814,0.1227741245278845
CAMELSH__06803486,-0.044096105550491094,0.34075049045862565
CAMELSH__06803495,0.07709200403933375,-0.037588030146902374
CAMELSH__06803530,-0.18418876647385796,0.04928693564071007
CAMELSH__06807410,-0.050573844896101616,0.063516452917727
CAMELSH__06813000,-0.06624531330387073,-0.1000175619527569
CAMELSH__06814000,-0.040836563627537625,-0.20339951974712178
CAMELSH__06814500,0.24006084604147615,0.1257446550051725
CAMELSH__06820410,0.014738217832800604,0.1390596348929738
CAMELSH__06821190,-0.22900641847372794,-0.19057801116394246
CAMELSH__06832500,-0.7967935756163396,3.322850020733545
CAMELSH__06844000,0.4412798013220306,-0.11904760130333952
CAMELSH__06847900,-1.358081863334121,-1.2200236428218059
CAMELSH__06867000,-1.6871938124754597,1.3463904094992194
CAMELSH__06869500,0.1605296680845061,1.0469462656752744
CAMELSH__06870300,0.3394904108994603,-0.050196733314778585
CAMELSH__06871000,-1.4937163218240865,0.8463942227641078
CAMELSH__06872500,-0.4753765573727272,0.9680832709587415
CAMELSH__06873460,-2.5559144671332406,0.8971845591714678
CAMELSH__06879650,0.04678835316238028,0.0974474449061836
CAMELSH__06879900,-1.0642679584109511,-2.1240271081534496
CAMELSH__06880500,-0.37382976420925396,-0.6565102022977056
CAMELSH__06888500,0.10819942722332293,0.16760398064754534
CAMELSH__06889140,0.16858193512153408,0.08172395762855966
CAMELSH__06892513,0.06363580147082026,0.11219649562582196
CAMELSH__06893400,-1.3905733644903329e-05,0.1359015762634156
CAMELSH__06893557,0.010118338598446075,0.03269262739514733
CAMELSH__06893793,-0.08237903270534697,-0.059735469324758816
CAMELSH__06896000,-0.22789334606494538,-0.02752258792327178
CAMELSH__06897000,-0.048682743441123,-0.001937135187859984
CAMELSH__06906150,-0.15457967334729827,-0.18428341238193618
CAMELSH__06908000,-0.14440854325355457,-0.25615599171935094
CAMELSH__06913000,0.07544166846516176,0.1229830209883025
CAMELSH__06914950,-0.07089105227249748,-0.049611315836190495
CAMELSH__06917060,-0.012265689939405355,0.004395280691248615
CAMELSH__06917500,-0.13624149707241773,-0.1101650825242253
CAMELSH__06919020,-0.0582808632058176,0.0799444758221508
CAMELSH__06919500,-0.1522387327239898,-0.26778487714781446
CAMELSH__06928000,0.026308735438824837,0.1246989650501229
CAMELSH__06932000,-0.48606889068237763,-0.4176096390524433
CAMELSH__06935770,0.09250636611290508,-0.18976785353796033
CAMELSH__06935890,0.04750428092480241,0.09481832869967322
CAMELSH__07001985,-0.022443109143546802,0.19236674047173102
CAMELSH__07010070,-0.0656488829337663,0.15393028076662119
CAMELSH__07010097,0.1792179221104102,0.19202412846002753
CAMELSH__07010350,-0.49332889430457305,-0.3566191301022333
CAMELSH__07014500,-0.27923646090678567,-0.17942178830207778
CAMELSH__07015720,-0.2356385553578424,-0.22797766885093262
CAMELSH__07019090,0.004167555075458074,-0.1160319170731906
CAMELSH__07019150,0.23282859373228612,0.1002639504887571
CAMELSH__07019317,-0.1269416035379936,0.0223541498256542
CAMELSH__07024300,0.03658794688215772,0.2208513630957527
CAMELSH__07024500,-0.007205776911411665,0.10786226832608936
CAMELSH__07027720,-0.019741273329990094,0.12617527988770494
CAMELSH__07037500,0.12513820990188962,0.21293974699600593
CAMELSH__07048800,-0.0392798645022959,0.006173685396858197
CAMELSH__07052000,0.02829034284954235,0.06523016477281651
CAMELSH__07052820,-0.12364368800226677,-0.18494656569102075
CAMELSH__07054080,0.010740674564729047,0.04465547424589533
CAMELSH__07055646,0.046580382800702924,0.10954746649285263
CAMELSH__07058000,-0.08768142618594332,-0.06388645652251856
CAMELSH__07062500,0.08656884976076917,-0.08609787364968519
CAMELSH__07065495,-0.09229954851958999,-0.047554661371508766
CAMELSH__07069500,-0.0931690557243341,0.07981816872954084
CAMELSH__07077700,-0.1289615163385106,-0.0669163209552377
CAMELSH__07079300,-0.06096716186819551,-0.3145960379393019
CAMELSH__07083000,0.11040272070737145,0.08524921436070365
CAMELSH__07083200,-0.10162874066677507,-0.10549621674759213
CAMELSH__07096250,0.1319015225766652,-1.1509494196611536
CAMELSH__07105945,-0.2234705794105611,-0.058978453260217
CAMELSH__07106500,-0.04993990572221271,0.1518420570169337
CAMELSH__07116500,-2.5719238158168176,4.6520404723822875
CAMELSH__07134990,-0.9993207344742503,0.2598991542192425
CAMELSH__07142575,-1.625446239608603,-0.6811890049222531
CAMELSH__07144200,-0.42637519302691124,0.30559469606005907
CAMELSH__07145700,-0.0230151611677627,0.0951700106776906
CAMELSH__07153000,-0.03374898663710413,-0.12895672888134624
CAMELSH__07166500,-0.019532897204246558,0.03913573760699196
CAMELSH__07170700,0.09469425316870123,-0.1019985590439027
CAMELSH__07177800,-0.01846034288073095,0.13431042221700412
CAMELSH__07179500,0.04781593744622131,0.0353909797069068
CAMELSH__07184000,0.08767112823740786,-0.009342293546894975
CAMELSH__07185095,0.1351519587764951,-0.0332210300044633
CAMELSH__07185700,-0.05166486251146851,-0.07630902405011486
CAMELSH__07185765,-0.10028010070169491,-0.07043903401726892
CAMELSH__07188885,-0.004713110263539155,-0.010408188052350997
CAMELSH__07191000,0.06679223507700494,0.11311689028979444
CAMELSH__07195000,0.004347298274254285,0.036780993814105156
CAMELSH__07195865,-0.09044063068083863,0.025662053572586996
CAMELSH__07196500,0.06471306295254631,0.15928419779245612
CAMELSH__07204500,-0.556592990641588,-0.22779101859766077
CAMELSH__07205000,-0.0833560382921221,0.0461094072111572
CAMELSH__07231000,-0.2581833736195975,-0.18144664622412277
CAMELSH__07249413,-0.036797447318584475,0.01748928420197149
CAMELSH__07249800,-0.03190932904990773,-0.04583112852305393
CAMELSH__07249920,-0.014900398691104821,0.007814590827149193
CAMELSH__07257000,-0.02529751797408597,-0.003002468441741124
CAMELSH__07260000,-0.03309016647449542,0.09236458648883922
CAMELSH__07261500,0.0009354998141286597,0.012685561308011128
CAMELSH__07300500,0.3167634547222397,3.1863683555361586
CAMELSH__07311200,0.037737692092212394,0.16163268107382658
CAMELSH__07311600,-0.6083381660406055,-2.356322409975836
CAMELSH__07311800,0.0948380461861827,0.5249452660415297
CAMELSH__07312200,-0.0771720041453153,0.6436418793168139
CAMELSH__07314500,-0.019976457718793694,-0.6101273324962319
CAMELSH__07324200,0.8982389101753845,-0.743072874513991
CAMELSH__07325840,0.08072684614422004,0.6241160303210451
CAMELSH__07325860,-1.3859505189146755,0.38574137650905715
CAMELSH__07326000,-0.3451172567168373,-0.6536499666921852
CAMELSH__07326500,-0.03166770741281355,0.6434492905641747
CAMELSH__07327442,-0.07190656709189819,0.6393596299426503
CAMELSH__07331300,-0.1673575656353194,0.10611543282320252
CAMELSH__07332390,-0.0402072064525118,0.20012398284410765
CAMELSH__07332500,-0.010473607453362677,0.03182245695535968
CAMELSH__07332620,0.08364663689055485,0.03375682775854494
CAMELSH__07343450,0.06667167205090063,0.12393346592475285
CAMELSH__07351750,-0.14787203029469442,0.02636878814954524
CAMELSH__07356000,0.031642629165290925,-0.015982672091780614
CAMELSH__07359610,0.0021917055579437905,-0.09696901967245652
CAMELSH__07362693,0.024471815569988564,-0.012092528589704665
CAMELSH__07363000,0.18801995826181483,0.23754869462799955
CAMELSH__07369500,-0.12994863329736628,0.05718936762763016
CAMELSH__07372050,-0.019388181788466907,0.011565942565545773
CAMELSH__07372200,0.05993218846779513,0.018590346849941985
CAMELSH__07375960,0.11863725988789986,0.05219634914010973
CAMELSH__07377000,0.01237833385645315,-0.04904928724770674
CAMELSH__07380120,0.08433618964764411,0.10060951532845608
CAMELSH__08012000,0.0675836342746935,-0.034403559148090346
CAMELSH__08012150,-0.09118342810818136,0.041980277672270194
CAMELSH__08014800,0.007972559412726676,0.10500631108219516
CAMELSH__08017300,0.17776839210264728,0.28618960268759197
CAMELSH__08017410,-0.1507976972981695,-0.06665281948539026
CAMELSH__08025500,-0.08949557523711704,-0.08351691839385955
CAMELSH__08033500,-0.10018118574456725,-0.06281114429888157
CAMELSH__08041749,-0.01023012338054552,0.10713307304904751
CAMELSH__08042800,0.11993571456830093,0.40692417690314486
CAMELSH__08044800,0.14982674005067229,-0.0917969252110904
CAMELSH__08050800,-0.2824071230186172,0.015708004903717154
CAMELSH__08051500,-0.03395096498111694,0.22232456561522207
CAMELSH__08053500,0.14451013390513423,0.13263458010696771
CAMELSH__08056500,0.24820962320161088,0.3589421893590789
CAMELSH__08061000,0.29025168052625183,0.062568597475548
CAMELSH__08061750,0.09226913992394203,-0.07785052276924853
CAMELSH__08064700,0.013790390158600896,0.06673585432569171
CAMELSH__08066170,-0.1742993846945206,-0.24920139415988682
CAMELSH__08066200,-0.05796764906289453,0.10026836098136072
CAMELSH__08070500,-0.032940466447439865,0.02787470358018318
CAMELSH__08071280,-0.2479846336168366,-0.009506409553456496
CAMELSH__08074150,0.07020844601381343,0.11345544359702209
CAMELSH__08078000,-0.013786357341245448,0.05215453229395284
CAMELSH__08084800,-0.0734659597828047,0.0571275182553804
CAMELSH__08086212,-0.6496438533341463,-0.3673962928429016
CAMELSH__08099100,-0.05550708477822211,0.09507022375260679
CAMELSH__08099300,0.1902169356671679,0.6841376261132287
CAMELSH__08100500,-0.7134563200880655,0.4725931754173028
CAMELSH__08103900,0.04515371776515431,0.34948001974015946
CAMELSH__08110325,0.1442219145554754,0.06557107943571705
CAMELSH__08117500,-0.10831250066483067,0.0646226311096123
CAMELSH__08146000,-0.8428462903237093,1.3669268705760336
CAMELSH__08148500,0.25342708371807326,-0.6493661222979445
CAMELSH__08150000,-0.2073406779051008,0.18206623464831728
CAMELSH__08155300,-0.49251158019502417,-2.982315874215966
CAMELSH__08155400,0.10614275908381587,-0.6368565151242515
CAMELSH__08158030,-0.1246555150031321,0.16900400551712738
CAMELSH__08158035,0.16162602024671424,0.11297400519180456
CAMELSH__08158700,0.028987353017074557,0.07011088508047292
CAMELSH__08158827,-1.0151174805672665,-1.1214680843665112
CAMELSH__08162600,0.07366236595784859,0.03040089053023165
CAMELSH__08164000,-0.020227683688311737,-0.0763635931975159
CAMELSH__08164390,-0.11614023632095088,-0.014310899227531093
CAMELSH__08164450,-0.15441967337335938,-0.1544349907086256
CAMELSH__08165500,0.16000551090817838,0.7795629503417985
CAMELSH__08167500,0.09913247278721843,-0.24263595942441524
CAMELSH__08169000,0.04863103412929198,-0.20525273588348208
CAMELSH__08172400,-0.03550142759914193,0.04531761786609351
CAMELSH__08173000,-0.09985232893705998,-0.12987065940484244
CAMELSH__08181400,0.24177480675205038,-0.255988200474931
CAMELSH__08181500,-0.1738127464566449,-0.23915860506722442
CAMELSH__08189500,0.27534244340380554,-0.1175084111039027
CAMELSH__08190500,-0.4233787902316783,-0.1451478458397411
CAMELSH__08198000,0.07448848368365202,0.036758852565771605
CAMELSH__08200977,12.521430162563128,-10.331969734200875
CAMELSH__08201500,-0.0851644774661527,-0.3615595473867919
CAMELSH__08211520,-0.5320795648442517,-0.6847360847784512
CAMELSH__08261000,-0.8155967635682448,0.8581803938821415
CAMELSH__08266820,-0.16499502581876985,-0.0009601126574915186
CAMELSH__08271000,0.2876019270562478,0.09878295041874774
CAMELSH__08275500,-0.17046961661931498,0.057675054095897405
CAMELSH__08276300,-0.07088011968202279,-0.39776971232664227
CAMELSH__08279000,-0.2424554125100562,0.1229858392568201
CAMELSH__08289000,0.09526583105916492,0.1859979136568145
CAMELSH__08323000,0.11964110051450232,0.4987556315874674
CAMELSH__08329882,-0.40011009251006807,0.936032341564091
CAMELSH__08387600,0.2249289893671907,-0.013150263547392294
CAMELSH__08397600,-1.135766406716058,0.2819630476022947
CAMELSH__08406000,-1.6838725992061716,-0.3261359725223405
CAMELSH__08408500,-1.4704674712022996,0.7080984967570174
CAMELSH__09010500,-0.10837968752640048,-0.08970162640237023
CAMELSH__09024000,0.1869136027843557,-0.07147034482840098
CAMELSH__09052400,0.14753734716872047,-0.20151648532883698
CAMELSH__09058700,-0.18177537445524083,0.0058781126843328035
CAMELSH__09063400,-0.02358866303697915,-0.053989619042942305
CAMELSH__09066300,-0.08586861871405393,-0.5483453377594241
CAMELSH__09066400,-0.09939155084864204,-0.3497656457422036
CAMELSH__09075700,-0.1461944556302961,0.21375026111354412
CAMELSH__09080400,0.008781848449662344,0.0403581873894201
CAMELSH__09081600,-0.03425078219857047,-0.3518627045938728
CAMELSH__09097900,-0.04933612412848121,-0.03172346110057733
CAMELSH__09107000,-0.04821887772460154,-0.27991245902614925
CAMELSH__09132985,-0.2068596630102053,0.12015821658819348
CAMELSH__09135950,-0.3674857097838025,-0.184731064413596
CAMELSH__09149500,0.08482724940122038,-0.1092455264007679
CAMELSH__09182400,0.004818771489455198,0.07830237086704181
CAMELSH__09183600,0.19273193086618012,0.15576744110272359
CAMELSH__09197000,0.08419354816215685,-0.2873134896700494
CAMELSH__09216050,-0.0765726236080416,0.3986030784317812
CAMELSH__09220000,0.06302046500308073,-0.08847050241759857
CAMELSH__09243800,1.0666162162936657,-0.5592359823865498
CAMELSH__09244490,0.05579192110178621,0.1675345835539166
CAMELSH__09246500,-0.041564787631159006,0.18870306546881566
CAMELSH__09268900,0.18794074299541974,-0.0018072850694882403
CAMELSH__09329050,-0.04819074035495097,0.2671929919387289
CAMELSH__09346050,-1.4943092198308627,0.1858931344343273
CAMELSH__09355000,0.5933888613007287,0.8403877683855786
CAMELSH__09359010,-0.0216615358245702,-0.20603046191311614
CAMELSH__09361000,0.18652362396883704,0.13165699676950732
CAMELSH__09370600,-0.7460421014142606,-0.17112872252113973
CAMELSH__09372000,-0.2345015128904967,-0.5607406524126795
CAMELSH__09372400,-0.0714243099389223,-0.0792199128581909
CAMELSH__09396100,-2.0430361230368947,-0.27663332774094873
CAMELSH__09403600,0.4835977238328798,-0.3617669035863799
CAMELSH__09405500,-0.05265227279121709,0.1923841333559556
CAMELSH__09406000,0.03795646237131378,0.14434025722972404
CAMELSH__09408135,-0.04530321556416794,0.029662565037661515
CAMELSH__09417500,0.35129779656363036,-1.4479306250211654
CAMELSH__09419753,0.4316804031905791,0.738620466882255
CAMELSH__09424900,-2.5706800095934152,-0.4148694149264798
CAMELSH__09444200,0.47860243817374604,0.48739374283370435
CAMELSH__09447800,0.5814211605129923,4.431736789959436
CAMELSH__09470700,0.1550258657381069,0.2610466633580487
CAMELSH__09473000,-0.2729749200772848,0.31951505875294717
CAMELSH__09484500,-0.8692733247433423,0.3506150896597193
CAMELSH__09494000,-0.22844591718210944,-0.26448377837204223
CAMELSH__09498503,0.0766319462154936,0.2900555804386304
CAMELSH__09505200,0.12842687487817145,0.042994861580675114
CAMELSH__09505350,0.1228304908804762,0.30392319021750314
CAMELSH__09512280,-1.564977988413545,0.6881252944326078
CAMELSH__10023000,-0.310391178892069,-0.04251352929576413
CAMELSH__10068500,-0.3100706122697452,-0.3907543420784183
CAMELSH__10129900,-0.323416392817904,0.2426466337931667
CAMELSH__10143500,-0.1079496047071119,0.18202888020892627
CAMELSH__10166430,0.2488266591462276,0.41009911584608816
CAMELSH__10172200,0.44906955366330165,-0.11897781466898649
CAMELSH__10172700,-0.072090722523903,0.10076480453829981
CAMELSH__10173450,0.14554124351909492,0.042482629047148834
CAMELSH__10180000,0.03786903531248875,-0.23578275193848197
CAMELSH__10183500,0.11226434976422595,-0.24984915794331736
CAMELSH__10183900,0.09819893095944698,0.6284340979219388
CAMELSH__10194000,0.5891435906577119,0.6712587646005134
CAMELSH__10245900,-0.4231253366483626,0.006611025309085916
CAMELSH__10246846,0.6456210674938674,0.6797070759306596
CAMELSH__10257548,0.13698083209510425,0.539219945837794
CAMELSH__10289500,-0.07897097354404858,-0.04807793813790251
CAMELSH__10299100,0.023159211238647198,-0.11418463181561411
CAMELSH__10310500,0.20864595936226765,0.47250130125169454
CAMELSH__10315500,0.26696568057806735,0.20704524389089296
CAMELSH__10318500,-0.012597853502139822,0.5856124628748482
CAMELSH__10321950,0.2977964435349114,0.14216203484298917
CAMELSH__10324500,-0.19302115340254208,0.47008086808914357
CAMELSH__10336580,-0.22782082342596255,-0.2988136197458966
CAMELSH__10348850,0.12729565384542407,0.11532066965661802
CAMELSH__10350400,-0.4461636902894128,-0.4345540774679786
CAMELSH__10378500,0.7298077668536926,0.18706920525492232
CAMELSH__10388000,0.303340767952887,0.48511098015636467
CAMELSH__10396000,-0.0976870717108459,0.527463871070466
CAMELSH__10406500,0.5839044554372446,-1.4209613999153097
CAMELSH__11015000,0.12766923542605657,0.12031803496714943
CAMELSH__11027000,-0.07312395815143202,-1.8059096863629303
CAMELSH__11044250,-0.13257873457705105,-0.5615654156499463
CAMELSH__11045300,-0.5630732555493649,0.4181942170674833
CAMELSH__11046530,0.6541699110230772,-0.4190553254028346
CAMELSH__11055500,0.11632828072804169,-0.012608685759708749
CAMELSH__11055800,0.27198089435923856,-0.11611746354543229
CAMELSH__11058000,0.3099245083800761,-0.5930257809894758
CAMELSH__11062000,-0.3564343742866244,-0.6294999050911455
CAMELSH__11070465,1.8611183869439054,-1.2657805022880337
CAMELSH__11078000,0.16392041343013958,4.075457551925779
CAMELSH__11109600,0.38484047329031446,0.6491903296937049
CAMELSH__11113000,0.13725903849848342,0.09116490445874481
CAMELSH__11119500,-0.016635662910551907,0.1051347743743517
CAMELSH__11119750,-0.121604864916665,-0.1195772145511198
CAMELSH__11120000,-0.2344838352978862,-0.10021661169452234
CAMELSH__11128500,0.13724550091416288,-0.0635266162138367
CAMELSH__11134000,-0.25364174952586616,0.00859879502311145
CAMELSH__11135800,-0.165491023344413,0.19215078355321458
CAMELSH__11140000,-0.27899108396148936,0.14497253550024997
CAMELSH__11143000,0.09353086605437821,0.34337477421012114
CAMELSH__11152050,0.11085407109717538,-0.07392677400041592
CAMELSH__11158600,0.4456772068018622,1.1699991667337017
CAMELSH__11162570,-0.07176689898477595,0.021360787874796894
CAMELSH__11169025,0.4644862046963105,0.04520704134152442
CAMELSH__11169800,0.01592346134439593,-0.0446209276628482
CAMELSH__11173200,-0.013661887097093595,0.19417595675605792
CAMELSH__11173500,-0.035829994411820276,0.11625267753526736
CAMELSH__11176400,0.06614189019247635,0.18183119914733248
CAMELSH__11264500,-0.24314184187768928,-0.31955541512202945
CAMELSH__11274538,1.9408755537916187,0.1945715835393855
CAMELSH__11274630,0.3865369880876194,-0.05079318236174485
CAMELSH__11336585,0.1301833332095078,-0.03491571715274955
CAMELSH__11424000,-0.07045415733719296,-0.0327856067454565
CAMELSH__11427000,-0.2406101090608217,-0.22935788950160463
CAMELSH__11433040,0.10565543063736782,0.1668024686381704
CAMELSH__11451715,-0.0672305655825538,-0.09881745600378888
CAMELSH__11452500,0.7506020205019054,0.24255038400560414
CAMELSH__11453500,0.18635377515520046,0.2013941700635481
CAMELSH__11459500,0.026574981802041098,-0.040460757609419806
CAMELSH__11460000,0.06031022639092892,0.23216294479021393
CAMELSH__11461000,-0.021899962479266954,-0.21460327483546782
CAMELSH__11461500,-0.16348414419030544,-0.02596631455863685
CAMELSH__11466170,-0.02915948990284034,0.09164253854567506
CAMELSH__11467000,0.01580503645708342,0.09950486295018879
CAMELSH__11468500,0.06404579608093253,0.17483311038829163
CAMELSH__11475800,0.07999616890934402,0.06296716636346489
CAMELSH__11476600,-0.1181423738939571,-0.1824964281331336
CAMELSH__11481000,0.05916467223601629,0.06400583999955567
CAMELSH__11517000,-0.4833833866292866,0.23184786347045802
CAMELSH__12010000,-0.08463376958111424,0.15471920712698317
CAMELSH__12025700,-0.04715956565671442,0.026754747830629255
CAMELSH__12027500,-0.05663711167594354,-0.03151532971349247
CAMELSH__12043000,0.01537357524662708,-0.0073832349685536425
CAMELSH__12052210,-0.03332540141019158,-0.0523508383884711
CAMELSH__12076800,-0.1331993203576176,0.16360838832477675
CAMELSH__12079000,-0.0093372942791895,-0.1106727743669117
CAMELSH__12088000,0.11740164474668835,0.045235354723723864
CAMELSH__12090500,0.15525344959518617,0.0478611731805213
CAMELSH__12092000,0.014413031745555083,0.0734895546290516
CAMELSH__12093500,0.04729804016017303,0.13220035968057042
CAMELSH__12094000,-0.08261930093545633,-0.02174863373997893
CAMELSH__12115000,-0.01151772353912861,0.02401340570265098
CAMELSH__12116400,-0.3225627486510602,0.06486714987868236
CAMELSH__12116500,-0.1843120783014266,-0.04515331755115359
CAMELSH__12117000,-0.19129607698205953,0.14902879381873912
CAMELSH__12120600,0.035877004258277445,0.10753859312323755
CAMELSH__12121600,-0.23702912820944488,-0.08135410838575963
CAMELSH__12137290,0.0404694475937708,0.0748195419750668
CAMELSH__12141300,-0.003678637695166409,0.06843547335248157
CAMELSH__12142000,-0.043127306449231795,0.05486411602518115
CAMELSH__12143600,0.03605877873676522,0.04418082104471199
CAMELSH__12147600,0.04751290737575575,0.11631162615110735
CAMELSH__12155300,-0.08090391991462809,-0.04676130491935426
CAMELSH__12182500,0.03460010465433849,0.056962339067316736
CAMELSH__12206900,0.033762654216536014,0.09460813950428837
CAMELSH__12207850,0.0035078641665560184,0.05284765538212288
CAMELSH__12210900,-0.23786351368762648,-0.25722602878867706
CAMELSH__12323710,0.17010101273508327,0.08249518257302768
CAMELSH__12323720,-0.05440287936514876,-0.09276151721289627
CAMELSH__12323850,0.0450285057895815,0.1084496664650938
CAMELSH__12331500,-0.2549532294092264,-0.058533066890840535
CAMELSH__12351200,0.027308345414380764,-0.03802483996408257
CAMELSH__12352500,-0.005398289530235578,0.02773304752080763
CAMELSH__12365700,0.32018083261946373,-0.1724678310308817
CAMELSH__12366000,-0.2401536633754714,-0.23351372664016912
CAMELSH__12374250,-0.2737843195095453,0.020436137419512335
CAMELSH__12389500,-0.21950666983608724,-0.16939334210999368
CAMELSH__12390700,-0.2508158965910351,-0.03448873644568873
CAMELSH__12392155,-0.11807215923476422,0.030413174596459536
CAMELSH__12398000,0.0946229608191137,-0.02989903420453377
CAMELSH__12414900,-0.1250186592164999,-0.19828868767958252
CAMELSH__12431000,0.11927487574335316,0.20215335338430884
CAMELSH__12431500,0.19106657513414538,-0.030677896097492052
CAMELSH__12447383,-0.07571354351638315,-0.1788865895819881
CAMELSH__12449500,-0.17262505826227004,-0.24432248053633998
CAMELSH__12456500,-0.10741908612936135,-0.08446767796578336
CAMELSH__12465400,-0.44708562279425257,-1.2049804531740531
CAMELSH__12488500,-0.0022554354323102155,-0.008236219242636511
CAMELSH__12500450,-0.029005318796523905,0.042533830197921896
CAMELSH__13013650,0.005739076429093992,-0.018115498744411873
CAMELSH__13022500,-0.042664248050129805,-0.025971990694152125
CAMELSH__13068501,0.20765265949577394,-0.12403659134009404
CAMELSH__13073000,0.34720753452392333,0.23857011275186685
CAMELSH__13075000,0.3993865691935135,0.785340621965595
CAMELSH__13075910,0.1956009357253175,0.036342566022645295
CAMELSH__13078000,0.2928061120483339,-0.569211676425039
CAMELSH__13082500,0.031211465378741365,-0.32626352770235717
CAMELSH__13083000,0.05243063312817059,-0.1813447768474148
CAMELSH__13132500,0.5125995280250739,0.3019515090150906
CAMELSH__13132535,1.522372722110016,-2.0617604884250276
CAMELSH__13135500,0.125382913779027,0.05455497236716689
CAMELSH__13141000,-0.5858325846735803,-0.4537840862266066
CAMELSH__13147900,-0.04252136610976176,-0.11905796606714913
CAMELSH__13148500,-0.0008230921535161695,0.16102643145200368
CAMELSH__13159800,-0.08242093525286365,0.1892787845149695
CAMELSH__13174500,-0.2634335793875338,0.10948714871106979
CAMELSH__13175100,-0.150151268574303,0.26760508891412554
CAMELSH__13190500,0.17213079213433435,0.13595045348608448
CAMELSH__13215000,0.29109968424534166,0.47954490604449884
CAMELSH__13237920,-0.5093562423827895,-0.7176103446395745
CAMELSH__13240000,-0.20385414764766796,-0.3876704444944501
CAMELSH__13250000,-0.13304125394949295,-0.013529085101392724
CAMELSH__13251000,-0.2762981229944176,-0.15279021059130893
CAMELSH__13258500,-0.10971240143067296,-0.06916181657034015
CAMELSH__13266000,-0.04790147347093199,-0.16427756890368195
CAMELSH__13295000,-0.08791111209637559,-0.12068107711643372
CAMELSH__13296500,0.04524428192477259,-0.07869036270880247
CAMELSH__13297355,-0.3373108908117186,-0.26653470155237646
CAMELSH__13305310,0.14258509505523498,-0.18030826495665475
CAMELSH__13306385,-0.30273476501234886,-0.016588110957992064
CAMELSH__13309220,-0.03053481491556409,-0.1247144908800012
CAMELSH__13310199,-0.06345354105273038,-0.13727456391804616
CAMELSH__13313000,-0.2667737984655002,-0.3446721454480993
CAMELSH__13324300,0.029897224966069613,0.13448726959703783
CAMELSH__13329770,0.13960037805860837,0.3126541081472034
CAMELSH__13333000,0.053763776423943144,0.012080893001137127
CAMELSH__13335050,-0.04557407185389195,-0.022618742220651855
CAMELSH__13336500,0.00453022954429394,0.0809497759565565
CAMELSH__13339500,0.002314452365455022,-0.06907045584711313
CAMELSH__13341570,0.027333987324878573,-0.11501268194405823
CAMELSH__13342295,0.08749757122540203,0.12129757519592976
CAMELSH__13344500,-0.11723513712186717,0.13941536542183985
CAMELSH__13348000,-0.16293259295574014,-0.07567048786051389
CAMELSH__14010000,-0.2049541240205921,0.21334377250995648
CAMELSH__14010800,0.1160633280099677,-0.21324269114174488
CAMELSH__14026000,0.4110682987833829,0.2315321438678637
CAMELSH__14034608,0.10299961797701329,0.059848190072573304
CAMELSH__14038530,0.11620001198315133,0.1728386812136362
CAMELSH__14046778,1.015633113709164,0.7686215286952034
CAMELSH__14057500,-0.7416575227707298,4.876160318825116
CAMELSH__14060000,-0.033716786166342716,0.1716980426969181
CAMELSH__14076500,0.13463024466298873,0.182148276122342
CAMELSH__14120000,-0.06970575697859172,-0.10614415718218351
CAMELSH__14123500,0.35772311480865,0.002514836929824904
CAMELSH__14137002,-0.1665335607696451,-0.5922610208989807
CAMELSH__14138720,0.23500273463831967,0.09893143395746751
CAMELSH__14138870,-0.19538398063602957,-0.20962922801148676
CAMELSH__14139700,0.04409989338742226,0.13658942994195977
CAMELSH__14150000,0.0017014867653184496,0.04047306782699467
CAMELSH__14152500,0.1554537911732672,0.2970039123552154
CAMELSH__14153500,0.04180950570680797,0.07377838433628847
CAMELSH__14157500,0.051078576412248666,-0.07755333328583602
CAMELSH__14158790,0.003933906276597621,0.0276857585778294
CAMELSH__14159200,0.028743684562086425,0.03134858031098664
CAMELSH__14162500,-0.027509852862661277,-0.013887526238506864
CAMELSH__14163900,0.1020300912979355,0.12141514108703633
CAMELSH__14164700,0.013460986732159896,0.14204407252983453
CAMELSH__14165500,0.03207851391880345,0.01933291711294216
CAMELSH__14172000,-0.12222161345939597,0.07450308774017178
CAMELSH__14188610,0.05126335258644843,0.1254792618616568
CAMELSH__14188800,0.017413394622537326,0.0039727506143290015
CAMELSH__14192500,-0.0362572114534262,-0.07817638659505333
CAMELSH__14194150,-0.06132685296902085,-0.09116363952004225
CAMELSH__14202000,-0.06438309010021626,-0.15879665625944828
CAMELSH__14205400,0.08873812798082414,-0.25145422611486545
CAMELSH__14209000,0.00264483753268574,0.03816115291828659
CAMELSH__14211010,-0.09692892042816148,-0.007512480335257199
CAMELSH__14233400,0.023787301897567947,-0.03456910588414441
CAMELSH__14242580,0.012768538721823486,-0.06985666819031533
CAMELSH__14302480,0.03952182289099271,-0.16798414873155543
CAMELSH__14302900,-0.025979405749378404,0.0663264987032739
CAMELSH__14305500,0.07032106488564904,0.041921551629222176
CAMELSH__14307620,-0.043086711743688166,-0.07227567892498077
CAMELSH__14314500,-0.1179438878050728,-0.1407842465550438
CAMELSH__14315950,-0.1378134789173413,0.00131263733577891
CAMELSH__14316500,0.0692078248425132,-0.0126375044591025
CAMELSH__14319835,-0.08494464760260945,-0.19943965768242067
CAMELSH__14325000,0.1296890444665012,0.010535429739348068
CAMELSH__14353500,0.11003711502397506,0.4665966729341551
CAMELSH__14362250,0.3844361314911415,-0.2015055613901079
CAMELSH__394220106431500,0.0932134786085197,-0.07415103183826133
Germany__11401009,0.006158899943809026,-0.017032855617759468
Germany__11402001,-0.009627923234199587,-0.045023497670826695
Germany__11425200,-0.0463782064348458,-0.005246285274890461
Germany__11465001,0.04692381893662845,0.11360793399264069
Germany__11495002,-0.031461365369509386,0.033914524782688416
Germany__11498000,-4.515293203386307,-2.858974361932152
Germany__11584000,0.07724691857057531,0.12889540996498572
Germany__11649004,0.10140452420496382,-0.010972369879132304
Germany__11744005,0.07314406695252285,-0.08167632263324409
Germany__11946000,0.0662696307720162,0.1485024841951036
Germany__12003001,-0.09112903296028574,0.1574690430040917
Germany__12313009,-0.035081476932788735,-0.06972464757295394
Germany__12402007,-0.017344465647846863,0.058563884037215574
Germany__12418007,0.062280267756445684,-0.15349022283489344
Germany__12465007,0.2895886230652389,-0.014679902631864916
Germany__13321002,-0.10184446506819211,0.04908624370413428
Germany__13325207,0.10666453393783748,-0.020063671999878352
Germany__13400903,-0.009215729698039188,0.2420669401953216
Germany__13407200,0.06007587307831419,-0.03659603106551024
Germany__13407902,0.0940352435091224,0.265131120092846
Germany__14008006,0.09555753097226816,0.18161247568874217
Germany__14244803,-0.0544343950708891,0.1425304350817318
Germany__14364000,0.03758016239321249,0.02331504014149799
Germany__14402008,0.07038202001195049,0.15990744315197253
Germany__14402507,-0.04392262363370658,0.02788745856252517
Germany__14606008,0.14413516771869617,0.176436879013655
Germany__15207507,-0.01366338264140965,0.059569319108760066
Germany__15213500,0.025960020223056213,0.07493236966088501
Germany__15214003,0.026083829484925714,0.10311238597468275
Germany__15214604,0.01194709695025753,0.040076161535398835
Germany__15217908,0.03913678502866913,0.1269731020881737
Germany__15242508,-0.13638986484963944,0.1570557052770134
Germany__15243001,-0.048128423841001244,0.08504612191012084
Germany__15247002,0.034655023805865104,0.11399530315557221
Germany__16008506,-0.07030539764063826,0.1555840974582664
Germany__16455005,-0.10143400760691862,-0.0628593250279279
Germany__16495000,-0.035743303812874716,0.09588793376764287
Germany__16518502,0.14016435787473963,0.11094503711276527
Germany__16618008,0.07506621911768885,-0.035618861258975176
Germany__16642002,0.1403070075177577,0.1175487902224076
Germany__16644050,0.1122042661334659,0.038945574516669024
Germany__16669009,0.14280347915994063,0.3532348251149029
Germany__17225000,-0.08203797240498889,-0.10908645815059559
Germany__17242000,0.06810584190342506,-0.06903314704977692
Germany__17413000,0.06579931243000703,0.11172454486017502
Germany__17415006,0.0559258022359016,0.20899369388591238
Germany__17425000,0.11906226131870457,0.17721134667892557
Germany__17466007,-0.03318870558323628,0.1142850931774535
Germany__18193001,-0.10561055881003145,0.11964975727003468
Germany__18199008,0.031956854814451985,0.046364787613938585
Germany__18202000,-0.2510952733752904,0.13735808200061705
Germany__18204006,0.02631653078964402,0.2984936779429584
Germany__18214000,0.18721818489134545,-0.02111271829101191
Germany__18262002,0.13320334221309849,-0.2324802583122958
Germany__18346000,0.04540628020317006,-0.004277981612217707
Germany__18381500,-0.011836922793106441,0.033672660445892344
Germany__18384509,-0.0925917303823025,-0.12141734570433416
Germany__18403002,-0.020769293754456908,-0.034358177978393245
Germany__18409009,-0.0318593499255318,0.12783565930247442
Germany__18409508,0.06728195358751254,0.05765885463736209
Germany__18461257,-0.2138403832621093,-0.6084053289485025
Germany__18463004,0.02426902723562685,-0.009382727570418525
Germany__18483500,-0.030221718052831026,0.009799227796340126
Germany__18486000,-0.06049076071068682,0.04095024102972111
Germany__18487501,-0.01720031457172122,-0.005487358824510569
Germany__18662000,-0.1172265540129358,-0.09659886271216706
Germany__18668007,0.06893928590908521,-0.016689031567504176
Germany__21516505,-0.004443921123253869,-0.06805359208483142
Germany__21645000,0.028162455399314723,-0.07675150343619275
Germany__24121005,-0.0775208307237144,0.06727441941522061
Germany__24143507,-0.2971854394948452,-0.14535722100828652
Germany__24148500,0.11074609432590887,0.0033352513539716133
Germany__24165102,-0.03608658843454732,0.21472818139704714
Germany__24183002,0.1362275232880994,0.13926784260378722
Germany__24213602,-0.05019047675811239,-0.23385050110405536
Germany__24213806,0.12672727931406658,-0.06118499754790507
Germany__24214900,-0.08378790912242079,-0.0029214974051847697
Germany__24222002,-0.0320135655831808,-0.03360549977025662
Germany__24240503,-0.009573210562983214,0.18188653880571137
Germany__24249009,0.06517311551584526,0.1108538554941001
Germany__24263000,0.03480057165950834,0.0765904627620202
Germany__24263203,0.08234480743731204,0.05357068845184093
Germany__24295505,-0.011330880815985211,0.15693674719144357
Germany__24403007,0.22019755637362992,-0.03452870628619775
Germany__24441006,0.13409276146284088,-0.013418463375461043
Germany__24461003,0.0922059185514219,0.0682211392996992
Germany__24481000,0.02178980479304804,-0.05564963272356016
Germany__24562000,0.14938774859101828,0.27860105243798555
Germany__24752006,-0.018748259313429716,-0.11326583826867909
Germany__53211010,0.08574802545711702,0.062311550435866225
Germany__53224001,0.0858218425367796,0.06837102852379195
Germany__56143008,0.045517857342089296,0.0240008407154072
Japan__301031281101160,-0.2227066129891313,0.0026118352034634196
Japan__301031281101330,0.10243730860674582,0.10791863224613585
Japan__301031281101880,0.0252040287050707,0.08107912089902888
Japan__301031281101890,-0.02076219429357684,-0.01957312524815069
Japan__301031281104150,0.06800436676128963,0.1775376500505873
Japan__301031281104240,-0.11637699746284114,0.01603831435454517
Japan__301031281104290,-0.06022917585969445,-0.017896346965687204
Japan__301031281104300,-0.06453280983833054,-0.02813243804080745
Japan__301041281103010,0.03293381360112024,0.02092327549423889
Japan__301051281102020,0.021716767118242997,-0.051067688629707675
Japan__301061281105010,-0.1662669274158508,7.479345555638783e-05
Japan__301061281105030,0.06908493216213218,0.06352677128846307
Japan__301061281105040,0.10852458105124052,0.02848209825489001
Japan__301071281105050,-0.0245787304567473,-0.015971807452249465
Japan__301081281107160,-0.04817827295993238,-0.10570846031980119
Japan__301081281107220,-0.0669803234181513,-0.04888503678407852
Japan__301081281107240,-0.0006735588873758025,0.0020206022836811166
Japan__301081281107350,-0.0763210363236082,-0.01619561414216919
Japan__301081281107420,-0.04580032418976743,-0.11506163433443428
Japan__301091281106060,-0.12508948373588202,-0.149165410974757
Japan__302011282206100,0.24828981967547464,0.2887876957501019
Japan__302011282218020,0.09365107059224581,0.059792675778502
Japan__302011282218100,0.04144895643777313,0.05740296036408621
Japan__302011282218210,-0.007181383039956968,-0.005072071241455034
Japan__302021282206030,0.03294748320156471,0.022224071887816776
Japan__302031282207050,-0.0004093653048278245,0.030342869487808732
Japan__302041282204020,-0.008720313301391558,0.06266814670659282
Japan__302041282204310,0.0015264141763592365,0.0219049721857274
Japan__302041282204340,-0.04592020347035852,-0.3297730812413772
Japan__302041282204390,-0.015183061249609775,0.04545830596938483
Japan__302041282204400,0.022124073775538378,-0.2723198591469675
Japan__302041282204440,0.021086866583312602,0.006456221817263796
Japan__302041282207140,0.03693350965814424,-0.02829163157301151
Japan__302041282220020,0.030255133412562862,0.11443789076624739
Japan__302041282220090,-0.14266015072457905,-0.15026753640887913
Japan__302041282220150,-0.04665679460399097,-0.07248380472312843
Japan__302051282201060,0.031667860008511184,-0.07689935216397581
Japan__302061282202020,0.07340241306075534,0.03869477640538854
Japan__302071282201070,-0.02346012705097511,-0.05340369480313012
Japan__302071282201090,0.03570354393215258,0.11497142873124333
Japan__302091282209010,-0.0348024271156,-0.015691957625648678
Japan__302091282209050,-0.06613362672902467,-0.09271594081041551
Japan__302091282210130,-0.09245644029894551,-0.0477020219564237
Japan__302101282209050,0.01154059280512354,0.009961074835938444
Japan__302111282214020,-0.033002881146997676,0.029196394901190748
Japan__302111282214060,-0.12439686442774467,-0.08301884800905335
Japan__302111282214140,0.2238142251293242,0.18429229459231133
Japan__302111282216100,-0.108785731480599,0.001598116788130599
Japan__302111282216170,-0.027486473871084716,0.11009026361643603
Japan__302111282216200,-0.1133697694471042,-0.02231398800125961
Japan__302111282221020,0.0733169059507015,-0.028541475455942433
Japan__302121282215070,-0.0512770064259358,-0.008710874568989335
Japan__303021283322100,0.07247101559391944,-0.0868593430431398
Japan__303031283301020,-0.1534337981697994,-0.20825695266335764
Japan__303031283305140,0.1811316678291702,0.2982512916286213
Japan__303031283305570,0.2578743396841108,0.09429180201779985
Japan__303031283307010,-0.3261233052308271,0.3274287453489505
Japan__303031283307210,0.08455551276798734,0.0037780653162116096
Japan__303031283307270,0.22671417281843942,-0.021513017816823354
Japan__303031283307380,0.1314618271686594,0.0720900838747015
Japan__303031283317010,-0.062112389116163624,-0.10860661577275521
Japan__303041283308040,-0.008285651187489917,0.13108388387840653
Japan__303041283308050,-0.09365368349363024,-0.0806083236453563
Japan__303041283308060,0.031743601091739126,-0.21035857263838503
Japan__303041283308220,-0.05179057799458786,0.20437719209667238
Japan__303041283308240,0.013193148344772476,0.18864141817501257
Japan__303051283310060,0.18350056506307794,-0.028191559607599392
Japan__303051283310110,-0.08616964055599452,-0.015795448677125568
Japan__303071283310030,0.13649781742352607,-0.09621735529286146
Japan__304011284406070,0.17607011237957487,-0.08978800596041353
Japan__304021284402030,-0.009236632795152633,0.056381776369540115
Japan__304031284401040,-0.06080061051583946,0.0409096341669114
Japan__304031284401200,-0.15330117930359072,-0.22392669796182824
Japan__304031284403080,0.03524416773440242,-0.035735118251380205
Japan__304031284416080,0.2481028500066087,0.13952167361125678
Japan__304081284408010,-0.09072602033851873,-0.034407154101730786
Japan__304101284408040,-0.010070927228512438,0.019687826665220287
Japan__304101284408060,0.05989261672211965,0.07652488220012987
Japan__305011285508120,0.08795669465556716,0.06342889738811178
Japan__305031285507050,-0.008195431844562506,0.14529863600939474
Japan__305041285510020,-0.033924816163688976,0.06580379020381366
Japan__305051285516090,0.07417108415768414,0.08659165687326476
Japan__305061285512120,-0.4946828177438005,0.11537437640911063
Japan__305071285512080,-0.06829785682173184,0.18147866976365334
Japan__305071285520060,0.024274429571485068,0.035999518749611714
Japan__305091285506040,0.20728068186190918,-0.049125094272958414
Japan__305101285514010,0.06577485133960015,-0.2668722366586273
Japan__305101285514030,0.014211903948606608,0.3740042201919172
Japan__305111285514010,-0.049138521815493164,0.027821675294186
Japan__305111285514090,0.01241504425131662,0.0034667958972339763
Japan__306021286614040,-0.09369954205789272,-0.024649356517294274
Japan__306021286614070,-0.08891590750420908,0.015370273418034097
Japan__306031286607030,0.014641350267392994,0.07528548169401406
Japan__306031286607130,-0.05026443327281138,0.07526013593357639
Japan__306041286603180,-0.4145090734178845,0.5861187562522633
Japan__306041286603210,-0.17368607134285696,0.0736609457764853
Japan__306041286606060,-0.09690401386866598,-0.10651546703002723
Japan__306041286606320,-0.039198500448435314,-0.08674981877518795
Japan__306041286617010,-0.1553665220405692,-0.0782302345350834
Japan__306041286617040,-0.0059188711285591,0.0885926815240262
Japan__306041286617110,-0.2015174724784864,-0.06531911518708039
Japan__306051286611080,0.043202001951747615,0.2250441385992944
Japan__306061286611040,0.08473191312942008,0.35961764299367543
Japan__306061286611070,0.07080946696868207,0.1271728092669856
Japan__306061286611130,-0.5002478395483578,2.104537622144126
Japan__306101286610020,-0.00938812878348172,0.033949360592053224
Japan__307011287701010,0.2285747386971182,0.19048504488171458
Japan__307011287701040,0.09871332330929361,0.05916901926346174
Japan__307031287703020,-0.23652413320889998,0.006671621337788314
Japan__307031287703160,-0.07384747713508322,-0.23447228865045983
Japan__307051287707010,-0.026173051619844845,-0.07165169820963979
Japan__307051287711130,-0.18777764476591696,-0.14997611441331515
Japan__307061287707020,0.010552082410879238,0.07905900108008068
Japan__307091287712020,-0.1686845987752862,-0.13590684198351471
Japan__307091287712030,-0.08758061514188187,-0.002564801717701237
Japan__307091287712050,-0.1645008531793155,-0.05854534422537161
Japan__307101287710120,7.779859207956985e-05,0.1370568786003662
Japan__307101287718030,0.11580347008015379,-0.005803129699800902
Japan__307101287718040,0.06785423575093508,-0.016504552568088915
Japan__307111287708010,-0.11343744147452495,-0.07149674144268725
Japan__307121287708010,0.004215489141199624,-0.01780333182884941
Japan__307131287708010,-0.05720684795520814,-0.0006787041338317534
Japan__307131287708130,0.01913869398350687,0.09933417658283727
Japan__307131287708220,-0.1093950109832349,0.010283551980892036
Japan__308011288805010,-0.08589283031905459,0.3637451181541271
Japan__309011289902040,-0.17255506308165275,0.08882138135741707
Japan__309011289902160,0.005537404600309825,0.029129798599892842
Japan__309011289902190,-0.05696176206857784,-0.09231081112997652
Japan__309041289903130,0.012423064861882493,0.0954119274233951
Japan__309061289901060,-0.07337394317226587,0.06587445382419332
Japan__309061289901580,-0.10152609726066508,0.03295291465152583
Japan__309061289901650,-0.14792163288687776,-0.08255283979797123
Japan__309091289908020,-0.029009525298975714,-0.18103250893618317
Japan__309101289908100,-0.03214118191888715,-0.06859967194897099
Japan__309121289918120,0.14153470209005914,-0.029877005226271125
Japan__309191289913040,-0.03769786259754426,0.040910511292505336
Japan__309191289913130,0.021091014608779823,0.1196360335374465
LamaHCE__103,-0.007417191310735594,0.021794963509170873
LamaHCE__104,0.10486771419507157,0.13085927886996174
LamaHCE__11,-0.008029954205038825,-0.04860899865357671
LamaHCE__115,0.013538586879618952,0.058362685943024406
LamaHCE__116,0.08117454976789606,-0.14342547604357458
LamaHCE__119,-0.055971991366628115,-0.105616474030233
LamaHCE__120,-0.0315254100876452,-0.05852763788081666
LamaHCE__122,0.06300257987301416,-0.014402782283335469
LamaHCE__128,0.014587452228027153,0.05729893064179292
LamaHCE__129,0.005724115365821181,0.042024325665544815
LamaHCE__131,-0.016461560200112246,0.09621338607989405
LamaHCE__145,-0.07888314836651311,-0.07296806240990061
LamaHCE__147,0.16095063480341942,0.03626881675691307
LamaHCE__15,-0.012844146013471724,0.03255057041511655
LamaHCE__151,-0.002378075181616812,0.021584787093793856
LamaHCE__154,-0.0031635325765870803,-0.04067030037642838
LamaHCE__161,0.0052045454195464025,-0.1495029591293536
LamaHCE__162,-0.07453712047774397,0.16093488121817967
LamaHCE__170,0.023288225210188807,-0.06423758470274898
LamaHCE__172,-0.15557912708612742,-0.17463368993949557
LamaHCE__179,-0.016811850917815674,0.06029597547201182
LamaHCE__185,0.040138729690559316,0.15770574114070457
LamaHCE__188,0.03951390820058509,0.016999585156215025
LamaHCE__190,-0.04844947281062495,0.08226293693110875
LamaHCE__20,-0.1243888985897279,0.021510345269351694
LamaHCE__200,-0.10754700631218728,0.003230920930847314
LamaHCE__203,-0.21528167114318764,-0.0774799503897437
LamaHCE__213,-0.08384417219016305,0.03637887667043327
LamaHCE__218,-0.02247574874442182,0.11234727676763367
LamaHCE__223,-0.13729785499269287,-0.12039502099702726
LamaHCE__224,-0.06550974836192114,0.05105812891677064
LamaHCE__225,-0.007969329276149129,-0.04944886641755519
LamaHCE__227,-0.012411287995684805,-0.09402098246820778
LamaHCE__23,0.01579392729255491,0.07111569910498317
LamaHCE__235,-0.05267865731671095,0.0703116935458119
LamaHCE__236,0.054877416029365245,-0.030467664209417822
LamaHCE__250,-0.037079707033182974,-0.08577398507364631
LamaHCE__255,-0.026047472165177776,0.1203174720447957
LamaHCE__259,0.04363672295411847,0.09287819948131415
LamaHCE__260,-0.023360014677920926,-0.06984559568655757
LamaHCE__263,0.016885299591690828,-0.026950254162139364
LamaHCE__265,0.05092967709152285,0.07627534243551792
LamaHCE__276,-0.12810331498928773,-0.07606468532484345
LamaHCE__282,0.14701908364831007,0.03596343088975984
LamaHCE__291,0.05412107786090453,0.10765089103517533
LamaHCE__292,0.03660524872214771,0.13041015266625988
LamaHCE__293,0.0771080978174511,0.04835886212642615
LamaHCE__299,0.1091677578195176,-0.12105364127055629
LamaHCE__306,0.119738748083277,-0.014934810767856632
LamaHCE__326,-0.5341745909947079,0.041716752604448626
LamaHCE__327,-1.2212775894051948,-0.14343512527231972
LamaHCE__328,0.0022751437870306424,0.2478731473968172
LamaHCE__34,0.13665854609712447,-0.02956717180271673
LamaHCE__342,-0.023272895668874027,0.07305797454116347
LamaHCE__350,-0.1229888322969687,-0.1254612047267406
LamaHCE__356,0.10369865998735717,0.14097527667047927
LamaHCE__368,0.03150699708187288,0.03194665904563965
LamaHCE__378,0.12389981331000433,0.08241106184048719
LamaHCE__38,-0.12258951560833764,0.04073689900789268
LamaHCE__386,0.1249257843314252,0.05733156976877962
LamaHCE__39,-0.047968896640225966,0.03201322585077848
LamaHCE__395,0.01329929013717257,0.2602246457087052
LamaHCE__396,0.25958069928014416,0.08131842328540007
LamaHCE__398,0.0704776096419385,-0.22982980803181313
LamaHCE__401,0.03420891951405547,0.1500677973362522
LamaHCE__404,0.38133623916866904,0.05051678668274073
LamaHCE__407,0.2435071625211253,-0.045455853902462984
LamaHCE__41,0.04677302820602258,-0.12510698302443246
LamaHCE__410,0.018522333964247684,0.04089328422771921
LamaHCE__415,-0.2760872502785353,-0.03963874517602542
LamaHCE__429,0.099107359255095,0.1859297005227707
LamaHCE__432,0.23111246546080771,0.010901945244899569
LamaHCE__434,0.17938481465858164,0.19056235075116223
LamaHCE__437,-0.0023511233225050887,0.009621039298636336
LamaHCE__439,0.10301355863101119,-0.018560693378302406
LamaHCE__441,-0.015545436327983442,0.028222193359854375
LamaHCE__447,0.05917145809788621,-0.013531475480773603
LamaHCE__454,0.0003836453308138088,-0.07421296737529826
LamaHCE__46,-0.14010889546212812,-0.07156460503582807
LamaHCE__460,0.1729488773664727,0.1047531398235515
LamaHCE__483,-0.021657287517544255,-0.03645181972805245
LamaHCE__484,-0.06762152474327265,-0.025326106137943283
LamaHCE__485,0.03064640094569293,-0.0436755945658317
LamaHCE__488,0.1267844325684473,0.03761222387100471
LamaHCE__49,-0.04145589751090062,-0.09000529343061381
LamaHCE__495,0.056318627424787326,0.09887789782971512
LamaHCE__497,0.0228652152422677,-0.0763818346838483
LamaHCE__499,-0.016669197413986314,0.02026641243362204
LamaHCE__50,-0.0976555724106023,-0.08529522837942627
LamaHCE__500,-0.18186243526973644,0.1656842565518426
LamaHCE__501,-0.009758371695775203,0.025523015822464856
LamaHCE__505,-0.08945952410158464,0.17335716598634754
LamaHCE__519,0.1751362347668448,0.19107656394723083
LamaHCE__523,0.20599484047822253,0.1814064876325644
LamaHCE__524,0.14458149404959675,0.2323548215621295
LamaHCE__533,0.1052856088813312,0.16271303225979417
LamaHCE__536,0.04096894632343395,0.10024514035591703
LamaHCE__539,-0.06973736151822307,0.01690146720835317
LamaHCE__542,-0.1694626435229305,-0.12341557477545517
LamaHCE__543,-0.07246852045729024,0.00899212482088041
LamaHCE__552,-0.19868005196340488,0.1124950280853636
LamaHCE__557,0.032881293475411466,-0.020742140974340906
LamaHCE__566,0.011683125787824045,0.1280373183286908
LamaHCE__572,0.21609192970153346,0.13844429320288132
LamaHCE__573,0.15789463174298873,0.25607772934883516
LamaHCE__582,0.09367645736499719,0.14627652016170312
LamaHCE__589,0.07814262997506993,0.005843997445683868
LamaHCE__594,0.005589817274745057,0.15632504758601384
LamaHCE__598,-0.117254864294569,0.10632644902239508
LamaHCE__600,0.009288188179221613,0.04096606877594122
LamaHCE__601,0.1395081429152908,0.003115549050176414
LamaHCE__604,0.06010384330617469,-0.10646117446084313
LamaHCE__605,0.11913197220833205,0.03151065110289608
LamaHCE__61,-0.02967970032780254,0.02638569902413468
LamaHCE__637,-0.08515270361725025,0.1500229100717263
LamaHCE__643,-0.016796220079568713,0.10235381081326522
LamaHCE__663,0.003587259642399032,0.12084266168111946
LamaHCE__664,0.13004963323057395,0.0875851315635614
LamaHCE__67,0.015029157524715675,0.08220745897001158
LamaHCE__670,0.04245276529493325,0.11907054406857709
LamaHCE__675,-0.14460471771595163,-0.039371719728747756
LamaHCE__68,0.010652443618253349,0.047615151058462146
LamaHCE__688,-0.010767798175693066,0.05136398577342938
LamaHCE__689,-0.068363185667496,0.008263070587448573
LamaHCE__690,-0.018083230867444122,0.11924596599070658
LamaHCE__693,0.12069293243489654,0.055377278061304214
LamaHCE__695,0.07479015720582693,-0.02929840940919437
LamaHCE__70,0.16328081541367678,0.0965823639291864
LamaHCE__701,0.16574542260902758,0.04069421561141828
LamaHCE__704,-0.06775894784702574,-0.09193883435265437
LamaHCE__719,0.02810390660962303,-0.01548857577210938
LamaHCE__722,0.06819345755221068,-0.16968633144756412
LamaHCE__739,0.03044373416431856,0.006951544764586481
LamaHCE__741,0.056654786722279527,0.09843745377939961
LamaHCE__750,-0.08164187645952714,-0.22483925068373378
LamaHCE__752,0.02082583856572584,-0.016086032022731733
LamaHCE__761,-0.03900613011573162,-0.22430589788765498
LamaHCE__771,0.17086894749817183,-0.029361758087194878
LamaHCE__774,-0.09930163404212922,0.04033605379390598
LamaHCE__787,0.16010252167320882,0.30420390940672537
LamaHCE__789,-0.05352456867715938,-0.21905880652670162
LamaHCE__795,0.011177740222482857,0.1980733240754745
LamaHCE__797,-0.17331101729863452,-0.1692135378416858
LamaHCE__801,-0.04401235922943425,-0.1335108821580493
LamaHCE__804,0.32619590724949876,-0.044555122328372
LamaHCE__814,0.08995974175749755,0.06588522966191479
LamaHCE__816,0.017579498368166413,-0.01548742494389721
LamaHCE__82,-0.22796521759801358,-0.17401406388432028
LamaHCE__824,0.07044597748498127,-0.10216418193942345
LamaHCE__827,0.008848608622446519,-0.005762393005928956
LamaHCE__828,0.16703238745918092,0.17535066000297633
LamaHCE__829,0.10402958294075926,-0.04281510786573117
LamaHCE__833,-0.024282770831578038,-0.1157737828450327
LamaHCE__834,-0.044978224661819166,-0.06790674937191368
LamaHCE__836,-0.10966899281258768,-0.053216823860790796
LamaHCE__846,0.06981058656185901,0.18074951989738558
LamaHCE__852,0.3566067132492805,0.1915996705841797
LamaHCE__853,0.23592009222216048,0.12411751944067373
LamaHCE__855,0.12672519138173155,-0.19390200909809957
LamaHCE__863,-0.0993380387295047,-0.05557571317185639
LamaHCE__864,-0.05483388354600782,-0.12181112486601936
LamaHCE__87,-0.004665398345298,-0.044432077898307276
LamaHCE__879,0.3974724000928264,0.1977218253260154
LamaHCE__88,-0.04184696753146122,-0.10651485016367446
LamaHCE__880,0.1385188907343159,0.07834686513416522
LamaHCE__89,0.0018516484704850233,-0.052440485202589815
LamaHCE__94,0.07510666812424449,-0.019907475214908876
LamaHCE__97,0.09287705917954436,0.11094761074471493
LamaHIce__1,-0.09422286597381979,0.001086136842776031
LamaHIce__12,0.14768234799114244,0.001782781205634132
LamaHIce__14,-0.2997724210380244,-0.24688938884487888
LamaHIce__22,0.2023319637667138,0.08909177615478137
LamaHIce__30,-0.10069332518905028,-0.0119768171586907
LamaHIce__32,-0.43208190810585556,0.09119211436439695
LamaHIce__5,0.21811671963436308,0.07799613700396923
LamaHIce__56,-0.13423349089851694,-0.036474059390186886
LamaHIce__63,0.051480912466414175,0.1494179999328224
LamaHIce__7,0.1260879395722963,0.3043076611003371
LamaHIce__71,-0.2049538866888476,0.12636592928177748
LamaHIce__73,-0.037885081247925445,0.14622859232217178
LamaHIce__81,-0.5142864495542583,-0.29399513680067024
BOMAustralia__003303A,0.08973175323207938,0.8812297046746707
BOMAustralia__105002A,-1.0388453501149604,-0.8804589869068031
BOMAustralia__105101A,-0.7014097477190058,-0.39250274544833297
BOMAustralia__105102A,-0.03774011341613559,0.05719276131829032
BOMAustralia__105106A,-0.01788980787850547,0.09157400721839193
BOMAustralia__109001A,-0.0282503176419186,0.014442465892882839
BOMAustralia__110025A,-0.23312507165212226,-0.09812524450149063
BOMAustralia__111007A,-0.15186442608502682,-0.09552735481873009
BOMAustralia__111105A,-0.08344609254703006,-0.03227928652041523
BOMAustralia__113004A,-0.9539409629891722,-0.5880850398763472
BOMAustralia__114002B,0.011779388896989429,-0.07528165809296167
BOMAustralia__116008B,0.2409499881201026,0.44903550553549093
BOMAustralia__116010A,0.12513228324253856,0.13764468949179398
BOMAustralia__116012A,0.0009237601610713186,-0.024196080526370234
BOMAustralia__116013A,-0.2870781062738122,-0.36960546623697793
BOMAustralia__116016A,-0.5333449780137502,-0.8019592050278108
BOMAustralia__116017A,0.6269019266594713,0.48434666470007914
BOMAustralia__117003A,0.3515087503883778,0.322101491643781
BOMAustralia__118003A,0.1416300396282784,0.3403784187985025
BOMAustralia__119005A,0.3155090686580622,0.7084516604926765
BOMAustralia__120123A,-0.6954379250942162,-0.10864119872944039
BOMAustralia__120214A,-0.10701660478565911,-0.004530495587339645
BOMAustralia__120220A,-0.13469974810123692,-0.04031306286563602
BOMAustralia__120307A,0.1291407326275086,0.1879892072966872
BOMAustralia__120309A,0.16004520955449367,0.13535726675137696
BOMAustralia__122003A,5.176192274905668,1.1122724803302422
BOMAustralia__124001B,0.6535127698016989,0.5207393766074169
BOMAustralia__124003A,1.2407779756170219,1.442633062495094
BOMAustralia__126001A,0.5633216759239611,0.7588668224733147
BOMAustralia__126003A,0.0756679443101133,0.3442081871349582
BOMAustralia__130002B,0.0005969864773442968,-0.006468986513557651
BOMAustralia__130210A,0.0630992994344402,0.049282810569587
BOMAustralia__130319A,4.008893505430236,1.0121090243115605
BOMAustralia__130324A,-0.16135037498870863,0.7818781934683252
BOMAustralia__130347A,-0.32060775299396205,0.07028847635922958
BOMAustralia__130370A,0.013412880987015374,0.06281932805365575
BOMAustralia__130410A,-1.0735541016910197,-0.46237316563497455
BOMAustralia__130413A,1.0186638597502518,0.800090145899742
BOMAustralia__132001A,0.6665963270745312,1.1174321741725202
BOMAustralia__135004A,0.0811236435994877,0.17928363479846504
BOMAustralia__136011A,0.1161030549213358,0.1086724118556055
BOMAustralia__136103B,0.21488804160510455,-0.1273581389160743
BOMAustralia__136207A,-1.0224397878189642,-3.441070392042402
BOMAustralia__136208A,0.21560466639514686,0.03720375862550995
BOMAustralia__136214A,-0.38524955480511547,-0.6662276289179789
BOMAustralia__136301B,0.1367293294078417,0.023585963115991093
BOMAustralia__136315A,-0.8769673085931731,-1.3004015422760693
BOMAustralia__136318A,0.042950439504156224,-0.08835954066000667
BOMAustralia__137101A,-0.1024537324239288,0.008452034499702082
BOMAustralia__137103A,-0.010484921570367678,0.10492291809566712
BOMAustralia__138004B,-0.005391315644505568,-0.012396528580143062
BOMAustralia__138007A,0.0971410826450444,-0.046892361216372636
BOMAustralia__138102C,0.08676055440907537,0.14197278183308293
BOMAustralia__138106A,-0.3705052723505532,-0.29958560503659454
BOMAustralia__142202A,-0.24850006318503337,-0.1644577872811892
BOMAustralia__142800A,-0.005065695695195549,-0.007975086170373569
BOMAustralia__143010B,0.042136357839498095,-0.3114714370027321
BOMAustralia__143033A,0.4526289587741204,0.6463939465791061
BOMAustralia__143094A,-0.005521695371748514,-0.409268015200695
BOMAustralia__143105A,0.10686514300210137,-0.0170878673440521
BOMAustralia__143107A,-0.00527296709826508,0.10216443891328758
BOMAustralia__143115A,0.007261905295878224,-0.015046511042124067
BOMAustralia__143229A,0.003671508021287462,0.0003233143859960874
BOMAustralia__143307A,-0.0715352445861783,-0.0745423763633364
BOMAustralia__145030B,0.022399870510592335,0.10467205491776554
BOMAustralia__145102B,-0.16271067593619026,-0.0864790440908485
BOMAustralia__145196A,0.07741137108620888,0.002596768082940959
BOMAustralia__146010A,-0.14251892518454135,-0.2473439873630383
BOMAustralia__146012A,-0.01959989123571937,-0.28130349451612885
BOMAustralia__202002,-0.2979860261392355,-0.0850330319588597
BOMAustralia__203002,0.11317046279637571,0.059109181860210136
BOMAustralia__203023,-0.050451095542878716,-0.11817569570846981
BOMAustralia__203034,-0.06961947879481944,0.059026320031008606
BOMAustralia__203056,-0.056603793806222824,-0.061754156647106484
BOMAustralia__204031,-0.05974005477883332,0.08922275473126479
BOMAustralia__204037,0.06789109076271915,-0.1539348410005419
BOMAustralia__204051,-0.02912542328362122,0.04213194788851027
BOMAustralia__204055,0.08306728334669528,0.21632743444412633
BOMAustralia__204056,0.002467040206315163,-0.03874339351018241
BOMAustralia__206033,-0.017497329942381068,-0.08955429393940217
BOMAustralia__206035,0.030545580462629673,-0.122254770859827
BOMAustralia__207008,-0.17791524932531322,-0.01907541858420858
BOMAustralia__208009,0.03964271054652502,0.0636364709825713
BOMAustralia__208029,-0.10836271376074247,0.042624415151220285
BOMAustralia__208031,-0.16468842259616923,-0.2876659301105325
BOMAustralia__209006,-0.14920865694070518,0.13924270076124878
BOMAustralia__209018,-0.09695540255060031,-0.016559357798530516
BOMAustralia__210010,-0.07561358052487455,-0.09425400519669269
BOMAustralia__210018,-0.20326273186320143,-0.17561436001110708
BOMAustralia__210066,0.0689610555605944,-0.0722644977258155
BOMAustralia__210079,0.026166119612045513,0.011716996138968483
BOMAustralia__210135,0.05710957256498894,0.08686739208965788
BOMAustralia__211015,-0.11730614153893226,-0.2442750690955075
BOMAustralia__212045,-0.088941921622543,-0.08641862916082338
BOMAustralia__2122052,-0.0789175629730782,-0.1594829035573741
BOMAustralia__212231,-0.007711776926243197,-0.1254367604165938
BOMAustralia__212271,0.08010951070089012,0.09427372124508393
BOMAustralia__212272,-0.20431209984939058,-0.19634412361399745
BOMAustralia__212295,0.0099477025535866,-0.035076033962609
BOMAustralia__215004,-0.12653213698890264,-0.21877707562501192
BOMAustralia__215016,-0.20222473019941978,-0.5130462298624575
BOMAustralia__215019,-1.2438828630893786,-0.922642316477243
BOMAustralia__215239,0.1498265658999961,0.12386020690185195
BOMAustralia__218005,-0.013792090527014023,-0.12792705847473823
BOMAustralia__219003,-0.03820982736589906,-0.16790425190792663
BOMAustralia__219032,-0.050528778791646745,-0.10304278266972289
BOMAustralia__221208,-0.11964670609209033,0.043517868637732326
BOMAustralia__221211,0.11357088831145945,0.10355573155939823
BOMAustralia__221212,0.18092122297801694,0.1767742020507207
BOMAustralia__223210,0.8205255380210278,0.4196365505551827
BOMAustralia__223215,-0.3531865820348219,-0.02870866738176836
BOMAustralia__224206,0.14454039052246215,0.08808597395183992
BOMAustralia__225114,0.24873343520893493,0.101731884839104
BOMAustralia__225208B,0.08370604351424621,0.20867553815598494
BOMAustralia__225218,-0.004553121998288834,-0.026156520407136452
BOMAustralia__225223,0.049222767432061,0.045563043485739585
BOMAustralia__225224,0.1485089116985306,0.09078053103122319
BOMAustralia__225706A,0.07606738485636244,0.08469685755995249
BOMAustralia__225732A,0.040101869811317,0.32019478258958767
BOMAustralia__226033,-0.07944758181104022,-0.13615292599577772
BOMAustralia__227202,0.00033942167064415774,-0.0049155230263996375
BOMAustralia__228209B,-0.3711816834838373,-0.1753828270839251
BOMAustralia__228212A,0.11020332111383913,0.2149270030945024
BOMAustralia__228358A,-0.17253949335639812,-0.2388232445445501
BOMAustralia__228362A,-3.5712876394270823,-3.502102401607229
BOMAustralia__228363A,-0.7540243548429049,0.8275464425345527
BOMAustralia__229109A,0.06125117111235401,0.19706936952036969
BOMAustralia__229206A,-0.06553020435903878,-0.0162083894305326
BOMAustralia__229224A,-0.010896171734360638,0.023274338527355054
BOMAustralia__229263A,-0.26936194747810244,-0.1757661615368482
BOMAustralia__229290A,0.21127185213555566,0.16548989229282762
BOMAustralia__229404A,-0.17115131085501956,0.06253401721562568
BOMAustralia__229612A,0.1516986607265231,0.021456743458559302
BOMAustralia__229618A,-0.7283695942419126,-0.1716472519717006
BOMAustralia__229648A,0.06085336997476942,-0.11575543338554811
BOMAustralia__229660A,-0.06628802283400709,0.0643845495936402
BOMAustralia__229677A,0.15842127212923218,0.24649650209439367
BOMAustralia__230202,-1.4544205577853715,-0.26813852845412267
BOMAustralia__231110A,-0.05506246329811232,0.2200859752923362
BOMAustralia__231230,-0.11922284883789758,-0.12698721516018485
BOMAustralia__232209,-0.6351960808065904,-0.850706575519794
BOMAustralia__233217,-0.11894279409792219,-0.7799377742669319
BOMAustralia__233709,2.2631268365410726,1.9972926524462498
BOMAustralia__233714,0.013475843546408905,0.007937746410116908
BOMAustralia__235222,0.8220616494526057,0.18078930989530972
BOMAustralia__235267,-0.1661633037990642,-1.4606602245209377
BOMAustralia__237200,0.24768322476090765,0.08543827277854099
BOMAustralia__237209,1.8901040630418078,1.87213608253195
BOMAustralia__238212,0.0991301629939563,0.2494217532723109
BOMAustralia__401008,0.004453913614129945,-0.01801065090943821
BOMAustralia__401204,-0.15315786002115905,-0.08028275592932999
BOMAustralia__401212,0.059483931557547054,-0.19256725777726147
BOMAustralia__401215,-0.37795052145532987,-0.5354468115407192
BOMAustralia__401217,-0.15644162735016842,-0.1788985813595937
BOMAustralia__401226,-0.11726586548038853,-0.3566010741002144
BOMAustralia__401549,0.16838126969663036,0.11573720549496713
BOMAustralia__402204,-0.0966580572147116,-0.07312947857533736
BOMAustralia__402222,0.09689212905047273,-0.002234356991360209
BOMAustralia__402223,-0.2647515321813215,-0.2525830185115765
BOMAustralia__403205,-0.06617133626437344,-0.06714088129396523
BOMAustralia__403213,0.10240051274207118,0.06432380802969184
BOMAustralia__403216,-0.41979739380102365,-0.3443956621327824
BOMAustralia__403217,-0.5123044001802465,-0.772676867261997
BOMAustralia__403224,0.4970157982891093,0.47418268884866427
BOMAustralia__403244,0.04733530492599447,0.033553203687194055
BOMAustralia__404245,-0.2594369704601728,-0.06990021428578286
BOMAustralia__405215,-0.21872750525342866,-0.3918681099056498
BOMAustralia__405234,-0.01697533014577579,-0.3450202693296258
BOMAustralia__405236,-2.9142150659910437,-1.3924903661245234
BOMAustralia__405240,-0.05185068442077331,-0.1469886586091162
BOMAustralia__405257,0.02943336468998492,-0.014447913552372293
BOMAustralia__405262,-0.4432381294942779,-0.2358020023183648
BOMAustralia__405321,0.09434068061765521,-0.011096566908142202
BOMAustralia__405328,-0.1609967660266911,-0.374922909143214
BOMAustralia__405721,0.0957310637209559,-0.42865478176980415
BOMAustralia__405740,4.128268867393497,0.04405086640795375
BOMAustralia__405757,5.8712349389923615,0.06682680299880506
BOMAustralia__406208,0.20513378672131327,-0.3894904822577681
BOMAustralia__406215,-0.1776807710016427,-0.3828909032486354
BOMAustralia__407211,1.3737426286288583,1.2277817690983546
BOMAustralia__407214,-0.06464180486261017,-0.31560206151806347
BOMAustralia__407255,-0.19602436217493177,0.05081061537851461
BOMAustralia__407288,-0.23273742254854682,-0.03793427484258444
BOMAustralia__408202,0.10122415996508871,0.0490408879846671
BOMAustralia__408206,1.1263068857761254,0.12554402384143648
BOMAustralia__409036,-0.24597690921194398,-0.09024816260118906
BOMAustralia__41000260,-0.5351816210497534,-0.29963878201530564
BOMAustralia__410012,-1.5485656141280795,-0.6845521364395095
BOMAustralia__41001702,-0.13645259718688657,0.04300622506957319
BOMAustralia__410024,-0.04053728567822268,-0.013077363793099872
BOMAustralia__410043,-0.08595517967753552,-0.06246655493743414
BOMAustralia__410088,-0.1262560800424577,-0.03188674453890239
BOMAustralia__410133,17.610284141828185,2.9008963050732426
BOMAustralia__410141,-0.056645968524390966,0.04347241610778285
BOMAustralia__410148,0.7796300318259314,0.7250609274801515
BOMAustralia__410149,0.7441469686678721,0.4497505709331695
BOMAustralia__410156,0.0719986048535764,0.030721606627795772
BOMAustralia__410173,0.10730673389768991,0.1273526859967347
BOMAustralia__410182,0.1749285790102063,0.21073845767962907
BOMAustralia__410187,0.0343115202251324,-0.11231150462162348
BOMAustralia__410533,0.1157962177453794,0.14181327588948556
BOMAustralia__410731,-0.10297671813129894,-0.06573577120937624
BOMAustralia__410751,-0.20253832198672644,-0.35159142321549236
BOMAustralia__410760,-0.01069078552934366,-0.12921484883069373
BOMAustralia__410770,-0.4468151336810767,-0.2923547913134815
BOMAustralia__410774,-0.24405408311712798,0.2921541643643372
BOMAustralia__410777,-0.0395124503955494,-0.08581120017137034
BOMAustralia__412011,0.11144989180847303,0.09601566627374664
BOMAustralia__412030,-0.5045730581828836,-0.06886932215175678
BOMAustralia__412033,-0.2088539391505641,-0.06829529542613111
BOMAustralia__412046,0.33708327665508475,0.36461814959801614
BOMAustralia__412090,-0.23977475978757112,-0.11642557723592573
BOMAustralia__412175,-0.13988775702552841,-0.052754273030168
BOMAustralia__412192,-0.10891780652142219,-0.17288349888144897
BOMAustralia__415226,22.421937444577676,20.89253688964307
BOMAustralia__415246,-2.3800276783611736,-3.405850334129446
BOMAustralia__415251,0.09193824590415711,0.1733736464580382
BOMAustralia__415702,-4.027569773528319,-6.175925345741193
BOMAustralia__415711,-0.4841103952707227,-0.28298363301194357
BOMAustralia__416007,-0.2637629249734351,-0.14939355318080094
BOMAustralia__416012,-0.15671637889461137,-0.18210501676696433
BOMAustralia__416032,0.12974307634956894,0.1415272432529252
BOMAustralia__416072,0.821842071747229,0.6974578849330849
BOMAustralia__416207A,-0.3659985930435885,-0.3388085389580504
BOMAustralia__416308A,0.021007139453533552,0.016873499126955682
BOMAustralia__418014,-0.09001021641619927,-0.12411493799619339
BOMAustralia__418021,0.005658445644230958,0.08811512062861837
BOMAustralia__418026,-0.6311963283872262,-0.4248908158683067
BOMAustralia__419012,-0.030857986643002544,0.008197462791424748
BOMAustralia__419027,-0.10841580309514848,-0.05619406137837979
BOMAustralia__419075,0.04039588591329979,-0.10733105013949457
BOMAustralia__419076,0.2645771399474738,0.31514830607298583
BOMAustralia__419103,-0.28482377999289554,-0.1430795625903083
BOMAustralia__419105,0.06487032419258879,0.03272571678006639
BOMAustralia__420003,0.31902057611984047,0.016915772322557587
BOMAustralia__420022,0.36395576200919255,0.4354500105361979
BOMAustralia__421011,-0.6136039255521003,0.10059060372696979
BOMAustralia__421019,-0.0273473930532101,-0.007710094592760508
BOMAustralia__421150,-0.3672266460590723,-0.2034707043089728
BOMAustralia__422010,0.4199024281434482,0.5193787848649078
BOMAustralia__422029,-0.9678308938537576,-0.024731843646982984
BOMAustralia__422310C,-0.1277144727820162,-0.10970090481869821
BOMAustralia__422319B,0.1434528208940023,0.0161796592527666
BOMAustralia__422338A,0.0980675422469296,-0.09339312814132888
BOMAustralia__422350A,-1.0167136458516706,-0.4076013991118352
BOMAustralia__422395A,-1.3224701182948586,-0.8778274884349546
BOMAustralia__602005,0.18201560542487027,0.047092698160335095
BOMAustralia__602015,0.1418504955471763,0.4629484351428096
BOMAustralia__603003,-0.9941275289746612,-1.1869856690401162
BOMAustralia__603006,-0.39677177340194875,-0.12709404449855605
BOMAustralia__603008,15.171725830728835,7.467926274526105
BOMAustralia__603013,-0.18628081086175263,-0.11038067021898978
BOMAustralia__603020,-0.03122107091541182,-0.10275917382809213
BOMAustralia__603190,-0.914040188676537,-1.0263502291715403
BOMAustralia__605012,-0.1403884853869508,-0.14197082335094668
BOMAustralia__605013,0.3043930901769727,-0.030501311218035496
BOMAustralia__607024,0.1454840244179797,0.01671705074219701
BOMAustralia__607144,0.26863662866859683,0.4547182789584451
BOMAustralia__6090017,-0.005866589946491585,-0.006428474412680574
BOMAustralia__609003,0.23538595665654,0.3236212172698879
BOMAustralia__609023,0.13305062925132083,0.13243164274527774
BOMAustralia__609053,0.29097529252497517,-0.4307973158650652
BOMAustralia__610003,-0.047929435617041494,0.0473668993965915
BOMAustralia__610219,-0.028617435328843477,-0.5529835230309423
BOMAustralia__611007,0.1595935067334482,-0.040399884778773765
BOMAustralia__612032,0.1268534639912683,-0.12293993425793415
BOMAustralia__613007,-0.3835553912094446,-0.1573275654057063
BOMAustralia__613031,0.4114727549115714,0.5211764061685361
BOMAustralia__613036,0.11424084466601447,0.1267246647566268
BOMAustralia__614073,0.17547749006280666,-0.02111817890856238
BOMAustralia__614126,0.002415940068366429,0.007920431641960879
BOMAustralia__614224,-0.021930006388931833,0.017942706186106827
BOMAustralia__615016,20.51039483598086,31.137005734820296
BOMAustralia__616006,0.04610169693806421,-0.6849525391177225
BOMAustralia__701007,4.850837970775866,-1.7977412646593809
BOMAustralia__704002,0.9463264454515379,-1.6264543976488328
BOMAustralia__707001,0.49806258567557005,0.5665396219956558
BOMAustralia__708009,0.17174057635266402,0.0410419519790865
BOMAustralia__709004,-0.6360158822409048,0.10222058623707792
BOMAustralia__809306,-0.007653627769061304,0.022243129818423496
BOMAustralia__809317,-0.038786816042610084,0.33943483078485637
BOMAustralia__809335,0.3073435415114094,0.47373561133432934
BOMAustralia__919005A,-0.19917016010607835,-0.2686614499133432
BOMAustralia__919205A,0.0165839664862147,0.0555809698245046
BOMAustralia__919310A,-0.027014245574257023,-0.019827811595806155
BOMAustralia__919311A,0.011262872929251655,-0.04821027311617043
BOMAustralia__921002A,0.10968880014038801,0.1737341217775542
BOMAustralia__922001A,-0.22114033586080373,0.01668448206473616
BOMAustralia__925001A,0.07149553585639101,0.13579003612582685
BOMAustralia__A2390515,0.22092891622619748,-0.07878797213640071
BOMAustralia__A4260500,-0.3277184662391728,-0.30205592301942485
BOMAustralia__A4260502,-0.4635861819649868,0.1231609814902552
BOMAustralia__A4260504,0.11893424293608218,0.21468713182655563
BOMAustralia__A4260533,0.39115668266331627,0.41390382077165255
BOMAustralia__A4261020,0.2838534017902348,0.3774510276759071
BOMAustralia__A4261174,-4.529111393834015,-9.377819683788285
BOMAustralia__A4261208,-0.1750357618330666,0.1055181404634839
BOMAustralia__A5010500,0.04481872239711779,0.06479160290187977
BOMAustralia__A5030502,-0.18027775178464417,-0.19004970260660198
BOMAustralia__A5030503,0.22017674757556127,-0.306406728573193
BOMAustralia__A5040521,0.32787223178877123,-0.7511520699319612
BOMAustralia__A5050504,0.8920374572515624,0.9090346296556168
BOMAustralia__A5050540,-5.109303422383645,-3.541689772517468
BOMAustralia__A5051010.1,0.007935513011056328,0.00223163179678193
BOMAustralia__A5060500,0.7271363774637538,1.5056466600240712
BOMAustralia__A5090502,-5.349257134274797,-0.5974108637425486
BOMAustralia__A5090503,5.190201275322812,-4.009756259230114
BOMAustralia__G0010005,-0.4912392501347245,-0.20309090792513473
BOMAustralia__G0060017,-0.1590274717116155,0.17828814169477877
BOMAustralia__G0290228,-2.9653866712440315,-0.0936604930201346
BOMAustralia__G8110004,0.4623641557374583,0.3591493946163385
BOMAustralia__G8110012,-0.028291051471309503,-0.08539926965235001
BOMAustralia__G8140011,-0.4231285624700597,-0.04421908932975599
BOMAustralia__G8140022,-0.14801439356987722,-0.10837842538659692
BOMAustralia__G8140152,0.02808082588823546,-0.02714311725681018
BOMAustralia__G8150151,0.07367027170780771,0.0935865764596166
BOMAustralia__G8170085,-0.45451010289551796,-0.4808667021419375
BOMAustralia__G8190001,0.16523281899599152,0.19477035786059932
BOMAustralia__G8210010,-0.2660551638225111,-0.36816362241777667
BOMAustralia__G9030089,-0.04839753731420482,-0.15323828895350167
BOMAustralia__G9030124,-14.352575897120666,-17.87899751519449
CAMELSH__01017290,0.08543511754886857,0.1215557705247845
CAMELSH__01030500,0.06408817718694715,0.010711470601740936
CAMELSH__01038000,-0.012093244392773372,-0.043647177597529785
CAMELSH__01046500,0.040886589245569205,0.05484758508319798
CAMELSH__01049500,0.07145418289469907,0.05185391165504538
CAMELSH__01053500,-0.02410512150123889,-0.003012368271233301
CAMELSH__01054300,0.11984321156263522,0.09619924601087837
CAMELSH__01054500,0.0025476561903091666,-0.004811462167888969
CAMELSH__01069700,-0.08629831745935179,-0.06568795806040084
CAMELSH__01073000,0.024636598792978304,-0.06605745033465271
CAMELSH__01074520,0.05221576811115103,0.022909493998560126
CAMELSH__01081500,0.0078405052642605,-0.014814359398210297
CAMELSH__01085000,0.051210507573617114,0.04152714911028543
CAMELSH__01089500,0.056516378984423965,0.09440099411601455
CAMELSH__01091500,-0.10114996145705701,-0.06808091072731415
CAMELSH__01094000,0.029838806861924527,0.052324470567453596
CAMELSH__01094400,-0.15555957465909465,-0.08893574166409712
CAMELSH__01095220,-0.041202228995385504,-0.1843006545326924
CAMELSH__01099500,0.11725367136945741,0.12718473178520084
CAMELSH__01100505,-0.007832444203819566,-0.01446843716480406
CAMELSH__01100561,0.11783396579153249,0.09247626141077525
CAMELSH__01101500,-0.09850163122611555,0.006141072927641433
CAMELSH__01105500,0.07207170354478776,0.034238671968968015
CAMELSH__01105554,0.055664933488755675,0.06265775345297586
CAMELSH__01105870,-0.01686054949928928,-0.035692200389769946
CAMELSH__01105917,0.17277944305930082,-0.05540933047681851
CAMELSH__01105933,-0.25906027583711155,-0.16410119396154788
CAMELSH__01109060,0.10198902359502893,0.13219643695263406
CAMELSH__01109070,-0.0036897249966711954,-0.01822392086997615
CAMELSH__01112500,0.07465431696231073,0.09083495820540088
CAMELSH__01113895,0.09455367141333904,0.08222138617135888
CAMELSH__01114000,0.04858943819920558,-0.034091209349826124
CAMELSH__01115098,-0.04398176399483078,0.0333986905945004
CAMELSH__01115670,0.06194704413362173,0.11349883792034432
CAMELSH__01117350,0.03929685487787615,0.02336897755857592
CAMELSH__01117468,-0.030136341965596447,-0.09261300814809115
CAMELSH__01119500,0.03938201778677608,-0.06825652232855406
CAMELSH__01122000,-0.04656528313145181,0.0031572708401261806
CAMELSH__01134500,-0.08985588489100982,-0.1646932629893969
CAMELSH__01135500,-0.07498956645817745,-0.02614911502004602
CAMELSH__01141800,0.06471845548310007,0.07696728420226218
CAMELSH__01155500,0.006748410259788895,0.02382965471466647
CAMELSH__01162000,0.07358985135346607,0.07084488882107043
CAMELSH__01168151,-0.07479476552871933,-0.03998260139031884
CAMELSH__01170000,-0.049083467268784764,-0.053380892653553724
CAMELSH__01173500,0.07832293750882446,0.05767201010298617
CAMELSH__01184490,-0.02858671814376712,0.010944318601976866
CAMELSH__01185500,0.11899821603785554,0.13359761527597958
CAMELSH__01186500,0.06640071794331259,0.12878816555694772
CAMELSH__01187300,-0.010713339615246897,0.037404149596693026
CAMELSH__01189000,-0.07250867961665386,-0.023553099453499926
CAMELSH__01208873,-0.1095461869266246,0.08983535700748668
CAMELSH__01209761,0.18409746750238598,0.20232733976570005
CAMELSH__01209901,0.07517805355593254,0.03024105086105644
CAMELSH__01330500,-0.1149790646690163,-0.031470586142845924
CAMELSH__01331500,-0.07727280773406975,-0.024014463359202542
CAMELSH__01336000,0.031052581675910518,0.0053034908542310966
CAMELSH__01348000,-0.08022481374460555,-0.06759414653163309
CAMELSH__01349711,0.0192214030565927,0.027118012790394275
CAMELSH__01349840,-0.033889088892439245,0.019933780114304245
CAMELSH__01359750,0.04908624170896847,0.07918718783033041
CAMELSH__01362500,0.008141519958005161,-0.021689540662750084
CAMELSH__01367500,0.21656640318160825,0.21025841758745045
CAMELSH__01371500,0.025119704551934574,0.050614235208139347
CAMELSH__0137449480,-0.20612976333346167,-0.145846904124731
CAMELSH__01374559,0.0069948977456719685,0.010900619961547675
CAMELSH__01374598,-0.09090122687381341,-0.09929013166911926
CAMELSH__01374654,-0.011176337750631316,-0.11577705429569574
CAMELSH__01374890,0.0182250042994877,0.1613852952223812
CAMELSH__01377370,-0.011094819296523173,0.054401017855346845
CAMELSH__01379780,0.13940376537548893,0.09139608489242945
CAMELSH__01381000,0.09245052395981135,0.09361461464822707
CAMELSH__01387400,-0.050716888087875445,0.053462658415584174
CAMELSH__01399500,0.009756025815279679,-0.06507236226191615
CAMELSH__01414500,0.01829588118702752,0.013107144161141782
CAMELSH__01417500,-0.071607118504738,-0.2860106668607749
CAMELSH__01421610,-0.1734924684435305,-0.0004518342725844393
CAMELSH__01421618,-0.011308346198372954,-0.04085148991172194
CAMELSH__01422389,-0.11870928391237995,0.14597184844563182
CAMELSH__01426500,0.007764410569059077,-0.014039412351042335
CAMELSH__01427207,-0.17903576567000234,0.026493541631676276
CAMELSH__01428500,-0.09613878546862564,-0.012595385522575553
CAMELSH__01429500,0.04001991559936102,0.04163444754597556
CAMELSH__01431500,0.07402025503422527,0.16220468358086804
CAMELSH__01434025,-0.022350333535160805,-0.003013451132884537
CAMELSH__01435000,0.005659220240220253,0.06504478421375981
CAMELSH__01436690,0.1354151865185539,0.0811949808694995
CAMELSH__01437500,0.04505395928406275,0.06643262195396482
CAMELSH__01438500,-0.21474984650783369,-0.029228467189059026
CAMELSH__01439500,0.03601610460282012,-0.03861373198697793
CAMELSH__01443500,-0.05256409892237335,-0.08991751859159569
CAMELSH__01446000,0.06984868290213464,-0.01746016876689771
CAMELSH__01451800,0.17682350338504715,0.06430125119021324
CAMELSH__01461300,-0.08380466652709051,-0.1641950137316049
CAMELSH__01466500,-0.09569308325710293,-0.12726043987130783
CAMELSH__01467471,0.17215122070913147,0.10059263046067046
CAMELSH__01470500,-0.08188336163358667,-0.09013116908851015
CAMELSH__01472198,0.01669976774656634,0.06099952978720513
CAMELSH__01472199,-0.16140519692261535,-0.15598475737012452
CAMELSH__01473500,0.007627470225219257,0.019072260285319165
CAMELSH__01476480,0.02361897704437521,0.0983889129048362
CAMELSH__01478000,0.1328719850544513,0.1214623285158205
CAMELSH__01480015,-0.04764370308839072,-0.020430773657976298
CAMELSH__01480300,0.027645111588398386,0.09312060173808906
CAMELSH__01480617,0.018199475295340384,-0.12017099390134056
CAMELSH__01480700,-0.018051910147758754,-0.2012315697887742
CAMELSH__01481000,-0.11175882268993331,-0.02488554876328286
CAMELSH__01483155,-0.08467715743407811,-0.09824557436740067
CAMELSH__01484085,0.02065373068948584,0.021307153480113028
CAMELSH__01484100,-0.42045640631750375,-0.32333448751032157
CAMELSH__01487000,-0.2018149454271433,-0.18775168033087297
CAMELSH__01490000,-0.38196394267842165,-0.273440762590631
CAMELSH__01491000,-0.2612752478247875,-0.20515203880393873
CAMELSH__01502000,-0.003957905022600849,0.008921643356938125
CAMELSH__01502500,0.03946802338946753,0.08874374008239339
CAMELSH__01503000,-0.03979220939722472,0.00975212385644375
CAMELSH__01505000,0.042189847426119864,-0.0695907735243595
CAMELSH__01518862,-0.06853993616357923,-0.027410669813392685
CAMELSH__01520000,0.04378572433642003,0.04491904250732215
CAMELSH__01520500,0.02535111512926591,0.014775300801919689
CAMELSH__01523500,0.08519419389098493,0.09326097082816331
CAMELSH__01524500,0.07235610738072773,0.11228193144913434
CAMELSH__01534000,0.03556309783759515,0.028415533345782285
CAMELSH__01534300,-0.04826592629472548,-0.16597033563971236
CAMELSH__01537000,0.3205757586943393,0.1958049716578426
CAMELSH__01538000,0.009592192196211435,-0.07089662242014638
CAMELSH__01539000,-0.07838210665603185,-0.048122786490644054
CAMELSH__01542810,0.09273818017687674,0.06137962469769054
CAMELSH__01545500,0.03652246266657366,-0.035989289006111536
CAMELSH__01547950,-0.17008728106972015,-0.25751064987599415
CAMELSH__01552500,-0.025265414748026904,0.025466120388427493
CAMELSH__01553700,-0.010240404825919702,-0.12422246326103403
CAMELSH__01555000,-0.015408106458910775,-0.0252249748446558
CAMELSH__01555500,-0.03015710886332068,-0.02229034548600084
CAMELSH__01560000,0.010472247299983972,0.014397335988618476
CAMELSH__01564500,-0.032565267564372724,-0.02192940478904304
CAMELSH__01565000,0.023889737547556966,0.01585425373868521
CAMELSH__01580000,0.012244320697484934,-0.037151493101698574
CAMELSH__01581752,-0.059581780697454595,-0.056215518145490195
CAMELSH__01581870,-0.07701566800084492,-0.12246199307713382
CAMELSH__01581920,-0.2530395408476786,-0.3144131522385009
CAMELSH__01582000,-0.032706986504629054,-0.12061577439922438
CAMELSH__01585500,-0.021346792150245486,-0.007178738939068285
CAMELSH__01589300,0.10115401602136187,0.07518707820386505
CAMELSH__01589312,-0.0881758917713349,-0.0765679858654402
CAMELSH__01591400,0.25737599741373507,0.20142241452320359
CAMELSH__01594526,-0.2779305638882806,-0.2997460738994512
CAMELSH__01595800,-0.05855289156400911,-0.05693025257070894
CAMELSH__01609000,0.20777155400634972,0.17249801741920168
CAMELSH__01611500,0.2727472336686903,0.24256268044692314
CAMELSH__01613050,-0.0359114584810194,-0.08410405643353602
CAMELSH__01614500,-0.15414141509886548,-0.12161895584394267
CAMELSH__01616000,0.1031940549031789,0.1050759878842083
CAMELSH__01616500,-0.04629644741000005,0.00577543871355235
CAMELSH__01617800,0.015024999358816515,0.098142355206424
CAMELSH__01629500,0.015641402268192883,0.05980509885539054
CAMELSH__01632900,-0.3837890840058906,-0.39392884450085064
CAMELSH__01634000,-0.11930206681835082,-0.1775409743530535
CAMELSH__01636690,0.03620511246235447,0.09897689707591861
CAMELSH__01638350,-0.1571571371736925,-0.06159028523515386
CAMELSH__01641000,0.21710134305101958,-0.17733159812463292
CAMELSH__01644000,-0.053289114219667866,-0.046029215203207574
CAMELSH__01644280,0.06660566554596237,-0.07127929839506586
CAMELSH__01644600,0.07350921845723446,0.015174063491485312
CAMELSH__01646000,-0.029019601578331944,0.0480090083250273
CAMELSH__01656903,0.019397062110808216,0.1271946061842143
CAMELSH__01661500,0.11504880560580388,0.12659490891727998
CAMELSH__01671100,-0.12552043082598796,-0.09082543554604416
CAMELSH__01673000,-0.003033725813493149,0.032195066018858354
CAMELSH__01673800,-0.04822674773186275,-0.10252573435479112
CAMELSH__01674500,0.07310906741474077,0.07699691909658168
CAMELSH__02015700,0.16959237671003735,0.15973606778689609
CAMELSH__02019500,0.0202543959345185,0.021102138587635988
CAMELSH__02028500,-0.14285572417669723,-0.02504835457445065
CAMELSH__02030000,-0.015027292566642925,0.005615017589440829
CAMELSH__02038000,0.05457356190774054,-0.24029613942134653
CAMELSH__02041650,0.16367388381415326,0.17400448629876675
CAMELSH__0204382800,-0.0912676701575238,-0.09147744957042125
CAMELSH__02046000,0.17861245555687588,0.23438605651448274
CAMELSH__02047000,0.16009956417758364,0.1661615175459341
CAMELSH__02047500,-0.05551901579685692,0.02003259315461625
CAMELSH__02051000,-0.003110642114943607,-0.04610932670396278
CAMELSH__02053200,0.09343981746459473,0.10613610548392871
CAMELSH__02058400,0.08757610198600707,0.07887780530429211
CAMELSH__02061000,0.16693544638722635,0.18895110052125919
CAMELSH__02061500,0.10355952488271436,-0.023922960146668393
CAMELSH__02070500,0.08647764573920591,0.11562347048540433
CAMELSH__02071530,-0.06638635266111081,-0.011727247293013665
CAMELSH__02079640,0.2458272665749507,0.25447575242077203
CAMELSH__02082950,0.044423639304683404,0.029706078469030284
CAMELSH__02092000,0.11436209319410895,0.1342556493010686
CAMELSH__02104220,-0.03671299714113352,-0.13114282013909306
CAMELSH__02142000,0.14960534315361207,0.05622446161718497
CAMELSH__02147500,-0.030947089811898254,0.1455184110851816
CAMELSH__02149000,-0.1303773994675973,-0.1296857530760669
CAMELSH__02152100,-0.053285815881749965,-0.14731663817209184
CAMELSH__02171680,0.0872125587294299,-0.0445246724945737
CAMELSH__02177000,-0.0019475032289621996,-0.005729660564871675
CAMELSH__02196835,-0.08470662333043744,0.034375636908470175
CAMELSH__02197300,-0.43624220059447394,0.7273969143072543
CAMELSH__02201230,-0.07969267843028494,-0.15890549592038772
CAMELSH__02203655,-0.05936440922069686,-0.025474185654014936
CAMELSH__02206500,-0.0513808246540679,-0.05019945345764987
CAMELSH__02207185,-0.009709279372645652,-0.06399302294941278
CAMELSH__02207335,0.0055175402092939585,-0.024133608382280736
CAMELSH__02207448,-0.15601374744047747,-0.1670476776739836
CAMELSH__02208130,-0.208556415512816,-0.24817732746242022
CAMELSH__02215000,-0.17173390722093218,-0.17877871139059065
CAMELSH__02231600,-0.07039139573145003,-0.14567859018964557
CAMELSH__02232000,-0.04546340928957737,-0.030609329141007557
CAMELSH__02232155,0.024170775676973733,0.04777583669241431
CAMELSH__02251000,-0.0772777122849424,-0.04633045490320653
CAMELSH__02266200,-0.1934039869404301,-0.1365960175317663
CAMELSH__02277600,-0.2457691289656629,-0.17172421868557577
CAMELSH__02291500,1.1192254830935187,1.4116512103809093
CAMELSH__02294217,0.0344442479764927,0.025734316781039657
CAMELSH__02294290,-0.15991387217232544,-0.2585976541043447
CAMELSH__02296500,-0.16165635596701855,-0.04374822445163706
CAMELSH__02297155,0.203601621565486,0.24328288406040477
CAMELSH__02297310,0.23865830654655007,0.26039951335476463
CAMELSH__02298530,0.013576861788042807,0.013883780898978904
CAMELSH__02300700,-0.04217660661990885,-0.02208476949839755
CAMELSH__02306500,-0.10277763415964486,-0.10445822227240437
CAMELSH__02307668,0.02622268232572672,-0.0026794557877845016
CAMELSH__02307671,0.10448760353283326,0.13367617254651343
CAMELSH__02313700,0.0524617552841805,0.0219928222994001
CAMELSH__02322700,-2.9157177530598606,-0.7070817578428745
CAMELSH__02324500,-0.06472167329413103,-0.01869707937503462
CAMELSH__02325000,-0.14281906530030253,-0.017495492669632795
CAMELSH__02338523,0.05084392532402093,0.09001084618784583
CAMELSH__02339495,0.054796378362129694,0.047899574553776136
CAMELSH__02341725,0.03812887005356169,0.013487440094381853
CAMELSH__02343225,-0.08661769882863446,-0.10165667116561972
CAMELSH__02343940,-0.1536535884468394,-0.12367171969204027
CAMELSH__02350600,-0.10741521394833575,-0.13031108476418296
CAMELSH__02350900,-0.13283835663836696,-0.0912192992140729
CAMELSH__02362240,-0.05045199637214137,0.05328680324239099
CAMELSH__02363000,-0.03748938529307888,-0.02739435924307909
CAMELSH__02364500,0.0729476904037456,0.02237407244772005
CAMELSH__02366996,0.25608441095779505,0.28603683768600335
CAMELSH__02371500,0.00019843402402963672,0.013955437408788907
CAMELSH__02384540,0.016544739387994722,-0.04826012382475464
CAMELSH__02388320,0.07491166499577862,0.042485826429616846
CAMELSH__02391540,-0.07684059972103763,-0.04963980764479203
CAMELSH__02418760,0.0904350291184235,0.03544562685976882
CAMELSH__02422500,-0.12450109344456073,-0.0357627099848985
CAMELSH__02423130,-0.05998136653437036,-0.058665853842732374
CAMELSH__02423425,0.10072019166452129,0.06766277413740684
CAMELSH__02423500,-0.025391426951784868,0.005336422143780384
CAMELSH__02423555,-0.109579643623952,-0.049612388170887756
CAMELSH__02438000,-0.18980669871218603,-0.13436833761802935
CAMELSH__02449882,-0.1966230074997778,-0.19830013524404788
CAMELSH__02455185,0.33882627764590306,0.341178320662825
CAMELSH__02455980,-0.15240939119527097,-0.12801813544608365
CAMELSH__02462000,0.030596861989046098,0.05823950367609465
CAMELSH__02464146,-0.08078143386598069,-0.06840137176983785
CAMELSH__02467500,-0.16947316144066793,-0.09065212057840721
CAMELSH__02471078,0.03269979055483385,0.05390821449362626
CAMELSH__02472000,-0.07583403305214909,-0.0044020430778978215
CAMELSH__02481000,-0.18645991469085688,-0.13460045097248752
CAMELSH__02481510,-0.12076363449153393,-0.07970307671145926
CAMELSH__03010655,0.11392720775612186,0.08997927101799996
CAMELSH__03015000,-0.01920215778934664,-0.05205928772835755
CAMELSH__03023100,-0.02389875820044962,-0.04196040181160554
CAMELSH__03034000,0.07571784595295394,0.02528023957460812
CAMELSH__03040000,0.07459134993759287,0.1118518359831785
CAMELSH__03041029,0.012644005594938612,0.051297541748275055
CAMELSH__03041500,-0.024669011564467547,0.04114447220712525
CAMELSH__03045000,0.07210282602519857,0.0819844516963466
CAMELSH__03048500,0.00034583428163526,0.03386209434688525
CAMELSH__03050500,0.04132471614900379,0.07444079011699645
CAMELSH__03054500,0.0552658031192923,0.036306536942981804
CAMELSH__03057000,-0.017946205369002377,0.045669327474333166
CAMELSH__03058500,-0.025599105502417396,-0.12910267698362043
CAMELSH__03062400,0.016444227875046624,-0.06966299055736058
CAMELSH__03075500,-0.008861306089609333,-0.021922337496798172
CAMELSH__03078000,-0.025146365740592258,-0.08204168176695381
CAMELSH__03082500,0.050760951985428404,0.05967168207481954
CAMELSH__03083500,0.012740368456881757,0.025796338985461187
CAMELSH__03084000,0.013684602741020013,-0.1368252373144807
CAMELSH__03085049,-0.3392975541009373,-0.7603634621191737
CAMELSH__03098600,-0.04365373465871969,-0.005868069428818012
CAMELSH__03110000,0.003967541284125575,0.03176517776932464
CAMELSH__03111500,-0.15660635646935428,-0.07644832104672428
CAMELSH__03112000,0.03574044470497373,0.003862468229543059
CAMELSH__03116077,0.2027043272514445,0.19763649114349868
CAMELSH__03126000,0.025212052051936884,0.03888835199532997
CAMELSH__03127000,-0.03358849688094945,-0.02678048832913338
CAMELSH__03128500,0.07852834174793719,0.11546466829220248
CAMELSH__03131500,0.31304582299572326,0.2281347029153986
CAMELSH__03141500,-0.1023172442950922,-0.12799035256155178
CAMELSH__03145000,0.04150911645479116,0.012286735394063664
CAMELSH__03149500,-0.0009660740848120852,0.06014472465278009
CAMELSH__03151400,0.006853942988741424,0.0121558497235974
CAMELSH__03154000,0.11501477302013441,0.09764130259561965
CAMELSH__03157500,0.15293720386305198,0.08600891729322502
CAMELSH__03161000,0.08421421814519126,0.04072742867539669
CAMELSH__03164000,-0.06388551975495915,-0.06535455229815146
CAMELSH__03165000,0.011889536740493423,-0.0006438037793210505
CAMELSH__03168000,-0.03924549093578611,-0.05446759010955593
CAMELSH__03173000,0.03103385648223278,-0.022350018240302916
CAMELSH__03186500,0.05654062294418061,0.051331746385037125
CAMELSH__03189600,0.009567875992019914,0.007796054165671529
CAMELSH__03190000,-0.03140511601525342,-0.06523644002189743
CAMELSH__03196600,-0.09221027568666207,-0.10393134098457502
CAMELSH__03197000,-0.07921675050137778,-0.08588148822140462
CAMELSH__03200500,0.005470936103521007,-0.05246482117590057
CAMELSH__03201000,0.05328906699010105,0.14988255482589852
CAMELSH__03202000,-0.056150860562501514,-0.0898817041816119
CAMELSH__03202750,0.019494517792518096,0.06226669282310715
CAMELSH__03203600,0.011714487213138058,-0.017278008054910865
CAMELSH__03213700,-0.05077339195550978,-0.021353610993186556
CAMELSH__03221000,-0.028331206519807695,-0.018165418063771588
CAMELSH__03226800,0.013553806232797116,0.004828293028850905
CAMELSH__03229000,-0.1293391541189064,-0.052843690915775066
CAMELSH__03232000,0.017950686749127254,-0.030771297044777324
CAMELSH__03237500,0.058890404248836625,0.1361367450413169
CAMELSH__03244936,-0.0017958380306705157,-0.01743675621356111
CAMELSH__03245500,0.019621019208507118,0.021785094297421148
CAMELSH__03247050,0.0587023812276925,0.066430349066817
CAMELSH__03250500,-0.0067188231631455375,-0.01095743410687433
CAMELSH__03262000,0.05658656784362637,0.09243961151651692
CAMELSH__03264000,-0.02354423395843097,-0.008782713227992733
CAMELSH__03270000,-0.021692109609408594,-0.035769628923169816
CAMELSH__03272000,-0.01856145439554613,-0.014543146564876541
CAMELSH__03275600,0.06141630957353217,0.044575831405037514
CAMELSH__03277500,-0.0634888608546591,-0.09606383834977905
CAMELSH__03282040,0.022807100672383895,0.029131079623404
CAMELSH__03282060,-0.09224614457194269,0.027495961742448838
CAMELSH__03282120,-0.08111754119795045,0.01704174043593376
CAMELSH__03282290,-0.06944951236433727,0.016178806362404874
CAMELSH__03297800,-0.0997872532724427,0.16986231336843066
CAMELSH__03300400,-0.03504055488909119,-0.007688132491556199
CAMELSH__03324000,-0.018260802362309092,-0.07896473626052791
CAMELSH__03324200,0.1627850998215542,0.18896468229510355
CAMELSH__03325000,0.13387389661452742,0.05947482943938476
CAMELSH__03326070,-0.23270909218711383,-0.20585548073650395
CAMELSH__03328430,-0.01805777742809722,-0.10817213625962296
CAMELSH__03330241,-0.068538429984916,-0.03976769041103745
CAMELSH__03331753,0.054226684292817406,0.017441606742156446
CAMELSH__03334500,-0.01407318567966409,-0.04374371388502063
CAMELSH__03336645,0.05797647500111225,0.07210133815208164
CAMELSH__03338780,0.07936146965786883,0.05915530566319194
CAMELSH__03340800,-0.10692244130335993,-0.09591047038515355
CAMELSH__03345500,0.025299730247174912,0.05695952955368855
CAMELSH__03348130,0.0658032461221969,0.08490688291307757
CAMELSH__03349000,0.06336232823512844,0.06307619175805035
CAMELSH__03349210,-0.13579600195509578,-0.09701696890629408
CAMELSH__03350500,-0.11227542909620236,-0.10373347829449464
CAMELSH__03350700,-0.013673931286628527,-0.00989347222491388
CAMELSH__03353180,-0.23750524154851266,-0.22971053647959006
CAMELSH__03358000,0.10258948532248402,0.09591368574875003
CAMELSH__03361000,0.08624191243994894,0.07835681827768148
CAMELSH__03361500,0.04076939182195127,0.04050888375464612
CAMELSH__03362000,0.14232871647884737,0.18247450808212573
CAMELSH__03363000,0.004930986345633159,0.013627879815253596
CAMELSH__03364200,-0.03130389764307129,-0.010394819549637613
CAMELSH__03364500,0.02491959697969226,0.07911696487032682
CAMELSH__03371520,-0.014217672834290429,0.022160359660666984
CAMELSH__03374455,-0.0012839153423864769,-0.017447474181938386
CAMELSH__03384450,0.10423746589004979,0.1687125871459847
CAMELSH__03403910,0.0086619638311618,0.04490894909687171
CAMELSH__03409500,0.17908061023401356,0.15449736308524298
CAMELSH__03413200,0.24529363115182362,0.19612954569592028
CAMELSH__03447894,-0.05704311830921016,-0.11796767580404516
CAMELSH__03471500,-0.12615904032998415,-0.22582296127756984
CAMELSH__03474000,-0.23851416789035695,-0.2860134044653866
CAMELSH__03478400,-0.20666483566803973,-0.10484354388006134
CAMELSH__03485500,-0.2703863148206683,-0.16489065163328154
CAMELSH__03486000,0.1374888549301458,0.12440054276752405
CAMELSH__03500240,0.1992356573444084,0.2008948578188735
CAMELSH__03503000,0.005214595512100018,-0.04765003424990111
CAMELSH__03505550,0.00939442794060752,0.013342981420208622
CAMELSH__03526000,-0.09656655786798457,-0.3461637907257655
CAMELSH__03531500,-0.08389900828840124,-0.08544199265651187
CAMELSH__03532000,-0.2141151667675576,-0.2699627373732385
CAMELSH__03535000,-0.05256999362534842,-0.07354046447817553
CAMELSH__03576250,-0.024022759591768694,-0.08170614474645321
CAMELSH__03578500,-0.07632121331104846,0.05319735034666029
CAMELSH__03582000,-0.11060024236890087,-0.09508504434313736
CAMELSH__03588500,-0.11109718342216313,-0.12089098683377986
CAMELSH__03601990,-0.009509093500279286,-0.02333311262298865
CAMELSH__03602500,0.061633823029478174,0.0005254471953223261
CAMELSH__04027500,-0.05765592958359378,-0.09827381647346267
CAMELSH__04031000,-0.11593379383780655,-0.1204209021550714
CAMELSH__04034500,0.2924656701485048,0.28885413429144136
CAMELSH__04043244,-0.10825316286980724,0.060950149861253244
CAMELSH__04046000,-0.17871703312208376,-0.09922187509168034
CAMELSH__04060993,0.2657280926711373,0.27724944051380584
CAMELSH__04062000,0.0810457771390633,0.06860343151514353
CAMELSH__04063000,0.09291818361453164,0.04856096201406335
CAMELSH__04063700,-0.0674754125187349,-0.027976552222889972
CAMELSH__04066800,0.011412620811554475,-0.31673056716873194
CAMELSH__04067958,0.13905973466784705,0.13662990502562522
CAMELSH__04069500,-0.004137005567930951,0.006432199807658079
CAMELSH__04072150,0.08613160040922396,0.13068470803697463
CAMELSH__04073473,0.04242225760840612,-0.022605344467492294
CAMELSH__04081000,-1.0966029971017097,-0.5015417440760324
CAMELSH__04085281,-0.20424285761969901,-0.0711595771114627
CAMELSH__04086500,0.006706244255322069,0.004876866816947989
CAMELSH__04086600,-0.06206691419210153,-0.01787028455874362
CAMELSH__04087000,0.021524142632941112,0.019975873214512996
CAMELSH__04087030,-0.033330587923775856,-0.00038090458688433415
CAMELSH__04087159,-0.11700578415943419,-0.1175754849586571
CAMELSH__04087214,0.18079773520551923,0.15410526687435477
CAMELSH__04087220,0.15305205789816512,0.10125603808024486
CAMELSH__04096405,-0.041435250672728796,-0.039924831499678626
CAMELSH__04097500,-0.0020716778695649696,-0.03819750392563048
CAMELSH__04099510,-0.05971075715210972,-0.030170515937198217
CAMELSH__04099750,0.0009792006316309276,-0.0036094132788102584
CAMELSH__04099808,0.06794920758449152,0.108326537686122
CAMELSH__04099850,-0.02904861876168896,-0.029068343966957455
CAMELSH__04100295,-0.14878705537665315,-0.16122930894012955
CAMELSH__04108670,0.07551116495097032,0.09871308215420971
CAMELSH__04109000,0.0741729474805417,0.10809187787771712
CAMELSH__04111379,0.10757757264393097,0.09148555270445224
CAMELSH__04114000,0.12775845025716281,0.11844468215386306
CAMELSH__04114498,-0.2578945211714059,-0.2286017693835658
CAMELSH__04114500,-0.04137106659136869,-0.027116099882744216
CAMELSH__04116000,0.02660439332993858,0.030584206901142053
CAMELSH__04122000,0.12432847668729208,0.094361477466961
CAMELSH__04126000,-0.16781174414393651,-0.18943432785764025
CAMELSH__04127918,0.010911664591434667,-0.03461725087202239
CAMELSH__04127997,0.04751926221767511,0.011391429034533496
CAMELSH__04128000,0.10430298383117842,0.1348187885590968
CAMELSH__04135500,0.03234566468527783,-0.3962282271608445
CAMELSH__04136900,0.5290417310247069,0.42601090980044737
CAMELSH__04150500,0.056497486458730095,0.047732044176675203
CAMELSH__04150800,-0.10621691664885613,-0.04770130013876511
CAMELSH__04152500,-0.1117879593914336,-0.03623713908449522
CAMELSH__04154000,-0.3647225257757746,-0.2547980396914741
CAMELSH__04161000,-0.024368554845617063,0.003318401139153937
CAMELSH__04161800,0.1877505530837612,0.1812376386592366
CAMELSH__04163400,0.07417757463070129,0.03568276176431573
CAMELSH__04168580,-0.05836715568939299,-0.0020433679986260334
CAMELSH__04175600,0.007494173062931653,0.05773425978075242
CAMELSH__04176500,-0.09938470088687457,-0.06608601457979058
CAMELSH__04179520,0.006502241106154827,-0.00015777481314160902
CAMELSH__04180500,0.08823656469667951,0.06383137042533649
CAMELSH__04188433,0.04932751664875912,-0.11316974062104423
CAMELSH__04195500,0.013436833492371347,0.05979023403722539
CAMELSH__04196000,0.053025163746567516,0.06302390771945554
CAMELSH__04196800,0.06559385763552228,0.107871052622448
CAMELSH__04197100,0.09921153548158446,0.09570581969033354
CAMELSH__04199155,-0.004934709207398358,-0.04250737575077801
CAMELSH__04206043,0.009906042700061346,-0.18746520603946154
CAMELSH__04233286,0.052341471521981486,0.0872168617019961
CAMELSH__0423401815,0.21614600209594848,0.36818163839271345
CAMELSH__04273700,-0.11840440160021648,-0.029707714345891256
CAMELSH__04280350,-0.008954396381485763,0.08308251303219616
CAMELSH__04282780,-0.0289740040452815,0.017098051755242816
CAMELSH__04282795,0.04189260770158332,0.028854476052680766
CAMELSH__04290335,-0.0728578167690428,-0.052206834661180895
CAMELSH__04292000,0.0023485060909023137,-0.003917517087542288
CAMELSH__05046000,0.45550484095833277,0.1655768910167346
CAMELSH__05051600,0.031217856376607456,0.0223171381430175
CAMELSH__05052500,0.5268365158760172,0.5742316905491383
CAMELSH__05054500,-0.21043666023413504,-0.24066312339339585
CAMELSH__05060000,0.1521764424816468,0.1961243341150823
CAMELSH__05061000,0.11227071164805313,-0.008594671487475725
CAMELSH__05062000,0.1596932010871286,0.10552785802943432
CAMELSH__05064000,0.050724336165662964,0.0063251079029446045
CAMELSH__05076000,0.16850704031315566,0.11425010432498584
CAMELSH__05082625,0.003596034472653442,-0.06428309515885633
CAMELSH__05087500,0.04642336681548265,0.008616261710790218
CAMELSH__05124480,0.07689257772216518,0.09981297589365545
CAMELSH__05132000,0.08155957096267774,0.16451937002567918
CAMELSH__05244000,0.09636048639351047,0.07211620662668261
CAMELSH__05270500,-0.14398325451495309,0.0236726538126536
CAMELSH__05288580,0.5305557099430093,0.4680078640873269
CAMELSH__05293000,-0.12649924852353422,0.005615658549527502
CAMELSH__05300000,-0.05250498445283769,0.07557519911429844
CAMELSH__05313500,-0.06212535397432484,0.0016857067885177601
CAMELSH__05317200,-0.05687606378782595,-0.026576403156880257
CAMELSH__05337400,0.1310352136494961,0.08396917152669814
CAMELSH__05342000,0.20041832195047815,0.2874648963858112
CAMELSH__05362000,0.07376054039786717,0.06317702733454844
CAMELSH__05369000,0.04799362692767373,-0.012177707187402631
CAMELSH__05379400,0.05798872145969247,0.00597585577723192
CAMELSH__05382000,0.037707240866016845,0.048647494723142115
CAMELSH__05382255,-0.07639228714397278,-0.050224846614079166
CAMELSH__05382325,0.12847961563193988,0.2061246880295724
CAMELSH__05385000,0.03984212722514746,0.06592795609013014
CAMELSH__05406500,0.12093864015733558,0.2051727251212508
CAMELSH__05407470,0.16771018357819195,0.3211228502622207
CAMELSH__05414820,0.1886348716357462,0.15531602518191548
CAMELSH__05416900,-0.005761193254916308,0.031191168096037503
CAMELSH__05420680,-0.16606597404706314,-0.10501114635302744
CAMELSH__05421740,0.00948341982360601,0.03820948205484931
CAMELSH__05422000,-0.045882331656065256,-0.09808985810076687
CAMELSH__05425912,0.12616994470515142,0.09278760655899854
CAMELSH__05429500,-0.061975015357575214,-0.04296166490798725
CAMELSH__05430175,-0.050374165305841156,-0.03293415447945125
CAMELSH__05431486,0.004683562585044099,0.043743195878492847
CAMELSH__05437050,-0.05404691909340209,-0.03583163033949455
CAMELSH__05448000,-0.1524605543765637,-0.03514413177787423
CAMELSH__05453000,0.018762543509392327,-0.03260285193164436
CAMELSH__05453520,0.08076260537211855,0.08962740424951432
CAMELSH__05454500,0.0961585496047308,0.09866910176490484
CAMELSH__05455500,-0.08159944179720335,-0.07886194412959657
CAMELSH__05462000,0.061243649897632424,0.08615915936521623
CAMELSH__05470500,0.06926784376160733,0.05129617871987935
CAMELSH__05476000,-0.12587763000989427,0.04851211385761611
CAMELSH__05481000,-0.030667458114017276,-0.04895453793056881
CAMELSH__05482300,-0.06445270324888064,0.007556158920257183
CAMELSH__05484000,0.10018441720955362,0.12563134024775768
CAMELSH__05484500,0.029247963330906623,0.011943577532277816
CAMELSH__05484900,0.08625981109868852,0.10253699222116353
CAMELSH__05486000,-0.2864010775353182,-0.2656841220094184
CAMELSH__05497150,0.027125551428810457,0.1166764061118144
CAMELSH__05504800,0.21870151364112145,0.19097088928963402
CAMELSH__05506500,0.03645044711868639,0.052198917926883026
CAMELSH__05506800,0.26535382516939676,0.2302537234584182
CAMELSH__05517500,0.04635216984547619,0.033191124440992925
CAMELSH__05522000,0.1841924014966303,0.22040461429995584
CAMELSH__05527800,-0.03878843698171619,-0.027582443918515498
CAMELSH__05527950,0.049920938021723926,0.018136500630863583
CAMELSH__05530990,-0.34892504582311734,-0.2526089787885587
CAMELSH__05531500,-0.2484729978077399,-0.2405189986580487
CAMELSH__05536235,0.06385338990624057,0.06333900454173169
CAMELSH__05536500,-0.0922304229197457,-0.047181894252458
CAMELSH__05539000,0.17163779073385188,0.160813824099986
CAMELSH__05540091,-0.24293369830480238,-0.13144232369834696
CAMELSH__05541710,0.0908227186663988,0.23741476532983596
CAMELSH__05550000,-0.019064335612738348,0.011586739175310168
CAMELSH__05551200,0.036878415257500685,0.01682933444534851
CAMELSH__05551540,-0.04098303009406945,-0.014163012078425297
CAMELSH__05551700,-0.04314785389183262,-0.06462634171569137
CAMELSH__05552500,0.026451894024763223,0.04943389436256396
CAMELSH__05556500,0.06645384539267163,0.06329517800326423
CAMELSH__05564400,1.4375412129214657,-1.2615953954465455
CAMELSH__05572000,-0.06861079426110805,-0.04187970724507273
CAMELSH__05576000,-0.1406686581482941,-0.12855658227300348
CAMELSH__05590800,-0.013585882055550558,-0.025289434382833154
CAMELSH__05591200,0.0820511596866591,0.09142212842580055
CAMELSH__05592100,0.14194898651863386,0.1246606358950626
CAMELSH__05592575,-0.009972642964419576,0.005755993309222163
CAMELSH__06012500,0.2593639430029877,0.2948057660771283
CAMELSH__06017000,-0.23027482048266998,-0.1334361200341317
CAMELSH__06025250,0.028968694235383174,-0.03780868852165231
CAMELSH__06280300,-0.02944660909129171,-0.24583139624477446
CAMELSH__06291500,0.1867246321391164,0.14774853897927098
CAMELSH__06299500,-0.11116894570166425,0.03065338108301474
CAMELSH__06303500,-0.03796107508635277,0.0970340630063305
CAMELSH__06307740,0.6020415397676273,-0.20865577408246372
CAMELSH__06309200,0.040134810535993326,0.052572427596620175
CAMELSH__06324000,-0.2613396802922306,-0.205267837886869
CAMELSH__06334500,-0.033795415087351593,0.3625501833478909
CAMELSH__06336600,0.12486542434994521,-0.007355392562536867
CAMELSH__06340000,-0.2690754604611465,0.4872042418055332
CAMELSH__06342260,-0.7254698796218148,-0.26213113106835967
CAMELSH__06347000,-0.03892393022797938,-0.10705642225563809
CAMELSH__06351200,0.4841144565162391,0.3967644045643678
CAMELSH__06352000,0.6530060896148636,0.40997703644455563
CAMELSH__06354882,0.008324108982984399,-0.13045568027050808
CAMELSH__06392900,0.0888374735887246,-0.1640244300681979
CAMELSH__06394000,-1.816175908043431,-0.9319406080874322
CAMELSH__06409000,0.0843566305915614,-0.2505894375163214
CAMELSH__06437020,-0.09490573823201687,0.11542028898446666
CAMELSH__06446000,0.004282183801425143,0.4425864191709654
CAMELSH__06447230,-0.0373861901554573,-0.01609633796392601
CAMELSH__06448000,-0.07299123896573173,0.07312562716953486
CAMELSH__06452320,0.7151533817063429,0.7651473702487634
CAMELSH__06466400,0.08189482784998589,0.015896432794040877
CAMELSH__06471200,-0.15000561108182908,-0.031629490117195624
CAMELSH__06480000,-0.06597193297687609,-0.020048026642347838
CAMELSH__06481000,0.031253771012496157,-0.021066418504203432
CAMELSH__06482000,-0.13901899884283808,-0.14064658023452292
CAMELSH__06483500,-0.10054987687970329,-0.04453228010679078
CAMELSH__06600000,-0.2784824421565476,-0.2184756680542278
CAMELSH__06600300,-0.1916306812850394,-0.04550960051663311
CAMELSH__06600500,0.004059300117571718,-0.014834975184912391
CAMELSH__06607500,-0.12628334303977873,-0.03421910129018935
CAMELSH__06620000,0.2759530488913282,0.18988816069862313
CAMELSH__06623800,-0.04538294779437424,0.1855537828699586
CAMELSH__06627800,-0.34941647984411417,-0.11076662099371415
CAMELSH__06632400,0.10639304195298094,0.11038777299252323
CAMELSH__06639000,-0.7947386173808142,-0.4941725011749822
CAMELSH__06659500,-0.6707640967798809,-0.6554435388878803
CAMELSH__06701900,-0.14019996693873032,-0.1360086914102403
CAMELSH__06710605,-0.05572679790248247,-0.1151174908967521
CAMELSH__06727000,0.06993891003339536,-0.05576838304360898
CAMELSH__06746110,0.0544497187764339,-0.07840108022266434
CAMELSH__06769525,-0.10491195673744699,-0.6677974826071809
CAMELSH__06783500,0.6206353019156372,0.11469226822556777
CAMELSH__06784800,0.3385620337748112,0.09702824908020341
CAMELSH__06794000,0.005471181779251433,-0.16624097270570715
CAMELSH__06799450,0.14504588826493903,0.03742002216616391
CAMELSH__06803510,0.016783852979029013,-0.05485579474114949
CAMELSH__06803513,-0.21613031340555278,-0.0793544961189403
CAMELSH__06804000,-0.178386143319129,-0.19861444325482708
CAMELSH__06810000,-0.059123751891374976,-0.03700377729812088
CAMELSH__06815000,0.11889327591726717,0.10482756465036269
CAMELSH__06863500,-1.0914330068956246,-0.22490309059206226
CAMELSH__06868200,-1.0599911105890203,0.3056439580843054
CAMELSH__06873000,-1.516767975935641,-0.06006915710967631
CAMELSH__06880800,-0.16778592108383839,0.24563026520895997
CAMELSH__06884000,-0.2477251900700397,-0.01414969160891652
CAMELSH__06890100,0.0018216288096504218,-0.039387964596632075
CAMELSH__06891810,0.04883838540930019,0.09211042568138661
CAMELSH__06893150,-0.10013659887564974,-0.062058135494535205
CAMELSH__06893300,0.015094043934226864,0.04157602494670748
CAMELSH__06893390,-0.017296464846904613,-0.017201232416663215
CAMELSH__06893970,-0.247340087267681,0.009510409682950416
CAMELSH__06895000,-0.13182065307461832,-0.0021484681918688686
CAMELSH__06903900,-0.1383961034177243,-0.2216297599017116
CAMELSH__06904050,0.009667590422945072,0.05420363708302767
CAMELSH__06904500,0.07385498390007228,0.23372223508099876
CAMELSH__06910230,0.2019217413352079,0.1142926327274999
CAMELSH__06915000,0.1663434927196795,0.12416768073982251
CAMELSH__06915800,-0.14322737214976067,-0.05981987823008761
CAMELSH__06916600,-0.13789723187658454,-0.03889211606548404
CAMELSH__06918060,-0.0358828651611125,-0.05840962136929018
CAMELSH__06918440,0.07982223348559847,0.04698467969047848
CAMELSH__06918460,-0.06220090693852154,-0.04761372757906912
CAMELSH__06918493,0.1767880158990326,0.19299076568382623
CAMELSH__06920580,-0.1187289890577774,-0.19981705566903718
CAMELSH__06921350,0.052371755659963104,-0.0184732136438851
CAMELSH__06921590,-0.060860992899955224,0.019263166913809915
CAMELSH__06923250,-0.16533010210777244,-0.20816742264370702
CAMELSH__06927240,0.19647856499702693,0.18674183323984134
CAMELSH__06930060,-0.05837238320381777,-0.02711157866501246
CAMELSH__06935850,-0.10790772553641242,-0.018269231041584733
CAMELSH__06935955,-0.10823054613625804,0.06877324570607224
CAMELSH__07001910,-0.049485556024081,0.08845685260426989
CAMELSH__07010022,-0.21593234125801652,-0.08894534358415074
CAMELSH__07010035,-0.1296349066588381,-0.1339418335558577
CAMELSH__07010055,-0.0696479354150002,0.013544481373919948
CAMELSH__07010075,0.07215165770106441,0.18634989800010976
CAMELSH__07010090,-0.2826433537595874,-0.14759738540481898
CAMELSH__07013000,-0.1346600851353435,0.07959755499692212
CAMELSH__07018100,0.07716553012162353,0.07733359028274434
CAMELSH__07019175,-0.011247029056588309,0.05109319193495021
CAMELSH__07035800,-0.00275135271580762,0.05019730607028805
CAMELSH__07037300,0.07510114297241144,0.06410426642535028
CAMELSH__07039500,-0.0548071470639957,-0.09934789176269532
CAMELSH__07050700,-0.012081581656516849,0.018541510826559304
CAMELSH__07052120,0.4025965098042472,0.4380334350763123
CAMELSH__07055875,-0.028270054803030353,-0.020437506887117873
CAMELSH__07056000,-0.053988665009950254,-0.020586977673296092
CAMELSH__07061300,0.2993294386151399,0.26839745956752287
CAMELSH__07061600,-0.09237915041973399,-0.0009443878691420826
CAMELSH__07068510,-0.06763430614858135,0.03637316408657254
CAMELSH__07071500,-0.19406497973003778,-0.23050380834924833
CAMELSH__07075300,-0.03863525751508967,-0.06268938818054348
CAMELSH__07076517,0.09475284018030761,0.0869732456626729
CAMELSH__07081200,0.05065269971956288,-0.5302052218953445
CAMELSH__07087050,0.15437124377794387,0.08378308738605555
CAMELSH__07093700,-0.29909998670756727,-0.4285422895997186
CAMELSH__07105900,0.981025966604796,0.576721435078038
CAMELSH__07121500,-0.23274222331040095,0.33739115189111013
CAMELSH__07141175,0.4301719435107292,0.6858070656012698
CAMELSH__07142020,-0.719199281336674,-0.2423911088900817
CAMELSH__07142620,-0.5291488066951224,-0.0536486372439402
CAMELSH__07143300,-0.5668826761674649,-0.4238555326074898
CAMELSH__07144485,0.3961350073340008,0.2935440073454036
CAMELSH__07147070,-0.029415152214472218,-0.0856362625448126
CAMELSH__07149000,-0.2617362837308329,0.13172779456149064
CAMELSH__07157960,-0.7658061517423602,0.0851565142486495
CAMELSH__07160350,-0.07791990648181257,-0.15157472530477079
CAMELSH__07160500,-0.07182567507899129,-0.11598148218962256
CAMELSH__07164600,-0.1504848586597273,-0.0691967125647097
CAMELSH__07165565,0.19777388260866563,0.17612233495153834
CAMELSH__07172000,0.11305162070438957,0.0239587883096416
CAMELSH__07174400,0.05983148191228649,0.03755513823243084
CAMELSH__07179730,-0.03371137680480052,-0.01658741391847307
CAMELSH__07180400,0.0370090156218571,-0.0424733653880508
CAMELSH__07182000,-0.06733759549631049,-0.1370724055910918
CAMELSH__07189000,0.05845607799863195,-0.012159884352005101
CAMELSH__07189542,-0.03225295961977043,-0.04460028008509842
CAMELSH__07194800,-0.08749538097006315,-0.04568663061200695
CAMELSH__07195855,-0.10374607734564023,-0.018916553354371923
CAMELSH__07197000,-0.05395673018503744,-0.03683062915465385
CAMELSH__07208500,0.07887492622191028,0.24502110833924506
CAMELSH__07211000,-0.07568340275995133,-5.674247331575229
CAMELSH__07215500,-0.2404630834552478,-0.06701254535063361
CAMELSH__07221000,0.045285630610402305,0.11366647496853599
CAMELSH__07227100,-2.6539053046450465,0.2660830756512111
CAMELSH__07229300,0.15103840814325148,0.11190597839451788
CAMELSH__07237000,-1.4964851609246401,-1.9977713291067127
CAMELSH__07242350,-2.47690441784035,-1.1802407861409558
CAMELSH__07242380,-0.1853047318192127,-0.16739293713771086
CAMELSH__07247015,-0.0005336020596092839,-0.03538993036067173
CAMELSH__07250085,0.048484386031822924,0.04347960476912338
CAMELSH__07250935,0.030171809467650856,-0.037003518118400636
CAMELSH__07257500,-0.07007628619198991,-0.08969520667214093
CAMELSH__07258500,0.022458329219278483,0.00020876233530597865
CAMELSH__07263295,0.06369821266830711,0.08768446240146421
CAMELSH__072632971,-0.13582500888162663,-0.20869825342407533
CAMELSH__07263580,0.0775296900836006,0.1142789630645336
CAMELSH__07290650,-0.3300707703137207,-0.28869850494473326
CAMELSH__07291000,-0.24697193756374303,-0.1969098200142005
CAMELSH__07295500,-10.510114956856075,4.262616301050054
CAMELSH__07299670,0.1180516697562699,0.0686019434429988
CAMELSH__07299890,2.0972371490811916,-2.9215668433831805
CAMELSH__07300000,-4.466490852393982,-7.688564471273471
CAMELSH__07301110,-0.05898222421319599,0.1001904191636892
CAMELSH__07303400,-0.6066188558562083,-1.0140450991681398
CAMELSH__07304500,0.051938101275539994,-0.2885709782910228
CAMELSH__07311500,-0.053768677371862805,-0.0769095438664929
CAMELSH__07311900,-0.2178439785509686,-0.22884239269479023
CAMELSH__07329852,0.2252669089602486,0.13484738940216268
CAMELSH__07335300,0.06284642472739277,0.0994267327903573
CAMELSH__07335790,0.06119939853283407,0.06459379773725626
CAMELSH__07338750,-0.10882540662800066,-0.11502766864123537
CAMELSH__07340000,0.02784314453229919,0.03552319136312754
CAMELSH__07341200,0.11833823867654586,0.06249219516271126
CAMELSH__07342480,0.056708696935727,0.03403426515877628
CAMELSH__07342500,0.003480573032386247,-0.039886679044856654
CAMELSH__07344486,0.056282925710939735,-0.007866825480203454
CAMELSH__07361500,0.10207119182870383,0.13818565641130043
CAMELSH__07362500,0.14724801516441566,0.1342923337624231
CAMELSH__07362656,0.1773513442771411,0.1634268286544704
CAMELSH__07366200,-0.09762400528095871,-0.2381259582998524
CAMELSH__07375000,-0.13579189404801,-0.14217816865177613
CAMELSH__07378500,-0.04293435663771061,0.06133603577492763
CAMELSH__07382000,0.010210490456938115,-0.2365782471160024
CAMELSH__08020000,-0.008612372468237428,0.05232647643831112
CAMELSH__08032500,0.12084398247278738,0.1118126924001327
CAMELSH__08044000,0.0772846330588477,0.010534108217907567
CAMELSH__08048970,-0.49113277581286696,-0.17214181215991664
CAMELSH__08049500,-0.21553594682738136,-0.4754488453321313
CAMELSH__08049700,-0.17095968763107544,-0.15156374452993693
CAMELSH__08052745,0.1212981080271544,-0.013025388082955308
CAMELSH__08057200,0.10485620139923879,0.051115784282040555
CAMELSH__08057445,0.2236522338420135,0.054779665503987815
CAMELSH__08059400,0.17228311661246998,0.13376714982541993
CAMELSH__08063800,-0.11260415549848252,-0.057936082729180105
CAMELSH__08064100,-0.06909490978458555,-0.09698325658414197
CAMELSH__08065800,-0.010748274453868611,0.09451938004814409
CAMELSH__08067650,-0.07169057363548509,0.04410913209179479
CAMELSH__08068000,-0.10530299248230424,-0.00807603891516706
CAMELSH__08068400,-0.06608827290952812,-0.027972517784777162
CAMELSH__08068780,-0.08005379149743286,-0.0455523879733446
CAMELSH__08075500,0.11251125736120132,0.046532566022187194
CAMELSH__08079600,-0.7853743952150871,-1.3525850854346662
CAMELSH__08084000,-1.3659043903265233,-1.2392688933981537
CAMELSH__08086050,-0.11365887807785402,-0.3196933579798324
CAMELSH__08092000,0.1889795770421253,0.09135776352975167
CAMELSH__08095000,0.12935517164935567,0.25012464812498686
CAMELSH__08095400,0.3647612775622253,0.3479833751075355
CAMELSH__08100000,0.08642318726213022,-0.05243218882943851
CAMELSH__08101000,-0.014414000148631,0.2024576089895055
CAMELSH__08103800,-0.1004925555678336,0.18711641358770492
CAMELSH__0810464660,1.1988347728440985,0.3388057368745605
CAMELSH__08105095,0.5725363801222054,0.28403099436239115
CAMELSH__08115000,0.07260978298146192,0.06446599506955442
CAMELSH__08127000,0.2885449795075333,0.2775848042614892
CAMELSH__08134250,6.143268901738587,-4.701320885932038
CAMELSH__08143600,-0.9386331030909354,-0.6852053740867664
CAMELSH__08150800,-0.11812807545630344,-0.8557702156881914
CAMELSH__08152000,-0.11451059190143725,-0.35363296604536704
CAMELSH__08154700,0.22051033450449797,0.1689126170012527
CAMELSH__08158380,-0.0692954522527427,0.0134460465608401
CAMELSH__08158860,-0.21653794969468354,-0.7530549268306139
CAMELSH__08158920,0.0952648812710738,0.15981137245723237
CAMELSH__08158970,0.0444426828277991,0.0171694118176026
CAMELSH__08159000,-0.5070920113054248,-0.4333719358000418
CAMELSH__08166000,0.021109270833956,0.130303256755934
CAMELSH__08168797,-1.2468567658317538,-22.349357604722123
CAMELSH__08171290,-1.0896260058726568,-1.6775073170467054
CAMELSH__08177300,0.1666940886630665,-0.4982316797148596
CAMELSH__08177700,1.3216471754526713,-0.2691677401858592
CAMELSH__08178880,-0.19137595990105216,-0.015796460356605868
CAMELSH__08183500,-0.2850972643682677,0.053829840828653386
CAMELSH__08185000,-1.1258644767687063,-1.345345203504344
CAMELSH__08195000,-0.5136045404037874,-0.014776970271138778
CAMELSH__08200000,-0.24802552113932733,-0.3775601778665122
CAMELSH__08200720,4.039788356865095,-77.78565145779211
CAMELSH__08207500,-0.6734236322205824,-1.882806532165896
CAMELSH__08277470,-0.11059021341140851,0.2583555559582461
CAMELSH__08286500,0.17434925675481522,0.2634696378419021
CAMELSH__08294195,-0.013453583614956077,0.015221584553362644
CAMELSH__08302500,0.027103945238416527,-0.217115075026528
CAMELSH__08324000,-0.37753562969907206,-0.4087497164322683
CAMELSH__08329700,-0.20235982374140998,-0.012320098653289036
CAMELSH__08379500,-0.4656668581537735,-0.0790831283777344
CAMELSH__08380500,0.010617197168439119,-0.12773640019398788
CAMELSH__08382600,-3.398871465535203,-0.2004650466641589
CAMELSH__08397620,-2.781994120013614,-0.5227034060683446
CAMELSH__08405500,-1.6220163359701945,-1.1344664716849369
CAMELSH__08477110,-0.06405404645731011,-0.024806252183961902
CAMELSH__09022000,-0.11062854686559942,0.0414717861071765
CAMELSH__09035800,0.017414562718165327,-0.022093352718265402
CAMELSH__09041000,-0.136011689308975,0.24814638943234835
CAMELSH__09052800,0.675611671767899,0.17935285356316522
CAMELSH__09066000,0.24398355960138374,0.061567562813567345
CAMELSH__09066150,-0.0050617570638152865,0.014181239359610465
CAMELSH__09066200,-0.018837613651596086,-0.07941825673824976
CAMELSH__09072550,-1.9821409824620257,-0.19981577845170517
CAMELSH__09143000,0.10865764023668079,0.1246063749722287
CAMELSH__09153290,1.459378694058063,1.0630726241294992
CAMELSH__09174600,-0.10252689646927982,-0.19248597599094674
CAMELSH__09210500,-0.06920778902228775,0.07266804367862667
CAMELSH__09218500,-0.09639473268717869,0.048852644955063695
CAMELSH__09243900,0.24039841721427813,-0.7356105858297859
CAMELSH__09245000,-0.072741336729505,-0.09475468180503932
CAMELSH__09277800,0.1606828285903441,-0.1658098993100252
CAMELSH__09295100,0.32975761333303444,0.6513476324117602
CAMELSH__09306242,0.5568445324228224,1.9312077249147612
CAMELSH__09328500,-0.3339392200100409,-0.4307191293722004
CAMELSH__09337500,-1.0966507054467516,-0.12608492993159715
CAMELSH__09352900,-0.058489385353192036,-0.0024678965881456127
CAMELSH__09359500,-0.030601729174817738,-0.04454290642218228
CAMELSH__09364010,-0.14905389920078094,0.01081204322599627
CAMELSH__09367500,-0.47472982963356136,-0.21652208336563294
CAMELSH__09378170,0.21654467891642393,0.24973289855743058
CAMELSH__09381800,2.093838364925368,1.9933060267526719
CAMELSH__09386900,-1.0044262415278442,0.04606163144014651
CAMELSH__09401110,8.488554842570682,3.1275235155845955
CAMELSH__09409880,-0.28864655971165587,-0.11879339292333807
CAMELSH__09413900,-0.126327830786662,0.1504162076850083
CAMELSH__09424450,-1.184283492889132,-0.4908041055815569
CAMELSH__09430500,-0.0230629038640075,0.19361081626814292
CAMELSH__09470800,-0.17439152739187,-0.1895280732343608
CAMELSH__09471380,-0.5858021348456932,-0.2899454305740203
CAMELSH__09480000,-0.9907658694168298,0.8433160694651104
CAMELSH__09484000,0.22982508696448495,0.2150189734654065
CAMELSH__09485700,-1.0229751593825982,-1.2987730252108685
CAMELSH__09510200,-0.37740444628874,-0.20592221611153388
CAMELSH__10015700,0.02536376721569028,-0.014240465819065795
CAMELSH__10020100,0.08427654962865683,-0.028483298855678463
CAMELSH__10104700,0.3679271440480742,0.2643226178339599
CAMELSH__10109001,-0.026371977581080785,-0.0351756237971424
CAMELSH__10149500,-0.2256443008225701,-0.2178821529230548
CAMELSH__10172870,-0.3264631418802417,-0.2835800954544119
CAMELSH__10174500,-0.08308110433058458,-0.02829029542588879
CAMELSH__10205030,-0.24501184597998776,-0.11151849723151347
CAMELSH__10206000,-0.5321129285650882,-0.6670028643270601
CAMELSH__10234500,-0.2138625872984934,-0.3778544122309515
CAMELSH__10237000,-0.0499487550785252,-0.14895977882229677
CAMELSH__10244950,0.039026878477588456,-0.1143267376717092
CAMELSH__10257500,0.06706566616864029,-0.33445805137213547
CAMELSH__10258000,0.3674045895293363,0.3619381059175769
CAMELSH__10261500,-0.0949604198199283,-0.4016069088860434
CAMELSH__10296500,-0.2626672718045513,-0.42355535086800117
CAMELSH__10297500,-0.03531718044306564,-0.05919952489268754
CAMELSH__10308800,0.1619895687466767,0.16601944364279508
CAMELSH__10311000,0.013952531133664015,0.03442737108563709
CAMELSH__10312000,-0.0022484407921391503,0.00514805776850058
CAMELSH__10313400,-0.0475025816697191,-0.11635249707810313
CAMELSH__10320000,0.05239458994454649,-0.014447934780195681
CAMELSH__10321940,0.09034749381772289,0.16498151864401478
CAMELSH__10322000,-0.2582413698776706,-0.2364849998005858
CAMELSH__103367592,0.10221530960321268,0.20080204708567345
CAMELSH__10349849,0.2841436262198661,0.21006344451092973
CAMELSH__10353770,-1.7119716123835502,0.5850594184452915
CAMELSH__11022200,-0.06501065637408249,0.1237884009869834
CAMELSH__11023340,-0.2985754283045515,-0.0888928789080774
CAMELSH__11028500,0.2118582319333664,-0.1412570811783485
CAMELSH__11042400,2.36796894377353,1.2037187152921993
CAMELSH__11044350,-0.190995981323616,0.09097613976555385
CAMELSH__11046360,0.3772087407224335,-0.5596512520905207
CAMELSH__11047300,0.26191804710084715,0.16644952197738744
CAMELSH__11048553,0.9881597409915599,-0.28030908072963423
CAMELSH__11060400,-0.23527021988841473,-0.10540902212194991
CAMELSH__11074000,-0.489786341454383,-0.03022660847117775
CAMELSH__11075720,-0.04594917986958709,-0.7988514197005157
CAMELSH__11087020,0.5393808915460319,0.2387308633536237
CAMELSH__11088500,1.0246285029132616,1.0396086987198083
CAMELSH__11089500,0.4104650528925107,0.354358884402847
CAMELSH__11105510,0.04777852523818388,0.07404816901857991
CAMELSH__11106550,0.37419993831296317,0.09242807723829999
CAMELSH__11109000,-0.2673368123434805,0.16239414248672351
CAMELSH__11111500,-0.7650139271858842,-0.1908495670139888
CAMELSH__11120500,-0.08889783099913817,0.02683310883852208
CAMELSH__11123000,-0.5753953953301842,-0.15683529621669046
CAMELSH__11129800,-0.027372527666113,0.2136565001132148
CAMELSH__11140585,-0.2346629674605697,-0.1897613551395408
CAMELSH__11141050,0.38502580801653796,0.42552389687744385
CAMELSH__11141280,0.5650581821479268,0.4616918396397081
CAMELSH__11143200,0.06783442548427632,-0.04038335542319227
CAMELSH__11150500,-0.1480216544473758,-0.135900146969079
CAMELSH__11151870,0.33914514610146523,1.3588338764466217
CAMELSH__11162500,0.18213686312151744,0.1907611014304148
CAMELSH__11172945,0.1652557740569095,0.10850484236628222
CAMELSH__11176900,0.16254387983035118,0.08245279880753431
CAMELSH__11179000,-0.08214672318532779,-0.3189244503277156
CAMELSH__11180960,0.040900858525806605,0.12895535188495644
CAMELSH__11266500,-0.23660722275828627,-0.3220006455630966
CAMELSH__11284400,-0.1489788601284204,0.03450197170438418
CAMELSH__11299600,0.04187101129252724,-0.009405092839592288
CAMELSH__11335655,0.15026850958229376,0.015094352109445208
CAMELSH__11337600,0.3622132736716229,0.3212651157190659
CAMELSH__11355500,1.6912230567666207,0.9688817600452864
CAMELSH__11376000,0.07332875540405404,0.05974939539974722
CAMELSH__11449500,-0.03078423677324904,-0.016101134982634213
CAMELSH__11454000,0.3538912145840202,0.4860268130671461
CAMELSH__11458433,0.0677261091132394,0.07817919427177322
CAMELSH__11462500,0.05798090592909344,0.01968852397170895
CAMELSH__11463170,0.05165130905619403,0.02401258213680474
CAMELSH__11463980,-0.18076079492245892,-0.22319583021071163
CAMELSH__11465660,0.08569532210461461,0.15936724830739668
CAMELSH__11465700,-0.0636061875170244,-0.008341824967899814
CAMELSH__11465750,0.025827708914217262,0.026309981847940866
CAMELSH__11466065,0.04988737401616228,-0.09590827019324599
CAMELSH__11472160,-0.082707803021358,-0.05076647378728749
CAMELSH__11475000,-0.0983270390069877,-0.03115485968846987
CAMELSH__11475610,0.058421457715979175,0.020858481079742308
CAMELSH__11481200,-0.06992963128238561,-0.08885457915689643
CAMELSH__11517500,0.21741500448731788,0.10233812110262253
CAMELSH__11521500,-0.02359015167265499,0.005769295320186996
CAMELSH__11525530,0.012672313737736807,0.05653819333292043
CAMELSH__11527000,0.03576960842869925,0.06536828622319746
CAMELSH__12039005,-0.0390193302680123,-0.08794622051342849
CAMELSH__12058790,0.03924670401937358,0.06703638670865131
CAMELSH__12073500,-0.1872072851402493,-0.023260575255563243
CAMELSH__12083000,-0.05197512546006633,-0.07440720231679143
CAMELSH__12087000,0.03679225435862321,-0.018902020058225055
CAMELSH__12090400,-0.052482863741697194,0.047901847330391156
CAMELSH__12101500,-0.06586708423684262,-0.03765528468801549
CAMELSH__12105900,0.02822486245163547,-0.14061395734007642
CAMELSH__12112600,0.06602520897732456,-0.052631741910869945
CAMELSH__12114500,-0.05123786118607443,-0.0054203553570297824
CAMELSH__12115700,0.04330133751850185,0.2948264789197227
CAMELSH__12118500,-0.10384654007081329,-0.04673355716845551
CAMELSH__12119000,-0.148668174124033,-0.07284490413604028
CAMELSH__12125200,-0.13390374983752085,-0.09613026342846431
CAMELSH__12137800,0.19911576218703847,0.24039522227513593
CAMELSH__12143400,-0.036304144155502205,-0.003736038911023365
CAMELSH__12149000,-0.05011589297135233,-0.0012516244545923705
CAMELSH__12167000,-0.08602403281823434,-0.005791365527685666
CAMELSH__12193500,0.011738875827445927,0.02330951464267561
CAMELSH__12201950,-0.3681479834359399,-0.2652714817070996
CAMELSH__12207750,-0.10193756084069527,-0.1033556751253405
CAMELSH__12213100,-0.09166262166052097,-0.11204587303168223
CAMELSH__12302055,-0.07294766791789109,-0.016374773506298013
CAMELSH__12323240,-0.06620379180446423,-0.1874351903630313
CAMELSH__12323760,-0.06283832349442608,0.014943678720105824
CAMELSH__12323770,-0.08220597688494857,0.06879795559440138
CAMELSH__12323840,0.18702914910086293,0.2807201517171321
CAMELSH__12324590,-0.07274472419442324,0.09650092474253213
CAMELSH__12331800,-0.16007653638692798,-0.08767237500512981
CAMELSH__12335500,0.0860197754609957,0.058879278530024615
CAMELSH__12346500,-0.02674240149773799,-0.03060383398404043
CAMELSH__12359800,-0.09637505833760762,-0.11216536043245628
CAMELSH__12365000,-0.01850019650991286,-0.18223061437869015
CAMELSH__12370000,-0.18288029602273248,-0.10040255183697366
CAMELSH__12396900,-0.33800516428818633,0.007130280772597919
CAMELSH__12397100,-0.07695407783817187,-0.051951160981493716
CAMELSH__12413000,0.07754437903221612,-0.030833895070234818
CAMELSH__12413125,-0.2778942890019678,-0.09984932314513228
CAMELSH__12413360,0.06746900030752534,0.120058448909381
CAMELSH__12413860,0.04222478087649206,0.08056887657660217
CAMELSH__12422990,-0.2519134525176144,-0.23331728377538968
CAMELSH__12448500,-0.2045707292271034,-0.1346325194387673
CAMELSH__12452800,-0.06027481546881619,-0.17039178907844998
CAMELSH__12502500,0.0288540793629104,-0.10336994869021332
CAMELSH__13011000,0.06374108549176394,0.06786505581494284
CAMELSH__13011900,0.0465219702811569,-0.025885529925361972
CAMELSH__13027500,-0.0588870076328456,-0.182034093256648
CAMELSH__13046995,-0.062322056427298156,-0.19028925882080205
CAMELSH__13055000,-0.22575560054605637,-0.10321011528233115
CAMELSH__13058000,-0.2835527528338215,-0.3142891664768146
CAMELSH__13075983,-0.04499145593497841,-0.363320789380072
CAMELSH__13112000,0.3240689339839949,0.11207969776596301
CAMELSH__13132520,3.5583126115138617,4.44030193723804
CAMELSH__13142500,-0.042605903486821584,-0.14973705250451824
CAMELSH__13150430,0.298459142183874,0.25683560926864096
CAMELSH__13200000,-0.022825734329781522,-0.14205982358741415
CAMELSH__13202000,0.015448271489385546,0.007534061588294616
CAMELSH__13235000,-0.4759841382519278,-0.48743304379542085
CAMELSH__13305000,0.06425396054351684,0.0034476050226628363
CAMELSH__13310700,-0.1948231370555349,-0.17070528682884922
CAMELSH__13330000,-0.022109886858400873,-0.03197782633661683
CAMELSH__13342450,-0.017992220630272282,-0.039579647161855025
CAMELSH__13351000,-0.0041626937378675954,0.07529833886663517
CAMELSH__14021000,0.4668847169748467,0.5385106726289542
CAMELSH__14034500,-0.05905016483815029,-0.023827093931160503
CAMELSH__14036860,0.5270167467367186,0.4030957858176135
CAMELSH__14044000,-0.08000461926806257,-0.10203745671304487
CAMELSH__14046000,0.029810120178127897,0.015325450678793873
CAMELSH__14046890,0.09491164273259411,-0.10711995726305171
CAMELSH__14063000,0.3181834434669273,-0.2712647547716895
CAMELSH__14075000,0.317900605676236,0.19387680940837904
CAMELSH__14090400,0.07690481612573363,0.010702697749846335
CAMELSH__14092885,-0.017322185092105147,0.040923737667664106
CAMELSH__14146500,0.6522952417489319,0.6174051661295826
CAMELSH__14147500,0.43462620870293756,0.5735977168450354
CAMELSH__14154500,0.1913634398170332,0.1891696693525371
CAMELSH__14155500,0.11765973542183039,0.12455171154197653
CAMELSH__14159500,-0.0312528131762172,-0.023394513002151007
CAMELSH__14163150,0.016385070605348773,-0.008201578547610944
CAMELSH__14166000,-0.014587926461998912,0.016066620408245025
CAMELSH__14169000,-0.013232660819294972,-0.09686023361261953
CAMELSH__14170000,-0.0517847765179178,-0.07144091079075898
CAMELSH__14185900,-0.06817463777403876,-0.08600885584657203
CAMELSH__14190500,0.08989946592341447,0.1169554606986063
CAMELSH__14201500,-0.0017809218055593323,0.018250832167601816
CAMELSH__14207500,0.08310218646127998,0.08917918582108297
CAMELSH__14208700,-0.058119582587964735,-0.02159448217699389
CAMELSH__14210000,-0.01037083702655317,-0.012662365624710348
CAMELSH__14211499,-0.07375551794004198,-0.0157436461785172
CAMELSH__14211500,-0.14010604681473482,-0.06612371993823152
CAMELSH__14219000,-0.010351546164380054,-0.08792999231833132
CAMELSH__14220500,-0.12495945829565214,-0.02677425148726542
CAMELSH__14232500,-0.05983963870586928,-0.04996920170680297
CAMELSH__14236200,0.15021155755051407,-0.03792339232641018
CAMELSH__14241500,-0.14353108634402356,-0.17936632578333223
CAMELSH__14313200,0.23089429053777627,0.27358442795456767
CAMELSH__14313700,0.09345631530915209,0.20579681111759118
CAMELSH__14316000,0.10677760948984771,0.16863185029748007
CAMELSH__14316495,-0.045300145514390655,0.002537587974418831
CAMELSH__14319500,-0.07566867043078918,-0.03855992323104418
CAMELSH__14319830,-0.3364670694971542,-0.30486389549194026
CAMELSH__14321000,-0.02941278536041536,-0.03339494893230999
CAMELSH__14332000,-0.22794444993744334,-0.26722565051565694
CAMELSH__14337500,0.1653191744154794,0.12993955244534883
CAMELSH__392547106023400,-0.16690438786977968,-0.1849602390794779
Germany__10032009,0.009087590173915472,-0.16994787698288627
Germany__11416006,-0.07791624232291072,0.008413981159704376
Germany__11432002,0.00437116776025015,0.011418596231453026
Germany__11434008,-0.07818324084855965,-0.0782316296537835
Germany__11455201,-0.10694826789452799,-0.1440587833271078
Germany__11723504,-0.1270262376428778,-0.095482116133911
Germany__11840508,-0.04224382882053812,-0.01828765094669693
Germany__11942009,-0.05035936183193013,-0.06356664885666408
Germany__12002009,-0.004782530005126628,-0.008868514756715795
Germany__12183005,0.01202942453314293,0.00800301564186312
Germany__12186003,-0.0917417205735176,-0.023176766732860843
Germany__12321007,0.1196327956426888,0.04769753459155579
Germany__12404002,-0.045957683348781586,0.05201228332846575
Germany__12406008,-0.0216375688356657,0.07076039329330641
Germany__12412000,0.10148874166054167,0.031007103610989795
Germany__12425002,0.021442685065089506,0.02936274121159832
Germany__12483009,-0.16278645540298697,-0.14570046578770812
Germany__13242008,0.06959326626925044,0.09257079163555737
Germany__13242507,0.11500592508418395,0.12891887526662626
Germany__13402807,-0.046540068672405566,-0.023280874184928635
Germany__13922002,-0.06219714200271098,-0.04789030801896088
Germany__14002305,-0.05612201050072896,-0.0015592519336128374
Germany__14101205,-0.10481496054043049,-0.19509904720813775
Germany__14108000,-0.07781207740219198,-0.12326548919474811
Germany__14116009,-0.054053271349130516,-0.007768813351899384
Germany__14198105,-0.04572586902565323,-0.004367532764573245
Germany__14361206,-0.10323024601825587,-0.01158269410341739
Germany__14362005,-0.07589270183462238,-0.10776956357473655
Germany__14405200,-0.0025360361519333185,0.012442323718424131
Germany__14408004,0.05437293947169253,-0.016892341373664133
Germany__14486008,-0.014289884002329112,-0.03709179457201117
Germany__15210206,-0.06594368032724096,-0.04406703143631319
Germany__15212008,-0.12335970605242041,-0.10608132646676205
Germany__15242304,0.007528880893502676,0.14749999066154773
Germany__15916000,-0.39299101106307116,-0.34030896523940857
Germany__15935504,-0.35741870041438234,-0.23119631276562314
Germany__16006500,-0.12577615195769853,-0.2344943001370969
Germany__16008007,-0.008020706865830673,0.003800429954088913
Germany__16124950,-0.11133278228141585,-0.07587397262245821
Germany__16145008,0.021839569082677035,0.03902228176032485
Germany__16326002,0.011946830713684964,-0.02365034179758463
Germany__16401006,-0.034846274015511214,0.014198435378650176
Germany__16402009,-0.1631921433506538,-0.07785673582441821
Germany__16404106,-0.13936678716523043,-0.12878323034866057
Germany__16515005,0.152099425460604,0.012060996786680198
Germany__16613004,-0.07801635247415606,-0.08478773500510994
Germany__16668403,0.8352141269492626,-0.5711570591012811
Germany__17345002,-0.13088647063629555,-0.07036793949015219
Germany__17404000,-0.11112952379650576,-0.06487971837542028
Germany__18000403,-0.02003513135711721,-0.02305340066800765
Germany__18209000,-0.11474334855586088,-0.1533178032445376
Germany__18212004,-0.05838450729299938,-0.11912518720293042
Germany__18218306,-0.26371939337918326,0.09248292712598283
Germany__18242005,-0.1097637308702526,-0.059352033067706866
Germany__18261000,-0.21003148450193568,-0.24247979502240588
Germany__18284504,0.018740814183940246,0.09886304885709984
Germany__18322002,0.19080080235917185,0.12739837558370826
Germany__18343002,0.10253148707374704,0.12205424929517972
Germany__18458503,0.1307382766160985,0.060642870397824566
Germany__18484503,-0.11165160822496378,-0.07911676268800727
Germany__18606000,-0.04447356082029963,0.0008234548512714435
Germany__18624001,-0.45123769627836574,-0.11432537491374273
Germany__18643006,-0.09996536224849695,-0.09043726880024072
Germany__18835007,-0.08534727247184909,-0.08985971920117608
Germany__18859005,-0.09065244018853524,-0.07649430598968593
Germany__19168000,-0.07001830804591713,-0.09418371916146895
Germany__24003009,-0.007255630936558344,-0.029709948323614288
Germany__24006007,-0.12202401740920421,-0.09083319427180847
Germany__24122008,-0.07438644206541067,-0.07355053423237112
Germany__24140509,-0.9358544942091368,0.030237031824225102
Germany__24143008,-0.13998001107716518,-0.12428098398557141
Germany__24147600,-0.12742028367251146,-0.1363913923506065
Germany__24149208,0.04354411562069671,-0.042963821563092974
Germany__24201501,-0.003957197302251969,-0.045477079440150225
Germany__24215903,0.09406751246316725,-0.047281369859574984
Germany__24218504,-0.1957516804769457,-0.23081056974622316
Germany__24218800,-0.17866743452104644,-0.11746626097442203
Germany__24236007,-0.0851118692666023,-0.0829506791339849
Germany__24241710,-0.08161614999476763,-0.18546391787759653
Germany__24244504,0.012946163832762259,-0.06213581139835145
Germany__24268535,-0.016730586568444505,-0.07395204136763212
Germany__24292507,0.026977707613218938,0.04596897884873097
Germany__24385007,-0.12217066633269058,-0.28664291393772245
Germany__24431002,-0.11825893653887898,-0.0894960038061291
Germany__24483006,-0.03577072158937733,-0.18452449091585588
Germany__24585006,-0.10397037532733433,-0.21918379301127722
Germany__24751003,-0.06041833193014723,-0.1331929996691228
Germany__24758002,0.03183806356447261,-0.05134964530621977
Germany__53216003,-0.014597732847601796,0.07505624970821867
Germany__53216954,-0.08487229642853544,-0.008427991415353775
Germany__56114000,-0.33979428347072926,-0.2363220210183215
Germany__56161509,0.016724748372977993,-0.07626246180688723
Japan__301031281101340,0.07729165252162928,0.0160537558542867
Japan__301031281101410,0.08957796360064751,0.10822770533587556
Japan__301031281101600,-0.11117137937927918,-0.1869536307999768
Japan__301031281101700,-0.15332802979302218,-0.027181766635836047
Japan__301031281104160,-0.10567622624487905,-0.1472218010373324
Japan__301031281104170,-0.12141561577290455,-0.1516551374646381
Japan__301031281104280,-0.12084086946250405,-0.10862520116568342
Japan__301041281103020,0.05427001094925887,0.0017035177053849049
Japan__301061281105020,0.02730419426761066,0.014107116479727955
Japan__301071281105030,-0.01803962204497611,-0.08941977986743388
Japan__301081281107020,-0.0198702910978249,-0.037660405369748684
Japan__301081281107030,-0.005453986188649118,-0.001126686504095753
Japan__301081281107070,-0.032860282565243426,-0.08936458742156972
Japan__301081281107110,-0.007325631758820728,-0.11053128269114931
Japan__301081281107150,0.1613012528930134,0.17938097787366158
Japan__301081281107230,-0.09348550266975342,-0.07404661646123034
Japan__301081281107250,-0.12020096762874849,-0.1202167423964915
Japan__301081281107330,-0.029272937304979152,-0.0028312775531448287
Japan__301081281107340,0.06015179024896433,0.07382607830195087
Japan__301091281106100,-0.02524849766989834,0.15217301108502568
Japan__302011282206030,0.12194554751573561,0.12499264933095955
Japan__302011282218090,-0.03645365704973791,-0.08740084538528631
Japan__302011282218150,0.025071258587594736,-0.019154376870529344
Japan__302011282218250,-0.06427321756168702,-0.0355901991881975
Japan__302011282218310,0.023050684227452933,-0.07246286887804698
Japan__302011282218330,-0.013302826062227657,0.050920259401667334
Japan__302011282228080,-0.08075267213943471,0.03613635877922222
Japan__302011282228090,-0.0003460323645076979,-0.005978017716802564
Japan__302021282224050,-0.1230349039989474,-0.1047445693671874
Japan__302041282204200,-0.04926450492549328,-0.11733389077500411
Japan__302041282204250,-0.05792767238296581,-0.15067297726501339
Japan__302041282204280,-0.0696710448752842,-0.14877490101077406
Japan__302041282204330,-0.18428611942204626,-0.20028416399855814
Japan__302041282204420,0.05015694779282742,0.03376005160891249
Japan__302041282204430,-0.15120145560376502,-0.18317578802108142
Japan__302041282204480,-0.18494094677556983,-0.16609289794213222
Japan__302041282220010,0.023046852153317365,0.04108877420731738
Japan__302041282220190,-0.18089255455186215,-0.2317793371975404
Japan__302061282202010,0.12479135138947295,0.1355722210315471
Japan__302061282202050,-0.050477968008117324,-0.0713891894148565
Japan__302061282202080,0.057636519444862255,0.05584925650569472
Japan__302091282210100,0.12752430453257524,0.11850380711218023
Japan__302091282210150,-0.056539833547072926,-0.043170338574743616
Japan__302091282226030,-0.09197698161594692,-0.08382778459328377
Japan__302101282209100,-0.02220654549352008,-0.025747287095408522
Japan__302111282214130,-0.08144304370235245,-0.08714907294736152
Japan__302111282214180,-0.11878953822332483,-0.11183837516035244
Japan__302111282215050,0.07858888783615614,0.05155521144232256
Japan__302111282216190,0.0560121550628494,0.03183625357654163
Japan__302111282221060,-0.3528473131308747,1.004516855033428
Japan__302121282227030,0.13376967839772713,0.015641505419960455
Japan__303021283322030,-0.0617488116656546,-0.194447921970611
Japan__303031283301060,-0.08106866824070358,-0.02538608528408215
Japan__303031283301070,0.004352536693649656,0.05267712369440414
Japan__303031283301100,0.10778628148402192,0.1366138283618672
Japan__303031283303180,0.010698360834772824,-0.037050025111341256
Japan__303031283305210,-0.017811595048815576,-0.05363260188629293
Japan__303031283305780,0.12286128853358447,0.1868569711344339
Japan__303031283306080,0.11006432593293392,0.053314565974572625
Japan__303031283306420,0.2810712652677373,0.31692163255329064
Japan__303031283306540,0.1757181197378419,0.10504820114920388
Japan__303031283307080,0.04236603014530449,0.1307764733786544
Japan__303031283307240,0.21209492296305799,0.21190493938435984
Japan__303031283323050,0.2260581130636089,-0.03837333025741968
Japan__303031283323110,0.0966362659930083,0.4045488524273936
Japan__303031283323140,0.1353044386644459,0.1583174343580524
Japan__303041283308140,-0.07783884693188803,-0.24361740462076126
Japan__303041283308160,-0.08578947147188787,-0.02588418587433816
Japan__303051283310050,0.026506305405436636,0.055685879322098786
Japan__303051283310080,0.16398597091612738,0.1859509344407761
Japan__304011284406030,-0.007734533216164907,-0.08306753241388831
Japan__304031284401090,0.018220305527220204,0.07523529120311179
Japan__304031284403140,0.024896754252182185,0.07348306225820034
Japan__304031284416010,0.7280672509020252,0.8783057180684962
Japan__304031284416180,0.031023096450743082,0.06972328520880411
Japan__304041284407010,-0.14003198300476316,-0.17814688644789844
Japan__304041284407080,-0.09813144447215222,-0.1462275369714957
Japan__304081284408060,-0.09680391389255605,-0.08019851755115104
Japan__304101284408070,0.04053779562048998,0.03353554233568112
Japan__304121284412010,0.041213203940964505,0.040633999061042814
Japan__304121284412020,-0.016840112067532997,-0.011438635959323373
Japan__305011285508010,-0.03617786144047386,-0.10876348884721443
Japan__305011285508110,0.32364123892933117,0.40485455901175704
Japan__305051285516010,-0.11016006551245372,-0.12121553692737486
Japan__305051285516060,-0.04495293056702265,-0.033155184658768766
Japan__305061285512040,0.07938802997772254,0.10531473209261355
Japan__305061285512070,0.04325586073089077,0.0761543095375935
Japan__305061285512130,0.02273582090214671,0.030239095926110127
Japan__305071285512040,-0.08727675330617002,0.10385213204767751
Japan__305101285514060,-0.11210065967212637,-0.051806784529451866
Japan__305111285514060,0.12600423178910236,-0.2502450051892754
Japan__306021286614100,0.13679309593096428,0.17668028439947964
Japan__306041286603120,-0.2736092179601286,-0.13614391260111036
Japan__306041286608020,-0.0009106176852604619,0.061821811519209735
Japan__306041286617090,0.03065036888710998,0.02277480394680348
Japan__306051286611020,0.004789190726366854,0.020564383827799126
Japan__306051286611030,0.016857159562494672,0.022359753347691802
Japan__306051286611090,0.051245339271209334,0.05340439170201261
Japan__306061286611030,-0.14110696919499444,-0.12838817486648124
Japan__306071286619110,0.05208754785366043,0.0559018347532898
Japan__306091286605030,-0.0031579351701402913,-0.006107364176875629
Japan__306091286605050,0.014232262429114795,0.14273776185021614
Japan__307011287701090,0.09404489115553805,0.08808582405939802
Japan__307011287701110,-0.16729930928231285,-0.22951127470087074
Japan__307021287702010,0.0806194572673421,0.163996075305257
Japan__307021287702060,0.13932207149285641,0.017538160171764516
Japan__307031287703010,-0.18722886509130576,-0.022955517711208184
Japan__307031287703150,0.01418455003383301,-0.05284770682666606
Japan__307051287707040,0.04866161359386334,0.049970979137954896
Japan__307051287711020,-0.049886974983334276,-0.003735355671816487
Japan__307051287711100,-0.023260312919715198,-0.07934894054072161
Japan__307051287711170,0.005214631674679948,0.07204242676787942
Japan__307071287715020,-0.04373409670633266,-0.0166028296143631
Japan__307091287712160,-0.1457845031780307,-0.1224645971952914
Japan__307111287708050,-0.0834435073675574,0.0480521889078368
Japan__307131287708030,-0.030292976284618023,-0.011769537727110757
Japan__307131287708050,-0.020337704216873198,-0.026889688219227215
Japan__307131287708090,-0.013875834870785697,-0.08961564465681215
Japan__308041288808010,0.061583643347067674,0.06290218392940417
Japan__308071288801020,-0.1483567326604429,0.22483454415014825
Japan__309011289902010,-0.09547790583601556,-0.0416945314874948
Japan__309011289902060,-0.3945499921737791,-0.2054882310317522
Japan__309021289903100,0.07645634045109467,0.04440602239949892
Japan__309061289901360,0.0753749975509449,0.23913427554722044
Japan__309061289901400,0.08878035437601606,-0.011422586203610807
Japan__309061289904070,-0.4793337827950303,-0.47730150326282206
Japan__309081289911030,0.1448821054275048,-0.1282173336847602
Japan__309081289911120,0.3389016004640717,0.43594992552609
Japan__309101289908070,-0.06399635564500245,0.05946407589545499
Japan__309101289908170,-0.09537741231383859,0.05993448242032273
Japan__309121289918060,-0.03110028290593303,-0.057837057851847895
Japan__309121289918130,0.10815742026539477,0.016811041477171718
Japan__309121289924020,0.02752038214295316,-0.032840588050182085
Japan__309131289919010,0.002757288693046589,0.029253809961975574
Japan__309141289916010,-0.10301578548386792,0.10369386429369987
Japan__309141289916130,0.07816894328754531,0.09281194660990089
Japan__309181289913020,-0.009519973523963832,0.040667110313086674
Japan__309181289913310,4.795145229171686,4.439229497791357
Japan__309191289913020,-0.03401032241069257,0.04830217679230675
Japan__309191289913100,0.003942259111473112,0.06595029310532638
LamaHCE__102,0.11025260291963201,0.10117073236752405
LamaHCE__105,-0.13336727288706685,-0.05490258827683214
LamaHCE__108,-0.038895511165280006,-0.049853645675038916
LamaHCE__118,-0.08437038699625765,-0.06430217226186907
LamaHCE__127,0.010378799388149895,0.011053857767556408
LamaHCE__135,-0.0466885041758629,-0.06382786597750711
LamaHCE__137,-0.06102534553041061,-0.040240798430688396
LamaHCE__138,0.07996289020154268,0.06473245423682317
LamaHCE__149,-0.058127274358326986,-0.06416914231414061
LamaHCE__153,-0.1820343001362279,-0.14380678394944668
LamaHCE__156,0.10739859403358398,0.24245354893498716
LamaHCE__157,-0.0437183045588434,-0.09491834097376928
LamaHCE__159,-0.04863168241889082,0.014681411168972813
LamaHCE__174,-0.04468074444213044,-0.002549759719102207
LamaHCE__175,-0.11120965107910485,-0.10930724749595833
LamaHCE__178,0.05831081958169537,0.042145630617222096
LamaHCE__180,-0.02984746366260127,-0.04284078322399709
LamaHCE__182,-0.0549285529331881,-0.04791282301485722
LamaHCE__184,-0.03398667113951526,-0.006957403636526305
LamaHCE__192,-0.05251647575846308,-0.031582744540567975
LamaHCE__194,-0.06917302341766168,-0.02218603319686968
LamaHCE__196,-0.03725845961528895,0.05108165521482866
LamaHCE__208,-0.057174015438484216,-0.05209188879123949
LamaHCE__211,0.003213056588040497,-0.09395159723623259
LamaHCE__219,-0.11013711195503584,-0.14318681130212796
LamaHCE__221,-0.19762690986261022,-0.22545341863049562
LamaHCE__234,-0.05984296424992985,-0.08043555041347361
LamaHCE__240,-0.05125482180185631,0.15695595624822878
LamaHCE__242,-0.02240741036869176,0.13160671782342825
LamaHCE__246,-0.021608693683975777,-0.12735374868343385
LamaHCE__247,-0.03369925589759426,-0.09644100081521989
LamaHCE__253,0.07651661945452981,0.03908349091253571
LamaHCE__256,0.12866390892332125,0.0923900719768902
LamaHCE__26,-0.34679766322404343,-0.25364987044414733
LamaHCE__272,-0.05601762746670669,-0.02633717870380803
LamaHCE__273,-0.16625772306123188,-0.15060324761119548
LamaHCE__28,-0.16598356512401913,-0.11378246962357053
LamaHCE__283,-0.01407283977088264,0.029077840632622698
LamaHCE__284,0.08292738244741038,0.10445823452283043
LamaHCE__285,-0.054278465693593514,-0.05836489516736998
LamaHCE__288,0.192539303046671,0.1194851831788043
LamaHCE__300,-0.03550887413415338,-0.06547821163863621
LamaHCE__302,-0.16378607095367326,-0.132031352357319
LamaHCE__311,-0.12174430383367663,-0.1326677641023294
LamaHCE__312,0.044419870924866434,0.05071353121154332
LamaHCE__313,-0.02678787943535965,-0.07748842906909803
LamaHCE__317,0.04117197998475741,-0.036238103577929115
LamaHCE__329,0.07165557497787223,-0.01710358858607708
LamaHCE__333,0.29402495441613774,0.2685025557472611
LamaHCE__337,-0.1848263936299297,-0.129905068050147
LamaHCE__339,-0.05393821492240036,-0.02998195775510326
LamaHCE__345,-0.027188887136419537,-0.11985399491991311
LamaHCE__349,-0.37199677701970746,0.07546057425405184
LamaHCE__352,0.011669161917161275,-0.09879775784439548
LamaHCE__357,-0.08768398993662874,0.003323314497085339
LamaHCE__358,-0.040295508272576,-0.05874313323268665
LamaHCE__379,0.15939389795420877,0.1036048811409529
LamaHCE__387,-0.03473835836843764,-0.10104278113656251
LamaHCE__390,-0.029687480796143084,-0.009481708885994589
LamaHCE__405,-0.11156755301467713,-0.10894259158011033
LamaHCE__406,0.059660314015482774,0.12283796366677224
LamaHCE__409,0.14292072320718274,0.12014007571187524
LamaHCE__413,0.2559447632511792,0.23902535168981412
LamaHCE__423,-0.14072122765548112,-0.11272572677498693
LamaHCE__43,-0.11749370624421507,-3.8955852677546865e-05
LamaHCE__435,-0.22007731048488502,0.025665043462646364
LamaHCE__436,-0.020477183998830473,0.02996882372282217
LamaHCE__438,0.02282117667955974,-0.02426889447389946
LamaHCE__442,-0.03387170416741292,-0.07894183013471101
LamaHCE__445,-0.1066770082397886,-0.12450424830961437
LamaHCE__446,-0.06709763021848714,-0.10673843846392139
LamaHCE__450,0.005497867015649194,-0.020443465636305905
LamaHCE__452,-0.07627531997892056,-0.060111286400790775
LamaHCE__453,0.15931474623921882,0.18609149363799682
LamaHCE__457,-0.0392339994086196,-0.057878000735157475
LamaHCE__461,0.042055565999993716,0.04183094763651152
LamaHCE__467,0.05913312905061008,0.027267342980561105
LamaHCE__470,-0.036540408458019535,0.044028382188143866
LamaHCE__473,-0.04529615578229029,-0.12274074119912781
LamaHCE__475,0.006334374052986869,0.011720350588647954
LamaHCE__479,-0.014127681594686914,-0.014160460961506915
LamaHCE__481,-0.03228893997904303,-0.03718876345747135
LamaHCE__490,-0.02116392563044367,-0.052791652579142645
LamaHCE__491,-0.05667343341747533,0.06265020075467831
LamaHCE__493,-0.039184854119220125,-0.03204226245480746
LamaHCE__498,-0.05685802865185363,0.002405892679779531
LamaHCE__503,0.06490095794399953,0.02682644935865408
LamaHCE__511,0.008354048879009923,0.008924610282446732
LamaHCE__512,0.017795567206111862,0.08592387338636931
LamaHCE__514,0.07663117606121839,0.16370783358871466
LamaHCE__515,-0.08631397438034083,0.0256495161237692
LamaHCE__520,0.07631042832981749,0.05447623681926733
LamaHCE__532,-0.017346103813158265,-0.017272984056200147
LamaHCE__54,-0.010640537091264779,-0.08884587450216375
LamaHCE__547,-0.030393811847161722,-0.04862788614038893
LamaHCE__55,0.009686723169096023,-0.2411893579030011
LamaHCE__56,0.18729277260288035,0.14546205481359786
LamaHCE__563,-0.009788036647434328,-0.023599553159018183
LamaHCE__568,-0.05173699686291888,-0.04107359359879792
LamaHCE__57,0.40992161350313183,0.2878294894899689
LamaHCE__575,-0.012019772474246349,-0.05630187219738414
LamaHCE__581,0.06908164290492647,0.10725122725397418
LamaHCE__587,-0.03279772599886566,-0.06453183490642922
LamaHCE__592,-0.3001484063356015,-0.1796253623016998
LamaHCE__593,-0.25384028228944855,-0.3086431202046906
LamaHCE__596,-0.1348212242433552,-0.08925533867501023
LamaHCE__6,0.06688548569269936,0.034423553478795665
LamaHCE__618,0.050373907203690726,0.02535729525231012
LamaHCE__623,0.0028007619325630673,-0.02312178982023161
LamaHCE__627,-0.10062505912318898,-0.04313179030750158
LamaHCE__628,0.019168555560374667,0.026247804780224704
LamaHCE__63,-0.07188763957975086,-0.017089198782693993
LamaHCE__631,-0.0751896215291673,-0.07332965715383943
LamaHCE__636,0.02544727218251641,0.013993453051981741
LamaHCE__641,0.014514084480090395,0.05706590879912021
LamaHCE__648,0.09613281449433464,0.119275866451516
LamaHCE__65,-0.14112418557004602,-0.11069916007813707
LamaHCE__654,0.020759431255878646,-0.02041578883977635
LamaHCE__658,-8.165808832216737e-05,-0.005411589167540698
LamaHCE__659,-0.10124532589109225,-0.1824749897969945
LamaHCE__660,-0.07360857535261,-0.03868937860512167
LamaHCE__678,-0.08646403773818434,-0.1351242596317659
LamaHCE__681,-0.038827376145832204,-0.042107464292924446
LamaHCE__687,-0.16184335839431285,-0.07022843697952963
LamaHCE__697,-0.0660348150069956,-0.06013338069847407
LamaHCE__698,-0.0024796081699264283,0.16840057272452946
LamaHCE__699,-0.05924649932022441,-0.04934511127658914
LamaHCE__7,-0.0790134915436207,-0.07105497210327072
LamaHCE__710,-0.007951164227414487,-0.01639490840439084
LamaHCE__723,-0.021979514158352975,-0.07973629441713648
LamaHCE__726,-0.10733765331471123,-0.11678209212519819
LamaHCE__732,-0.13925190758702954,-0.13372011355872415
LamaHCE__734,-0.07318336258677904,-0.02544290319918585
LamaHCE__738,-0.023797872368977124,-0.1212097585416434
LamaHCE__74,0.007451492106329449,-0.10161871859103222
LamaHCE__744,-0.016846052273888135,0.011152348990941086
LamaHCE__746,0.028472909984538775,0.00887720897056532
LamaHCE__747,-0.06915151279229592,-0.016195305413212235
LamaHCE__749,0.1979218403079248,0.21673359123229563
LamaHCE__75,0.031651691097449475,0.047582437084142115
LamaHCE__753,-0.06783242836019487,-0.10751542884810295
LamaHCE__755,0.09161281684763323,-0.027299985471313626
LamaHCE__759,-0.06918144435577356,-0.07988965268516579
LamaHCE__760,0.16998102612196697,0.20812276448190792
LamaHCE__762,0.08760260472887016,0.034507665728455095
LamaHCE__769,0.11528011992935083,0.13406106902395043
LamaHCE__78,0.0054713735780130834,0.06756167103462418
LamaHCE__785,-0.031043566196669703,-0.06100370725450088
LamaHCE__806,0.031447311877830675,0.11639946960102376
LamaHCE__812,0.09581085891961627,0.021441712681033565
LamaHCE__815,-0.09573915952708578,-0.14773716365019762
LamaHCE__821,0.15848266530513927,0.12399453613034822
LamaHCE__835,-0.13291066450315553,-0.140629669091887
LamaHCE__840,-0.0044268823801378865,-0.04293821308645185
LamaHCE__842,-0.02223790028558681,0.042378547589804194
LamaHCE__86,-0.04329223298368309,-0.06182265740433239
LamaHCE__860,-0.08765780090435205,-0.17366625473933373
LamaHCE__862,0.003935624871406418,0.005749897402910709
LamaHCE__866,0.0842095790777099,0.0589567409011104
LamaHCE__867,0.07597340733216013,0.07086532976884369
LamaHCE__870,-0.011021974165217607,0.008361580726839901
LamaHCE__871,-0.1457462340873419,-0.22920663715800513
LamaHCE__872,0.1027062411445006,0.0863259761001137
LamaHCE__878,-0.09706435882348222,-0.06251017766169042
LamaHCE__882,-0.11903252755606325,-0.33705108983542553
LamaHCE__99,0.032119144086921514,0.2023145652079087
LamaHIce__1010,-0.14468538776666628,-0.13724141951965552
LamaHIce__13,-0.23652662008494962,-0.04084501922502504
LamaHIce__17,-0.05744379278249245,-0.020293855416311346
LamaHIce__20,-0.10204366380208252,-0.034570527651529015
LamaHIce__3,-0.061621450576561876,-0.009249032393514933
LamaHIce__45,-1.1599017508100686,-0.3689697655946652
LamaHIce__61,-0.1271769504535694,-0.03162843136789789
LamaHIce__62,0.029509113641276064,0.08886465155732648
LamaHIce__70,0.16001263010008537,0.11908975504883368
LamaHIce__78,-0.1851166536150915,-0.1776248185342083
LamaHIce__85,0.08652574395211088,0.05542073076896678
LamaHIce__890,-0.11933909052620612,-0.08666483613801967
LamaHIce__95,-0.28759208571427275,-0.3439780657653291
LamaHIce__96,-0.164768705844869,0.008295326928604407
