scheme_code,scheme_label,n_total_stations,n_valid_stations,median_val_kge,median_val_nse,median_test_kge,median_test_nse,n_excluded_stations
S1,S1 Csb-CA,8,8,-58.449408457246776,-2285.0217857645525,-102.25726813402223,-4758.877067491184,0
S2,S2 Cfa-SE,17,17,-0.5728814824174591,-0.6978036560109693,-0.5995326760955113,-0.6232187255205466,0
U1,U1 Dfa-MW,10,10,-1.8057506846872813,-5.981370623215515,-1.2145545518940302,-1.4993958629087067,0
U2,U2 Dfb(E)-GL,10,10,-1.5169125006787245,-1.483555278842906,-0.9364835481338922,-0.612545620462563,0
U3,U3 Dfb(W)-RK,6,6,-13.902955311532645,-235.96292985474076,-13.542980116115796,-136.40819828869547,0
U4,U4 BSk-SW,3,3,-1645.9495269801346,-76348.71352224378,-77.92593357895052,-335.7030004855203,0
U5,U5 BSk-NP,3,3,-44.19038624369393,-1902.5796409790569,-7.372295799400375,-10.617989188698536,0
