scheme_code,scheme_label,koppen_class,n_total_stations,n_valid_stations,median_val_kge,median_val_nse,median_test_kge,median_test_nse,n_excluded_stations
S1,S1 Csb-CA,Csb,8,8,-58.449408457246776,-2285.0217857645525,-102.25726813402223,-4758.877067491184,0
S2,S2 Cfa-SE,Cfa,12,12,-0.9262232579563128,-2.243925279405491,-0.8568469576429655,-2.649477188774087,0
S2,S2 Cfa-SE,Cfb,5,5,0.381737006346462,-0.2089382449126107,0.377703799614145,-0.25111199991874966,0
U1,U1 Dfa-MW,Dfa,10,10,-1.8057506846872813,-5.981370623215515,-1.2145545518940302,-1.4993958629087067,0
U2,U2 Dfb(E)-GL,Dfb,10,10,-1.5169125006787245,-1.483555278842906,-0.9364835481338922,-0.612545620462563,0
U3,U3 Dfb(W)-RK,Dfb,6,6,-13.902955311532645,-235.96292985474076,-13.542980116115796,-136.40819828869547,0
U4,U4 BSk-SW,BSk,3,3,-1645.9495269801346,-76348.71352224378,-77.92593357895052,-335.7030004855203,0
U5,U5 BSk-NP,BSk,3,3,-44.19038624369393,-1902.5796409790569,-7.372295799400375,-10.617989188698536,0
