station_id,n_training_batches,n_validation_batches,source,size_bin,fold,block,lat,long,nearest_other_fold_km_blocked,nearest_other_fold_km_random
BOMAustralia__001202A,116,49,BOMAustralia,1,1,63,-22.91,139.916,343.36816232355153,210.50407826269114
BOMAustralia__002105A,110,53,BOMAustralia,1,2,1,-22.177,143.164,148.919287201675,148.919287201675
BOMAustralia__003202A,145,62,BOMAustralia,1,1,98,-23.409,144.229,175.17215273396167,26.30717005965266
BOMAustralia__003204A,143,61,BOMAustralia,1,1,98,-22.448,145.024,181.03714259516678,134.33894733528865
BOMAustralia__003205A,119,51,BOMAustralia,1,1,98,-23.216,144.08,148.919287201675,26.30717005965266
BOMAustralia__003206A,2,1,BOMAustralia,0,2,1,-20.82,145.044,181.03714259516678,55.17973940360519
BOMAustralia__003302A,129,55,BOMAustralia,1,1,98,-23.649,145.217,258.18358427114276,89.79786718986284
BOMAustralia__003303A,170,74,BOMAustralia,2,1,98,-24.426,145.458,264.42921027322546,89.79786718986284
BOMAustralia__104001A,156,68,BOMAustralia,1,4,102,-14.168,143.393,127.21158539107307,25.99821654139153
BOMAustralia__105001B,155,68,BOMAustralia,1,1,52,-15.224,143.848,93.71099791946457,15.856336993999061
BOMAustralia__105002A,7,4,BOMAustralia,0,1,52,-15.348,143.775,93.75381846709726,15.856336993999061
BOMAustralia__105101A,155,69,BOMAustralia,1,1,52,-15.282,144.839,196.78942829154002,29.013301030469737
BOMAustralia__105102A,162,70,BOMAustralia,1,1,52,-15.614,144.484,174.121580631112,54.55208793375972
BOMAustralia__105104A,6,3,BOMAustralia,0,1,52,-15.49,144.529,172.4448774930349,58.01795892291278
BOMAustralia__105105A,169,74,BOMAustralia,2,1,52,-15.768,145.012,232.31960295118887,4.083993906650119
BOMAustralia__105106A,69,31,BOMAustralia,0,1,52,-15.759,144.975,228.31302586564965,4.083993906650119
BOMAustralia__106001A,9,5,BOMAustralia,0,1,52,-15.135,145.086,211.50056619789206,31.13843587725885
BOMAustralia__106002A,6,3,BOMAustralia,0,1,52,-14.759,144.857,170.77913455475033,13.798200136191634
BOMAustralia__106003A,6,3,BOMAustralia,0,1,52,-14.816,144.971,184.53044080861625,13.798200136191634
BOMAustralia__107001B,177,77,BOMAustralia,2,1,52,-15.424,145.066,224.31694958763327,27.940104421127046
BOMAustralia__107002A,16,9,BOMAustralia,0,1,52,-15.644,145.192,244.7471481257466,5.220157526544102
BOMAustralia__107003A,177,82,BOMAustralia,2,1,52,-15.688,145.209,248.18708402085306,5.220157526544102
BOMAustralia__108002A,187,82,BOMAustralia,2,1,52,-16.181,145.282,209.69617527585805,21.80363164447116
BOMAustralia__108003A,194,84,BOMAustralia,2,1,52,-15.985,145.288,231.4652359224739,21.80363164447116
BOMAustralia__108008A,168,73,BOMAustralia,2,1,52,-16.393,145.342,186.02914259015446,7.399317690964081
BOMAustralia__109001A,163,71,BOMAustralia,1,1,52,-16.453,145.372,179.3876197129644,4.278147774657617
BOMAustralia__109002C,7,4,BOMAustralia,0,1,52,-16.49,145.383,175.29993072254294,4.278147774657617
BOMAustralia__109003A,3,1,BOMAustralia,0,1,52,-16.565,145.462,167.39708503265632,11.852011458569104
BOMAustralia__110001D,148,65,BOMAustralia,1,1,52,-16.801,145.612,143.5694212551003,10.921723100429716
BOMAustralia__110002A,132,59,BOMAustralia,1,1,52,-17.002,145.43,118.68712203376168,18.385276327131162
BOMAustralia__110003A,164,71,BOMAustralia,1,1,52,-17.259,145.539,92.1539125582833,9.240254184006396
BOMAustralia__110006C,116,50,BOMAustralia,1,1,52,-17.163,145.543,102.66582672747208,9.6738170231477
BOMAustralia__110011B,104,46,BOMAustralia,0,1,52,-16.779,145.528,144.47645887549726,5.180551741551493
BOMAustralia__110016A,8,4,BOMAustralia,0,1,52,-16.823,145.512,139.4005158055424,5.180551741551493
BOMAustralia__110020A,119,56,BOMAustralia,1,1,52,-16.842,145.443,136.53195512121093,7.641586187497824
BOMAustralia__110021A,147,64,BOMAustralia,1,1,52,-17.338,145.512,82.95178915557638,9.240254184006396
BOMAustralia__110025A,105,46,BOMAustralia,1,1,52,-17.166,145.452,100.76446195478745,9.6738170231477
BOMAustralia__111005A,190,83,BOMAustralia,2,1,52,-17.183,145.725,103.0932174614154,6.909979417799647
BOMAustralia__111007A,202,88,BOMAustralia,2,1,52,-17.134,145.765,108.2756760047377,6.909979417799647
BOMAustralia__111009A,95,42,BOMAustralia,0,1,52,-17.048,145.8,117.75662006386682,10.260824611291856
BOMAustralia__111101D,210,91,BOMAustralia,2,1,52,-17.386,145.968,82.00888879614037,5.9998264489935185
BOMAustralia__111104A,16,8,BOMAustralia,0,1,52,-17.416,145.921,77.81139451210258,5.9998264489935185
BOMAustralia__111105A,180,79,BOMAustralia,2,1,52,-17.348,145.872,84.69475501950272,9.176593038325509
BOMAustralia__112002A,168,73,BOMAustralia,2,1,52,-17.553,145.917,62.73245116995045,2.4201937955704103
BOMAustralia__112003A,151,66,BOMAustralia,1,1,52,-17.38,145.652,82.44663168672804,15.574935166404044
BOMAustralia__112004A,192,84,BOMAustralia,2,1,52,-17.545,145.933,63.94360277975805,2.744168398904061
BOMAustralia__112005A,66,29,BOMAustralia,0,1,52,-17.532,145.911,64.91428590864905,2.4201937955704103
BOMAustralia__112006B,87,45,BOMAustralia,0,1,52,-17.541,145.862,63.22490709200792,5.290838648473443
BOMAustralia__112101B,207,90,BOMAustralia,2,1,52,-17.609,145.979,58.35696040115379,8.626768987092232
BOMAustralia__112102A,194,84,BOMAustralia,2,1,52,-17.715,145.906,44.87926111795063,10.863370976587321
BOMAustralia__112103B,87,44,BOMAustralia,0,1,52,-17.732,146.007,46.8559667452182,10.863370976587321
BOMAustralia__112104A,46,23,BOMAustralia,0,1,52,-17.587,146.007,61.6476384839683,9.12964787838836
BOMAustralia__113004A,148,64,BOMAustralia,1,1,52,-17.74,145.63,44.81216746947232,4.196022194809179
BOMAustralia__113006A,172,77,BOMAustralia,2,1,52,-17.992,145.942,19.321112603947697,26.1327312267658
BOMAustralia__113015A,102,51,BOMAustralia,1,1,52,-17.772,145.651,40.65705910636567,4.196022194809179
BOMAustralia__114001A,199,87,BOMAustralia,2,2,1,-18.107,145.805,19.321112603947697,19.920546605976902
BOMAustralia__114002B,101,46,BOMAustralia,0,2,1,-18.227,145.945,26.1327312267658,19.920546605976902
BOMAustralia__116004C,182,79,BOMAustralia,2,2,1,-18.193,145.332,36.128423772627976,14.153745867456164
BOMAustralia__116006B,174,75,BOMAustralia,2,2,1,-18.49,145.936,55.37869863047053,11.021094945809475
BOMAustralia__116008B,149,64,BOMAustralia,1,2,1,-18.443,145.844,51.20599403782792,11.021094945809475
BOMAustralia__116010A,133,59,BOMAustralia,1,2,1,-18.204,145.538,48.775106801484625,21.79474220547464
BOMAustralia__116011A,166,73,BOMAustralia,2,1,52,-17.605,145.478,53.272600164961666,15.170500446322533
BOMAustralia__116012A,177,77,BOMAustralia,2,2,1,-18.066,145.341,26.05483418733592,14.153745867456164
BOMAustralia__116013A,174,76,BOMAustralia,2,1,52,-17.652,145.341,46.034699630894096,5.428346939064857
BOMAustralia__116014A,187,81,BOMAustralia,2,1,52,-17.627,145.297,49.03622570739438,5.428346939064857
BOMAustralia__116015A,165,72,BOMAustralia,1,1,52,-17.736,145.438,38.102726412293585,13.886388758631316
BOMAustralia__116016A,147,64,BOMAustralia,1,1,52,-17.918,145.15,26.05483418733592,35.906944873249365
BOMAustralia__116017A,146,63,BOMAustralia,1,2,1,-18.766,145.95,86.0690132151451,30.725233061340642
BOMAustralia__117002A,141,61,BOMAustralia,1,2,1,-19.238,146.632,156.46834900332934,10.81954017005394
BOMAustralia__117003A,148,63,BOMAustralia,1,2,1,-19.183,146.547,146.9835650427928,10.81954017005394
BOMAustralia__118003A,72,31,BOMAustralia,0,2,1,-19.318,146.703,167.8311131817966,3.0047032073161493
BOMAustralia__118004A,13,6,BOMAustralia,0,2,1,-19.327,146.676,167.37706111932297,3.0047032073161493
BOMAustralia__118104A,4,2,BOMAustralia,0,2,1,-19.412,146.738,178.77265319697509,11.07844864575098
BOMAustralia__118106A,137,59,BOMAustralia,1,2,1,-19.387,146.958,188.44911027084808,23.24086665576504
BOMAustralia__119003A,177,76,BOMAustralia,2,2,45,-19.633,147.11,220.01777327167005,9.42731915380666
BOMAustralia__119005A,144,62,BOMAustralia,1,2,45,-19.774,146.958,225.14041828441194,13.746384399001307
BOMAustralia__119006A,146,63,BOMAustralia,1,2,45,-19.67,147.029,218.8604646521623,9.42731915380666
BOMAustralia__119101A,175,75,BOMAustralia,2,2,45,-19.69,147.169,228.7368974628451,7.96392348045657
BOMAustralia__119104A,22,10,BOMAustralia,0,2,45,-19.761,147.159,234.7049417320797,7.96392348045657
BOMAustralia__120014A,5,2,BOMAustralia,0,2,1,-20.177,146.322,246.21998647671597,58.32558732703059
BOMAustralia__120102A,138,60,BOMAustralia,1,2,1,-19.371,146.361,159.5629662484599,28.603122142964587
BOMAustralia__120106B,145,62,BOMAustralia,1,2,1,-19.681,145.541,192.49076071421894,34.736073856680036
BOMAustralia__120108C,2,1,BOMAustralia,0,2,1,-19.795,145.85,200.7179211007994,34.736073856680036
BOMAustralia__120111A,5,2,BOMAustralia,0,2,1,-18.878,144.974,108.35028469323731,16.024498171466053
BOMAustralia__120112A,156,67,BOMAustralia,1,2,1,-19.377,146.048,154.4091687197935,32.8399485947162
BOMAustralia__120113A,9,4,BOMAustralia,0,2,1,-19.586,144.822,188.66081737919794,64.86883717605106
BOMAustralia__120114A,4,2,BOMAustralia,0,2,1,-18.932,145.668,108.4447062228845,33.709611074297634
BOMAustralia__120115A,4,2,BOMAustralia,0,2,1,-19.022,144.98,124.06156586851849,16.024498171466053
BOMAustralia__120117A,2,1,BOMAustralia,0,2,1,-18.746,144.832,97.99687974496746,28.897198424906687
BOMAustralia__120118A,3,2,BOMAustralia,0,2,1,-18.501,145.246,65.61489557562795,6.5925259272649
BOMAustralia__120119A,4,2,BOMAustralia,0,2,1,-19.715,146.44,198.62577333924546,39.13660378175747
BOMAustralia__120120A,154,67,BOMAustralia,1,2,1,-19.132,145.909,126.8099336032985,33.709611074297634
BOMAustralia__120121A,41,18,BOMAustralia,0,2,1,-18.514,145.185,66.37520161758694,6.5925259272649
BOMAustralia__120123A,76,40,BOMAustralia,0,2,1,-18.663,145.092,83.06622840444909,19.25025918552348
BOMAustralia__120205A,158,69,BOMAustralia,1,2,45,-20.583,147.598,219.96710502711522,11.114202499331112
BOMAustralia__120207A,160,69,BOMAustralia,1,2,45,-20.918,148.324,217.23941558922715,20.94712066879391
BOMAustralia__120209A,45,20,BOMAustralia,0,2,45,-20.751,147.891,211.62143448309615,1.0361428013240146
BOMAustralia__120209B,118,54,BOMAustralia,1,2,45,-20.755,147.882,210.85213111774695,1.0361428013240146
BOMAustralia__120210A,4,2,BOMAustralia,0,2,45,-20.987,148.135,199.94199803394238,17.23803044790934
BOMAustralia__120212A,2,1,BOMAustralia,0,2,45,-20.801,148.166,219.3217165216123,4.511263109917792
BOMAustralia__120213A,2,1,BOMAustralia,0,2,45,-20.82,148.31,225.40322908994224,15.115822816575049
BOMAustralia__120214A,15,7,BOMAustralia,0,2,45,-20.832,148.138,214.8829419812482,4.511263109917792
BOMAustralia__120216A,173,75,BOMAustralia,2,2,45,-21.193,148.448,199.64668074526233,21.3819899063631
BOMAustralia__120218A,3,1,BOMAustralia,0,2,45,-21.113,147.924,176.76441094126605,25.995182432788514
BOMAustralia__120220A,10,5,BOMAustralia,0,2,45,-20.595,147.704,221.51292726052685,11.114202499331112
BOMAustralia__120299A,27,12,BOMAustralia,0,2,45,-20.741,147.95,215.06971894766093,6.235069882386862
BOMAustralia__120304A,139,59,BOMAustralia,1,2,45,-21.45,147.716,133.54923321773964,43.22802580890136
BOMAustralia__120305A,142,61,BOMAustralia,1,1,98,-23.575,146.674,181.9995177433901,98.12525953459627
BOMAustralia__120306A,7,3,BOMAustralia,0,1,98,-22.506,147.099,63.14866371725611,63.14866371725611
BOMAustralia__120307A,124,53,BOMAustralia,1,2,1,-20.476,145.475,224.18755611682982,58.94356698073939
BOMAustralia__120308A,2,1,BOMAustralia,0,2,45,-20.606,146.644,216.44641259133405,58.32558732703059
BOMAustralia__120309A,134,58,BOMAustralia,1,2,45,-21.957,146.942,63.14866371725611,63.14866371725611
BOMAustralia__121001A,154,66,BOMAustralia,1,2,45,-20.289,148.117,268.0998409356988,15.956573144909163
BOMAustralia__121002A,140,61,BOMAustralia,1,2,45,-19.933,147.842,294.1067849166373,40.635924275903406
BOMAustralia__121003A,152,66,BOMAustralia,1,2,45,-20.15,148.155,283.8882213394397,15.956573144909163
BOMAustralia__121004A,132,58,BOMAustralia,1,2,45,-20.005,148.128,297.83778486050454,16.367986820331975
BOMAustralia__122003A,118,51,BOMAustralia,1,2,45,-20.368,148.391,272.75831875529593,14.99557364261415
BOMAustralia__122004A,154,66,BOMAustralia,1,2,45,-20.3,148.548,287.5220090210124,11.481532309806498
BOMAustralia__122005A,63,28,BOMAustralia,0,2,45,-20.392,148.598,281.63718203812306,11.481532309806498
BOMAustralia__122012A,20,10,BOMAustralia,0,2,45,-20.412,148.527,275.7724930757917,12.644793680820205
BOMAustralia__124001B,108,50,BOMAustralia,1,2,45,-20.652,148.572,256.3109950690591,8.249420085201429
BOMAustralia__124002A,179,78,BOMAustralia,2,2,45,-20.907,148.76,237.596429397515,27.645246846708226
BOMAustralia__124003A,153,66,BOMAustralia,1,2,45,-20.573,148.47,257.4956037618081,18.861164555954126
BOMAustralia__124005A,114,53,BOMAustralia,1,2,45,-20.723,148.595,251.43792475217808,8.249420085201429
BOMAustralia__125002C,157,68,BOMAustralia,1,2,45,-21.272,148.821,196.7883390356595,5.720550690754651
BOMAustralia__125003A,5,3,BOMAustralia,0,2,45,-21.141,148.934,211.3519588711679,14.727335649684436
BOMAustralia__125004B,164,72,BOMAustralia,1,2,45,-21.178,148.744,207.60870528174576,8.917642679694751
BOMAustralia__125005A,160,69,BOMAustralia,1,2,45,-21.322,148.834,191.19534425096825,5.720550690754651
BOMAustralia__125006A,166,72,BOMAustralia,2,2,45,-21.112,148.635,215.93943701808146,2.7497925854584353
BOMAustralia__125007A,187,82,BOMAustralia,2,2,45,-21.177,148.83,207.32388258147927,8.917642679694751
BOMAustralia__125009A,110,49,BOMAustralia,1,2,45,-21.133,148.649,213.45637975081502,2.7497925854584353
BOMAustralia__125014A,118,51,BOMAustralia,1,2,45,-21.222,148.665,203.43874821247462,9.54001238664199
BOMAustralia__125016A,114,52,BOMAustralia,1,2,45,-21.142,149.076,212.15211433505098,14.727335649684436
BOMAustralia__126001A,168,73,BOMAustralia,2,2,45,-21.284,149.022,195.93921440766624,16.75254798875745
BOMAustralia__126002A,5,2,BOMAustralia,0,2,45,-21.427,149.228,183.06841307125995,20.459103607487815
BOMAustralia__126003A,150,65,BOMAustralia,1,2,45,-21.916,149.398,126.59666024799868,21.476520897858666
BOMAustralia__126007A,28,15,BOMAustralia,0,2,45,-21.661,149.314,156.1427871750786,24.086122098375032
BOMAustralia__129001A,177,77,BOMAustralia,2,0,73,-22.835,150.666,165.65197065200954,61.40778116323519
BOMAustralia__130002B,127,55,BOMAustralia,1,0,73,-23.097,150.138,129.15396400346887,31.040116692163263
BOMAustralia__130008A,51,23,BOMAustralia,0,0,73,-23.483,150.344,157.71471329120266,19.228574111277723
BOMAustralia__130009A,93,42,BOMAustralia,0,0,73,-22.968,149.869,101.85699225563845,31.040116692163263
BOMAustralia__130107A,4,2,BOMAustralia,0,1,98,-23.041,148.877,78.73964212012862,58.1625272750572
BOMAustralia__130206A,169,74,BOMAustralia,2,1,98,-23.429,148.151,102.41120373732402,13.786414833699624
BOMAustralia__130207A,122,52,BOMAustralia,1,1,98,-22.798,147.58,81.2242034721052,30.91843224467553
BOMAustralia__130210A,121,52,BOMAustralia,1,1,98,-23.187,147.894,85.64576913435401,37.588552545637235
BOMAustralia__130212A,7,4,BOMAustralia,0,1,98,-23.835,147.595,154.88854082763288,63.26356451905247
BOMAustralia__130213A,8,4,BOMAustralia,0,1,98,-24.476,147.143,179.12165705548045,84.75431471211812
BOMAustralia__130215A,28,12,BOMAustralia,0,1,98,-23.208,148.338,76.54847536517872,31.12079901799767
BOMAustralia__130218A,3,1,BOMAustralia,0,1,98,-23.061,147.482,104.2035561836439,30.91843224467553
BOMAustralia__130221A,4,3,BOMAustralia,0,1,98,-23.552,148.134,116.18967080686173,13.786414833699624
BOMAustralia__130306B,135,59,BOMAustralia,1,0,73,-24.097,150.116,166.32042249286485,18.282631249346696
BOMAustralia__130313A,122,52,BOMAustralia,1,0,73,-25.388,149.789,137.70320654399129,7.824998812193321
BOMAustralia__130316A,130,56,BOMAustralia,1,0,73,-24.339,149.578,121.79246738522235,60.8330603856771
BOMAustralia__130319A,132,57,BOMAustralia,1,0,73,-24.149,150.525,184.21926039273697,23.79559840377016
BOMAustralia__130321A,15,6,BOMAustralia,0,0,73,-24.411,150.721,149.78864180317106,10.340307820374711
BOMAustralia__130324A,162,70,BOMAustralia,1,0,73,-25.744,149.33,128.82577139086726,19.588336930576325
BOMAustralia__130325A,6,3,BOMAustralia,0,0,73,-25.458,149.781,135.13025960282073,7.824998812193321
BOMAustralia__130327A,154,67,BOMAustralia,1,0,73,-24.103,150.296,184.4892665077368,18.282631249346696
BOMAustralia__130334A,132,57,BOMAustralia,1,0,73,-24.562,150.748,133.14541180738726,12.636065094886723
BOMAustralia__130335A,145,63,BOMAustralia,1,0,73,-23.766,150.358,171.2864839531882,1.1413055440348436
BOMAustralia__130336A,112,48,BOMAustralia,1,0,73,-24.576,150.624,136.92357575536764,12.636065094886723
BOMAustralia__130340A,1,1,BOMAustralia,0,0,73,-25.419,150.239,97.24212548543062,46.19370088407078
BOMAustralia__130341A,6,2,BOMAustralia,0,0,73,-25.429,149.4,115.0161701105288,35.723014170537105
BOMAustralia__130342A,3,1,BOMAustralia,0,0,73,-25.711,148.972,101.83366442301975,36.048820815797534
BOMAustralia__130344A,136,59,BOMAustralia,1,0,73,-26.025,149.878,81.75550971008889,47.59675625450127
BOMAustralia__130347A,140,60,BOMAustralia,1,0,73,-24.323,150.688,160.1250954077196,10.340307820374711
BOMAustralia__130348A,134,57,BOMAustralia,1,0,73,-24.448,150.426,159.0987957893626,29.954095890095974
BOMAustralia__130349A,121,52,BOMAustralia,1,0,73,-23.972,150.392,185.95729787774115,18.8075269614075
BOMAustralia__130353A,69,32,BOMAustralia,0,0,73,-24.312,150.777,158.37945088244544,12.38384471565835
BOMAustralia__130369A,124,54,BOMAustralia,1,0,73,-23.646,150.407,170.0714443595335,14.245499387355043
BOMAustralia__130370A,132,57,BOMAustralia,1,0,73,-23.764,150.369,172.17475915515067,1.1413055440348436
BOMAustralia__130375A,111,49,BOMAustralia,1,0,73,-25.496,149.52,129.1186652012781,26.538269220523482
BOMAustralia__130376A,81,41,BOMAustralia,0,0,73,-25.899,149.423,117.43523115371428,19.588336930576325
BOMAustralia__130378A,52,28,BOMAustralia,0,0,73,-23.849,150.265,167.6936970514841,13.217088621709307
BOMAustralia__130402A,2,1,BOMAustralia,0,2,45,-21.627,148.122,141.6593649853013,46.37613255047536
BOMAustralia__130403A,168,73,BOMAustralia,2,2,45,-22.035,149.131,114.86341285988465,21.73087730123442
BOMAustralia__130404A,179,78,BOMAustralia,2,2,45,-22.336,148.949,78.73964212012862,16.00673602762607
BOMAustralia__130405A,6,3,BOMAustralia,0,2,45,-21.564,149.096,165.77292842559996,20.459103607487815
BOMAustralia__130406A,169,74,BOMAustralia,2,2,45,-21.777,148.928,140.6481270915537,14.484072653305878
BOMAustralia__130407A,88,38,BOMAustralia,0,2,45,-21.683,148.686,152.274631845827,14.228777235666037
BOMAustralia__130408A,3,1,BOMAustralia,0,2,45,-22.349,149.104,80.39335541333597,16.00673602762607
BOMAustralia__130409A,1,1,BOMAustralia,0,2,45,-22.52,148.312,76.54847536517872,39.48802986865893
BOMAustralia__130410A,126,54,BOMAustralia,1,2,45,-22.171,148.383,108.01495926131182,39.48802986865893
BOMAustralia__130411A,3,1,BOMAustralia,0,2,45,-21.84,148.532,138.17180330518724,23.615559396507166
BOMAustralia__130412A,2,1,BOMAustralia,0,2,45,-22.285,148.756,84.97526646718126,36.497911963764096
BOMAustralia__130413A,130,56,BOMAustralia,1,2,45,-21.769,148.788,141.735539042642,14.228777235666037
BOMAustralia__130414A,97,42,BOMAustralia,0,2,45,-21.856,147.973,112.27487080211543,52.37884140889337
BOMAustralia__130416A,50,24,BOMAustralia,0,2,45,-21.851,149.202,136.47210077306906,21.476520897858666
BOMAustralia__130507A,4,2,BOMAustralia,0,0,73,-24.54,148.912,63.80462841549519,63.80462841549519
BOMAustralia__130508A,3,1,BOMAustralia,0,1,98,-24.57,148.282,63.80462841549519,45.5670834833401
BOMAustralia__130509A,140,60,BOMAustralia,1,1,98,-24.971,148.375,72.36753848020571,45.5670834833401
BOMAustralia__130510A,117,53,BOMAustralia,1,1,98,-23.858,148.5,86.58538247223186,50.46102588606592
BOMAustralia__132001A,163,71,BOMAustralia,1,0,73,-23.986,151.098,168.31987741809263,23.783778678332702
BOMAustralia__132002A,3,1,BOMAustralia,0,0,73,-24.072,150.825,182.23563207005472,36.27753988841582
BOMAustralia__132004A,7,3,BOMAustralia,0,0,73,-23.703,151.027,196.90361059519762,32.28603092142524
BOMAustralia__133001B,3,1,BOMAustralia,0,0,73,-24.06,151.316,147.5510926830741,21.887632070482717
BOMAustralia__133003A,35,16,BOMAustralia,0,0,73,-24.193,151.157,147.8607449543395,21.887632070482717
BOMAustralia__133004A,34,16,BOMAustralia,0,0,73,-24.282,151.287,131.4647765617808,8.822317973498032
BOMAustralia__133006A,14,6,BOMAustralia,0,0,73,-24.358,151.312,123.92004399267194,8.822317973498032
BOMAustralia__134002A,86,44,BOMAustralia,0,0,73,-24.377,151.825,87.92112600572497,48.14617674058733
BOMAustralia__135002A,164,71,BOMAustralia,1,0,73,-24.752,151.587,75.65593531641044,39.035555728561675
BOMAustralia__135004A,158,68,BOMAustralia,1,0,73,-24.968,151.892,37.47622338703828,11.551204678436573
BOMAustralia__135007A,1,1,BOMAustralia,0,0,73,-24.868,152.074,29.54597264946297,21.459210530432237
BOMAustralia__135012A,93,40,BOMAustralia,0,0,73,-24.871,151.851,45.98045032996458,11.551204678436573
BOMAustralia__136011A,145,64,BOMAustralia,1,2,32,-25.382,151.988,25.28757770335524,16.324740211261048
BOMAustralia__136019A,14,7,BOMAustralia,0,0,73,-25.234,151.797,25.28757770335524,25.28757770335524
BOMAustralia__136101C,164,71,BOMAustralia,1,0,73,-25.128,151.131,61.54571982667285,17.190388578915375
BOMAustralia__136103B,148,64,BOMAustralia,1,0,73,-25.282,151.146,44.46781469273022,14.162544615867079
BOMAustralia__136106A,157,69,BOMAustralia,1,0,73,-25.403,151.102,33.13114260957461,14.162544615867079
BOMAustralia__136107A,3,1,BOMAustralia,0,0,73,-24.723,151.008,108.1624384455711,16.191967147037744
BOMAustralia__136108A,119,51,BOMAustralia,1,0,73,-24.613,151.113,118.49140859965439,16.191967147037744
BOMAustralia__136109B,95,41,BOMAustralia,0,0,73,-25.2,150.994,58.178857063005765,17.800487357470992
BOMAustralia__136112A,124,53,BOMAustralia,1,0,73,-24.992,151.347,76.3178565505917,25.649872574105714
BOMAustralia__136118A,136,59,BOMAustralia,1,0,73,-25.213,151.274,51.12728808817401,14.98629625673682
BOMAustralia__136119A,90,39,BOMAustralia,0,0,73,-24.867,151.108,90.55051347661148,18.92838694683768
BOMAustralia__136203A,127,55,BOMAustralia,1,2,32,-26.738,151.818,84.72229439993106,14.2994486516938
BOMAustralia__136204A,2,1,BOMAustralia,0,2,32,-26.651,151.924,91.37360585191472,14.2994486516938
BOMAustralia__136206A,33,15,BOMAustralia,0,2,32,-26.052,151.726,82.84122196308837,15.643330793873067
BOMAustralia__136207A,157,69,BOMAustralia,1,2,32,-25.711,151.808,53.05147334062284,38.79472386713249
BOMAustralia__136208A,148,65,BOMAustralia,1,2,32,-25.902,151.843,74.42138085194365,20.371053883408045
BOMAustralia__136209A,148,65,BOMAustralia,1,2,32,-26.47,152.057,109.93570444996163,20.41176662168086
BOMAustralia__136211A,102,44,BOMAustralia,0,2,32,-26.301,151.977,118.88093002980256,8.972913013443042
BOMAustralia__136213A,149,64,BOMAustralia,1,2,32,-26.318,152.065,123.48622182907035,8.972913013443042
BOMAustralia__136214A,120,53,BOMAustralia,1,2,32,-26.169,151.813,97.0840100387609,15.643330793873067
BOMAustralia__136301B,157,69,BOMAustralia,1,2,32,-26.502,151.772,111.10227434492361,22.4273539730572
BOMAustralia__136303A,11,6,BOMAustralia,0,2,32,-25.847,151.364,40.14538531565448,7.544449984103506
BOMAustralia__136304A,152,66,BOMAustralia,1,2,32,-26.182,151.546,77.44567499535603,15.079558045072108
BOMAustralia__136305A,166,72,BOMAustralia,2,0,73,-25.681,151.008,23.671891451031147,23.671891451031147
BOMAustralia__136306A,144,63,BOMAustralia,1,2,32,-25.938,151.02,28.602331790059125,28.602331790059125
BOMAustralia__136315A,139,61,BOMAustralia,1,2,32,-26.255,151.308,70.52066805903634,22.002541995772553
BOMAustralia__136317A,85,37,BOMAustralia,0,2,32,-26.092,151.433,62.41946292983507,15.079558045072108
BOMAustralia__136318A,86,37,BOMAustralia,0,2,32,-25.672,151.244,23.671891451031147,15.382954456737696
BOMAustralia__136319A,145,63,BOMAustralia,1,2,32,-25.786,151.331,34.396113788827144,7.544449984103506
BOMAustralia__137001B,132,57,BOMAustralia,1,2,32,-24.989,152.376,33.29214344098087,17.50643620330233
BOMAustralia__137101A,169,73,BOMAustralia,2,2,32,-25.087,152.24,29.54597264946297,17.50643620330233
BOMAustralia__137102A,3,2,BOMAustralia,0,2,32,-25.338,152.143,36.65896215946901,16.324740211261048
BOMAustralia__137103A,128,56,BOMAustralia,1,2,32,-25.152,152.392,44.98996553730286,13.013371886863496
BOMAustralia__137201A,150,65,BOMAustralia,1,2,32,-25.267,152.368,53.341170467509265,13.013371886863496
BOMAustralia__137202A,6,3,BOMAustralia,0,2,32,-25.292,152.293,50.292983789028234,18.480211652565007
BOMAustralia__137303A,39,18,BOMAustralia,0,2,32,-25.402,152.528,74.92949585817698,30.980048410034307
BOMAustralia__138001A,177,78,BOMAustralia,2,2,32,-25.953,152.496,106.32785385502241,10.340298750833828
BOMAustralia__138002C,155,67,BOMAustralia,1,2,32,-26.006,152.411,105.63427866482667,10.340298750833828
BOMAustralia__138003D,144,62,BOMAustralia,1,2,32,-26.216,152.521,131.083954665221,9.54084062324208
BOMAustralia__138004B,138,60,BOMAustralia,1,2,32,-25.903,152.349,92.73301770894757,13.022964419432942
BOMAustralia__138005A,8,4,BOMAustralia,0,2,32,-25.65,152.666,98.75978107181726,19.71782425714614
BOMAustralia__138007A,185,80,BOMAustralia,2,2,32,-26.169,152.601,131.5225554648239,9.54084062324208
BOMAustralia__138009A,162,70,BOMAustralia,1,2,32,-26.078,152.783,136.28778537654634,20.797676925429492
BOMAustralia__138010A,143,63,BOMAustralia,1,2,32,-26.079,152.22,103.08232074432323,20.73662404096528
BOMAustralia__138014A,172,75,BOMAustralia,2,2,32,-25.768,152.526,94.22654835829682,20.45688990238941
BOMAustralia__138102C,159,70,BOMAustralia,1,2,32,-26.366,152.62,113.06685603372628,3.5829977476443013
BOMAustralia__138106A,9,4,BOMAustralia,0,2,32,-26.702,152.865,71.84761112297109,12.827227678203514
BOMAustralia__138107B,180,78,BOMAustralia,2,2,32,-26.331,152.814,113.3892887598029,11.189147133417917
BOMAustralia__138109A,84,36,BOMAustralia,0,2,32,-26.324,152.702,115.75615831932764,9.340999264791451
BOMAustralia__138110A,183,80,BOMAustralia,2,2,32,-26.628,152.705,82.73439001867753,11.881496620640041
BOMAustralia__138111A,179,77,BOMAustralia,2,2,32,-26.527,152.744,92.80023510976564,11.881496620640041
BOMAustralia__138113A,156,68,BOMAustralia,1,2,32,-26.39,152.644,109.87051778826823,3.5829977476443013
BOMAustralia__138903A,162,71,BOMAustralia,1,2,32,-25.82,152.722,113.40318720149426,19.71782425714614
BOMAustralia__140002A,180,78,BOMAustralia,2,2,32,-26.057,153.042,142.10711625175608,25.975083156597048
BOMAustralia__141003C,130,56,BOMAustralia,1,2,32,-26.622,152.958,79.71774526553203,7.519275087417371
BOMAustralia__141004B,175,76,BOMAustralia,2,2,32,-26.562,152.939,86.5578684346696,7.929295906688874
BOMAustralia__141006A,174,76,BOMAustralia,2,2,32,-26.761,152.982,64.10187689345989,11.605573189788354
BOMAustralia__141008A,123,54,BOMAustralia,1,2,32,-26.662,153.019,74.86887204696727,7.519275087417371
BOMAustralia__141009A,183,80,BOMAustralia,2,2,32,-26.494,152.963,93.84239505830857,7.929295906688874
BOMAustralia__141010A,129,61,BOMAustralia,1,2,32,-26.878,153.004,50.95509129810961,13.191709141136075
BOMAustralia__142001A,181,79,BOMAustralia,2,2,32,-27.098,152.891,27.768720285355403,14.113857366651047
BOMAustralia__142106A,14,7,BOMAustralia,0,2,32,-27.219,152.84,16.38096244969499,4.854021295292501
BOMAustralia__142202A,120,52,BOMAustralia,1,1,85,-27.346,152.924,16.38096244969499,11.719295322530037
BOMAustralia__142203A,7,4,BOMAustralia,0,1,85,-27.335,153.042,23.768111421574176,11.719295322530037
BOMAustralia__142800A,43,19,BOMAustralia,0,2,32,-27.195,152.799,20.845912958977245,4.854021295292501
BOMAustralia__143007A,133,58,BOMAustralia,1,2,32,-26.804,152.273,70.02217253501527,6.958586015627879
BOMAustralia__143009A,133,58,BOMAustralia,1,2,32,-26.99,152.405,47.27439480928579,7.238502412384812
BOMAustralia__143010B,166,72,BOMAustralia,2,2,32,-26.978,152.285,51.14404892551339,4.757827885204603
BOMAustralia__143011A,3,1,BOMAustralia,0,2,32,-27.063,152.004,44.89400349763185,29.39600346714493
BOMAustralia__143015A,9,4,BOMAustralia,0,2,32,-26.74,152.136,79.92651826715935,9.822281311447966
BOMAustralia__143016A,112,54,BOMAustralia,1,2,32,-26.979,152.333,49.6965450370999,4.757827885204603
BOMAustralia__143018A,5,2,BOMAustralia,0,2,32,-26.752,152.234,76.63098983435799,6.958586015627879
BOMAustralia__143028A,108,47,BOMAustralia,1,1,85,-27.444,153.002,29.698937014893623,12.74741312462615
BOMAustralia__143033A,138,59,BOMAustralia,1,1,85,-27.73,152.947,57.79280788404815,12.11024510090731
BOMAustralia__143035A,53,23,BOMAustralia,0,1,85,-27.401,152.605,29.768139919028755,2.3416072984655014
BOMAustralia__143094A,17,8,BOMAustralia,0,1,85,-27.529,153.106,43.3370702875331,13.949085680365284
BOMAustralia__143105A,57,27,BOMAustralia,0,1,85,-27.773,152.685,63.47075094788956,10.904414896081875
BOMAustralia__143107A,180,78,BOMAustralia,2,1,85,-27.602,152.694,44.96007161403431,6.9193769810702115
BOMAustralia__143108A,165,72,BOMAustralia,1,1,85,-27.664,152.7,51.37425687545532,6.9193769810702115
BOMAustralia__143110A,162,70,BOMAustralia,1,1,85,-27.828,152.512,75.04538701651647,18.081993023304655
BOMAustralia__143112A,15,7,BOMAustralia,0,1,85,-28.028,152.552,94.32526680951365,13.472940978355743
BOMAustralia__143113A,133,58,BOMAustralia,1,1,85,-27.683,152.729,52.74421459860636,9.644078508887068
BOMAustralia__143115A,37,16,BOMAustralia,0,4,93,-27.642,146.757,206.29964104656622,37.14632576429887
BOMAustralia__143116A,44,21,BOMAustralia,0,4,93,-27.976,146.512,242.8494229657776,40.73255993544657
BOMAustralia__143121A,86,44,BOMAustralia,0,1,85,-27.664,152.542,57.56080223162132,15.560429288908322
BOMAustralia__143203B,3,1,BOMAustralia,0,1,85,-27.563,152.121,47.637723777624615,2.4088458983695378
BOMAustralia__143203C,149,65,BOMAustralia,1,1,85,-27.542,152.115,46.45580411623371,2.4088458983695378
BOMAustralia__143207A,69,29,BOMAustralia,0,1,85,-27.418,152.591,31.823726781961973,2.3416072984655014
BOMAustralia__143208A,4,1,BOMAustralia,0,1,85,-27.458,152.098,42.51482416103116,11.893767869227274
BOMAustralia__143210A,12,8,BOMAustralia,0,1,85,-27.467,152.528,38.51149829243869,9.530712125129279
BOMAustralia__143212A,169,72,BOMAustralia,2,1,85,-27.634,152.215,56.52715992795536,10.70154467469657
BOMAustralia__143217A,4,2,BOMAustralia,0,1,85,-27.413,152.453,33.113116630789506,9.530712125129279
BOMAustralia__143222A,44,20,BOMAustralia,0,4,93,-27.432,146.464,182.6515670292142,5.370577421515389
BOMAustralia__143224A,44,19,BOMAustralia,0,4,93,-27.411,146.415,180.71481379643365,5.370577421515389
BOMAustralia__143225A,51,22,BOMAustralia,0,4,93,-27.63,146.376,205.32718558616597,23.664789258346843
BOMAustralia__143229A,134,58,BOMAustralia,1,1,85,-27.552,152.388,46.610470577101594,6.990233208245027
BOMAustralia__143231A,34,15,BOMAustralia,0,1,85,-27.542,152.318,45.16069763087467,5.009112932099732
BOMAustralia__143236A,26,11,BOMAustralia,0,1,85,-27.55,152.268,46.44022555187942,5.009112932099732
BOMAustralia__143303A,194,84,BOMAustralia,2,2,32,-26.838,152.842,57.06730405925274,13.47942462407438
BOMAustralia__143307A,23,11,BOMAustralia,0,2,32,-27.135,152.639,29.768139919028755,21.967356608422005
BOMAustralia__143312A,139,63,BOMAustralia,1,2,32,-26.921,152.58,53.430840447196054,18.120101414612396
BOMAustralia__143901A,138,61,BOMAustralia,1,2,32,-26.936,152.762,48.32598720346688,13.47942462407438
BOMAustralia__143921A,156,68,BOMAustralia,1,2,32,-27.136,152.33,33.113116630789506,17.460130935702924
BOMAustralia__145003B,186,80,BOMAustralia,2,1,85,-28.201,152.773,109.39242629309727,9.45716847637273
BOMAustralia__145010A,151,65,BOMAustralia,1,1,85,-28.246,152.891,114.30744711263704,4.025553617829817
BOMAustralia__145011A,169,73,BOMAustralia,2,1,85,-28.148,152.571,106.64174515065984,13.472940978355743
BOMAustralia__145012A,43,19,BOMAustralia,0,1,85,-27.929,152.862,78.97817094155188,14.548414908431749
BOMAustralia__145013A,8,5,BOMAustralia,0,1,85,-28.172,152.983,106.89991693097352,12.286386978026664
BOMAustralia__145014A,192,84,BOMAustralia,2,1,85,-27.833,152.987,69.79546859680242,2.011713809939189
BOMAustralia__145018A,159,70,BOMAustralia,1,1,85,-28.219,152.608,113.51565128383233,16.291320705690868
BOMAustralia__145020A,181,79,BOMAustralia,2,1,85,-28.216,152.868,110.89559672501437,4.025553617829817
BOMAustralia__145024A,50,22,BOMAustralia,0,4,93,-28.043,146.956,227.72673693995918,44.21983632135411
BOMAustralia__145027A,103,46,BOMAustralia,0,1,85,-28.248,152.84,114.41957951727869,4.492831815634823
BOMAustralia__145030B,18,11,BOMAustralia,0,1,85,-27.85,152.98,71.50898036850616,2.011713809939189
BOMAustralia__145101D,194,85,BOMAustralia,2,1,85,-28.054,153.045,95.01842688320819,5.591684876185387
BOMAustralia__145102B,146,63,BOMAustralia,1,1,85,-27.91,153.106,81.18634249317284,11.067470640271758
BOMAustralia__145103A,153,66,BOMAustralia,1,1,85,-28.095,153.078,100.18742195219014,5.403822694026849
BOMAustralia__145104A,7,3,BOMAustralia,0,1,85,-28.059,153.115,97.25255731316723,5.403822694026849
BOMAustralia__145105B,57,26,BOMAustralia,0,1,85,-28.002,153.063,89.79535310769076,6.046037309071573
BOMAustralia__145196A,82,39,BOMAustralia,0,1,85,-27.783,153.19,71.58693887741609,20.725434869693277
BOMAustralia__146002B,164,72,BOMAustralia,1,1,85,-28.0,153.311,98.46560362841471,10.30028739023567
BOMAustralia__146010A,130,57,BOMAustralia,1,1,85,-28.026,153.193,96.23780016582678,8.489003461671542
BOMAustralia__146012A,160,70,BOMAustralia,1,1,85,-28.179,153.424,121.24603383232021,3.879365207272923
BOMAustralia__146015A,117,57,BOMAustralia,1,1,85,-28.149,153.226,110.17451712947683,14.054880271025882
BOMAustralia__146020A,149,65,BOMAustralia,1,1,85,-28.086,153.35,108.70730635323928,8.755077270227059
BOMAustralia__146095A,132,58,BOMAustralia,1,1,85,-28.15,153.402,117.38403231177368,3.879365207272923
BOMAustralia__201012,182,80,BOMAustralia,2,1,85,-28.192,153.478,125.10159681195199,5.486384479869604
BOMAustralia__201015,109,54,BOMAustralia,1,1,85,-28.433,153.292,142.11968098534135,18.097779370382927
BOMAustralia__202001,202,88,BOMAustralia,2,1,85,-28.532,153.458,158.13067795450232,10.61599254040294
BOMAustralia__202002,95,48,BOMAustralia,0,1,85,-28.438,153.477,149.3194793328225,10.61599254040294
BOMAustralia__203002,193,85,BOMAustralia,2,1,85,-28.642,153.413,167.94477239509942,10.192311013262998
BOMAustralia__203014,219,98,BOMAustralia,3,1,85,-28.756,153.395,179.38374438889866,4.964372054032966
BOMAustralia__203023,191,83,BOMAustralia,2,1,85,-28.623,152.798,152.7850510400458,17.055296562648124
BOMAustralia__203024,156,67,BOMAustralia,1,1,85,-28.722,153.362,174.81066151314627,4.964372054032966
BOMAustralia__203034,158,72,BOMAustralia,1,1,85,-28.757,152.924,158.40695323042902,16.63294859098477
BOMAustralia__203041,183,80,BOMAustralia,2,1,85,-28.932,153.003,160.29896510532254,20.925173354309727
BOMAustralia__203056,95,48,BOMAustralia,0,1,85,-28.45,152.892,136.97641454986953,21.51241400552329
BOMAustralia__203057,95,48,BOMAustralia,0,1,85,-28.809,153.49,187.9606768691017,10.974969714887024
BOMAustralia__203059,89,46,BOMAustralia,0,1,85,-28.875,153.368,180.27652579404008,13.491130624256565
BOMAustralia__203061,86,44,BOMAustralia,0,1,85,-28.733,153.226,172.56334529942853,13.317452692843114
BOMAustralia__203900,197,84,BOMAustralia,2,1,85,-28.621,152.995,156.63730040834798,16.63294859098477
BOMAustralia__204001,218,96,BOMAustralia,3,1,85,-29.978,152.725,50.20551898344337,15.687203471884283
BOMAustralia__204002,216,96,BOMAustralia,2,1,85,-28.884,152.568,121.02667401900538,19.858330626135686
BOMAustralia__204004,222,98,BOMAustralia,3,1,85,-29.572,152.545,92.12627261302397,13.625433298828204
BOMAustralia__204006,100,46,BOMAustralia,0,1,85,-28.644,152.17,94.9498630836678,19.884263458935088
BOMAustralia__204008,193,85,BOMAustralia,2,4,48,-30.404,152.347,44.0151932018219,31.64060533563733
BOMAustralia__204015,214,94,BOMAustralia,2,1,85,-29.84,152.317,55.12858212821185,37.053473991107964
BOMAustralia__204030,188,82,BOMAustralia,2,4,48,-30.258,152.009,55.12858212821185,27.496682152427415
BOMAustralia__204031,182,80,BOMAustralia,2,1,85,-29.721,151.846,47.10575680225965,27.040216500605325
BOMAustralia__204033,200,88,BOMAustralia,2,1,85,-29.192,152.252,81.78903352625038,33.00837357191057
BOMAustralia__204034,194,85,BOMAustralia,2,1,85,-29.762,152.215,58.61103242195101,35.91652464763125
BOMAustralia__204037,178,78,BOMAustralia,2,1,85,-30.092,152.629,39.973916318386536,15.687203471884283
BOMAustralia__204039,175,75,BOMAustralia,2,1,85,-28.467,152.199,106.83165791901345,11.944058756932368
BOMAustralia__204043,182,80,BOMAustralia,2,1,85,-28.732,152.675,136.80617242256756,17.055296562648124
BOMAustralia__204046,195,86,BOMAustralia,2,1,85,-29.055,152.385,98.99186873603298,25.565571695847293
BOMAustralia__204051,199,88,BOMAustralia,2,1,85,-28.718,152.42,115.18784032927313,23.423898876825834
BOMAustralia__204055,188,82,BOMAustralia,2,1,85,-29.466,152.982,108.61618886214845,32.646146570589565
BOMAustralia__204056,189,82,BOMAustralia,2,1,85,-29.484,152.447,95.11189761250462,13.625433298828204
BOMAustralia__204067,174,78,BOMAustralia,2,1,85,-29.402,152.653,113.66055323617007,21.6010153053148
BOMAustralia__204900,204,89,BOMAustralia,2,1,85,-29.197,152.592,113.01570864818473,23.54993573877711
BOMAustralia__205002,194,86,BOMAustralia,2,4,48,-30.427,152.78,39.973916318386536,10.186397741472529
BOMAustralia__205015,132,60,BOMAustralia,1,4,48,-30.629,152.849,63.33268798949853,21.187072746760162
BOMAustralia__205016,124,59,BOMAustralia,1,4,48,-30.441,152.885,45.93951883630642,10.186397741472529
BOMAustralia__205017,88,45,BOMAustralia,0,4,48,-30.782,152.697,77.00096041192221,22.374474353550223
BOMAustralia__206008,189,82,BOMAustralia,2,4,48,-30.566,151.74,64.92627263385657,10.022375131898066
BOMAustralia__206014,189,83,BOMAustralia,2,4,48,-30.477,152.028,71.85338398593333,29.30819384192014
BOMAustralia__206018,193,85,BOMAustralia,2,4,48,-31.052,151.768,107.11666046654719,24.711383329960356
BOMAustralia__206024,244,109,BOMAustralia,3,4,48,-30.752,152.205,83.89709131191658,30.620368178847485
BOMAustralia__206032,185,82,BOMAustralia,2,4,48,-30.51,151.658,54.92190718570657,10.022375131898066
BOMAustralia__206033,191,85,BOMAustralia,2,4,48,-30.97,152.009,113.93759261993343,24.711383329960356
BOMAustralia__206034,170,74,BOMAustralia,2,4,48,-30.698,151.706,72.0843269163064,15.03390234139075
BOMAustralia__206035,171,76,BOMAustralia,2,4,48,-30.211,151.728,51.9196969737721,9.080242783635114
BOMAustralia__206039,141,63,BOMAustralia,1,4,48,-30.292,151.74,53.49191744949861,9.080242783635114
BOMAustralia__207008,128,60,BOMAustralia,1,4,48,-31.725,152.639,181.58382113475776,13.497798725945447
BOMAustralia__207009,159,71,BOMAustralia,1,4,48,-31.613,152.694,169.2412525578584,13.497798725945447
BOMAustralia__207013,205,90,BOMAustralia,2,4,48,-31.478,152.449,155.07232508500738,23.13877008053591
BOMAustralia__207014,198,88,BOMAustralia,2,4,48,-31.331,152.74,138.17854801767393,11.963062489090465
BOMAustralia__207015,184,82,BOMAustralia,2,4,48,-31.368,152.242,146.6268052890451,23.13877008053591
BOMAustralia__207017,93,47,BOMAustralia,0,4,48,-31.429,152.688,148.77445679682782,11.963062489090465
BOMAustralia__208003,214,95,BOMAustralia,2,4,48,-31.896,152.097,143.38063704495326,16.539058234108367
BOMAustralia__208004,212,94,BOMAustralia,2,4,48,-31.918,152.312,150.66909339327194,8.729069361861217
BOMAustralia__208006,183,80,BOMAustralia,2,4,48,-32.037,151.871,121.06766018663538,9.167285423089533
BOMAustralia__208007,183,81,BOMAustralia,2,4,48,-31.517,151.716,151.92996868898416,25.25308814822529
BOMAustralia__208009,183,79,BOMAustralia,2,4,48,-31.579,151.315,142.25429989091137,3.605711444813488
BOMAustralia__208011,176,78,BOMAustralia,2,4,48,-31.772,151.898,150.03132917259413,3.120550386798702
BOMAustralia__208015,187,82,BOMAustralia,2,4,48,-31.787,152.514,173.25165353168302,13.682377535489403
BOMAustralia__208019,139,61,BOMAustralia,1,4,48,-31.841,152.294,157.20407818570337,8.729069361861217
BOMAustralia__208024,166,73,BOMAustralia,2,4,48,-31.558,151.344,141.25502896286903,3.605711444813488
BOMAustralia__208027,159,69,BOMAustralia,1,4,48,-31.658,151.507,157.26802052511115,19.024037485608204
BOMAustralia__208028,122,54,BOMAustralia,1,4,48,-32.043,151.968,123.57213752764852,7.532555784647467
BOMAustralia__208029,113,49,BOMAustralia,1,4,48,-31.797,151.913,147.74324617690633,3.120550386798702
BOMAustralia__208031,96,49,BOMAustralia,0,4,48,-31.977,151.95,129.80834833102077,7.532555784647467
BOMAustralia__209002,158,69,BOMAustralia,1,4,48,-32.244,151.979,103.66891253100736,8.054629925390088
BOMAustralia__209006,158,68,BOMAustralia,1,4,48,-32.161,152.261,125.49748398757265,27.444652208915716
BOMAustralia__209018,176,77,BOMAustralia,2,4,48,-32.272,151.9,97.63727367476214,8.054629925390088
BOMAustralia__210002,241,109,BOMAustralia,3,4,48,-32.258,150.888,100.05581990823106,9.52799492335674
BOMAustralia__210004,149,64,BOMAustralia,1,4,48,-32.57,151.028,69.43866871084859,9.030622161434401
BOMAustralia__210006,161,70,BOMAustralia,1,4,48,-32.343,150.1,49.67505628671926,22.196831071893627
BOMAustralia__210010,181,78,BOMAustralia,2,4,48,-32.557,151.804,65.21922924323077,21.09746417650056
BOMAustralia__210011,148,63,BOMAustralia,1,4,48,-32.319,151.688,86.17893497502699,11.259201962763262
BOMAustralia__210013,12,5,BOMAustralia,0,4,48,-31.982,151.182,124.17339186877372,7.972035527943133
BOMAustralia__210014,174,77,BOMAustralia,2,4,48,-32.152,151.049,109.63575424982199,15.740364601736374
BOMAustralia__210016,160,70,BOMAustralia,1,4,48,-32.416,150.32,49.57398602235789,13.408034567476072
BOMAustralia__210017,180,79,BOMAustralia,2,4,48,-31.942,151.281,126.89396679371517,6.866789368796953
BOMAustralia__210018,193,86,BOMAustralia,2,4,48,-31.916,151.215,130.74705674450078,6.866789368796953
BOMAustralia__210021,170,74,BOMAustralia,2,4,48,-32.336,151.468,81.83967995609879,5.243348108307311
BOMAustralia__210022,189,84,BOMAustralia,2,4,48,-32.307,151.512,85.15487326877046,5.243348108307311
BOMAustralia__210028,149,66,BOMAustralia,1,4,48,-32.651,151.021,62.8505964920332,9.030622161434401
BOMAustralia__210031,174,75,BOMAustralia,2,4,48,-32.345,150.573,71.06539002545898,4.154603951753232
BOMAustralia__210040,170,74,BOMAustralia,2,4,48,-32.269,150.635,81.14242382263384,9.955688397683312
BOMAustralia__210044,189,82,BOMAustralia,2,4,48,-32.451,151.151,75.21916224270157,8.822641184103034
BOMAustralia__210055,144,62,BOMAustralia,1,4,48,-32.381,150.712,78.64723822520973,17.79817864461613
BOMAustralia__210056,155,71,BOMAustralia,1,4,48,-32.159,150.882,106.4832844067502,2.1256786052960797
BOMAustralia__210066,143,63,BOMAustralia,1,4,48,-32.296,150.334,61.69630959153132,13.408034567476072
BOMAustralia__210070,87,44,BOMAustralia,0,4,48,-31.809,151.059,145.63869996611433,18.93696154265421
BOMAustralia__210079,194,87,BOMAustralia,2,4,48,-32.544,151.592,59.80780793883896,3.0945228406842995
BOMAustralia__210080,136,60,BOMAustralia,1,4,48,-32.472,151.283,68.96976545412399,12.602588015070765
BOMAustralia__210088,17,9,BOMAustralia,0,4,48,-32.174,150.868,104.39490402986483,2.1256786052960797
BOMAustralia__210089,146,64,BOMAustralia,1,4,48,-32.716,151.326,41.806328233347664,27.428985800219493
BOMAustralia__210091,125,54,BOMAustralia,1,4,48,-32.134,150.352,78.69437358342437,18.09299700591823
BOMAustralia__210110,118,51,BOMAustralia,1,4,48,-32.389,151.0,87.75286827245269,15.761224008023376
BOMAustralia__210124,119,51,BOMAustralia,1,4,48,-32.011,150.783,111.7961855969248,18.916100642203325
BOMAustralia__210130,133,59,BOMAustralia,1,4,48,-32.471,151.06,77.04179349666677,8.822641184103034
BOMAustralia__210135,141,61,BOMAustralia,1,4,48,-32.841,151.064,45.76791958305886,21.506374773555034
BOMAustralia__210136,125,56,BOMAustralia,1,4,48,-32.202,151.628,97.86430941053615,5.349604866386216
BOMAustralia__210142,119,52,BOMAustralia,1,4,48,-31.967,151.008,129.72803788621016,20.33884731524123
BOMAustralia__210143,116,51,BOMAustralia,1,4,48,-32.517,151.584,62.62637324991198,3.0945228406842995
BOMAustralia__210144,85,42,BOMAustralia,0,4,48,-32.246,151.605,92.71238086631386,5.349604866386216
BOMAustralia__210146,96,49,BOMAustralia,0,4,48,-32.331,150.532,69.45566456118425,4.154603951753232
BOMAustralia__210147,97,49,BOMAustralia,0,4,48,-32.182,150.66,89.8091156713292,9.955688397683312
BOMAustralia__210150,58,32,BOMAustralia,0,4,48,-32.239,151.696,95.01101227877294,8.593727187512789
BOMAustralia__211008,151,66,BOMAustralia,1,3,25,-33.072,151.47,41.806328233347664,24.424350096623876
BOMAustralia__211010,139,60,BOMAustralia,1,3,25,-33.245,151.391,54.2868582493408,9.229646983190294
BOMAustralia__211013,154,67,BOMAustralia,1,3,25,-33.348,151.343,62.078413511099676,4.899906140908609
BOMAustralia__211014,165,72,BOMAustralia,1,3,25,-33.218,151.274,46.266514890654165,11.288771285642769
BOMAustralia__211015,136,60,BOMAustralia,1,3,25,-33.328,151.39,62.08778715162663,4.899906140908609
BOMAustralia__212009,206,95,BOMAustralia,2,3,25,-34.423,150.192,146.7332312027377,15.992480264748382
BOMAustralia__212011,182,81,BOMAustralia,2,3,25,-33.535,150.094,95.76303944072001,4.2507563487246705
BOMAustralia__212016,225,103,BOMAustralia,3,3,25,-33.802,150.363,112.53906499690561,12.725456589568845
BOMAustralia__212021,86,37,BOMAustralia,0,4,48,-32.862,150.812,50.29627830886754,23.655493357261317
BOMAustralia__212031,164,72,BOMAustralia,1,3,25,-34.534,150.397,168.91635560348524,4.567270769540406
BOMAustralia__212040,143,64,BOMAustralia,1,3,25,-34.608,149.544,117.81565526073155,26.00931414768462
BOMAustralia__212045,177,78,BOMAustralia,2,3,25,-33.76,150.195,110.27467272320035,13.594393729440057
BOMAustralia__212049,179,83,BOMAustralia,2,3,25,-33.753,150.792,99.09211041377434,8.54231752200155
BOMAustralia__212053,152,66,BOMAustralia,1,3,25,-34.178,150.612,147.50227807595016,9.004539625637088
BOMAustralia__212054,140,62,BOMAustralia,1,3,25,-33.399,150.083,82.6933147587438,10.997750097062587
BOMAustralia__212058,117,55,BOMAustralia,1,3,25,-33.485,150.077,91.45705294972034,2.4377491450680706
BOMAustralia__212060,72,38,BOMAustralia,0,3,25,-34.612,149.883,142.44112045281446,14.650912239074962
BOMAustralia__212203,226,99,BOMAustralia,3,3,25,-34.245,150.667,154.3684103081424,7.224333430869521
BOMAustralia__2122051,249,109,BOMAustralia,3,3,25,-34.385,150.57,170.82561053408148,3.8671508137885864
BOMAustralia__2122052,257,113,BOMAustralia,3,3,25,-34.413,150.595,173.62924149984445,3.8671508137885864
BOMAustralia__212209,222,98,BOMAustralia,3,3,25,-34.477,150.534,174.5172589081559,9.051687953554799
BOMAustralia__212228,175,76,BOMAustralia,2,3,25,-33.294,150.972,50.29627830886754,29.32531514476215
BOMAustralia__212230,59,33,BOMAustralia,0,3,25,-34.232,150.744,152.46732409865672,1.125392150868693
BOMAustralia__212231,136,58,BOMAustralia,1,3,25,-34.23,150.756,152.2031553109549,1.125392150868693
BOMAustralia__212238,71,31,BOMAustralia,0,3,25,-34.118,150.745,139.7989532461513,12.49487773070264
BOMAustralia__212241,188,82,BOMAustralia,2,3,25,-33.878,150.606,114.58211140686099,22.101253313018002
BOMAustralia__212250,234,100,BOMAustralia,3,3,25,-33.872,150.254,119.0995156140553,12.725456589568845
BOMAustralia__2122512,179,84,BOMAustralia,2,3,25,-33.546,150.141,98.39744766733585,6.696681805000309
BOMAustralia__2122516,32,21,BOMAustralia,0,3,25,-33.497,150.099,93.40097062878081,2.4377491450680706
BOMAustralia__2122517,51,28,BOMAustralia,0,3,25,-34.493,150.394,165.69530287022158,4.567270769540406
BOMAustralia__2122520,52,30,BOMAustralia,0,3,25,-34.553,150.323,165.40273171440458,6.704525820184245
BOMAustralia__212271,160,69,BOMAustralia,1,3,25,-34.549,150.082,150.02052366547733,17.26097625896161
BOMAustralia__2122711,220,97,BOMAustralia,3,3,25,-34.721,149.793,143.2081375579495,14.650912239074962
BOMAustralia__212272,263,115,BOMAustralia,3,3,25,-34.495,150.343,162.33776938943737,4.679195287575632
BOMAustralia__212294,158,75,BOMAustralia,1,3,25,-33.662,151.08,91.3031575166032,15.522505853122288
BOMAustralia__212295,276,119,BOMAustralia,4,3,25,-33.598,150.931,82.58452984572659,2.1474303582564374
BOMAustralia__2122951,219,100,BOMAustralia,3,3,25,-33.581,150.942,80.85849954979595,2.1474303582564374
BOMAustralia__212296,270,117,BOMAustralia,4,3,25,-33.682,150.853,91.25947288913979,3.819738891513187
BOMAustralia__212297,284,122,BOMAustralia,4,3,25,-33.678,150.812,90.73506014192812,3.819738891513187
BOMAustralia__213005,218,97,BOMAustralia,3,3,25,-33.8,150.982,105.48978907805004,1.7253514620948884
BOMAustralia__213009,190,86,BOMAustralia,2,3,25,-33.85,150.945,110.55283997995271,6.501332374070035
BOMAustralia__213011,132,59,BOMAustralia,1,3,25,-33.904,150.918,116.2823427701664,6.501332374070035
BOMAustralia__213018,91,46,BOMAustralia,0,3,25,-34.025,150.887,129.50678031354008,11.121165350647239
BOMAustralia__213200,178,79,BOMAustralia,2,3,25,-34.163,150.838,144.68467841057517,10.600915825415344
BOMAustralia__2132102,119,58,BOMAustralia,1,3,25,-34.176,150.956,146.71863208913055,15.142894564975597
BOMAustralia__213211,242,108,BOMAustralia,3,3,25,-34.046,151.005,132.8666802102255,11.121165350647239
BOMAustralia__213282,105,50,BOMAustralia,1,3,25,-33.808,150.998,106.6001118506247,1.7253514620948884
BOMAustralia__214003,167,73,BOMAustralia,2,3,25,-34.576,150.706,190.84004582713757,11.941970694381636
BOMAustralia__214010,148,67,BOMAustralia,1,3,25,-34.644,150.807,198.14989837786632,11.941970694381636
BOMAustralia__215002,188,83,BOMAustralia,2,3,62,-35.342,149.737,192.19725423020066,9.229178911857254
BOMAustralia__215004,173,75,BOMAustralia,2,3,25,-35.148,150.033,191.8094255707789,8.221482644077048
BOMAustralia__215008,160,71,BOMAustralia,1,3,62,-35.79,149.639,231.8176569725433,21.182897619671138
BOMAustralia__215014,143,63,BOMAustralia,1,3,25,-34.816,149.99,163.8152336288939,24.70229218350789
BOMAustralia__215015,15,9,BOMAustralia,0,3,25,-34.773,150.705,207.63529605776964,1.311138032737573
BOMAustralia__215016,103,47,BOMAustralia,0,3,25,-34.84,150.588,205.09280022091568,11.345190732319782
BOMAustralia__215018,114,52,BOMAustralia,1,3,25,-34.768,150.718,208.1482682697141,1.311138032737573
BOMAustralia__215019,85,44,BOMAustralia,0,3,25,-34.817,150.679,209.21500321111432,5.438185195064809
BOMAustralia__215208,261,113,BOMAustralia,3,3,25,-35.184,149.954,189.96286958195535,8.221482644077048
BOMAustralia__215209,251,112,BOMAustralia,3,3,62,-35.448,149.722,201.50028277579835,2.8961147178094504
BOMAustralia__215216,248,110,BOMAustralia,3,3,25,-34.84,150.432,195.4161541309877,14.237073375897895
BOMAustralia__2152201,62,33,BOMAustralia,0,3,25,-34.712,150.583,194.83136040402607,2.9820828892576396
BOMAustralia__215223,65,35,BOMAustralia,0,3,25,-34.738,150.591,197.33969952510571,2.9820828892576396
BOMAustralia__215233,189,82,BOMAustralia,2,3,25,-34.642,150.496,183.70549865868895,11.129988145557016
BOMAustralia__215237,124,60,BOMAustralia,1,3,62,-35.425,149.737,200.01139719793122,2.8961147178094504
BOMAustralia__215239,219,99,BOMAustralia,3,3,62,-35.23,149.848,187.83224241081095,10.904629668452001
BOMAustralia__215241,205,95,BOMAustralia,2,3,62,-35.502,149.716,206.41501035512945,6.029057288641918
BOMAustralia__216002,176,77,BOMAustralia,2,3,62,-35.468,150.239,230.76246993066843,32.90038226724425
BOMAustralia__216004,151,65,BOMAustralia,1,3,25,-34.97,150.598,216.27488308762625,14.484075741533792
BOMAustralia__216009,148,65,BOMAustralia,1,3,62,-35.713,150.035,241.4825569523328,21.51306192457135
BOMAustralia__217006,148,65,BOMAustralia,1,3,62,-35.657,149.807,225.46640440866594,19.09920932142523
BOMAustralia__217007,93,47,BOMAustralia,0,3,62,-35.908,150.005,258.5589740107904,21.85111420940425
BOMAustralia__218001,153,67,BOMAustralia,1,3,62,-36.265,149.511,258.913655374666,23.74910460123612
BOMAustralia__218005,159,69,BOMAustralia,1,3,62,-36.197,149.762,277.7488249564715,9.161681951857465
BOMAustralia__218007,165,72,BOMAustralia,1,3,62,-36.257,149.692,274.5354073240385,9.161681951857465
BOMAustralia__219001,166,72,BOMAustralia,2,3,62,-36.572,149.456,264.30102004169737,20.07174937277153
BOMAustralia__219003,238,108,BOMAustralia,3,3,62,-36.666,149.648,284.05893936791864,15.320573282336596
BOMAustralia__219013,140,63,BOMAustralia,1,3,62,-36.534,149.828,294.2828970495261,6.796689173535406
BOMAustralia__219016,155,68,BOMAustralia,1,3,62,-36.388,149.936,299.1467373509147,12.337872648992022
BOMAustralia__219017,178,78,BOMAustralia,2,3,62,-36.599,149.81,295.0327201375798,14.182374064951507
BOMAustralia__219018,150,65,BOMAustralia,1,3,62,-36.476,149.852,294.45316840848193,6.796689173535406
BOMAustralia__219025,187,82,BOMAustralia,2,3,62,-36.618,149.882,301.79702112547426,14.438236917990002
BOMAustralia__219032,157,71,BOMAustralia,1,3,62,-36.729,149.798,299.073575871684,12.583391461860213
BOMAustralia__219034,138,61,BOMAustralia,1,3,62,-36.8,149.688,293.1118732311453,12.583391461860213
BOMAustralia__220003,171,74,BOMAustralia,2,3,62,-36.94,149.821,310.38386021222567,19.55289755977353
BOMAustralia__220004,154,68,BOMAustralia,1,3,62,-37.072,149.658,304.32510401246844,18.03190848497038
BOMAustralia__220006,64,29,BOMAustralia,0,3,62,-37.307,149.924,337.85253249915036,19.92594634380645
BOMAustralia__221001,58,27,BOMAustralia,0,3,62,-37.138,149.317,282.4225239614896,26.122851741977705
BOMAustralia__221002,179,79,BOMAustralia,2,3,62,-37.37,149.713,325.9041147665156,17.769400165213966
BOMAustralia__221010,71,31,BOMAustralia,0,3,62,-37.231,149.698,316.3850624010536,18.03190848497038
BOMAustralia__221201,155,68,BOMAustralia,1,3,62,-37.372,149.199,289.59489935725037,1.914455203284847
BOMAustralia__221207,175,76,BOMAustralia,2,3,62,-37.447,148.915,276.45606858772226,6.053532624367449
BOMAustralia__221208,149,65,BOMAustralia,1,3,62,-37.689,149.492,332.0994798697501,16.431943714485858
BOMAustralia__221209,183,80,BOMAustralia,2,3,62,-37.356,149.207,289.01702759319164,1.914455203284847
BOMAustralia__221210,167,73,BOMAustralia,2,3,62,-37.415,149.52,314.8845941408733,17.769400165213966
BOMAustralia__221211,178,78,BOMAustralia,2,3,62,-37.44,148.983,280.25579861165807,6.053532624367449
BOMAustralia__221212,203,89,BOMAustralia,2,3,62,-37.608,148.902,286.354075645424,11.754642522289519
BOMAustralia__221213,9,5,BOMAustralia,0,3,62,-37.51,148.852,276.4736400141402,11.754642522289519
BOMAustralia__221218,33,16,BOMAustralia,0,3,62,-37.595,149.636,335.18066846655074,16.431943714485858
BOMAustralia__221224,109,54,BOMAustralia,1,3,62,-37.538,149.157,298.9185030459129,18.826321924013698
BOMAustralia__222004,166,72,BOMAustralia,2,3,62,-36.995,149.094,257.13660432454117,11.297735527753883
BOMAustralia__222007,141,61,BOMAustralia,1,3,62,-36.422,148.914,213.10396736641414,25.870090926603474
BOMAustralia__222008,159,69,BOMAustralia,1,3,62,-36.905,149.035,247.2909004049751,11.297735527753883
BOMAustralia__222017,146,63,BOMAustralia,1,3,62,-36.653,149.111,239.57897104362408,28.827038989259492
BOMAustralia__222019,144,63,BOMAustralia,1,3,62,-36.909,149.24,263.10158037153474,16.11708807567057
BOMAustralia__222023,118,52,BOMAustralia,1,3,62,-36.888,148.422,202.2337232486282,11.328393419035086
BOMAustralia__222202,107,47,BOMAustralia,1,3,87,-37.511,148.548,254.54845966636415,33.01538240664909
BOMAustralia__222206,228,102,BOMAustralia,3,3,87,-37.496,148.173,227.34713286432566,19.00048972504316
BOMAustralia__222210,140,61,BOMAustralia,1,3,62,-37.085,148.424,217.25504796621544,10.355305664576083
BOMAustralia__222213,166,73,BOMAustralia,2,3,62,-36.955,148.326,200.92288836679924,11.328393419035086
BOMAustralia__222217,128,56,BOMAustralia,1,3,87,-37.41,148.359,234.44581387180705,19.00048972504316
BOMAustralia__222218,3,2,BOMAustralia,0,3,62,-37.065,148.31,208.60572625856136,10.355305664576083
BOMAustralia__223207,3,3,BOMAustralia,0,3,87,-37.312,148.048,205.89289773744045,27.238281348614976
BOMAustralia__223208,47,22,BOMAustralia,0,3,87,-37.16,147.775,176.44602099320997,18.529833997428664
BOMAustralia__223210,100,46,BOMAustralia,0,3,87,-37.738,147.711,190.5281646605791,14.918214093124712
BOMAustralia__223212,164,71,BOMAustralia,1,3,87,-37.447,148.063,216.4235467442335,21.2762977828474
BOMAustralia__223215,112,50,BOMAustralia,1,3,87,-37.482,147.826,203.80919910866697,21.2762977828474
BOMAustralia__224201,232,104,BOMAustralia,3,3,87,-37.49,147.166,147.7659287387017,9.104241254698845
BOMAustralia__224206,180,79,BOMAustralia,2,3,87,-37.408,147.089,142.5680644872872,2.6322179796599032
BOMAustralia__224207,9,5,BOMAustralia,0,3,87,-37.386,147.1,143.83877936574987,2.6322179796599032
BOMAustralia__224209,7,4,BOMAustralia,0,3,87,-37.661,147.35,161.52708491611986,6.6193389173007136
BOMAustralia__224213,193,85,BOMAustralia,2,3,87,-37.495,147.269,156.71009408502775,9.104241254698845
BOMAustralia__224214,144,63,BOMAustralia,1,3,87,-37.495,147.393,167.5731968803369,10.939623099659642
BOMAustralia__224215,11,6,BOMAustralia,0,3,87,-37.602,147.34,161.78500897581856,6.6193389173007136
BOMAustralia__224217,144,67,BOMAustralia,1,3,87,-37.815,147.572,176.34263758770177,6.939295259484681
BOMAustralia__224219B,51,28,BOMAustralia,0,3,87,-37.798,147.496,170.49739020165407,6.939295259484681
BOMAustralia__224222,99,50,BOMAustralia,0,3,87,-37.738,147.368,162.02910092261044,8.70723578412368
BOMAustralia__225020A,140,62,BOMAustralia,1,3,87,-37.83,146.382,74.83370388963318,14.302384599474237
BOMAustralia__225105,10,9,BOMAustralia,0,3,87,-37.739,146.181,58.854261530396755,9.376564430480236
BOMAustralia__225110A,219,96,BOMAustralia,3,3,87,-37.683,146.318,71.472704885584,4.520036987963921
BOMAustralia__225114,54,24,BOMAustralia,0,3,87,-37.712,146.282,67.96522756997501,4.520036987963921
BOMAustralia__225200A,194,88,BOMAustralia,2,3,87,-37.986,146.78,104.30549161164976,2.2259723981433353
BOMAustralia__225201,190,83,BOMAustralia,2,3,87,-37.968,147.076,129.88091569726208,8.864686552403336
BOMAustralia__225208B,135,60,BOMAustralia,1,3,87,-37.983,146.425,75.03701772988872,9.507721465842467
BOMAustralia__225209,192,84,BOMAustralia,2,3,87,-37.629,146.623,98.73955060258935,9.169889312239903
BOMAustralia__225213,164,72,BOMAustralia,1,3,87,-37.854,146.433,79.19875750564854,14.361301427460704
BOMAustralia__225217,12,7,BOMAustralia,0,3,87,-37.56,146.566,94.29692649946765,9.169889312239903
BOMAustralia__225218,187,81,BOMAustralia,2,3,87,-37.81,147.095,136.77007141706855,12.181379454820442
BOMAustralia__225219,189,83,BOMAustralia,2,3,87,-37.516,146.567,95.07238061635448,13.499536788411778
BOMAustralia__225221,143,63,BOMAustralia,1,3,87,-37.769,146.668,100.4659469290342,16.046705377875632
BOMAustralia__225223,157,69,BOMAustralia,1,3,87,-37.743,146.992,129.09364066413005,16.596195686325323
BOMAustralia__225224,192,83,BOMAustralia,2,3,87,-37.802,146.885,119.12691970258393,13.669901304353528
BOMAustralia__225230A,164,72,BOMAustralia,1,3,87,-37.913,146.656,96.72738236343066,7.41066799054866
BOMAustralia__225231,214,94,BOMAustralia,2,3,87,-37.975,146.625,91.72984211575479,7.41066799054866
BOMAustralia__225242A,128,59,BOMAustralia,1,3,87,-37.972,146.975,121.1942124570144,6.918982846992296
BOMAustralia__225702A,69,30,BOMAustralia,0,3,87,-37.905,146.8,108.80837923710158,9.175942085167147
BOMAustralia__225706A,27,12,BOMAustralia,0,3,87,-38.005,146.788,104.41321302086514,2.2259723981433353
BOMAustralia__225715,15,8,BOMAustralia,0,3,87,-38.101,146.86,108.40022676758633,3.4151188480898154
BOMAustralia__225717,20,10,BOMAustralia,0,3,87,-38.094,146.898,111.80528435660472,3.4151188480898154
BOMAustralia__225728A,87,41,BOMAustralia,0,3,87,-38.088,146.997,120.47015827014022,5.593419584236447
BOMAustralia__225730A,112,53,BOMAustralia,1,3,87,-38.077,147.164,135.10809618581362,14.363856635637706
BOMAustralia__225731A,38,21,BOMAustralia,0,3,87,-37.892,147.003,126.08838082639566,10.60231504703542
BOMAustralia__225732A,36,20,BOMAustralia,0,3,87,-38.038,147.004,122.02678859448716,5.593419584236447
BOMAustralia__225734A,52,27,BOMAustralia,0,3,87,-38.022,146.928,115.87747007387233,6.8902601062932485
BOMAustralia__226005,246,110,BOMAustralia,3,3,87,-38.167,146.41,68.4026986508738,4.490053353682381
BOMAustralia__226007,185,81,BOMAustralia,2,3,87,-38.049,146.356,66.76808251959442,9.507721465842467
BOMAustralia__226008,119,54,BOMAustralia,1,3,87,-37.945,146.309,67.75105376284561,11.012144406391446
BOMAustralia__226028,4,5,BOMAustralia,0,3,87,-38.139,146.447,72.05507976078754,4.490053353682381
BOMAustralia__226033,96,47,BOMAustralia,0,3,87,-38.154,146.552,80.90105419861854,9.33224496280451
BOMAustralia__226204,234,102,BOMAustralia,3,3,87,-38.088,146.16,49.15237230507193,10.82766583628281
BOMAustralia__226205,247,109,BOMAustralia,3,3,87,-37.907,146.022,43.31790094519025,6.281026750788924
BOMAustralia__226209,243,108,BOMAustralia,3,3,87,-38.206,146.002,32.48139365026365,18.73945118994688
BOMAustralia__226217,25,12,BOMAustralia,0,3,87,-37.972,146.082,49.44361795827551,8.940062485681368
BOMAustralia__226219,14,8,BOMAustralia,0,3,87,-37.853,146.043,44.97527654623714,3.5735378115998597
BOMAustralia__226220,134,59,BOMAustralia,1,3,87,-37.868,146.007,41.783800520443236,3.5735378115998597
BOMAustralia__226222,141,63,BOMAustralia,1,3,87,-37.882,145.893,31.817386484511996,10.126374277694396
BOMAustralia__226224,140,62,BOMAustralia,1,3,87,-38.143,146.789,101.62280458979006,7.770801676656273
BOMAustralia__226227,183,84,BOMAustralia,2,3,87,-38.139,146.918,112.88375846453279,6.6028372601861065
BOMAustralia__226233,29,15,BOMAustralia,0,3,87,-38.098,146.262,57.270509321001434,9.674184039224347
BOMAustralia__226400B,64,34,BOMAustralia,0,3,87,-38.171,146.355,63.57702370198038,5.1311225434312115
BOMAustralia__226402,205,90,BOMAustralia,2,3,87,-38.176,146.213,51.204605393958786,9.674184039224347
BOMAustralia__226407,182,79,BOMAustralia,2,3,87,-38.407,146.305,61.42492525623455,19.745658355672653
BOMAustralia__226408,122,53,BOMAustralia,1,3,87,-38.216,146.368,64.26602715421933,5.1311225434312115
BOMAustralia__226409C,68,32,BOMAustralia,0,3,87,-38.288,146.275,56.282748507525696,11.403709777214251
BOMAustralia__226410,158,69,BOMAustralia,1,3,87,-38.323,146.531,78.89667188113343,11.28553720786639
BOMAustralia__227200B,104,46,BOMAustralia,0,3,87,-38.539,146.674,96.55042195649062,11.917648551768563
BOMAustralia__227202,178,78,BOMAustralia,2,3,87,-38.582,145.992,43.42096934936759,17.29679265606485
BOMAustralia__227203,4,3,BOMAustralia,0,3,87,-38.618,146.271,67.85962323297294,3.728497663346873
BOMAustralia__227205,169,74,BOMAustralia,2,3,87,-38.352,146.655,90.02096848632323,11.28553720786639
BOMAustralia__227211,172,76,BOMAustralia,2,3,87,-38.64,146.372,76.9649189177699,9.108128280337258
BOMAustralia__227213,155,68,BOMAustralia,1,3,87,-38.526,146.538,84.96752715788493,5.83253283288212
BOMAustralia__227216,11,6,BOMAustralia,0,3,87,-38.528,146.471,79.66326486476731,5.83253283288212
BOMAustralia__227225,142,62,BOMAustralia,1,3,87,-38.471,146.568,85.41101860759528,6.649652600944841
BOMAustralia__227226,151,66,BOMAustralia,1,3,87,-38.5,146.161,54.23786521200712,15.922952576549612
BOMAustralia__227227,162,72,BOMAustralia,1,3,87,-38.393,145.956,32.80219071072903,21.17736611181632
BOMAustralia__227228,13,8,BOMAustralia,0,3,87,-38.508,146.233,60.0874734798636,12.66981480135562
BOMAustralia__227231,161,71,BOMAustralia,1,1,28,-38.467,145.515,16.820469048020723,16.820469048020723
BOMAustralia__227238,19,11,BOMAustralia,0,3,87,-38.484,145.707,16.820469048020723,16.820469048020723
BOMAustralia__227239,116,50,BOMAustralia,1,3,87,-38.266,146.916,112.06045604575999,18.63528552372902
BOMAustralia__227243,14,7,BOMAustralia,0,3,87,-38.418,146.826,105.88529640623182,16.613335360450918
BOMAustralia__227244,114,51,BOMAustralia,1,3,87,-38.632,146.232,64.99501479046627,3.728497663346873
BOMAustralia__227249,112,55,BOMAustralia,1,3,87,-38.38,145.918,29.21975077989736,20.690156644616188
BOMAustralia__227272,56,31,BOMAustralia,0,3,87,-38.356,147.165,134.28703092656366,30.340313672914
BOMAustralia__228207A,92,41,BOMAustralia,0,3,87,-37.943,145.742,20.11702188327902,8.848563751330177
BOMAustralia__228209B,91,40,BOMAustralia,0,1,28,-38.242,145.633,21.12645265790512,8.539034613944422
BOMAustralia__228212A,122,54,BOMAustralia,1,3,87,-38.021,145.762,23.754877821497477,1.6600933179665525
BOMAustralia__228214,10,6,BOMAustralia,0,3,87,-38.013,145.746,22.701907670476093,1.6600933179665525
BOMAustralia__228219C,89,40,BOMAustralia,0,3,87,-38.032,145.938,35.45160448516038,14.272655227588666
BOMAustralia__228231A,146,66,BOMAustralia,1,1,28,-38.021,145.256,39.10778939003366,5.291641917844747
BOMAustralia__228232,5,4,BOMAustralia,0,1,28,-38.182,145.572,19.74690716849304,8.491033553969475
BOMAustralia__228233A,53,25,BOMAustralia,0,1,28,-38.058,145.218,44.36252746555681,5.291641917844747
BOMAustralia__228235A,58,27,BOMAustralia,0,1,28,-37.982,145.292,33.84201216599465,5.362469577591361
BOMAustralia__228255A,94,43,BOMAustralia,0,3,87,-38.078,145.755,19.74690716849304,6.367680163014307
BOMAustralia__228357A,175,77,BOMAustralia,2,1,28,-37.839,145.23,31.254351984679094,3.51437607171896
BOMAustralia__228358A,96,42,BOMAustralia,0,1,28,-37.99,145.106,47.64028582769714,11.394620007039562
BOMAustralia__228362A,74,33,BOMAustralia,0,1,28,-37.948,145.166,40.78399770747584,4.69354277058902
BOMAustralia__228363A,93,41,BOMAustralia,0,1,28,-38.082,145.502,22.14882251594597,4.307277543008092
BOMAustralia__228364A,60,27,BOMAustralia,0,1,28,-38.054,145.468,24.771138519953084,4.307277543008092
BOMAustralia__228368A,183,80,BOMAustralia,2,1,28,-37.938,145.218,36.24709765036842,4.131680410925503
BOMAustralia__228373A,92,41,BOMAustralia,0,1,28,-37.838,145.27,27.810486511307484,3.51437607171896
BOMAustralia__228393A,68,35,BOMAustralia,0,1,28,-37.904,145.237,33.02769223051483,4.131680410925503
BOMAustralia__228395A,138,64,BOMAustralia,1,1,28,-38.198,145.477,27.734060873701964,8.491033553969475
BOMAustralia__229104C,195,85,BOMAustralia,2,3,87,-37.633,145.862,31.77505252208265,9.865811899673286
BOMAustralia__229106A,168,72,BOMAustralia,2,3,87,-37.72,145.884,33.09029189682023,5.279695098731498
BOMAustralia__229109A,200,88,BOMAustralia,2,3,87,-37.758,145.848,29.546991453960803,5.279695098731498
BOMAustralia__229135A,208,95,BOMAustralia,2,1,28,-37.76,145.078,43.90210579359368,1.8923562722064513
BOMAustralia__229142A,151,66,BOMAustralia,1,1,28,-37.74,145.137,38.89879884931779,2.393971012414955
BOMAustralia__229143A,162,72,BOMAustralia,1,1,28,-37.787,145.025,48.52388600101763,4.874191308768259
BOMAustralia__229144A,122,54,BOMAustralia,1,1,28,-37.653,145.502,7.414972597188416,2.624259250669588
BOMAustralia__229200B,160,71,BOMAustralia,1,1,28,-37.74,145.212,32.350021017981064,3.3934402948694653
BOMAustralia__229206A,142,64,BOMAustralia,1,1,28,-37.661,145.376,18.29234787211944,3.5189217623707876
BOMAustralia__229214A,68,32,BOMAustralia,0,3,87,-37.781,145.62,9.657765360045001,3.8051906642276228
BOMAustralia__229215B,117,52,BOMAustralia,1,1,28,-37.765,145.512,5.866971692332838,3.258968279392839
BOMAustralia__229224A,98,46,BOMAustralia,0,3,87,-37.777,145.577,5.866971692332838,3.8051906642276228
BOMAustralia__229229A,73,37,BOMAustralia,0,1,28,-37.777,145.079,43.76846093284832,1.8923562722064513
BOMAustralia__229245A,53,25,BOMAustralia,0,1,28,-37.654,145.422,14.170307472864172,2.6442123679670484
BOMAustralia__229246C,44,22,BOMAustralia,0,1,28,-37.632,145.392,16.48151876688258,0.9680882846540186
BOMAustralia__229247B,70,34,BOMAustralia,0,1,28,-37.694,145.4,17.477213442645333,4.233906269654772
BOMAustralia__229248B,56,27,BOMAustralia,0,1,28,-37.876,145.529,11.787951093240892,1.0160353532479116
BOMAustralia__229249A,92,45,BOMAustralia,0,1,28,-37.761,145.294,24.938691510090354,7.038777219514421
BOMAustralia__229263A,112,53,BOMAustralia,1,3,87,-37.726,146.004,43.476367915888915,10.575393801637954
BOMAustralia__229264A,151,70,BOMAustralia,1,3,87,-37.626,145.579,7.414972597188416,7.414972597188416
BOMAustralia__229270A,75,39,BOMAustralia,0,1,28,-37.695,145.319,24.1387753572789,4.814356316644052
BOMAustralia__229290A,49,25,BOMAustralia,0,1,28,-37.637,145.401,15.722554427839322,0.9680882846540186
BOMAustralia__229400A,162,75,BOMAustralia,1,1,28,-37.475,145.152,41.217930623491284,12.815404834270984
BOMAustralia__229404A,44,20,BOMAustralia,0,3,87,-37.752,145.702,16.76543913207422,4.140704796057838
BOMAustralia__229608A,88,39,BOMAustralia,0,1,28,-37.702,145.265,28.674643837377968,4.814356316644052
BOMAustralia__229610A,160,70,BOMAustralia,1,1,28,-37.716,144.991,51.968409063299326,3.07766676890581
BOMAustralia__229612A,168,75,BOMAustralia,2,1,28,-37.696,145.047,47.468695336375845,5.40517936080383
BOMAustralia__229616A,100,43,BOMAustralia,0,1,28,-37.601,145.105,41.8435499162129,9.4492312203713
BOMAustralia__229617A,49,24,BOMAustralia,0,1,28,-37.518,145.128,41.52191890443542,9.4492312203713
BOMAustralia__229618A,135,59,BOMAustralia,1,1,28,-37.719,145.143,38.69973476285202,2.393971012414955
BOMAustralia__229620A,90,40,BOMAustralia,0,1,28,-37.582,145.206,33.22122920261472,9.895846604005321
BOMAustralia__229624A,163,72,BOMAustralia,1,1,28,-37.853,145.058,46.36726703360394,6.62900301681582
BOMAustralia__229627A,86,38,BOMAustralia,0,1,28,-37.574,144.965,54.40059096616652,10.885634064093148
BOMAustralia__229628A,24,13,BOMAustralia,0,1,28,-37.675,144.912,58.9739547155224,9.422754118549957
BOMAustralia__229645A,103,45,BOMAustralia,0,1,28,-37.742,144.979,52.71357999459312,3.07766676890581
BOMAustralia__229648A,131,58,BOMAustralia,1,1,28,-37.751,145.176,35.36784931811775,3.3934402948694653
BOMAustralia__229652A,209,92,BOMAustralia,2,3,87,-37.656,145.828,28.701012896418366,8.655994532520943
BOMAustralia__229653A,182,82,BOMAustralia,2,1,28,-37.667,145.478,9.992950010248133,2.624259250669588
BOMAustralia__229659A,7,6,BOMAustralia,0,3,87,-37.76,145.748,20.753215455001882,4.140704796057838
BOMAustralia__229660A,155,70,BOMAustralia,1,1,28,-37.893,145.002,52.11751940451825,6.62900301681582
BOMAustralia__229677A,62,29,BOMAustralia,0,1,28,-37.867,145.531,10.792397694912756,1.0160353532479116
BOMAustralia__229678A,72,35,BOMAustralia,0,1,28,-37.823,145.511,7.732362841432868,5.198209514191474
BOMAustralia__229681B,113,52,BOMAustralia,1,1,28,-37.758,145.476,9.125808827886845,3.258968279392839
BOMAustralia__229694B,85,40,BOMAustralia,0,1,28,-37.894,145.439,17.77991951094615,8.148054403673301
BOMAustralia__230107A,57,25,BOMAustralia,0,1,28,-37.528,144.856,64.63993246151257,10.885634064093148
BOMAustralia__230112A,75,37,BOMAustralia,0,1,28,-37.824,144.88,61.46131302311354,13.175084417743843
BOMAustralia__230202,211,93,BOMAustralia,2,1,28,-37.583,144.742,73.88867503070068,5.00064220024946
BOMAustralia__230205,163,72,BOMAustralia,1,1,28,-37.632,144.801,68.51702917255868,2.943862627630273
BOMAustralia__230211A,57,26,BOMAustralia,0,1,28,-37.467,144.744,75.70820746810473,7.767614882307642
BOMAustralia__230213,186,82,BOMAustralia,2,1,28,-37.42,144.585,87.99549764883167,12.327903448015135
BOMAustralia__230217,130,59,BOMAustralia,1,1,28,-37.298,144.658,74.95015695546962,15.021927839102355
BOMAustralia__230219,30,15,BOMAustralia,0,1,28,-37.393,144.897,65.49801981968135,8.066709427224584
BOMAustralia__230232,142,64,BOMAustralia,1,1,28,-37.428,144.817,70.7115394173584,7.767614882307642
BOMAustralia__230237A,67,31,BOMAustralia,0,1,28,-37.678,144.805,68.38530630984187,8.004549051520415
BOMAustralia__231106A,40,18,BOMAustralia,0,1,28,-37.64,144.656,81.29349526818204,9.877090340698237
BOMAustralia__231110A,64,29,BOMAustralia,0,1,28,-37.852,144.713,76.35371943839621,6.654692796327674
BOMAustralia__231200,201,88,BOMAustralia,2,1,28,-37.681,144.428,101.51226022926465,3.8817450634473
BOMAustralia__231204,204,88,BOMAustralia,2,1,28,-37.88,144.646,82.56508302319132,5.122319810392261
BOMAustralia__231208A,63,34,BOMAustralia,0,1,28,-37.821,144.582,87.55948587767881,8.638077239022746
BOMAustralia__231211,159,70,BOMAustralia,1,1,28,-37.631,144.427,101.45157104947452,2.0256859971366556
BOMAustralia__231221,154,69,BOMAustralia,1,1,28,-37.743,144.57,88.60441083976201,14.267340581859798
BOMAustralia__231222,129,56,BOMAustralia,1,1,28,-37.611,144.295,102.65251783715861,11.836524388637516
BOMAustralia__231230,19,9,BOMAustralia,0,1,28,-37.732,144.398,103.77218006764781,6.25498128362955
BOMAustralia__231231A,75,33,BOMAustralia,0,1,28,-37.728,144.579,87.91044882463238,14.27522806769521
BOMAustralia__231236,123,55,BOMAustralia,1,1,28,-37.465,144.306,86.58673301259786,15.799619805700205
BOMAustralia__231245A,8,5,BOMAustralia,0,1,28,-37.918,144.613,86.08311074580452,5.122319810392261
BOMAustralia__231704A,70,30,BOMAustralia,0,1,28,-37.594,144.474,97.40030588005314,2.311580688202994
BOMAustralia__231707A,53,23,BOMAustralia,0,1,28,-37.584,144.451,99.47761194895836,2.311580688202994
BOMAustralia__231716A,48,22,BOMAustralia,0,1,28,-37.647,144.438,100.49766627761262,2.0256859971366556
BOMAustralia__231721A,18,12,BOMAustralia,0,1,28,-37.924,144.725,76.57123646149252,8.074996194173035
BOMAustralia__232200,163,71,BOMAustralia,1,1,28,-37.955,144.486,97.79411288166955,11.873315081939829
BOMAustralia__232202,177,78,BOMAustralia,2,1,28,-38.089,144.278,119.08991361961827,9.971587800130512
BOMAustralia__232204,175,77,BOMAustralia,2,1,28,-37.764,144.107,119.58985807113913,5.877634387611723
BOMAustralia__232209,147,65,BOMAustralia,1,1,28,-37.897,144.124,128.29283070902824,0.36817789833092335
BOMAustralia__232211,150,66,BOMAustralia,1,1,28,-37.712,144.095,113.90304561986801,5.877634387611723
BOMAustralia__232213,151,66,BOMAustralia,1,1,28,-37.655,144.034,108.18417286475027,2.4955698636232775
BOMAustralia__232214A,152,67,BOMAustralia,1,1,28,-37.634,144.044,105.75251943488414,2.4955698636232775
BOMAustralia__232242A,27,12,BOMAustralia,0,1,28,-37.856,144.386,104.98675992194372,13.828429339557948
BOMAustralia__232709,118,53,BOMAustralia,1,1,28,-37.744,144.181,117.09910503714471,6.875381167879575
BOMAustralia__233200,227,100,BOMAustralia,3,1,28,-38.143,144.187,128.4765536817942,9.971587800130512
BOMAustralia__233201,158,71,BOMAustralia,1,1,28,-38.242,143.992,148.17542654619677,7.801245795774082
BOMAustralia__233211,164,72,BOMAustralia,1,1,28,-38.296,143.838,162.8639947946474,3.2434840202784185
BOMAustralia__233215,215,95,BOMAustralia,2,1,28,-37.811,143.918,126.99733570684579,9.788171047237006
BOMAustralia__233217,134,62,BOMAustralia,1,1,28,-38.164,144.347,116.08839581981017,10.294505856216153
BOMAustralia__233218,207,91,BOMAustralia,2,1,28,-38.15,143.99,145.17497479690294,9.07840196273442
BOMAustralia__233224,199,87,BOMAustralia,2,1,28,-38.325,143.834,164.16007106562284,3.2434840202784185
BOMAustralia__233225,5,3,BOMAustralia,0,1,28,-37.867,143.832,134.736114849218,3.860131793142571
BOMAustralia__233227,8,5,BOMAustralia,0,1,28,-37.895,143.858,137.2346441406081,3.860131793142571
BOMAustralia__233246,156,70,BOMAustralia,1,1,28,-38.499,143.761,169.36996168061054,4.670998107703852
BOMAustralia__233247,193,86,BOMAustralia,2,1,28,-38.299,143.938,154.82788925409847,5.431288784414567
BOMAustralia__233248,79,38,BOMAustralia,0,1,28,-38.0,143.972,143.01225681946403,15.370080546346113
BOMAustralia__233249,89,41,BOMAustralia,0,1,28,-38.292,143.704,173.74437813706444,7.348887333997663
BOMAustralia__233250,145,65,BOMAustralia,1,1,28,-38.453,143.739,171.36568228551752,1.8819199394415527
BOMAustralia__233251,41,22,BOMAustralia,0,1,28,-38.138,143.885,153.6761470003757,7.576623665780317
BOMAustralia__233257,152,69,BOMAustralia,1,1,28,-38.457,143.76,169.52473805406024,1.8819199394415527
BOMAustralia__233706,102,49,BOMAustralia,1,1,28,-37.551,143.931,98.53542262854974,11.937366341289357
BOMAustralia__233709,114,52,BOMAustralia,1,1,28,-38.416,143.823,164.23456157213806,7.134001595622088
BOMAustralia__233714,78,37,BOMAustralia,0,1,28,-38.312,143.998,150.1517998818782,5.431288784414567
BOMAustralia__233716,1,1,BOMAustralia,0,1,28,-38.203,143.911,153.48885469598676,7.576623665780317
BOMAustralia__233718,121,56,BOMAustralia,1,1,28,-37.612,143.845,107.10827083033892,17.316332307694605
BOMAustralia__234200,182,80,BOMAustralia,2,1,28,-37.808,143.585,135.5731365822775,22.661118678451114
BOMAustralia__234201,191,84,BOMAustralia,2,1,28,-38.012,143.643,154.89110764941174,11.834027431811407
BOMAustralia__234203,119,53,BOMAustralia,1,1,28,-38.354,143.419,197.29484617165227,12.251746295317515
BOMAustralia__234209,196,85,BOMAustralia,2,1,28,-38.338,143.558,187.45020694347684,12.251746295317515
BOMAustralia__234212,68,32,BOMAustralia,0,1,28,-38.018,143.353,165.41916113210104,22.096329343038967
BOMAustralia__234215,17,13,BOMAustralia,0,1,28,-37.921,143.573,147.550428616628,11.834027431811407
BOMAustralia__234700,61,28,BOMAustralia,0,1,28,-38.118,143.72,164.2183680769643,19.188465805739757
BOMAustralia__234701,42,22,BOMAustralia,0,1,28,-38.277,143.622,180.03452703679008,7.348887333997663
BOMAustralia__235203,186,81,BOMAustralia,2,1,28,-38.446,142.961,223.57349746697682,16.024327354331543
BOMAustralia__235205,165,72,BOMAustralia,1,1,28,-38.604,143.45,196.736734984657,8.708743877415193
BOMAustralia__235210,189,84,BOMAustralia,2,1,28,-38.535,143.545,188.19798518054145,5.530119729102484
BOMAustralia__235212,14,9,BOMAustralia,0,1,28,-38.63,143.325,207.75172658808,5.327655644943094
BOMAustralia__235219,155,68,BOMAustralia,1,1,28,-38.704,143.477,195.33840891241604,6.884530544610347
BOMAustralia__235222,89,39,BOMAustralia,0,1,28,-38.386,144.178,133.62022030089108,12.823134671613133
BOMAustralia__235223,7,5,BOMAustralia,0,1,28,-38.447,143.145,216.2249749528288,13.67286562048849
BOMAustralia__235224,208,92,BOMAustralia,2,1,28,-38.699,143.25,214.86870127303226,7.219529734271947
BOMAustralia__235225,128,59,BOMAustralia,1,1,28,-38.559,143.368,203.64912700017436,8.708743877415193
BOMAustralia__235227,167,74,BOMAustralia,2,1,28,-38.524,143.483,193.5726912711741,5.530119729102484
BOMAustralia__235229,10,6,BOMAustralia,0,1,28,-38.755,143.432,199.92472921689546,6.884530544610347
BOMAustralia__235233,172,75,BOMAustralia,2,1,28,-38.755,143.625,183.36755665081338,14.03484898117768
BOMAustralia__235237,185,80,BOMAustralia,2,1,28,-38.448,142.988,222.6165562413265,13.67286562048849
BOMAustralia__235241,18,10,BOMAustralia,0,1,28,-38.478,143.606,182.87880705472102,8.267108724793072
BOMAustralia__235242,15,8,BOMAustralia,0,1,28,-38.567,143.92,155.72459226855807,5.846519313446411
BOMAustralia__235243,7,4,BOMAustralia,0,1,28,-38.531,143.969,151.31660246185015,2.2184076611123333
BOMAustralia__235255,162,73,BOMAustralia,1,1,28,-38.27,144.293,125.11824272060288,12.695711943964428
BOMAustralia__235256,75,34,BOMAustralia,0,1,28,-38.549,143.958,152.33594821081044,2.2184076611123333
BOMAustralia__235257,149,65,BOMAustralia,1,1,28,-38.437,144.046,144.7152931896514,12.416534559146273
BOMAustralia__235258,84,39,BOMAustralia,0,1,28,-38.635,143.264,213.07530434452917,5.327655644943094
BOMAustralia__235267,130,61,BOMAustralia,1,1,28,-38.58,143.657,178.63142002585988,10.948958531097611
BOMAustralia__236203,167,73,BOMAustralia,2,1,28,-37.688,143.36,133.4667678043075,19.756389275976513
BOMAustralia__236204,138,60,BOMAustralia,1,1,28,-37.681,143.066,148.9674379894546,25.883235404563088
BOMAustralia__236205,218,96,BOMAustralia,3,1,43,-38.318,142.482,235.93415377518673,6.247090761526374
BOMAustralia__236212,179,79,BOMAustralia,2,1,43,-38.346,142.652,229.0794497834178,12.165403386691061
BOMAustralia__236213,139,61,BOMAustralia,1,1,28,-37.531,143.465,113.84353564332575,19.756389275976513
BOMAustralia__236215,130,55,BOMAustralia,1,1,28,-37.524,143.676,103.58740286249763,17.82167073595166
BOMAustralia__236216,187,81,BOMAustralia,2,1,28,-38.306,142.881,213.9285543832562,17.057942025878866
BOMAustralia__236227A,86,41,BOMAustralia,0,1,43,-38.283,142.538,229.80539312422576,6.247090761526374
BOMAustralia__237200,200,87,BOMAustralia,2,1,43,-38.32,142.227,251.1226663991678,17.530322607748314
BOMAustralia__237202,177,77,BOMAustralia,2,1,43,-38.126,141.62,264.7186027052639,13.387335170213388
BOMAustralia__237205,153,67,BOMAustralia,1,1,43,-38.15,141.77,268.93010814209936,13.387335170213388
BOMAustralia__237206,178,78,BOMAustralia,2,1,43,-38.258,141.944,264.4834671662935,19.374581030715806
BOMAustralia__237207,195,84,BOMAustralia,2,1,43,-38.243,141.662,277.3707501738723,14.000424229408562
BOMAustralia__237208,8,5,BOMAustralia,0,1,43,-38.164,142.256,237.1888017876343,17.530322607748314
BOMAustralia__237209,25,13,BOMAustralia,0,1,43,-38.035,141.821,257.86645110511887,13.543908061000145
BOMAustralia__238202,215,94,BOMAustralia,2,1,43,-37.619,141.429,210.52345053160047,4.47562791563283
BOMAustralia__238208,137,60,BOMAustralia,1,1,43,-37.37,142.506,165.77277529776507,13.877807441243734
BOMAustralia__238210,134,58,BOMAustralia,1,1,43,-37.171,141.59,188.50738395944074,14.75381308157851
BOMAustralia__238212,19,10,BOMAustralia,0,1,43,-37.582,141.409,206.29959857871404,4.47562791563283
BOMAustralia__238218,192,82,BOMAustralia,2,1,43,-37.674,141.842,232.8526935875702,3.971574635524387
BOMAustralia__238219,226,99,BOMAustralia,3,1,43,-37.709,141.833,235.7901234331117,3.971574635524387
BOMAustralia__238220,167,74,BOMAustralia,2,1,43,-37.526,142.004,211.69806312820586,21.7834039021525
BOMAustralia__238223,167,74,BOMAustralia,2,1,43,-37.496,141.426,200.43142253591498,9.67952264919668
BOMAustralia__238224,157,69,BOMAustralia,1,1,43,-37.148,141.85,202.85562157133324,13.60537169492744
BOMAustralia__238228,214,94,BOMAustralia,2,1,43,-37.645,141.506,217.24799510291408,7.371281500390424
BOMAustralia__238229,118,53,BOMAustralia,1,1,43,-37.322,141.482,190.9861671959805,6.574408691187893
BOMAustralia__238230,171,74,BOMAustralia,2,1,43,-37.869,141.41,230.82565457602414,12.985385602290526
BOMAustralia__238231,157,69,BOMAustralia,1,1,43,-37.312,142.367,171.79976397635036,10.259586518808591
BOMAustralia__238233,6,4,BOMAustralia,0,1,43,-38.076,141.3,244.25142675853704,17.339333092306042
BOMAustralia__238234,12,8,BOMAustralia,0,1,43,-37.3,141.551,194.18266470927932,6.574408691187893
BOMAustralia__238235,172,75,BOMAustralia,2,1,43,-37.98,141.456,243.12320340392998,12.985385602290526
BOMAustralia__238238,13,7,BOMAustralia,0,1,43,-37.66,141.522,219.42821395436053,9.372359228749414
BOMAustralia__238249,75,35,BOMAustralia,0,1,43,-37.238,141.343,175.5627271179933,15.443049171380078
BOMAustralia__238700,118,51,BOMAustralia,1,1,43,-37.235,141.958,198.77816168902956,13.60537169492744
BOMAustralia__238702,130,57,BOMAustralia,1,1,43,-37.226,142.409,163.4294039686162,10.259586518808591
BOMAustralia__238707,110,48,BOMAustralia,1,1,43,-36.992,141.941,185.3383440632588,19.13329607083536
BOMAustralia__238716,34,18,BOMAustralia,0,1,43,-37.122,142.236,171.13119998045642,16.742435436669773
BOMAustralia__340001,49,26,BOMAustralia,0,3,62,-35.483,148.817,178.72380012184252,10.418143903329844
BOMAustralia__401008,164,73,BOMAustralia,1,3,62,-35.943,148.028,121.0184292342589,6.752385488683457
BOMAustralia__401009,224,100,BOMAustralia,3,3,62,-35.926,148.1,126.95618879330054,6.719586182788905
BOMAustralia__401013,199,87,BOMAustralia,2,3,62,-35.893,147.692,90.29810403489334,25.520322112928202
BOMAustralia__401014,252,113,BOMAustralia,3,3,62,-36.042,148.053,126.09144539930705,5.1236691843868565
BOMAustralia__401015,177,76,BOMAustralia,2,3,62,-35.918,146.975,33.94219006293701,25.097034041273098
BOMAustralia__401016,187,81,BOMAustralia,2,3,62,-36.033,148.12,131.56200188216795,6.106913720322269
BOMAustralia__401017,212,94,BOMAustralia,2,3,62,-35.77,147.931,109.47312137184026,1.8962401367366428
BOMAustralia__401024,153,70,BOMAustralia,1,3,62,-36.001,148.079,127.0440807129713,5.1236691843868565
BOMAustralia__401026,128,57,BOMAustralia,1,3,62,-35.903,148.169,132.59441580496693,6.719586182788905
BOMAustralia__401029,90,46,BOMAustralia,0,3,62,-35.756,147.943,110.45134970772973,1.8962401367366428
BOMAustralia__401204,241,106,BOMAustralia,3,3,87,-36.408,147.232,90.03708268134058,6.497718873756416
BOMAustralia__401208,205,90,BOMAustralia,2,3,62,-36.212,147.678,103.67348149432117,24.27654490075015
BOMAustralia__401209,23,12,BOMAustralia,0,3,87,-37.109,147.576,159.24728057962167,10.722653344434624
BOMAustralia__401210,218,96,BOMAustralia,3,3,87,-36.568,147.413,112.48760245617588,18.670782047474766
BOMAustralia__401212,148,65,BOMAustralia,1,3,62,-36.445,147.83,130.1071160195097,29.26867058415584
BOMAustralia__401215,145,64,BOMAustralia,1,3,87,-36.866,147.703,152.02756447254384,21.81263285255674
BOMAustralia__401216,205,90,BOMAustralia,2,3,87,-36.932,147.472,139.64915503898214,17.39089341184138
BOMAustralia__401217,187,82,BOMAustralia,2,3,87,-36.757,147.709,145.8660304488654,26.81936956593446
BOMAustralia__401218,4,3,BOMAustralia,0,3,62,-36.191,147.298,75.94451502568194,4.051972009863458
BOMAustralia__401220,182,80,BOMAustralia,2,3,62,-36.213,147.334,79.9423703038538,4.051972009863458
BOMAustralia__401225,27,14,BOMAustralia,0,3,87,-36.465,147.248,94.08106754747566,6.497718873756416
BOMAustralia__401226,141,63,BOMAustralia,1,3,87,-37.088,147.458,149.90154453430722,10.722653344434624
BOMAustralia__401228,101,45,BOMAustralia,0,3,87,-37.196,147.522,162.3101809479907,10.793019688831997
BOMAustralia__401229,174,77,BOMAustralia,2,3,62,-36.066,147.879,112.2298759311457,15.868083710902132
BOMAustralia__401231,183,81,BOMAustralia,2,3,87,-36.661,147.433,119.33804503364166,26.81936956593446
BOMAustralia__401549,214,94,BOMAustralia,2,3,62,-36.169,148.026,128.83233694316297,14.328560643155848
BOMAustralia__401554,187,84,BOMAustralia,2,3,62,-36.1,148.259,145.69003235506074,14.546326983283203
BOMAustralia__401560,208,90,BOMAustralia,2,3,62,-36.286,148.322,158.380331971514,17.13801249828093
BOMAustralia__402204,184,81,BOMAustralia,2,3,87,-36.305,146.907,58.817356756989916,1.771241237259716
BOMAustralia__402213,149,66,BOMAustralia,1,3,87,-36.317,146.894,58.375710643605224,1.771241237259716
BOMAustralia__402215,16,8,BOMAustralia,0,3,87,-36.335,146.824,53.944166431756166,7.00903184820984
BOMAustralia__402217,61,29,BOMAustralia,0,3,87,-36.386,146.87,60.52072031086913,7.00903184820984
BOMAustralia__402219,12,8,BOMAustralia,0,3,87,-36.153,146.948,55.1526693178338,12.859962061735667
BOMAustralia__402222,244,108,BOMAustralia,3,3,87,-36.253,147.02,66.12198054782743,12.859962061735667
BOMAustralia__402223,133,59,BOMAustralia,1,3,87,-36.791,147.16,108.17334084783194,16.694805112241077
BOMAustralia__403205,227,99,BOMAustralia,3,3,87,-36.726,146.952,89.55895377457928,3.7612129875651177
BOMAustralia__403210,211,93,BOMAustralia,2,3,87,-36.572,146.718,62.69628215810395,0.8027883956607075
BOMAustralia__403213,209,92,BOMAustralia,2,3,87,-36.619,146.244,50.709942702394244,16.30556779290134
BOMAustralia__403214,160,71,BOMAustralia,1,3,87,-36.578,146.82,69.73828178433602,8.741095249731313
BOMAustralia__403216,30,14,BOMAustralia,0,3,87,-36.578,146.713,62.875837258864514,0.8027883956607075
BOMAustralia__403217,168,74,BOMAustralia,2,3,87,-36.821,146.582,79.43524926176568,7.894874416801169
BOMAustralia__403220,190,83,BOMAustralia,2,3,87,-36.712,146.668,72.24990503735086,9.344197012079311
BOMAustralia__403221,166,72,BOMAustralia,2,3,87,-36.311,146.602,36.71982905902754,25.409457872865758
BOMAustralia__403222,195,85,BOMAustralia,2,3,87,-36.911,146.7,92.93173795667241,13.161147174266372
BOMAustralia__403223,224,98,BOMAustralia,3,3,87,-36.517,146.389,41.680286914221604,5.36645117596446
BOMAustralia__403224,185,81,BOMAustralia,2,3,87,-36.519,146.449,43.94280056187688,5.36645117596446
BOMAustralia__403227,211,93,BOMAustralia,2,3,87,-36.831,146.398,73.80961640316286,16.076941320849812
BOMAustralia__403230,221,97,BOMAustralia,3,3,87,-36.532,146.668,56.39546652995255,6.303187213939614
BOMAustralia__403232,174,77,BOMAustralia,2,3,87,-36.752,146.979,93.29968008715154,3.7612129875651177
BOMAustralia__403233,205,90,BOMAustralia,2,3,87,-36.722,146.882,84.86864325038849,6.254622353779894
BOMAustralia__403236,17,10,BOMAustralia,0,3,87,-36.507,146.778,61.80762142447366,8.741095249731313
BOMAustralia__403240,176,78,BOMAustralia,2,3,87,-36.659,146.42,57.55808253808866,15.781138642865175
BOMAustralia__403241,166,74,BOMAustralia,2,4,5,-36.163,146.236,20.18114094599425,12.425869380908319
BOMAustralia__403244,172,75,BOMAustralia,2,3,87,-36.884,147.062,108.97286456481419,16.432391848144828
BOMAustralia__403247,111,50,BOMAustralia,1,4,5,-36.073,146.318,29.39985365182104,12.425869380908319
BOMAustralia__403248,108,48,BOMAustralia,1,3,87,-36.03,146.649,30.138510952010147,30.138510952010147
BOMAustralia__403249,126,58,BOMAustralia,1,3,87,-36.337,146.3,20.18114094599425,24.23350677341079
BOMAustralia__403250,14,8,BOMAustralia,0,3,87,-36.652,146.857,77.74958854863114,8.09657393881788
BOMAustralia__403254,118,54,BOMAustralia,1,3,87,-36.796,146.665,80.15860659447833,7.894874416801169
BOMAustralia__404204,183,79,BOMAustralia,2,4,5,-36.124,145.832,48.19787327898498,18.792799300510527
BOMAustralia__404206,89,40,BOMAustralia,0,3,87,-36.798,146.019,41.92349894839343,2.2927097590920966
BOMAustralia__404207,178,79,BOMAustralia,2,3,87,-36.611,146.059,38.716965472572404,6.983946193107891
BOMAustralia__404208,116,52,BOMAustralia,1,3,87,-36.762,145.972,36.2445228900015,4.825378615407393
BOMAustralia__404210,30,14,BOMAustralia,0,4,5,-35.968,144.962,96.31875891577117,25.948518240037796
BOMAustralia__404214,173,75,BOMAustralia,2,4,5,-36.098,145.685,61.238383076550875,15.077083520209376
BOMAustralia__404224,171,76,BOMAustralia,2,4,5,-36.433,145.669,34.51546907634137,8.991876213496246
BOMAustralia__404227,78,34,BOMAustralia,0,3,87,-36.616,145.981,31.810816395415415,6.983946193107891
BOMAustralia__404235,102,46,BOMAustralia,0,3,87,-36.819,146.218,58.548846320484046,16.076941320849812
BOMAustralia__404239,87,40,BOMAustralia,0,4,5,-36.293,145.834,38.246648116878774,18.792799300510527
BOMAustralia__404245,99,49,BOMAustralia,0,3,87,-36.779,146.029,41.57382186673683,2.2927097590920966
BOMAustralia__404246,40,23,BOMAustralia,0,3,87,-36.722,145.993,35.832176208688026,4.825378615407393
BOMAustralia__404708,3,4,BOMAustralia,0,3,87,-36.698,146.09,43.07281603763377,9.049208425821766
BOMAustralia__405201,215,95,BOMAustralia,2,1,28,-37.092,145.203,36.172699333559166,6.57548473620919
BOMAustralia__405202,214,95,BOMAustralia,2,1,28,-37.021,145.109,40.6484547262707,6.4635701482702705
BOMAustralia__405203,264,118,BOMAustralia,3,3,87,-37.248,145.889,39.773748395426175,2.104450226643398
BOMAustralia__405209,219,97,BOMAustralia,3,3,87,-37.318,145.713,22.460129683001565,15.463460039176287
BOMAustralia__405212,191,83,BOMAustralia,2,1,28,-37.099,145.056,49.23371215313199,4.337509399481436
BOMAustralia__405215,175,77,BOMAustralia,2,3,87,-37.23,146.207,67.16852053203681,6.988203244837003
BOMAustralia__405217,192,84,BOMAustralia,2,1,28,-37.382,145.472,22.460129683001565,11.488564979362604
BOMAustralia__405218,180,79,BOMAustralia,2,3,87,-37.291,146.188,64.10479772468797,6.988203244837003
BOMAustralia__405219,176,77,BOMAustralia,2,3,87,-37.331,146.131,58.5217472387178,13.089781714130773
BOMAustralia__405228,169,75,BOMAustralia,2,1,28,-36.951,145.284,25.761268418161336,17.248966009043304
BOMAustralia__405229,137,60,BOMAustralia,1,4,5,-36.631,144.868,23.41868204059057,6.883903417575845
BOMAustralia__405230,106,46,BOMAustralia,1,4,5,-36.605,144.798,28.356735144109674,6.883903417575845
BOMAustralia__405231,197,87,BOMAustralia,2,1,28,-37.347,145.288,37.71418909970954,16.720541052875124
BOMAustralia__405234,181,79,BOMAustralia,2,3,87,-36.887,145.683,21.842358930577777,12.858492505657276
BOMAustralia__405236,12,7,BOMAustralia,0,1,28,-37.476,145.418,21.900772370656412,11.488564979362604
BOMAustralia__405237,179,79,BOMAustralia,2,3,87,-36.762,145.586,9.803694596401025,9.803694596401025
BOMAustralia__405238,157,69,BOMAustralia,1,1,28,-37.12,144.858,54.3815940161155,17.712473206949568
BOMAustralia__405240,196,86,BOMAustralia,2,1,28,-37.06,145.055,46.47476233181699,4.337509399481436
BOMAustralia__405241,262,116,BOMAustralia,3,3,87,-37.291,145.828,33.06039802791025,5.123632630636348
BOMAustralia__405247,143,62,BOMAustralia,1,4,5,-36.591,145.626,19.346056695725476,17.98418538153396
BOMAustralia__405248,164,71,BOMAustralia,1,1,28,-36.856,144.916,25.381793249968812,3.133176031083118
BOMAustralia__405251,160,70,BOMAustralia,1,3,87,-36.969,145.785,34.526460024352815,12.858492505657276
BOMAustralia__405257,118,53,BOMAustralia,1,3,87,-37.262,145.873,37.8865702270822,2.104450226643398
BOMAustralia__405260,31,21,BOMAustralia,0,4,5,-36.51,145.095,38.65249726533521,8.23278752148521
BOMAustralia__405261,8,5,BOMAustralia,0,3,87,-37.142,145.673,32.071705500100634,19.88814648023811
BOMAustralia__405262,18,9,BOMAustralia,0,4,5,-36.779,145.478,9.803694596401025,9.803694596401025
BOMAustralia__405263,53,24,BOMAustralia,0,3,87,-37.463,146.248,69.06891800245143,16.44545562523422
BOMAustralia__405264,174,76,BOMAustralia,2,3,87,-37.52,146.076,52.6954590109423,16.44545562523422
BOMAustralia__405269,175,76,BOMAustralia,2,4,5,-36.457,145.399,37.799304642513334,17.536322812068008
BOMAustralia__405278,8,5,BOMAustralia,0,3,87,-37.072,145.61,31.919951485330166,19.301736446759143
BOMAustralia__405279,2,1,BOMAustralia,0,1,28,-36.88,144.847,27.750672501662326,6.693150561876898
BOMAustralia__405281,1,1,BOMAustralia,0,1,28,-36.834,144.938,23.41868204059057,3.133176031083118
BOMAustralia__405290,76,37,BOMAustralia,0,1,28,-37.285,145.058,54.33785979073637,21.47636979364533
BOMAustralia__405291,169,77,BOMAustralia,2,1,28,-37.033,145.208,35.9372140935302,6.57548473620919
BOMAustralia__405292,46,22,BOMAustralia,0,4,5,-36.485,145.592,30.805648521987564,8.991876213496246
BOMAustralia__405293,64,32,BOMAustralia,0,1,28,-36.888,145.058,29.86144164805995,12.248687039512147
BOMAustralia__405321,95,44,BOMAustralia,0,3,87,-37.105,146.369,85.16588703726399,26.168063782083564
BOMAustralia__405328,103,52,BOMAustralia,1,3,87,-37.506,145.778,29.304169120326616,15.944684934522929
BOMAustralia__405702,134,58,BOMAustralia,1,4,5,-36.584,145.092,31.003661024238934,8.23278752148521
BOMAustralia__405704,129,57,BOMAustralia,1,4,5,-36.678,145.267,29.86144164805995,18.0935077710662
BOMAustralia__405709,123,53,BOMAustralia,1,4,5,-36.525,145.198,41.45052994863185,9.35445183395872
BOMAustralia__405711,39,19,BOMAustralia,0,4,5,-36.199,145.138,72.83570789383486,2.554103891376661
BOMAustralia__405714,77,38,BOMAustralia,0,4,5,-36.205,145.032,70.44421691404867,9.534496143571086
BOMAustralia__405716,44,21,BOMAustralia,0,4,5,-36.229,145.212,68.04580435566231,7.42979577106281
BOMAustralia__405717,98,43,BOMAustralia,0,4,5,-36.539,144.986,33.08056065482124,10.708253443112916
BOMAustralia__405719,113,53,BOMAustralia,1,4,5,-36.219,145.152,71.00792617482763,2.554103891376661
BOMAustralia__405721,23,10,BOMAustralia,0,4,5,-36.323,145.29,55.5167080377373,12.575409346106646
BOMAustralia__405729,42,19,BOMAustralia,0,4,5,-36.344,145.136,57.28151238057279,9.484037914146004
BOMAustralia__405737,8,6,BOMAustralia,0,4,5,-36.328,145.032,56.887225425046275,9.484037914146004
BOMAustralia__405738,123,55,BOMAustralia,1,4,5,-36.109,145.612,65.34487401153139,8.949601682204767
BOMAustralia__405740,31,16,BOMAustralia,0,4,5,-36.162,145.537,64.2496488208444,8.949601682204767
BOMAustralia__405746,20,11,BOMAustralia,0,4,5,-36.276,145.42,56.039735701505464,9.136307732576398
BOMAustralia__405757,21,15,BOMAustralia,0,4,5,-36.197,145.392,65.1755190762796,1.9926453216739268
BOMAustralia__405758,158,74,BOMAustralia,1,4,5,-36.181,145.434,66.01843525955435,4.1679753656562815
BOMAustralia__405779,124,57,BOMAustralia,1,4,5,-36.181,145.382,67.13004915448542,1.9926453216739268
BOMAustralia__406201,175,77,BOMAustralia,2,4,5,-36.629,144.555,19.610746577653575,16.960166318395185
BOMAustralia__406202,234,103,BOMAustralia,3,4,5,-36.332,144.701,54.76557273408212,23.874572584303507
BOMAustralia__406208,139,61,BOMAustralia,1,1,28,-37.384,144.453,80.28832205317312,10.683030425550239
BOMAustralia__406210,100,50,BOMAustralia,0,1,28,-37.251,144.38,64.31173303444146,6.378608906448517
BOMAustralia__406213,187,81,BOMAustralia,2,1,28,-37.016,144.54,43.05314451016588,7.364059022382342
BOMAustralia__406214,143,63,BOMAustralia,1,1,28,-36.773,144.428,16.54946855559146,12.593636857991187
BOMAustralia__406215,165,72,BOMAustralia,1,1,28,-36.962,144.492,37.45042593411812,7.364059022382342
BOMAustralia__406216,155,67,BOMAustralia,1,1,28,-36.897,144.356,26.835241916596182,14.08447719885709
BOMAustralia__406225,125,54,BOMAustralia,1,1,28,-36.848,144.534,24.42348137304314,12.593636857991187
BOMAustralia__406235,175,76,BOMAustralia,2,1,28,-36.948,144.665,36.79887546002918,13.43326317987623
BOMAustralia__406250,170,74,BOMAustralia,2,1,28,-37.319,144.364,71.3509222116492,7.032832845455706
BOMAustralia__406262,195,86,BOMAustralia,2,1,28,-36.811,144.391,19.927890833142193,13.375873757671954
BOMAustralia__406264,159,72,BOMAustralia,1,4,5,-36.184,144.73,70.84147007200562,18.655367977162907
BOMAustralia__406265,107,48,BOMAustralia,1,4,5,-36.145,144.736,75.06662394234472,16.813996142931916
BOMAustralia__406280,101,50,BOMAustralia,1,1,28,-37.289,144.434,69.69322603138211,6.378608906448517
BOMAustralia__406757,57,27,BOMAustralia,0,4,5,-36.024,144.57,84.24909765591171,6.232753672921576
BOMAustralia__407205,158,69,BOMAustralia,1,4,5,-35.924,143.872,97.43407918019126,10.522519072544497
BOMAustralia__407209,103,45,BOMAustralia,0,4,5,-35.657,144.125,127.03565355151645,16.398555293879237
BOMAustralia__407211,133,59,BOMAustralia,1,1,28,-36.922,143.748,47.6652737672446,12.293812241877314
BOMAustralia__407213,157,68,BOMAustralia,1,1,28,-37.084,143.812,55.62590449965357,15.999738159222616
BOMAustralia__407214,164,71,BOMAustralia,1,1,28,-37.297,143.79,76.550655601812,8.603986715833294
BOMAustralia__407215,162,71,BOMAustralia,1,1,28,-37.109,144.058,48.140810315774196,10.479504169050077
BOMAustralia__407217,138,60,BOMAustralia,1,1,28,-37.159,144.208,52.04537481592636,10.955759925310668
BOMAustralia__407220,75,33,BOMAustralia,0,1,28,-36.994,143.643,59.85924920483408,12.293812241877314
BOMAustralia__407221,132,58,BOMAustralia,1,1,28,-37.207,144.1,58.047109839870124,10.955759925310668
BOMAustralia__407222,160,70,BOMAustralia,1,1,28,-37.228,143.834,67.9501191616895,8.603986715833294
BOMAustralia__407229,193,83,BOMAustralia,2,4,5,-36.428,143.951,45.45108527430797,36.68602051514145
BOMAustralia__407230,166,73,BOMAustralia,2,1,28,-37.164,143.962,56.65731952346196,5.217063314845661
BOMAustralia__407236,155,67,BOMAustralia,1,4,5,-36.162,144.286,69.11650696370374,19.26969394908605
BOMAustralia__407237,85,41,BOMAustralia,0,1,28,-37.444,143.942,86.77905948700923,11.937366341289357
BOMAustralia__407239,150,65,BOMAustralia,1,1,28,-37.138,143.913,55.830101772295535,5.217063314845661
BOMAustralia__407240,72,34,BOMAustralia,0,1,28,-36.834,143.892,31.634463935478845,16.118361576410095
BOMAustralia__407252,181,80,BOMAustralia,2,4,5,-35.604,143.931,125.096820059084,14.245362966008399
BOMAustralia__407253,133,58,BOMAustralia,1,4,5,-36.452,144.469,35.88067014431095,21.12796645878478
BOMAustralia__407255,180,80,BOMAustralia,2,4,5,-36.633,144.365,16.54946855559146,16.150356502636775
BOMAustralia__407258,19,8,BOMAustralia,0,4,5,-36.691,144.199,21.694789276364734,16.150356502636775
BOMAustralia__407284,165,76,BOMAustralia,2,4,5,-35.889,144.043,104.17068613481591,3.693486487462466
BOMAustralia__407285,130,61,BOMAustralia,1,4,5,-35.889,144.002,105.44353670900821,3.693486487462466
BOMAustralia__407287,165,75,BOMAustralia,2,4,5,-35.923,144.181,97.06978783037259,2.6754656032913533
BOMAustralia__407288,137,62,BOMAustralia,1,1,28,-37.188,143.523,81.63058572909137,10.924121637555226
BOMAustralia__407290,166,73,BOMAustralia,2,4,5,-36.373,144.137,51.512880561446615,26.99838729300108
BOMAustralia__407295,147,65,BOMAustralia,1,4,5,-35.91,144.206,97.99953338365135,2.6754656032913533
BOMAustralia__407300,136,60,BOMAustralia,1,1,28,-37.017,144.142,36.602594977768106,12.657180034633075
BOMAustralia__407301,133,60,BOMAustralia,1,4,5,-36.011,143.826,88.62992157892985,10.522519072544497
BOMAustralia__407314,135,60,BOMAustralia,1,1,28,-37.284,143.649,82.06211149062848,12.55687436385069
BOMAustralia__407712,210,92,BOMAustralia,2,4,5,-36.08,144.567,78.0551355646301,6.232753672921576
BOMAustralia__407716,50,25,BOMAustralia,0,4,5,-36.194,144.497,64.67672121864146,14.149281204602717
BOMAustralia__407727,32,17,BOMAustralia,0,4,5,-35.779,144.11,114.14440287784801,13.641421374697721
BOMAustralia__407735,152,68,BOMAustralia,1,4,5,-35.88,144.147,102.43812139439636,5.678023587480782
BOMAustralia__408202,146,63,BOMAustralia,1,1,28,-37.182,143.404,89.29322764724624,0.3714032781747709
BOMAustralia__408203,158,68,BOMAustralia,1,4,5,-35.906,143.513,74.99371293566234,24.709424946269085
BOMAustralia__408204,8,4,BOMAustralia,0,1,28,-37.181,143.4,89.50744387371213,0.3714032781747709
BOMAustralia__408206,152,66,BOMAustralia,1,1,28,-36.885,143.503,64.64761879505839,1.289024391724681
BOMAustralia__408207,5,2,BOMAustralia,0,1,28,-36.888,143.489,65.68589485437863,1.289024391724681
BOMAustralia__408209,124,55,BOMAustralia,1,4,5,-35.733,143.685,99.70301733873181,24.709424946269085
BOMAustralia__408213,75,32,BOMAustralia,0,4,5,-35.472,143.682,123.48139997857861,26.88948046499131
BOMAustralia__408702,46,22,BOMAustralia,0,4,5,-35.168,143.378,144.5411090995472,13.435854821041154
BOMAustralia__408705,30,20,BOMAustralia,0,4,5,-35.274,143.449,134.9889388672347,13.435854821041154
BOMAustralia__409013,150,67,BOMAustralia,1,4,5,-35.038,143.571,163.38916878154052,7.847752605363672
BOMAustralia__409019,158,68,BOMAustralia,1,4,5,-35.496,144.892,147.98309686534745,17.464473426135697
BOMAustralia__409029,231,99,BOMAustralia,3,4,5,-35.563,145.006,141.46039531346,7.005863883486747
BOMAustralia__409036,161,70,BOMAustralia,1,4,5,-35.108,143.582,156.3782924183668,7.847752605363672
BOMAustralia__409044,139,60,BOMAustralia,1,4,5,-35.522,144.052,139.2296240643268,14.245362966008399
BOMAustralia__409045,166,71,BOMAustralia,1,4,5,-35.511,144.21,141.68666308913967,14.352306096756193
BOMAustralia__409047,143,61,BOMAustralia,1,4,5,-35.643,144.96,132.44785368031722,9.819747064818964
BOMAustralia__409048,166,71,BOMAustralia,1,4,5,-35.274,144.16,166.42925193583406,21.575605963550565
BOMAustralia__409056,177,81,BOMAustralia,2,4,5,-35.61,145.061,136.48627347192033,5.365520790750837
BOMAustralia__409061,169,72,BOMAustralia,2,4,5,-35.136,143.682,156.8545384167973,9.613105589672744
BOMAustralia__409062,167,72,BOMAustralia,2,4,5,-35.329,143.932,149.09123150851974,21.575605963550565
BOMAustralia__409075,128,55,BOMAustralia,1,4,5,-35.626,145.005,134.45782513887673,5.365520790750837
BOMAustralia__409086,134,60,BOMAustralia,1,4,5,-35.135,143.8,161.5206983094382,10.730842379586672
BOMAustralia__409224,6,5,BOMAustralia,0,4,5,-35.735,144.946,122.20532798651782,17.352332114983593
BOMAustralia__409712,163,76,BOMAustralia,2,4,5,-35.908,145.332,97.64793714472785,30.687264745353684
BOMAustralia__41000209,132,59,BOMAustralia,1,4,5,-35.296,145.493,131.1505458454725,34.073587917539975
BOMAustralia__41000210,129,60,BOMAustralia,1,4,5,-35.192,146.042,93.40242605280446,13.576716912972056
BOMAustralia__41000213,101,47,BOMAustralia,0,4,5,-34.886,146.278,79.64334753074047,5.004602515921824
BOMAustralia__41000254,93,47,BOMAustralia,0,3,62,-34.702,148.53,91.1212157848202,16.861886268114787
BOMAustralia__41000260,92,46,BOMAustralia,0,3,62,-35.885,148.793,188.02763589073982,11.31889928086802
BOMAustralia__41000261,82,42,BOMAustralia,0,3,62,-35.419,148.436,157.99478471885848,23.40900684528663
BOMAustralia__41000271,74,39,BOMAustralia,0,3,62,-36.0,148.952,203.89064196471705,15.960511127360329
BOMAustralia__410012,168,73,BOMAustralia,2,4,5,-35.314,146.036,85.97952286572723,5.605573218432506
BOMAustralia__410014,154,67,BOMAustralia,1,4,5,-34.931,146.279,78.44630381711107,5.004602515921824
BOMAustralia__410016,172,74,BOMAustralia,2,4,5,-35.354,145.736,108.28607987182463,27.574730731200148
BOMAustralia__41001701,23,17,BOMAustralia,0,3,62,-36.111,149.196,227.6466382962424,16.024837960309366
BOMAustralia__41001702,56,30,BOMAustralia,0,3,62,-35.586,149.114,194.7329275888193,5.465360746599027
BOMAustralia__410024,126,58,BOMAustralia,1,3,62,-35.166,148.688,142.6338353155213,20.346355561171645
BOMAustralia__410025,210,94,BOMAustralia,2,3,62,-34.788,148.378,102.5868175807973,16.861886268114787
BOMAustralia__410038,137,58,BOMAustralia,1,3,62,-35.018,148.247,130.2361106451397,12.479184973375446
BOMAustralia__410043,120,57,BOMAustralia,1,3,62,-35.178,147.873,118.91353631526071,24.632080389565886
BOMAustralia__410044,185,81,BOMAustralia,2,3,62,-34.93,148.162,123.16109260632234,12.479184973375446
BOMAustralia__410048,122,53,BOMAustralia,1,3,62,-35.196,147.511,90.27901014074337,17.741219044288815
BOMAustralia__410050,207,92,BOMAustralia,2,3,62,-35.982,149.128,219.2649443062319,12.076359143271455
BOMAustralia__410059,128,57,BOMAustralia,1,3,62,-35.335,148.168,136.76401145864935,9.077408629785781
BOMAustralia__410061,236,104,BOMAustralia,3,3,62,-35.332,148.068,128.2357200966311,9.077408629785781
BOMAustralia__410062,177,77,BOMAustralia,2,3,62,-36.181,149.352,242.93569002046652,16.024837960309366
BOMAustralia__410076,166,71,BOMAustralia,1,3,62,-35.921,149.239,228.3972983059976,12.076359143271455
BOMAustralia__410081,135,58,BOMAustralia,1,3,62,-36.262,149.136,226.27357777939716,17.632749528346586
BOMAustralia__410088,212,95,BOMAustralia,2,3,62,-35.419,148.733,170.96189422465324,10.418143903329844
BOMAustralia__410090,155,67,BOMAustralia,1,3,62,-35.065,149.264,144.37019421729266,13.707179199354993
BOMAustralia__410091,195,86,BOMAustralia,2,4,5,-35.692,146.722,11.563676616901711,11.563676616901711
BOMAustralia__410092,87,45,BOMAustralia,0,3,62,-34.616,148.37,84.1516259323387,17.48156285589328
BOMAustralia__410094,179,77,BOMAustralia,2,3,62,-35.566,148.331,146.09294205790098,7.165996318784789
BOMAustralia__410097,183,79,BOMAustralia,2,3,62,-35.645,147.443,65.34088602176018,15.134753187883561
BOMAustralia__410103,135,58,BOMAustralia,1,3,62,-35.002,147.355,95.82603362509282,22.012441008302318
BOMAustralia__410106,117,52,BOMAustralia,1,3,62,-35.486,148.191,134.79360215857272,15.480534148131998
BOMAustralia__410107,175,75,BOMAustralia,2,3,62,-35.026,148.832,128.53953773972447,15.581929858403594
BOMAustralia__410108,161,74,BOMAustralia,1,4,5,-35.075,145.785,119.83561232637933,8.202908900509778
BOMAustralia__410110,226,100,BOMAustralia,3,4,5,-34.879,145.574,142.7955277905693,29.06141641092748
BOMAustralia__410112,188,81,BOMAustralia,2,3,62,-34.6,148.078,93.19529686452763,17.51114488113722
BOMAustralia__410114,219,97,BOMAustralia,3,3,62,-35.23,148.298,151.6982412205222,10.222010856074895
BOMAustralia__410133,157,73,BOMAustralia,1,4,5,-35.034,144.456,193.3844190127878,37.89927888661242
BOMAustralia__410137,156,71,BOMAustralia,1,3,62,-35.063,147.125,78.44630381711107,22.012441008302318
BOMAustralia__410141,178,77,BOMAustralia,2,3,62,-35.703,149.15,208.1432453282317,15.142620679985528
BOMAustralia__410148,127,55,BOMAustralia,1,4,5,-35.338,145.121,153.73357862885393,27.10080425504688
BOMAustralia__410149,110,47,BOMAustralia,1,3,62,-35.214,148.674,147.9053833572413,23.319379854001728
BOMAustralia__410156,181,79,BOMAustralia,2,3,62,-35.352,147.552,84.09275619828163,17.741219044288815
BOMAustralia__410160,159,70,BOMAustralia,1,3,62,-34.946,149.207,130.18380993719583,14.214181320408255
BOMAustralia__410169,179,79,BOMAustralia,2,4,5,-35.148,145.772,116.12588917440182,8.202908900509778
BOMAustralia__410170,163,72,BOMAustralia,1,4,5,-35.322,145.975,90.29222709724475,5.605573218432506
BOMAustralia__410173,43,21,BOMAustralia,0,4,5,-34.505,144.305,174.1673856037384,83.85982979151072
BOMAustralia__410182,159,70,BOMAustralia,1,3,62,-35.718,146.846,11.563676616901711,4.164791434839736
BOMAustralia__410183,159,70,BOMAustralia,1,3,62,-35.698,146.885,14.73486273378432,4.164791434839736
BOMAustralia__410186,164,72,BOMAustralia,1,3,62,-35.686,147.185,41.819750471249876,16.48738343710808
BOMAustralia__410187,149,66,BOMAustralia,1,3,62,-35.756,147.346,56.77761615077148,15.134753187883561
BOMAustralia__410199,91,46,BOMAustralia,0,3,62,-35.193,148.195,144.5136829188412,10.222010856074895
BOMAustralia__410514,172,77,BOMAustralia,2,3,62,-35.983,148.759,186.44795410626935,11.31889928086802
BOMAustralia__410533,212,91,BOMAustralia,2,3,62,-36.025,148.44,159.1894133488562,3.1793571771613456
BOMAustralia__410534,202,87,BOMAustralia,2,3,62,-36.002,148.461,160.48404663056104,3.1793571771613456
BOMAustralia__410574,180,77,BOMAustralia,2,3,62,-35.789,148.401,151.91740759831976,16.260761254643384
BOMAustralia__410575,178,77,BOMAustralia,2,3,62,-35.616,148.281,141.10997315673612,7.165996318784789
BOMAustralia__410700,120,54,BOMAustralia,1,3,62,-35.324,148.942,162.9201649384777,3.883119769022538
BOMAustralia__410705,73,33,BOMAustralia,0,3,62,-35.335,149.313,173.6952516014808,7.388394567193564
BOMAustralia__410711,77,35,BOMAustralia,0,3,62,-35.596,149.046,194.43645967901526,3.3286424081550727
BOMAustralia__410713,77,37,BOMAustralia,0,3,62,-35.382,148.968,169.70345532616324,6.866842995675224
BOMAustralia__410725,101,45,BOMAustralia,0,3,62,-35.348,148.889,164.7120133242713,2.0035629955020466
BOMAustralia__410729,181,80,BOMAustralia,2,3,62,-35.338,149.229,171.29924225976944,0.521417628780757
BOMAustralia__410730,98,44,BOMAustralia,0,3,62,-35.588,148.822,190.12004080376468,10.699911597631875
BOMAustralia__410731,118,54,BOMAustralia,1,3,62,-35.572,149.068,192.25766253233664,3.3286424081550727
BOMAustralia__410733,108,48,BOMAustralia,1,3,62,-35.33,148.888,162.7214838785726,2.0035629955020466
BOMAustralia__410734,96,43,BOMAustralia,0,3,62,-35.614,149.35,203.8862914532376,11.148725334358385
BOMAustralia__410736,74,34,BOMAustralia,0,3,62,-35.665,148.989,200.97801475700874,12.567102711010536
BOMAustralia__410738,122,55,BOMAustralia,1,3,62,-35.291,148.956,159.57058556474462,3.883119769022538
BOMAustralia__410746,91,42,BOMAustralia,0,3,62,-35.333,149.085,166.8465064014836,7.491129575591405
BOMAustralia__410751,102,45,BOMAustralia,0,3,62,-35.198,149.102,152.87593434635866,6.152244777605886
BOMAustralia__410756,167,76,BOMAustralia,2,3,62,-35.272,149.009,158.557411806992,5.2543287023598095
BOMAustralia__410760,154,67,BOMAustralia,1,3,62,-35.389,149.258,177.52460290695035,6.250988898423398
BOMAustralia__410761,159,72,BOMAustralia,1,3,62,-35.538,149.101,189.26944169870833,4.817170414004265
BOMAustralia__410770,92,43,BOMAustralia,0,3,62,-35.342,149.232,171.8095404660264,0.521417628780757
BOMAustralia__410772,106,49,BOMAustralia,1,3,62,-35.248,149.131,158.97131019374572,6.152244777605886
BOMAustralia__410774,128,57,BOMAustralia,1,3,62,-35.542,149.228,192.79358420408985,6.970034197147966
BOMAustralia__410777,151,68,BOMAustralia,1,3,62,-35.132,148.944,142.0564727516864,15.581929858403594
BOMAustralia__410779,82,39,BOMAustralia,0,3,62,-35.408,149.058,174.30207291776563,8.655063982231313
BOMAustralia__410781,58,26,BOMAustralia,0,3,62,-35.522,149.301,192.76319543769569,6.970034197147966
BOMAustralia__410790,87,39,BOMAustralia,0,3,62,-35.341,149.167,169.8162401996599,5.633659322348953
BOMAustralia__410851,159,70,BOMAustralia,1,3,62,-35.188,149.274,157.24052631260716,13.707179199354993
BOMAustralia__411003,167,73,BOMAustralia,2,3,62,-35.257,149.542,174.9354140502639,20.062291050136405
BOMAustralia__41200208,91,47,BOMAustralia,0,2,117,-33.885,148.607,27.877631745175133,27.877631745175133
BOMAustralia__41200209,89,45,BOMAustralia,0,3,25,-33.956,149.316,55.59162552716358,13.570656155975938
BOMAustralia__41200210,89,46,BOMAustralia,0,3,25,-34.044,149.418,68.70403888713471,13.093434188233237
BOMAustralia__412011,155,69,BOMAustralia,1,2,117,-33.202,146.453,125.52720125404026,54.89882734046097
BOMAustralia__412014,149,64,BOMAustralia,1,2,117,-33.084,147.163,177.43601706959979,22.447539834044782
BOMAustralia__412016,217,94,BOMAustralia,2,2,117,-33.228,147.332,156.90107309179052,22.447539834044782
BOMAustralia__412027,120,54,BOMAustralia,1,3,25,-34.13,149.019,46.737521423426045,19.198061490356203
BOMAustralia__412028,86,39,BOMAustralia,0,3,25,-33.955,149.325,55.87765074403017,13.093434188233237
BOMAustralia__412029,189,83,BOMAustralia,2,3,25,-34.143,148.811,34.300933470138965,16.477278401787583
BOMAustralia__412030,187,83,BOMAustralia,2,2,117,-33.376,148.444,70.22533300408347,31.040918079647877
BOMAustralia__412033,162,70,BOMAustralia,1,2,117,-33.584,148.482,59.04683839477872,17.891385322894326
BOMAustralia__412042,123,53,BOMAustralia,1,4,5,-33.228,145.104,37.30590908379388,37.30590908379388
BOMAustralia__412046,104,45,BOMAustralia,0,2,117,-33.102,146.848,162.93501943644324,29.412777160369338
BOMAustralia__412047,87,38,BOMAustralia,0,2,117,-33.382,145.903,76.201582191272,28.099669996690018
BOMAustralia__412050,186,83,BOMAustralia,2,3,25,-34.311,149.167,70.0187089106932,11.927253655652876
BOMAustralia__412056,192,85,BOMAustralia,2,2,117,-33.58,148.848,27.781865577834136,9.54840183981288
BOMAustralia__412065,195,85,BOMAustralia,2,3,25,-34.398,149.091,72.37364501028875,11.927253655652876
BOMAustralia__412066,196,86,BOMAustralia,2,3,25,-34.114,149.598,84.4650296339056,30.747619050179026
BOMAustralia__412077,117,54,BOMAustralia,1,3,25,-33.615,149.145,14.993754597134819,14.993754597134819
BOMAustralia__412080,170,73,BOMAustralia,2,2,117,-33.511,149.042,14.993754597134819,14.993754597134819
BOMAustralia__412090,23,12,BOMAustralia,0,2,117,-33.279,148.748,52.46529224312383,27.73790811825201
BOMAustralia__412124,129,56,BOMAustralia,1,4,5,-33.742,144.924,75.38988455598351,75.38988455598351
BOMAustralia__412134,151,67,BOMAustralia,1,3,62,-34.56,147.893,99.7140151162007,17.51114488113722
BOMAustralia__412163,117,52,BOMAustralia,1,2,117,-33.366,145.601,48.67359029658572,28.099669996690018
BOMAustralia__412165,21,10,BOMAustralia,0,2,117,-33.528,148.766,36.421517688690095,9.54840183981288
BOMAustralia__412175,60,33,BOMAustralia,0,3,25,-34.004,148.873,27.877631745175133,16.477278401787583
BOMAustralia__412187,124,54,BOMAustralia,1,2,117,-33.222,145.505,37.30590908379388,37.30590908379388
BOMAustralia__412192,97,42,BOMAustralia,0,2,117,-33.186,146.238,105.60619172952248,38.0088229060697
BOMAustralia__412195,115,56,BOMAustralia,1,2,117,-33.578,148.675,43.72552420695111,10.100556325119369
BOMAustralia__414218,133,59,BOMAustralia,1,4,108,-34.137,141.218,61.426513455507205,11.334193490961015
BOMAustralia__414703,185,80,BOMAustralia,2,4,108,-34.255,142.23,146.99318626643702,13.288257400757393
BOMAustralia__414719,68,29,BOMAustralia,0,4,108,-34.186,142.112,137.51906394482188,13.288257400757393
BOMAustralia__414722,175,80,BOMAustralia,2,4,5,-34.437,142.315,153.5542326499174,21.689910746229174
BOMAustralia__415202,147,64,BOMAustralia,1,1,43,-37.108,142.424,155.6175583576259,12.466536868392815
BOMAustralia__415206,170,74,BOMAustralia,2,1,43,-36.954,142.86,113.50588362319387,19.640233852876285
BOMAustralia__415207,167,72,BOMAustralia,2,1,28,-37.185,143.185,105.54095226858516,5.36377419974234
BOMAustralia__415214,162,71,BOMAustralia,1,1,43,-37.169,142.542,150.0910905980657,10.933742210621677
BOMAustralia__415220,74,32,BOMAustralia,0,1,43,-36.641,142.979,90.01460267036299,15.79709858197809
BOMAustralia__415224,8,4,BOMAustralia,0,1,43,-36.698,143.167,76.18527000308657,23.304347224623267
BOMAustralia__415226,110,48,BOMAustralia,1,1,43,-36.742,142.787,109.6367927070242,19.314118817498645
BOMAustralia__415227,11,5,BOMAustralia,0,1,43,-37.03,142.586,138.8474183862153,8.252285205403933
BOMAustralia__415237,156,68,BOMAustralia,1,1,43,-37.026,142.822,120.60393276450537,19.09957792877821
BOMAustralia__415238,138,60,BOMAustralia,1,1,43,-36.902,143.107,91.8960021302882,23.304347224623267
BOMAustralia__415241,20,9,BOMAustralia,0,1,43,-36.622,142.373,129.5558450153415,26.93118679624474
BOMAustralia__415244,137,60,BOMAustralia,1,1,28,-37.267,143.163,112.11956031499719,14.666517933642577
BOMAustralia__415245,153,67,BOMAustralia,1,1,43,-37.165,143.094,111.46825488599734,9.143293748868482
BOMAustralia__415246,158,69,BOMAustralia,1,1,43,-36.408,141.975,148.93394538341755,17.18884522104486
BOMAustralia__415247,59,26,BOMAustralia,0,1,43,-36.204,141.999,140.07619539736956,22.7854834117869
BOMAustralia__415249,3,2,BOMAustralia,0,1,43,-36.793,142.208,152.9259513476534,3.091646197678996
BOMAustralia__415251,131,57,BOMAustralia,1,1,43,-36.807,142.178,155.97576773387235,3.091646197678996
BOMAustralia__415252,143,63,BOMAustralia,1,1,43,-37.097,142.626,139.51601467520254,8.252285205403933
BOMAustralia__415256,144,65,BOMAustralia,1,1,43,-36.56,142.01,153.16822130435614,17.18884522104486
BOMAustralia__415257,136,61,BOMAustralia,1,1,43,-36.428,142.984,74.99371293566234,21.326656281738387
BOMAustralia__415259,138,61,BOMAustralia,1,1,43,-36.571,142.825,96.30699899482843,15.79709858197809
BOMAustralia__415272,47,25,BOMAustralia,0,1,28,-37.137,143.191,102.42200266680038,5.36377419974234
BOMAustralia__415273,111,55,BOMAustralia,1,1,43,-36.783,142.073,161.68612264470497,9.722932478991154
BOMAustralia__415702,12,7,BOMAustralia,0,1,43,-36.91,142.646,128.13749876270634,14.368672167441765
BOMAustralia__415711,5,4,BOMAustralia,0,1,43,-36.842,142.64,125.70947828394414,21.44851986305669
BOMAustralia__416003,187,83,BOMAustralia,2,1,85,-29.031,151.725,39.1913920854575,12.171486525526236
BOMAustralia__416006,220,97,BOMAustralia,3,2,14,-29.294,151.122,38.14834796246235,19.663883514337076
BOMAustralia__416007,181,79,BOMAustralia,2,2,14,-28.986,151.277,22.770829583670533,22.770829583670533
BOMAustralia__416008,180,79,BOMAustralia,2,2,14,-29.218,151.383,13.478442679353945,13.478442679353945
BOMAustralia__416010,207,91,BOMAustralia,2,2,14,-29.262,150.9,56.54821107514353,14.08066849955349
BOMAustralia__416011,196,87,BOMAustralia,2,1,85,-29.116,151.458,13.478442679353945,13.478442679353945
BOMAustralia__416012,192,84,BOMAustralia,2,2,14,-28.799,150.73,53.75826980058018,20.08653300543988
BOMAustralia__416016,216,94,BOMAustralia,2,2,14,-29.792,151.128,63.69248982872686,13.95579214667189
BOMAustralia__416020,188,82,BOMAustralia,2,2,14,-29.232,150.759,69.08006336309543,14.08066849955349
BOMAustralia__416021,157,68,BOMAustralia,1,2,14,-29.352,151.094,44.00140320468143,13.354272982471164
BOMAustralia__416022,200,87,BOMAustralia,2,1,85,-29.512,151.703,23.83491713080183,23.83491713080183
BOMAustralia__416023,189,83,BOMAustralia,2,1,85,-29.292,151.924,48.11214238639516,32.50800753406584
BOMAustralia__416027,229,102,BOMAustralia,3,2,14,-29.048,149.16,110.26733415302412,18.88127962640212
BOMAustralia__416031,165,72,BOMAustralia,1,2,14,-29.057,150.903,54.32785186571354,22.796821272268396
BOMAustralia__416032,204,90,BOMAustralia,2,1,85,-29.016,151.601,30.870454229741814,11.021887892420924
BOMAustralia__416037,186,83,BOMAustralia,2,2,14,-28.627,149.668,138.83449319882294,19.526263205314923
BOMAustralia__416039,218,95,BOMAustralia,2,2,14,-29.457,151.465,23.83491713080183,23.83491713080183
BOMAustralia__416040,162,71,BOMAustralia,1,2,14,-28.692,150.896,34.83908540859874,8.212535651722037
BOMAustralia__416052,190,83,BOMAustralia,2,2,14,-29.127,148.988,96.47432314814667,18.88127962640212
BOMAustralia__416054,145,64,BOMAustralia,1,2,14,-29.052,149.467,139.6876970134513,10.615946252897682
BOMAustralia__416068,147,67,BOMAustralia,1,2,14,-29.422,150.982,57.35456605072339,13.354272982471164
BOMAustralia__416069,129,58,BOMAustralia,1,2,14,-29.512,151.177,50.89974987870457,19.522721305729878
BOMAustralia__416072,69,37,BOMAustralia,0,2,14,-28.801,149.641,145.75820153368048,19.526263205314923
BOMAustralia__416080,80,41,BOMAustralia,0,2,14,-29.058,149.358,129.3659774125918,10.615946252897682
BOMAustralia__416202A,125,53,BOMAustralia,1,2,14,-28.497,149.49,145.38697865259212,22.608795233264917
BOMAustralia__416203A,136,60,BOMAustralia,1,2,14,-28.539,150.178,88.11924895032368,14.387712975123872
BOMAustralia__416204A,139,60,BOMAustralia,1,2,14,-28.149,150.092,100.23427285503469,41.88935653146358
BOMAustralia__416205A,134,58,BOMAustralia,1,2,14,-28.642,149.351,128.5459843247104,30.98259241981085
BOMAustralia__416206A,128,55,BOMAustralia,1,2,14,-28.522,150.032,102.02162973030694,14.387712975123872
BOMAustralia__416207A,123,58,BOMAustralia,1,2,14,-28.824,149.109,102.97837564897478,25.397300312842532
BOMAustralia__416303C,6,3,BOMAustralia,0,1,85,-28.813,151.521,30.565464456138276,23.87788351654068
BOMAustralia__416305B,135,58,BOMAustralia,1,2,14,-28.687,150.98,31.14895815838333,5.064232176664019
BOMAustralia__416308A,10,5,BOMAustralia,0,2,14,-28.732,150.972,36.17722819840906,5.064232176664019
BOMAustralia__416310A,124,53,BOMAustralia,1,1,85,-28.918,151.584,30.81274390473913,11.021887892420924
BOMAustralia__416312A,156,68,BOMAustralia,1,2,14,-28.806,151.154,35.76599075480974,19.5549733572567
BOMAustralia__416317A,146,64,BOMAustralia,1,1,85,-28.598,151.889,73.60757927789292,23.895345874802555
BOMAustralia__416318A,151,66,BOMAustralia,1,1,85,-28.785,151.82,57.397137851527354,3.0471100026449975
BOMAustralia__416319A,135,63,BOMAustralia,1,1,85,-28.653,151.919,72.68392489338663,18.999476185193817
BOMAustralia__416320A,128,58,BOMAustralia,1,1,85,-28.808,151.837,57.99773000367843,3.0471100026449975
BOMAustralia__416402C,211,92,BOMAustralia,2,1,85,-28.418,151.069,25.63468825908006,21.636951247649456
BOMAustralia__416404C,131,56,BOMAustralia,1,1,85,-28.482,151.278,36.96289705838107,19.013183127016948
BOMAustralia__416406A,5,2,BOMAustralia,0,2,14,-28.564,150.866,25.63468825908006,17.631374407821827
BOMAustralia__416410A,20,9,BOMAustralia,0,1,85,-28.435,151.465,51.21840977626857,19.013183127016948
BOMAustralia__417205A,130,57,BOMAustralia,1,2,14,-27.882,149.53,162.22982479839888,73.46196833074335
BOMAustralia__418002,225,100,BOMAustralia,3,2,14,-29.469,149.843,148.61781142466592,13.085812287836527
BOMAustralia__418005,201,88,BOMAustralia,2,2,14,-29.917,151.115,65.70662116808518,13.95579214667189
BOMAustralia__418014,208,91,BOMAustralia,2,4,48,-30.468,151.362,31.479580645472154,28.74452453941388
BOMAustralia__418015,183,80,BOMAustralia,2,2,14,-29.833,150.354,89.80842445913795,23.77775940818962
BOMAustralia__418021,178,77,BOMAustralia,2,2,14,-30.228,151.188,31.479580645472154,35.28786129025406
BOMAustralia__418025,173,75,BOMAustralia,2,2,14,-29.933,150.572,73.58454711648258,23.77775940818962
BOMAustralia__418026,187,82,BOMAustralia,2,2,14,-29.912,150.908,75.67199132753389,19.958503915473234
BOMAustralia__418027,177,77,BOMAustralia,2,2,14,-30.207,150.428,49.1124159620386,31.87904816829398
BOMAustralia__418032,176,76,BOMAustralia,2,2,14,-29.67,150.044,119.35129542490729,29.62117223842889
BOMAustralia__418049,155,67,BOMAustralia,1,2,14,-29.589,149.317,148.3513167535192,18.9173738306752
BOMAustralia__418052,176,76,BOMAustralia,2,2,14,-29.125,149.552,149.30530626221864,11.580490353153742
BOMAustralia__418053,211,93,BOMAustralia,2,2,14,-29.397,149.546,157.79095909317508,12.554530299944632
BOMAustralia__418055,208,93,BOMAustralia,2,2,14,-29.513,148.724,99.28044136478745,37.23249119539562
BOMAustralia__418060,197,85,BOMAustralia,2,2,14,-29.694,149.479,152.96298088493305,19.530361696238334
BOMAustralia__418061,181,78,BOMAustralia,2,2,14,-29.687,149.157,142.686459876719,18.9173738306752
BOMAustralia__418068,169,73,BOMAustralia,2,2,14,-29.461,149.104,123.30780237158869,23.807367109182106
BOMAustralia__418070,174,76,BOMAustralia,2,2,14,-29.634,148.959,124.65806879297236,23.807367109182106
BOMAustralia__418078,179,79,BOMAustralia,2,2,14,-29.345,149.431,145.2812977229396,12.554530299944632
BOMAustralia__418086,123,58,BOMAustralia,1,2,14,-29.323,149.776,161.17735646677653,23.76019030450882
BOMAustralia__418087,133,61,BOMAustralia,1,2,14,-29.475,149.978,141.32795438925748,12.150444106419481
BOMAustralia__418089,83,42,BOMAustralia,0,2,14,-29.373,149.933,150.69226504461994,12.150444106419481
BOMAustralia__418091,90,44,BOMAustralia,0,2,14,-29.666,148.688,110.64700492376981,46.24336050105157
BOMAustralia__419007,146,64,BOMAustralia,1,4,48,-30.892,150.495,48.69514774013004,15.286188261462822
BOMAustralia__419010,224,99,BOMAustralia,3,4,48,-30.965,151.347,83.35169982513736,29.70737782176739
BOMAustralia__419012,219,97,BOMAustralia,3,2,14,-30.668,150.057,48.574735919481355,12.515025130751791
BOMAustralia__419020,212,94,BOMAustralia,2,4,48,-30.707,150.702,32.20406653270995,7.371711553650141
BOMAustralia__419027,199,87,BOMAustralia,2,4,48,-31.273,150.46,72.64632388980546,15.29729503835139
BOMAustralia__419028,167,73,BOMAustralia,2,4,48,-30.626,151.11,44.55706716662253,28.457376161328916
BOMAustralia__419029,168,75,BOMAustralia,2,4,48,-30.705,150.827,34.84071064228198,11.952726530983137
BOMAustralia__419032,202,88,BOMAustralia,2,2,14,-30.762,149.985,36.93525301817077,12.515025130751791
BOMAustralia__419033,179,78,BOMAustralia,2,4,48,-31.348,149.885,54.18290380060652,3.246102997508792
BOMAustralia__419034,188,81,BOMAustralia,2,4,48,-31.408,150.429,83.35148639683796,5.410552260322044
BOMAustralia__419035,192,85,BOMAustralia,2,4,48,-31.272,150.915,97.97485181576626,10.03641165052616
BOMAustralia__419043,167,73,BOMAustralia,2,4,48,-30.587,150.689,18.851967101470606,6.424928492314602
BOMAustralia__419051,163,71,BOMAustralia,1,2,14,-30.495,150.083,58.93027587348265,19.397069165641593
BOMAustralia__419053,183,80,BOMAustralia,2,2,14,-30.421,150.649,18.851967101470606,7.222832726341492
BOMAustralia__419056,150,68,BOMAustralia,1,4,48,-30.644,150.678,24.951542811132718,6.424928492314602
BOMAustralia__419063,159,71,BOMAustralia,1,2,14,-30.162,149.302,117.93298290159098,47.45674946448128
BOMAustralia__419072,67,31,BOMAustralia,0,2,14,-30.85,149.033,87.21644219909979,27.872440987383598
BOMAustralia__419075,69,33,BOMAustralia,0,4,48,-30.938,150.646,57.4884929388391,15.286188261462822
BOMAustralia__419076,178,77,BOMAustralia,2,4,48,-31.658,150.644,117.70260638265326,31.477521378095734
BOMAustralia__419083,161,70,BOMAustralia,1,2,14,-30.315,149.296,103.72636012140175,38.80969199685999
BOMAustralia__419084,192,85,BOMAustralia,2,4,48,-31.035,150.333,44.98893220225265,29.09318832854667
BOMAustralia__419085,109,51,BOMAustralia,1,4,48,-31.375,149.872,52.000396640676904,3.246102997508792
BOMAustralia__419086,131,60,BOMAustralia,1,4,48,-31.571,149.982,59.93781684870789,24.162251473547492
BOMAustralia__419097,141,64,BOMAustralia,1,4,48,-31.182,150.923,88.50588294617948,10.03641165052616
BOMAustralia__419098,137,60,BOMAustralia,1,4,48,-31.409,150.486,86.32429887097122,5.410552260322044
BOMAustralia__419099,104,49,BOMAustralia,1,4,48,-31.063,151.057,79.8652611373331,10.564473535039342
BOMAustralia__419102,96,49,BOMAustralia,0,4,48,-31.087,149.905,36.93525301817077,29.084127212287353
BOMAustralia__419103,95,48,BOMAustralia,0,4,48,-31.222,151.13,98.84905088982447,18.99601347430581
BOMAustralia__419104,95,48,BOMAustralia,0,4,48,-31.014,150.962,71.4991245138803,10.564473535039342
BOMAustralia__419105,88,44,BOMAustralia,0,2,14,-30.608,148.957,105.00993903259983,27.872440987383598
BOMAustralia__419112,61,33,BOMAustralia,0,2,14,-30.405,150.722,20.482981970460443,7.222832726341492
BOMAustralia__419905,7,3,BOMAustralia,0,2,14,-30.446,149.671,74.70014492445658,38.80969199685999
BOMAustralia__420003,162,71,BOMAustralia,1,2,117,-31.385,149.203,63.51829745057182,10.925110500396972
BOMAustralia__420004,34,17,BOMAustralia,0,2,117,-31.82,149.118,86.30488304454298,39.762082264793094
BOMAustralia__420007,96,49,BOMAustralia,0,2,117,-31.523,149.352,52.000396640676904,12.200488648868806
BOMAustralia__420017,186,81,BOMAustralia,2,2,117,-31.419,149.311,53.47074794027382,10.925110500396972
BOMAustralia__420022,97,49,BOMAustralia,0,2,117,-31.27,149.27,58.36292510289157,17.01941311104831
BOMAustralia__421011,176,77,BOMAustralia,2,4,93,-30.458,147.684,40.9027388667476,40.9027388667476
BOMAustralia__421015,6,3,BOMAustralia,0,2,117,-31.677,147.768,135.7825076720885,53.71394504581507
BOMAustralia__421019,174,76,BOMAustralia,2,2,117,-32.408,149.334,72.29743003154076,37.34968718817975
BOMAustralia__421026,174,76,BOMAustralia,2,3,25,-33.08,149.69,41.8073467957325,41.8073467957325
BOMAustralia__421048,161,71,BOMAustralia,1,2,117,-32.706,148.552,114.10140091290063,22.009536651412546
BOMAustralia__421055,158,69,BOMAustralia,1,2,117,-32.143,148.456,155.60796684449897,53.98103113515995
BOMAustralia__421076,22,10,BOMAustralia,0,2,117,-32.721,148.13,137.1381667589514,39.516485278097996
BOMAustralia__421079,181,79,BOMAustralia,2,2,117,-32.708,149.755,26.486204812297686,14.334415448642424
BOMAustralia__421083,13,6,BOMAustralia,0,2,117,-32.276,147.619,202.2465381699038,68.07232290242243
BOMAustralia__421107,154,66,BOMAustralia,1,4,93,-30.403,147.172,69.87249496040177,43.723917668540615
BOMAustralia__421146,121,52,BOMAustralia,1,2,117,-31.179,147.671,80.18115263469387,35.47646128141706
BOMAustralia__421149,159,73,BOMAustralia,1,2,117,-32.621,149.642,40.043019115279655,14.262079898206993
BOMAustralia__421150,153,67,BOMAustralia,1,2,117,-32.508,149.57,52.4174202286473,14.262079898206993
BOMAustralia__421153,78,34,BOMAustralia,0,2,117,-30.825,147.713,40.9027388667476,39.566025447832565
BOMAustralia__421164,138,61,BOMAustralia,1,2,117,-31.382,147.383,106.68064487761634,8.533355895467356
BOMAustralia__421166,133,58,BOMAustralia,1,2,117,-31.407,147.298,111.76186891054748,8.533355895467356
BOMAustralia__421176,61,27,BOMAustralia,0,2,117,-32.572,148.725,106.40046784000704,22.009536651412546
BOMAustralia__421184,106,53,BOMAustralia,1,3,25,-32.785,150.023,26.486204812297686,26.486204812297686
BOMAustralia__421188,104,52,BOMAustralia,1,3,25,-33.754,149.929,86.45070332653005,24.600117909262
BOMAustralia__421197,73,39,BOMAustralia,0,2,117,-33.212,149.138,44.816265197498915,37.02551800559191
BOMAustralia__422005,159,68,BOMAustralia,1,4,93,-29.625,147.019,149.16531786839636,14.167622733396303
BOMAustralia__422007,159,68,BOMAustralia,1,4,93,-29.921,146.915,126.3515662659935,14.195706451542875
BOMAustralia__422010,98,42,BOMAustralia,0,4,93,-29.508,146.961,163.31474265190704,14.167622733396303
BOMAustralia__422013,123,53,BOMAustralia,1,4,93,-29.102,147.428,133.7146468795208,33.31038053197526
BOMAustralia__422022,143,62,BOMAustralia,1,4,93,-30.042,146.868,118.92606273346556,14.195706451542875
BOMAustralia__422026,166,76,BOMAustralia,2,4,93,-30.105,147.469,83.40586149718435,43.723917668540615
BOMAustralia__422029,133,60,BOMAustralia,1,4,93,-29.702,147.368,127.57781518496219,8.194849820695302
BOMAustralia__422031,90,39,BOMAustralia,0,4,93,-29.767,147.408,121.23364591674998,8.194849820695302
BOMAustralia__422202B,143,61,BOMAustralia,1,2,32,-26.709,150.179,81.75550971008889,42.4674734170012
BOMAustralia__422206A,149,64,BOMAustralia,1,4,93,-28.84,148.052,96.47432314814667,28.529171434882727
BOMAustralia__422207A,126,54,BOMAustralia,1,4,93,-28.938,147.752,113.95010046858283,5.582080282753404
BOMAustralia__422208A,100,43,BOMAustralia,0,4,93,-28.784,147.629,133.71052726709542,14.975461145598786
BOMAustralia__422209A,122,53,BOMAustralia,1,4,93,-28.968,147.798,108.37292007247012,5.582080282753404
BOMAustralia__422210A,160,68,BOMAustralia,1,0,73,-26.408,148.778,97.40961165955059,85.71925754103434
BOMAustralia__422211A,104,45,BOMAustralia,0,4,93,-28.908,147.689,120.8962306969776,6.980211563792812
BOMAustralia__422306A,145,62,BOMAustralia,1,1,85,-28.164,152.284,101.2633137051041,9.13468137798895
BOMAustralia__422310C,165,72,BOMAustralia,1,1,85,-28.215,152.048,94.22265783943146,16.15557727129256
BOMAustralia__422313B,153,66,BOMAustralia,1,1,85,-28.229,152.227,103.96045392905636,9.13468137798895
BOMAustralia__422316A,156,67,BOMAustralia,1,1,85,-27.533,151.203,26.490500200195385,20.804986504231945
BOMAustralia__422317B,6,3,BOMAustralia,0,1,85,-28.128,151.916,80.49682707538359,10.024810147760276
BOMAustralia__422319B,155,67,BOMAustralia,1,1,85,-28.035,152.014,74.76700947103838,14.119962627059744
BOMAustralia__422323A,174,76,BOMAustralia,2,1,85,-27.87,151.512,49.822841453620214,7.292374867714554
BOMAustralia__422326A,199,87,BOMAustralia,2,1,85,-27.517,151.941,29.168927522487223,18.46953872752265
BOMAustralia__422334A,143,62,BOMAustralia,1,1,85,-27.928,151.861,57.7231755517424,12.242065273795456
BOMAustralia__422337A,2,1,BOMAustralia,0,2,14,-27.303,149.889,132.1944279710593,72.0277229702774
BOMAustralia__422338A,124,54,BOMAustralia,1,1,85,-28.032,151.585,66.10775982744327,17.613701827356696
BOMAustralia__422339A,3,2,BOMAustralia,0,2,32,-26.908,151.284,69.95682382501487,44.03864183627777
BOMAustralia__422341A,152,66,BOMAustralia,1,1,85,-28.332,152.313,118.151491751,14.215903085595027
BOMAustralia__422343A,136,59,BOMAustralia,1,2,32,-26.742,150.605,106.00767640944166,42.4674734170012
BOMAustralia__422345A,161,70,BOMAustralia,1,1,85,-27.669,151.348,39.465931553417796,20.804986504231945
BOMAustralia__422350A,162,71,BOMAustralia,1,2,32,-27.304,151.277,26.490500200195385,17.7706677081276
BOMAustralia__422353A,64,30,BOMAustralia,0,1,85,-27.834,151.45,48.26463956901946,7.292374867714554
BOMAustralia__422355A,157,70,BOMAustralia,1,1,85,-27.99,151.758,61.834566057510905,12.242065273795456
BOMAustralia__422356A,8,3,BOMAustralia,0,1,85,-28.28,151.839,88.8701658470998,10.659497380001163
BOMAustralia__422360A,48,28,BOMAustralia,0,2,32,-27.441,151.658,29.168927522487223,23.715293263584602
BOMAustralia__422361A,49,29,BOMAustralia,0,2,32,-27.327,151.455,33.81195899939679,17.7706677081276
BOMAustralia__422394A,161,70,BOMAustralia,1,1,85,-28.372,152.142,107.86292142949185,11.944058756932368
BOMAustralia__422395A,15,7,BOMAustralia,0,1,85,-28.218,151.922,90.21423299410576,10.024810147760276
BOMAustralia__422405A,2,1,BOMAustralia,0,4,93,-26.778,147.89,94.87234940516284,94.87234940516284
BOMAustralia__422407A,5,2,BOMAustralia,0,1,98,-25.925,147.869,94.87234940516284,94.87234940516284
BOMAustralia__422501A,130,56,BOMAustralia,1,4,93,-27.84,147.511,190.87352927464266,77.40148487053011
BOMAustralia__423001,183,80,BOMAustralia,2,4,93,-29.755,145.432,249.23269615233625,142.054500180669
BOMAustralia__423204A,128,55,BOMAustralia,1,1,98,-25.793,146.586,166.78634923065832,129.2140394951277
BOMAustralia__424202A,2,1,BOMAustralia,0,4,93,-26.802,145.348,166.78634923065832,125.45745148848016
BOMAustralia__425018,117,50,BOMAustralia,1,4,108,-31.661,143.437,260.3520929699517,234.1508402922254
BOMAustralia__425019,145,62,BOMAustralia,1,4,108,-32.718,142.092,220.53253355828244,166.08073349793213
BOMAustralia__600162,144,63,BOMAustralia,1,3,62,-35.887,148.365,149.77143899033152,15.433852671277068
BOMAustralia__600166,208,93,BOMAustralia,2,3,62,-36.279,148.513,173.85884083319772,17.13801249828093
BOMAustralia__600169,105,47,BOMAustralia,1,3,62,-35.665,148.751,183.28854220825065,10.699911597631875
BOMAustralia__600179,205,91,BOMAustralia,2,3,62,-36.47,148.631,192.1268016701361,23.720673305569047
BOMAustralia__600577,107,47,BOMAustralia,1,3,62,-35.652,148.464,157.4178462115928,15.362673160569107
BOMAustralia__601004,209,92,BOMAustralia,2,0,49,-33.743,121.256,675.6353383553964,29.230913114223256
BOMAustralia__601005,164,70,BOMAustralia,1,0,49,-33.54,120.968,640.9773814706508,34.93299173619153
BOMAustralia__601008,200,88,BOMAustralia,2,0,49,-33.765,121.922,729.2933596118922,33.50021355735903
BOMAustralia__601015,42,25,BOMAustralia,0,0,49,-33.714,121.593,700.2678175834475,2.7271487992550307
BOMAustralia__601016,37,23,BOMAustralia,0,0,49,-33.701,121.568,697.5408341269587,2.7271487992550307
BOMAustralia__602001,101,47,BOMAustralia,0,0,49,-34.336,118.664,547.2871707395163,45.529634112131525
BOMAustralia__602002,11,5,BOMAustralia,0,0,49,-33.88,119.322,546.9525387220405,78.99940349047199
BOMAustralia__602005,181,83,BOMAustralia,2,0,49,-34.889,118.008,569.2397738840243,9.202670716692305
BOMAustralia__602015,202,92,BOMAustralia,2,0,49,-34.93,117.882,568.3374500264026,1.4973013357513325
BOMAustralia__602016,11,9,BOMAustralia,0,0,49,-34.94,117.893,569.7705059026003,1.4973013357513325
BOMAustralia__602021,110,49,BOMAustralia,1,0,49,-34.214,119.137,563.1452550241895,45.529634112131525
BOMAustralia__602199,279,125,BOMAustralia,4,0,49,-34.947,118.08,577.9486517428797,9.202670716692305
BOMAustralia__602600,39,22,BOMAustralia,0,0,49,-33.895,118.108,477.90011535665764,65.12227399759642
BOMAustralia__603001,80,42,BOMAustralia,0,0,49,-35.008,117.728,570.4654015346649,4.484756675349294
BOMAustralia__603003,251,111,BOMAustralia,3,0,49,-34.699,117.217,519.6146964326675,20.71406641741239
BOMAustralia__603004,263,116,BOMAustralia,3,0,49,-34.911,117.478,550.8686957613993,9.728723375481348
BOMAustralia__603006,49,24,BOMAustralia,0,0,49,-34.921,117.372,547.9009064251405,2.506689340373688
BOMAustralia__603008,60,28,BOMAustralia,0,0,49,-34.63,117.401,519.5995172263042,21.504562149984537
BOMAustralia__603013,189,86,BOMAustralia,2,0,49,-35.003,117.491,560.6591405175317,10.298307066315186
BOMAustralia__603020,174,78,BOMAustralia,2,0,49,-34.992,117.33,553.620106805672,6.870379086805769
BOMAustralia__603023,170,76,BOMAustralia,2,0,49,-34.932,117.348,548.1425361163392,2.506689340373688
BOMAustralia__603024,154,70,BOMAustralia,1,0,49,-35.012,117.777,572.6632371031292,4.484756675349294
BOMAustralia__603028,24,15,BOMAustralia,0,0,49,-34.995,117.614,564.603544931803,10.483698124050518
BOMAustralia__603136,253,112,BOMAustralia,3,0,49,-34.867,117.315,540.3143645233492,7.8291996378128825
BOMAustralia__603190,234,105,BOMAustralia,3,0,49,-34.704,117.292,522.8845483445576,18.246075155048302
BOMAustralia__604002,51,25,BOMAustralia,0,0,49,-34.507,117.201,499.48890161425385,18.659777560682453
BOMAustralia__604003,48,22,BOMAustralia,0,0,49,-34.437,117.386,499.7059097453935,18.659777560682453
BOMAustralia__605012,255,112,BOMAustralia,3,0,49,-34.907,116.788,527.3165681306224,23.321143714920307
BOMAustralia__605013,16,9,BOMAustralia,0,0,49,-34.498,116.882,487.34201255425774,8.366348172220958
BOMAustralia__606002,216,94,BOMAustralia,2,0,49,-34.696,116.518,497.5959930804553,30.70924320885764
BOMAustralia__606004,13,11,BOMAustralia,0,0,49,-34.478,116.794,482.43301638547484,8.366348172220958
BOMAustralia__606195,243,108,BOMAustralia,3,0,49,-34.806,116.564,510.5152650946067,23.321143714920307
BOMAustralia__606218,211,96,BOMAustralia,2,0,118,-34.748,116.188,495.70209432243996,27.265329107015656
BOMAustralia__607002,192,86,BOMAustralia,2,0,118,-34.342,116.06,449.09305684284726,12.232818366987777
BOMAustralia__607003,215,95,BOMAustralia,2,0,118,-34.369,116.278,456.6816551089157,6.242157057980396
BOMAustralia__607006,52,27,BOMAustralia,0,0,118,-34.163,116.372,436.9622911412654,20.809491010333584
BOMAustralia__607013,275,122,BOMAustralia,4,0,118,-34.428,116.016,457.6224629518678,4.991675223900689
BOMAustralia__607024,63,29,BOMAustralia,0,0,118,-34.127,116.742,444.22397609335565,5.182953793414222
BOMAustralia__607027,131,57,BOMAustralia,1,0,118,-34.012,116.891,437.62538525742497,18.758298880163892
BOMAustralia__607028,36,16,BOMAustralia,0,0,118,-34.137,116.797,447.11357603709706,5.182953793414222
BOMAustralia__607038,69,37,BOMAustralia,0,0,118,-34.452,116.062,461.09158045498623,4.991675223900689
BOMAustralia__607144,241,107,BOMAustralia,3,0,118,-34.349,116.347,456.1930295034284,6.7128244926224765
BOMAustralia__607155,196,88,BOMAustralia,2,0,118,-34.579,115.972,473.3333547757402,9.212406779981253
BOMAustralia__607220,198,88,BOMAustralia,2,0,118,-34.522,115.899,465.91024922459496,9.212406779981253
BOMAustralia__607600,71,31,BOMAustralia,0,0,118,-34.37,116.21,455.24422067861883,6.242157057980396
BOMAustralia__608002,246,110,BOMAustralia,3,0,118,-34.392,115.842,450.7822489891491,7.893932045580074
BOMAustralia__608004,73,36,BOMAustralia,0,0,118,-34.205,115.838,430.2234551631418,6.249650160186631
BOMAustralia__608006,115,55,BOMAustralia,1,0,118,-34.301,115.915,441.9869566508366,12.13690673458064
BOMAustralia__608015,116,56,BOMAustralia,1,0,118,-34.265,115.71,434.96868699978074,9.82552674141636
BOMAustralia__608019,98,47,BOMAustralia,0,0,118,-34.182,115.776,426.75732020065936,6.249650160186631
BOMAustralia__608020,86,44,BOMAustralia,0,0,118,-34.138,115.981,425.39236817300366,15.118764480413724
BOMAustralia__608151,252,111,BOMAustralia,3,0,118,-34.328,115.785,442.9197910183225,8.832876384327468
BOMAustralia__608171,200,89,BOMAustralia,2,0,118,-34.452,115.796,456.6986968674964,7.893932045580074
BOMAustralia__6090017,83,42,BOMAustralia,0,0,118,-34.11,115.544,415.94771402388903,22.801763140544406
BOMAustralia__609002,245,109,BOMAustralia,3,0,118,-34.276,115.302,432.5509009085137,22.913712390253757
BOMAustralia__609003,65,30,BOMAustralia,0,0,118,-33.902,115.661,394.37440111257285,24.614678228056626
BOMAustralia__609005,198,88,BOMAustralia,2,0,49,-33.908,117.142,436.8769817543149,25.877024280090374
BOMAustralia__609011,41,22,BOMAustralia,0,0,118,-33.781,116.01,387.250158373662,5.509537003805024
BOMAustralia__609014,199,86,BOMAustralia,2,0,118,-33.368,116.939,374.3031268324982,14.091648679664646
BOMAustralia__609015,206,88,BOMAustralia,2,0,118,-33.493,116.964,387.9721940718492,14.091648679664646
BOMAustralia__609016,111,51,BOMAustralia,1,0,118,-33.918,116.098,403.9852272618365,17.265786808168645
BOMAustralia__609017,190,85,BOMAustralia,2,0,118,-33.798,115.954,387.9201524086016,5.509537003805024
BOMAustralia__609021,137,64,BOMAustralia,1,0,49,-33.4,117.732,412.79000701176767,19.899344482737735
BOMAustralia__609022,187,83,BOMAustralia,2,0,118,-34.088,115.2,411.27492120761434,4.363879925084963
BOMAustralia__609023,167,76,BOMAustralia,2,0,118,-34.083,115.153,410.6094452004693,4.363879925084963
BOMAustralia__609028,49,22,BOMAustralia,0,0,118,-33.931,116.428,413.9108975425657,12.312799849176171
BOMAustralia__609029,34,17,BOMAustralia,0,0,118,-32.917,117.605,361.964371131044,3.2888705402340404
BOMAustralia__609035,25,13,BOMAustralia,0,0,49,-33.238,117.823,402.7691809032712,19.899344482737735
BOMAustralia__609036,6,3,BOMAustralia,0,0,49,-33.148,117.893,398.6329235365001,31.767995061045873
BOMAustralia__609037,26,13,BOMAustralia,0,0,118,-32.883,117.642,361.01004391859306,5.121117618951246
BOMAustralia__609038,18,9,BOMAustralia,0,0,118,-32.898,117.632,361.7768481854871,3.2888705402340404
BOMAustralia__609053,105,49,BOMAustralia,1,0,118,-34.123,115.57,417.6535806177205,20.059068662644997
BOMAustralia__609064,32,16,BOMAustralia,0,0,118,-34.015,116.515,425.3321021514436,12.312799849176171
BOMAustralia__609077,33,22,BOMAustralia,0,0,118,-34.02,115.189,403.68683177088593,1.064509404199156
BOMAustralia__609079,33,22,BOMAustralia,0,0,118,-34.014,115.198,403.0447309687757,1.064509404199156
BOMAustralia__610000,24,18,BOMAustralia,0,0,118,-33.668,115.031,364.40245768102255,17.42606337295233
BOMAustralia__610003,99,46,BOMAustralia,0,0,118,-33.76,115.332,375.44010413450087,8.535514737880238
BOMAustralia__610008,180,80,BOMAustralia,2,0,118,-33.811,115.418,381.7121004723102,9.763603158915489
BOMAustralia__610009,152,71,BOMAustralia,1,0,118,-33.606,115.497,359.77209792957933,6.5505166684803555
BOMAustralia__610010,217,100,BOMAustralia,3,0,118,-33.552,115.567,354.623115925176,8.837770973089768
BOMAustralia__610015,176,80,BOMAustralia,2,0,118,-33.681,115.195,366.0270084710039,15.417934268927356
BOMAustralia__610016,27,15,BOMAustralia,0,0,118,-33.642,115.441,363.20025180911307,6.459919802709119
BOMAustralia__610025,118,54,BOMAustralia,1,0,118,-33.7,115.437,369.5830581886415,6.459919802709119
BOMAustralia__610028,141,67,BOMAustralia,1,0,118,-33.824,115.049,381.736375186941,17.42606337295233
BOMAustralia__610030,56,29,BOMAustralia,0,0,118,-33.877,115.301,388.2454800366612,13.061977895486816
BOMAustralia__610045,61,34,BOMAustralia,0,0,118,-33.688,115.364,367.6691654722299,6.884187269019484
BOMAustralia__610219,202,89,BOMAustralia,2,0,118,-33.649,115.704,367.1988097811703,16.65326584073775
BOMAustralia__611007,228,103,BOMAustralia,3,0,118,-33.353,115.703,334.77070878026007,5.509599566087525
BOMAustralia__611009,166,74,BOMAustralia,2,0,118,-33.529,115.969,359.1280901709121,8.774052593819047
BOMAustralia__611221,97,45,BOMAustralia,0,0,118,-33.558,115.867,360.1242551616686,17.59948375945463
BOMAustralia__612001,241,107,BOMAustralia,3,0,118,-33.33,116.263,345.7314594248115,8.748937892663532
BOMAustralia__612002,273,122,BOMAustralia,4,0,118,-33.373,116.098,345.5442217076882,12.339648574979071
BOMAustralia__612007,195,89,BOMAustralia,2,0,118,-33.262,116.474,345.76189967982674,7.23305461317904
BOMAustralia__612014,186,83,BOMAustralia,2,0,118,-33.278,116.276,340.6912081505861,13.347780627385605
BOMAustralia__612019,94,45,BOMAustralia,0,0,118,-33.461,116.017,352.9156681060174,8.774052593819047
BOMAustralia__612021,49,24,BOMAustralia,0,0,118,-33.197,116.471,339.007882342822,7.23305461317904
BOMAustralia__612022,260,115,BOMAustralia,3,0,118,-33.219,115.922,324.64523247065654,2.7866618671846344
BOMAustralia__612023,74,35,BOMAustralia,0,0,118,-33.246,115.932,327.78508632263055,3.143033240348491
BOMAustralia__612025,194,84,BOMAustralia,2,0,118,-33.456,116.427,364.13555603596546,12.141567671913139
BOMAustralia__612032,230,103,BOMAustralia,3,0,118,-33.253,115.748,324.6574608184194,4.264151740788455
BOMAustralia__612034,258,115,BOMAustralia,3,0,118,-33.388,116.164,348.93868470574273,11.230937941446143
BOMAustralia__612038,125,57,BOMAustralia,1,0,118,-33.392,116.321,354.0336557178411,8.748937892663532
BOMAustralia__612039,54,25,BOMAustralia,0,0,118,-33.224,115.778,322.07758029578366,4.264151740788455
BOMAustralia__612044,8,9,BOMAustralia,0,0,118,-33.342,116.622,359.4428932889118,5.915874881883707
BOMAustralia__612047,41,23,BOMAustralia,0,0,118,-33.234,115.898,325.70618061072855,2.7866618671846344
BOMAustralia__612059,30,20,BOMAustralia,0,0,118,-33.313,115.738,331.0139572025348,5.509599566087525
BOMAustralia__612230,239,107,BOMAustralia,3,0,118,-33.382,116.58,361.9129849849597,5.915874881883707
BOMAustralia__613003,13,11,BOMAustralia,0,0,118,-33.08,115.977,311.11044735459706,11.458446673214162
BOMAustralia__613007,292,131,BOMAustralia,4,0,118,-32.982,115.939,299.6574735261368,6.73429301842761
BOMAustralia__613016,30,19,BOMAustralia,0,0,118,-32.909,115.82,288.8924459202755,2.357558809184452
BOMAustralia__613019,173,79,BOMAustralia,2,0,118,-33.111,115.724,308.74252522085146,13.533031374790223
BOMAustralia__613020,112,54,BOMAustralia,1,0,118,-32.891,116.036,292.6966434189364,13.239335355510168
BOMAustralia__613022,31,16,BOMAustralia,0,0,118,-32.93,115.902,293.14722737333096,5.952293298600519
BOMAustralia__613023,36,22,BOMAustralia,0,0,118,-32.906,115.845,289.1620785388079,2.357558809184452
BOMAustralia__613029,25,15,BOMAustralia,0,0,118,-32.655,115.779,260.6074023467665,11.715232213304022
BOMAustralia__613031,178,82,BOMAustralia,2,0,118,-32.802,115.746,275.6717681428484,12.815089680446814
BOMAustralia__613032,33,19,BOMAustralia,0,0,118,-32.687,115.737,263.0559298506671,12.815089680446814
BOMAustralia__613036,91,46,BOMAustralia,0,0,118,-32.82,115.739,277.4646358190679,12.456788550280715
BOMAustralia__614005,139,66,BOMAustralia,1,0,118,-32.424,116.002,242.8125608857717,9.137872171217149
BOMAustralia__614006,305,134,BOMAustralia,4,0,118,-32.772,116.084,281.70004139076855,2.3245426552563533
BOMAustralia__614011,38,21,BOMAustralia,0,0,118,-32.932,116.497,313.2374879304096,9.368858121616851
BOMAustralia__614016,37,19,BOMAustralia,0,0,118,-32.518,116.018,253.0928518491865,8.613708938632483
BOMAustralia__614019,154,70,BOMAustralia,1,0,118,-32.593,116.041,261.65100967095026,7.881363276878814
BOMAustralia__614020,62,29,BOMAustralia,0,0,118,-32.555,116.112,260.19436128757195,7.881363276878814
BOMAustralia__614025,105,51,BOMAustralia,1,0,118,-32.7,115.994,271.3263689907842,9.525522809140607
BOMAustralia__614034,13,9,BOMAustralia,0,0,118,-32.66,115.904,264.4484235309939,9.525522809140607
BOMAustralia__614038,12,7,BOMAustralia,0,0,118,-32.568,116.235,266.1623641474138,7.4905986863735485
BOMAustralia__614047,104,51,BOMAustralia,1,0,118,-32.756,116.1,280.5559367471675,2.3245426552563533
BOMAustralia__614058,43,20,BOMAustralia,0,0,118,-32.732,116.354,287.4045856388325,15.35010817157282
BOMAustralia__614059,31,16,BOMAustralia,0,0,118,-32.67,116.169,274.0515221529319,9.125261091447076
BOMAustralia__614060,104,47,BOMAustralia,1,0,118,-32.633,116.256,273.54974471568426,7.4905986863735485
BOMAustralia__614073,118,57,BOMAustralia,1,0,118,-32.347,116.036,236.11346363859772,9.137872171217149
BOMAustralia__614105,117,55,BOMAustralia,1,0,118,-32.662,116.905,302.55790759299146,17.760327537147766
BOMAustralia__614123,15,9,BOMAustralia,0,0,118,-33.023,116.238,312.8869916964697,18.099729021026743
BOMAustralia__614125,112,53,BOMAustralia,1,0,118,-32.827,116.618,307.21729722572206,19.73754537252081
BOMAustralia__614126,58,29,BOMAustralia,0,0,118,-32.808,116.828,313.536155987312,17.760327537147766
BOMAustralia__614130,38,24,BOMAustralia,0,0,118,-32.289,115.891,225.05380972713147,15.074894274340496
BOMAustralia__614196,274,122,BOMAustralia,4,0,118,-32.994,116.429,316.7820543703575,9.368858121616851
BOMAustralia__614224,265,117,BOMAustralia,3,0,118,-32.865,116.398,302.53789640436503,11.87161925492876
BOMAustralia__615010,11,8,BOMAustralia,0,0,49,-33.128,118.485,432.8890726060155,55.165758475840676
BOMAustralia__615011,111,48,BOMAustralia,1,0,118,-31.602,117.73,269.17894321412183,81.28371032101748
BOMAustralia__615016,78,33,BOMAustralia,0,0,49,-32.99,119.782,515.3193934327505,31.94593547699232
BOMAustralia__615018,9,4,BOMAustralia,0,0,49,-33.132,119.484,502.3085601753369,28.1137009301928
BOMAustralia__615027,185,81,BOMAustralia,2,0,118,-32.117,116.836,247.6569499483393,31.249311522146396
BOMAustralia__615063,121,59,BOMAustralia,1,0,118,-32.285,117.182,282.0393881247757,37.53445582789472
BOMAustralia__615222,75,36,BOMAustralia,0,0,118,-32.398,116.831,273.67413791594527,30.164073449769464
BOMAustralia__615600,33,15,BOMAustralia,0,0,118,-32.333,117.732,320.4475211226623,51.96349749111131
BOMAustralia__615602,38,22,BOMAustralia,0,0,49,-32.974,119.166,468.171706414112,6.508483349777607
BOMAustralia__615604,25,10,BOMAustralia,0,0,118,-31.121,118.18,277.86644218450635,141.27152873659873
BOMAustralia__615606,34,20,BOMAustralia,0,0,49,-32.993,119.232,474.29901810434086,6.508483349777607
BOMAustralia__616001,254,113,BOMAustralia,3,0,118,-31.734,116.116,176.93708571688035,12.139293215064102
BOMAustralia__616002,170,74,BOMAustralia,2,0,118,-32.068,116.293,217.66155778103592,6.977253426216906
BOMAustralia__616005,99,48,BOMAustralia,0,0,118,-31.768,116.238,185.30438255588987,12.139293215064102
BOMAustralia__616006,235,104,BOMAustralia,3,0,118,-31.344,116.092,137.27306358652027,17.133501217581003
BOMAustralia__616010,84,37,BOMAustralia,0,0,118,-32.026,116.238,211.30055565909953,6.977253426216906
BOMAustralia__616013,209,94,BOMAustralia,2,0,118,-31.939,116.403,209.37719971259662,11.311366061243664
BOMAustralia__616014,93,45,BOMAustralia,0,0,118,-31.952,116.075,197.96530185359313,13.62074160934676
BOMAustralia__616019,269,118,BOMAustralia,4,0,118,-31.674,116.118,170.94287988336464,15.429729222899494
BOMAustralia__616025,63,30,BOMAustralia,0,0,118,-32.17,116.158,223.2908650370321,17.037549251707016
BOMAustralia__616027,299,133,BOMAustralia,4,0,118,-32.092,116.017,209.55567787537868,10.438241063633273
BOMAustralia__616039,79,36,BOMAustralia,0,0,118,-32.379,116.356,251.79504483309495,23.885278702978127
BOMAustralia__616041,243,110,BOMAustralia,3,0,118,-32.248,116.112,229.06502607816867,13.122881107610807
BOMAustralia__616082,202,90,BOMAustralia,2,0,118,-31.924,115.922,188.83836621176513,6.247477310244812
BOMAustralia__616084,185,82,BOMAustralia,2,0,118,-31.878,115.96,185.86686516910206,5.149911756389816
BOMAustralia__616086,154,72,BOMAustralia,1,0,118,-31.9,116.008,190.147465713266,5.149911756389816
BOMAustralia__616134,117,56,BOMAustralia,1,0,118,-32.041,115.924,200.7166360604599,10.438241063633273
BOMAustralia__616216,182,80,BOMAustralia,2,0,118,-31.973,116.29,207.944003692357,7.666564551297106
BOMAustralia__617002,184,80,BOMAustralia,2,2,13,-30.278,115.367,118.38765656615102,31.325832291737626
BOMAustralia__617003,238,105,BOMAustralia,3,0,118,-31.319,115.627,116.16870708778654,28.217414774532486
BOMAustralia__617017,103,47,BOMAustralia,0,2,13,-30.391,115.068,116.16870708778654,31.325832291737626
BOMAustralia__617165,259,117,BOMAustralia,3,0,118,-31.378,115.916,133.07357731324373,17.133501217581003
BOMAustralia__618601,40,21,BOMAustralia,0,2,13,-29.507,115.942,203.73654515716896,5.834398957226051
BOMAustralia__618602,6,2,BOMAustralia,0,2,13,-29.482,115.995,207.25375720354842,5.834398957226051
BOMAustralia__701003,73,33,BOMAustralia,0,2,13,-28.374,114.522,298.5738659180559,11.653120334012312
BOMAustralia__701004,14,9,BOMAustralia,0,2,13,-28.689,114.737,304.73730841030425,10.446274271783052
BOMAustralia__701005,64,29,BOMAustralia,0,2,13,-29.618,115.29,191.87995367379384,43.907048977850216
BOMAustralia__701006,56,26,BOMAustralia,0,2,13,-28.643,114.619,312.99019202747473,12.597888827021498
BOMAustralia__701007,213,93,BOMAustralia,2,2,13,-28.763,114.671,298.73567486164353,10.446274271783052
BOMAustralia__701008,197,86,BOMAustralia,2,2,13,-28.184,115.678,276.69662264416337,102.7422015189494
BOMAustralia__701009,270,121,BOMAustralia,4,2,13,-29.235,115.033,238.64572022411195,40.73363909030924
BOMAustralia__701013,80,34,BOMAustralia,0,2,13,-29.078,115.412,250.04280046659926,21.941744275567235
BOMAustralia__701015,73,34,BOMAustralia,0,2,13,-29.224,115.26,235.6037821927622,21.941744275567235
BOMAustralia__701601,32,13,BOMAustralia,0,2,13,-28.312,114.618,290.0157293236895,11.653120334012312
BOMAustralia__703001,90,41,BOMAustralia,0,3,106,-25.744,115.13,276.69662264416337,175.4837075767877
BOMAustralia__704001,42,19,BOMAustralia,0,3,106,-24.628,113.821,341.5688024114413,10.523711259333847
BOMAustralia__704002,18,8,BOMAustralia,0,3,106,-24.715,113.78,351.9615552552415,5.470257438393862
BOMAustralia__704004,15,9,BOMAustralia,0,3,106,-24.762,113.764,357.2499996032589,5.470257438393862
BOMAustralia__705001,153,67,BOMAustralia,1,3,106,-23.817,114.01,257.11434588633017,46.121416296874386
BOMAustralia__705002,12,7,BOMAustralia,0,3,106,-23.482,114.277,211.08299426503208,46.121416296874386
BOMAustralia__706207,16,8,BOMAustralia,0,0,8,-22.668,117.614,353.15438212371464,88.53196887767537
BOMAustralia__707001,23,12,BOMAustralia,0,0,8,-22.057,117.062,326.5487540082108,51.710689539882544
BOMAustralia__707004,25,14,BOMAustralia,0,0,8,-21.697,116.476,300.5913326334324,62.391396560018755
BOMAustralia__707005,159,69,BOMAustralia,1,0,8,-22.023,115.594,211.08299426503208,97.97443046964521
BOMAustralia__708001,166,72,BOMAustralia,2,0,8,-22.721,118.973,487.67050030650637,32.4000397858682
BOMAustralia__708009,39,20,BOMAustralia,0,0,8,-21.658,117.334,373.69207698032994,22.977059784162492
BOMAustralia__708011,196,86,BOMAustralia,2,0,8,-23.402,119.795,538.7848059112205,80.45400625481332
BOMAustralia__708013,136,58,BOMAustralia,1,0,8,-22.731,119.338,524.2731021940689,37.451657545504226
BOMAustralia__708014,156,67,BOMAustralia,1,0,8,-22.884,119.235,511.1036599525654,32.4000397858682
BOMAustralia__708016,34,15,BOMAustralia,0,0,8,-22.916,119.212,508.2607647307315,32.713798937253515
BOMAustralia__7081057,15,7,BOMAustralia,0,0,8,-21.592,117.069,355.49531421423694,25.662169907086646
BOMAustralia__708227,24,13,BOMAustralia,0,0,8,-21.447,116.876,350.0204328127652,25.52716923397218
BOMAustralia__709001,3,3,BOMAustralia,0,0,8,-20.993,117.121,402.8141129877398,34.90588680877857
BOMAustralia__709003,12,8,BOMAustralia,0,0,8,-21.03,117.608,437.9677712101335,8.673825576769405
BOMAustralia__709004,180,79,BOMAustralia,2,0,8,-20.851,116.611,378.60050651563733,69.09683984392721
BOMAustralia__709005,146,63,BOMAustralia,1,0,8,-20.702,118.298,516.8469045536502,76.81372973518407
BOMAustralia__709006,24,11,BOMAustralia,0,0,8,-21.593,117.545,395.9157845908087,22.977059784162492
BOMAustralia__709007,29,15,BOMAustralia,0,0,8,-21.303,117.068,375.53379918531704,25.52716923397218
BOMAustralia__709008,118,54,BOMAustralia,1,0,8,-20.952,117.609,443.5704970227253,8.673825576769405
BOMAustralia__709009,23,12,BOMAustralia,0,0,8,-20.938,117.562,440.85116233922906,11.28978573120351
BOMAustralia__709010,169,73,BOMAustralia,2,0,8,-21.231,118.834,531.2277272285393,130.81967513861423
BOMAustralia__710204,196,86,BOMAustralia,2,0,8,-21.192,119.715,614.4638650947992,186.44281517073173
BOMAustralia__802002,43,20,BOMAustralia,0,0,56,-18.621,126.092,518.7898675971207,56.175004992527015
BOMAustralia__802198,204,90,BOMAustralia,2,0,56,-18.449,126.593,462.95927361839296,56.175004992527015
BOMAustralia__802202,222,96,BOMAustralia,3,0,56,-18.015,126.31,468.3631946553172,56.76444193974811
BOMAustralia__802213,221,97,BOMAustralia,3,0,56,-16.872,126.052,442.1198668742191,68.20418634645056
BOMAustralia__803001,227,99,BOMAustralia,3,0,56,-17.372,125.114,553.6761579777333,25.858431619752892
BOMAustralia__803002,44,20,BOMAustralia,0,0,56,-17.166,125.227,535.4441668808493,25.858431619752892
BOMAustralia__804001,211,92,BOMAustralia,2,0,56,-17.009,125.427,510.26238900307,52.294731988289534
BOMAustralia__806001,44,21,BOMAustralia,0,0,56,-14.948,125.738,469.1628892655941,216.5974710008666
BOMAustralia__806004,55,26,BOMAustralia,0,0,56,-14.791,126.793,363.7784983374264,167.7909684988534
BOMAustralia__806005,53,25,BOMAustralia,0,0,56,-14.807,126.499,393.4991946645191,182.87796434018594
BOMAustralia__806007,11,7,BOMAustralia,0,0,56,-14.892,125.76,468.1583696749468,219.39214469281927
BOMAustralia__808001,34,17,BOMAustralia,0,0,56,-16.316,127.178,311.0019452498312,125.91460552647048
BOMAustralia__8091114,15,11,BOMAustralia,0,0,56,-15.626,128.787,134.04997669019326,8.880380095421096
BOMAustralia__809306,26,13,BOMAustralia,0,0,56,-15.615,128.103,207.059294651932,58.79664062167839
BOMAustralia__809317,43,19,BOMAustralia,0,0,56,-18.394,127.769,341.6427660803436,124.21491737079654
BOMAustralia__809322,219,96,BOMAustralia,3,0,56,-16.648,128.094,228.99310364878733,114.86838200605732
BOMAustralia__809335,20,15,BOMAustralia,0,0,56,-15.568,128.73,140.98503617904893,8.880380095421096
BOMAustralia__809340,155,67,BOMAustralia,1,0,56,-15.834,128.603,152.9856752286215,32.55254600908087
BOMAustralia__912103A,4,2,BOMAustralia,0,1,63,-18.593,138.571,355.02514995851493,7.370129315159466
BOMAustralia__912104A,4,1,BOMAustralia,0,1,63,-18.612,138.504,351.21632001070077,7.370129315159466
BOMAustralia__912108A,4,2,BOMAustralia,0,1,63,-19.113,138.755,388.9394601899859,27.13759673223106
BOMAustralia__912110A,3,1,BOMAustralia,0,1,63,-19.356,138.779,393.5907533323721,27.13759673223106
BOMAustralia__912113A,2,1,BOMAustralia,0,1,63,-18.218,138.364,311.41022594226956,46.23356137389204
BOMAustralia__912115A,3,1,BOMAustralia,0,1,63,-19.602,138.378,418.55219907091174,50.15324245025096
BOMAustralia__913003A,3,1,BOMAustralia,0,1,63,-19.425,139.62,313.44405182019494,39.89613361931527
BOMAustralia__913004A,121,52,BOMAustralia,1,1,63,-20.072,139.94,321.5180224682116,23.399022795821143
BOMAustralia__913006A,152,67,BOMAustralia,1,1,63,-19.688,139.361,350.36309912246253,39.89613361931527
BOMAustralia__913008A,3,1,BOMAustralia,0,1,63,-19.592,139.842,300.71169280841656,51.49178692917093
BOMAustralia__913009A,2,1,BOMAustralia,0,1,63,-20.692,139.65,361.8187541991788,63.18631260766914
BOMAustralia__913010A,90,39,BOMAustralia,0,1,63,-18.877,139.359,321.28010432287357,66.81815893099241
BOMAustralia__913012A,2,1,BOMAustralia,0,1,63,-20.128,139.724,343.2560444754922,20.545890590665053
BOMAustralia__913014A,153,66,BOMAustralia,1,1,63,-20.312,139.742,347.8244107234069,20.545890590665053
BOMAustralia__915004A,2,1,BOMAustralia,0,2,1,-20.829,144.185,199.82024046631307,37.76479829512051
BOMAustralia__915005A,2,1,BOMAustralia,0,2,1,-20.147,143.771,217.24917207608598,52.43981489519575
BOMAustralia__915009A,1,1,BOMAustralia,0,2,1,-20.131,143.07,148.67330884609493,22.51397857236837
BOMAustralia__915011A,134,57,BOMAustralia,1,2,1,-20.178,144.524,257.6708738578244,72.83023089224395
BOMAustralia__915013A,37,17,BOMAustralia,0,2,1,-20.712,144.526,199.78378939161902,37.76479829512051
BOMAustralia__915014A,2,1,BOMAustralia,0,2,1,-20.202,143.272,165.6077516408961,22.51397857236837
BOMAustralia__915203B,42,18,BOMAustralia,0,1,63,-20.702,140.491,276.1509668564822,2.392316507251273
BOMAustralia__915203C,61,34,BOMAustralia,0,1,63,-20.681,140.496,275.1333845721301,2.392316507251273
BOMAustralia__915204A,6,3,BOMAustralia,0,1,63,-21.075,140.418,295.30610955054397,31.034466075808968
BOMAustralia__915206A,137,59,BOMAustralia,1,1,63,-20.2,140.225,297.0530306593601,32.98258609698603
BOMAustralia__915208A,116,50,BOMAustralia,1,1,63,-20.658,141.759,148.67330884609493,99.17488447007999
BOMAustralia__915209A,2,1,BOMAustralia,0,1,63,-20.448,140.319,289.0703926977764,31.793276804376884
BOMAustralia__915210A,2,1,BOMAustralia,0,1,63,-21.354,140.41,298.75329894784244,31.034466075808968
BOMAustralia__915211A,137,58,BOMAustralia,1,1,63,-20.872,140.833,247.12484965654525,40.266106865148224
BOMAustralia__916002A,5,2,BOMAustralia,0,2,1,-19.542,143.264,200.23964846208332,49.06976253954998
BOMAustralia__916003A,2,1,BOMAustralia,0,2,1,-18.278,142.341,152.01274340248364,35.28039421143767
BOMAustralia__916004A,5,3,BOMAustralia,0,1,63,-17.473,141.18,152.01274340248364,140.35995597025772
BOMAustralia__917002A,4,2,BOMAustralia,0,2,1,-18.784,143.605,138.55424404007664,26.014516819017953
BOMAustralia__917004A,3,2,BOMAustralia,0,2,1,-19.27,143.693,179.0747154940298,23.61292284319554
BOMAustralia__917005A,2,1,BOMAustralia,0,2,1,-18.932,143.469,160.3591237824192,20.820260905728013
BOMAustralia__917006A,5,2,BOMAustralia,0,2,1,-19.164,143.478,180.34120513715362,2.3346974087037298
BOMAustralia__917007A,3,1,BOMAustralia,0,2,1,-19.161,143.5,178.76563792033642,2.3346974087037298
BOMAustralia__917008A,4,2,BOMAustralia,0,2,1,-18.269,142.675,152.59823440897458,35.28039421143767
BOMAustralia__917013A,4,2,BOMAustralia,0,2,1,-18.777,143.358,155.96717049600974,20.820260905728013
BOMAustralia__917104A,149,64,BOMAustralia,1,2,1,-18.305,143.578,100.07223091632358,40.87583983706855
BOMAustralia__917105A,4,2,BOMAustralia,0,2,1,-18.628,144.086,96.9239316201667,14.280102519857715
BOMAustralia__917106A,142,62,BOMAustralia,1,2,1,-18.5,144.097,83.48562949336494,14.280102519857715
BOMAustralia__917107A,152,65,BOMAustralia,1,2,1,-18.133,144.307,37.14604921552906,37.14604921552906
BOMAustralia__917108A,3,1,BOMAustralia,0,2,1,-18.895,144.42,119.00332778569447,33.957320824904706
BOMAustralia__917112A,6,4,BOMAustralia,0,2,1,-18.023,144.022,49.68530374529873,49.68530374529873
BOMAustralia__917113A,5,3,BOMAustralia,0,2,1,-18.08,143.272,92.25770675349638,40.87583983706855
BOMAustralia__917115A,159,69,BOMAustralia,1,2,1,-19.086,144.168,143.1853723961364,33.957320824904706
BOMAustralia__918002A,4,2,BOMAustralia,0,1,52,-16.372,142.098,139.83762990695703,18.33205650730033
BOMAustralia__918003A,148,65,BOMAustralia,1,1,52,-16.533,142.061,156.55347411958445,18.33205650730033
BOMAustralia__919001B,6,3,BOMAustralia,0,1,52,-16.573,145.187,166.81690977641978,12.674453031578103
BOMAustralia__919002A,6,3,BOMAustralia,0,1,52,-17.825,144.443,37.14604921552906,37.14604921552906
BOMAustralia__919003A,152,67,BOMAustralia,1,1,52,-16.472,144.29,174.79565281410365,28.590405010547567
BOMAustralia__919004A,6,3,BOMAustralia,0,1,52,-17.474,144.598,79.49033258321764,42.34430465383233
BOMAustralia__919005A,116,51,BOMAustralia,1,1,52,-16.68,145.228,154.5819786405158,12.674453031578103
BOMAustralia__919006A,8,4,BOMAustralia,0,1,52,-17.435,143.82,68.7939778727159,12.638953628693173
BOMAustralia__919007A,7,3,BOMAustralia,0,1,52,-16.711,144.813,160.7486056709422,31.158594721475307
BOMAustralia__919008A,8,5,BOMAustralia,0,1,52,-17.325,143.85,79.72456847828221,12.638953628693173
BOMAustralia__919013A,118,52,BOMAustralia,1,1,52,-16.498,145.003,178.00835807458876,31.158594721475307
BOMAustralia__919201A,163,71,BOMAustralia,1,1,52,-16.108,144.778,225.79229827679077,44.15504663852892
BOMAustralia__919202A,8,5,BOMAustralia,0,1,52,-16.082,144.331,191.99241160845958,8.835306151738813
BOMAustralia__919203A,11,6,BOMAustralia,0,1,52,-15.908,143.363,120.20577230024458,37.80306506285379
BOMAustralia__919204A,155,68,BOMAustralia,1,1,52,-16.042,143.038,130.55872418863873,37.80306506285379
BOMAustralia__919205A,6,3,BOMAustralia,0,1,52,-16.013,144.29,183.5050046099918,8.835306151738813
BOMAustralia__919305B,8,4,BOMAustralia,0,1,52,-17.178,145.302,98.82755650531129,15.991490339771788
BOMAustralia__919309A,154,67,BOMAustralia,1,1,52,-16.547,143.785,166.04134005940156,36.540183664488694
BOMAustralia__919310A,161,70,BOMAustralia,1,1,52,-16.983,144.288,119.03330066645735,40.75658213591157
BOMAustralia__919311A,185,81,BOMAustralia,2,1,52,-17.182,144.899,108.8862647000704,42.81443485305063
BOMAustralia__919312A,5,3,BOMAustralia,0,1,52,-16.66,144.107,151.8269594253247,28.590405010547567
BOMAustralia__920001A,6,4,BOMAustralia,0,4,102,-14.621,143.079,106.40771192083989,27.566845584323936
BOMAustralia__920002A,9,5,BOMAustralia,0,4,102,-14.868,143.057,93.71099791946457,27.566845584323936
BOMAustralia__920003A,7,4,BOMAustralia,0,4,102,-15.148,141.798,139.83762990695703,86.3763922679
BOMAustralia__921001A,7,3,BOMAustralia,0,4,102,-14.247,143.166,131.07554651651398,25.99821654139153
BOMAustralia__921002A,8,5,BOMAustralia,0,4,102,-14.471,142.192,196.06486690087013,86.3763922679
BOMAustralia__922001A,188,82,BOMAustralia,2,4,102,-13.418,142.922,224.23270604362546,65.771469159236
BOMAustralia__922101B,163,71,BOMAustralia,1,4,102,-13.956,143.175,158.506087219443,32.37227728562693
BOMAustralia__923001A,151,66,BOMAustralia,1,4,102,-13.128,142.053,302.9235830107313,37.13953334288104
BOMAustralia__924001A,7,5,BOMAustralia,0,4,102,-12.817,142.178,322.626043527733,24.44865352758969
BOMAustralia__924101A,7,4,BOMAustralia,0,4,102,-12.608,142.248,338.27537734114145,23.083756538208096
BOMAustralia__925001A,172,75,BOMAustralia,2,4,102,-12.455,142.639,334.41931947438604,36.642943932391
BOMAustralia__925003A,11,6,BOMAustralia,0,4,102,-12.408,142.305,354.68199531906663,23.083756538208096
BOMAustralia__926001A,10,6,BOMAustralia,0,4,102,-12.128,142.375,379.2556334776462,32.05014245496093
BOMAustralia__926002A,165,72,BOMAustralia,1,4,102,-11.832,142.422,407.45326461046767,9.274879790425786
BOMAustralia__926003A,11,5,BOMAustralia,0,4,102,-11.826,142.507,404.69055534828567,9.274879790425786
BOMAustralia__A0040502,3,1,BOMAustralia,0,4,108,-29.922,139.666,414.73420770701307,96.70749840267534
BOMAustralia__A0040508,2,1,BOMAustralia,0,4,108,-30.672,139.156,323.1764216295979,48.698710521871966
BOMAustralia__A2390504,40,19,BOMAustralia,0,1,43,-37.219,139.992,113.1283575096748,12.528404338666034
BOMAustralia__A2390505,192,85,BOMAustralia,2,1,43,-37.168,139.849,106.74716681770484,13.878133730509312
BOMAustralia__A2390506,237,104,BOMAustralia,3,1,43,-36.796,139.9,65.53517529566791,32.48424071247406
BOMAustralia__A2390510,63,30,BOMAustralia,0,1,43,-37.105,140.058,101.45286154906934,8.050827786603332
BOMAustralia__A2390515,128,55,BOMAustralia,1,1,43,-37.343,140.563,141.28122925804772,8.48849256664553
BOMAustralia__A2390519,173,76,BOMAustralia,2,1,43,-37.089,140.748,126.54825676744946,16.020928284259995
BOMAustralia__A2390523,101,45,BOMAustralia,0,1,43,-37.684,140.389,170.96959195709883,6.572058067153714
BOMAustralia__A2390527,98,45,BOMAustralia,0,1,43,-37.162,140.114,108.6605087007241,8.050827786603332
BOMAustralia__A2390532,127,56,BOMAustralia,1,1,43,-37.657,140.317,166.3815314584373,3.895800956926112
BOMAustralia__A2390533,113,52,BOMAustralia,1,1,43,-37.692,140.315,170.10747220041463,3.895800956926112
BOMAustralia__A2390534,102,46,BOMAustralia,0,1,43,-36.314,140.774,83.67968559759512,8.352923052905632
BOMAustralia__A2390535,4,2,BOMAustralia,0,1,43,-36.387,140.796,87.08334805090774,6.021856332060016
BOMAustralia__A2390536,62,27,BOMAustralia,0,1,43,-37.268,140.887,149.76894650054564,23.405502718030277
BOMAustralia__A2390542,86,38,BOMAustralia,0,1,43,-36.945,140.742,114.28096285868251,16.020928284259995
BOMAustralia__A2390556,129,57,BOMAustralia,1,1,43,-36.645,140.212,58.39663810556523,13.628608329504601
BOMAustralia__A2390562,46,22,BOMAustralia,0,1,43,-36.366,140.734,81.15709497227903,6.021856332060016
BOMAustralia__A2390563,69,31,BOMAustralia,0,1,43,-36.546,140.302,55.22709066519477,13.628608329504601
BOMAustralia__A2390565,75,34,BOMAustralia,0,1,43,-36.723,140.343,72.2695699943413,14.549309056470216
BOMAustralia__A2391001,18,11,BOMAustralia,0,1,43,-37.276,140.517,132.79684046245143,8.48849256664553
BOMAustralia__A2391007,56,26,BOMAustralia,0,3,54,-36.208,139.85,26.265964808117886,26.265964808117886
BOMAustralia__A2391023,148,65,BOMAustralia,1,1,43,-36.483,140.169,41.84880123087539,13.796729966632268
BOMAustralia__A2391092,27,17,BOMAustralia,0,1,43,-36.401,140.019,26.265964808117886,16.222629764181224
BOMAustralia__A2391146,85,44,BOMAustralia,0,1,43,-37.228,140.492,127.03568873941717,14.246869647900377
BOMAustralia__A4260500,10,4,BOMAustralia,0,4,108,-34.147,141.535,87.41538493611397,29.19480366804581
BOMAustralia__A4260502,13,6,BOMAustralia,0,4,108,-34.048,141.278,69.52589774449875,11.334193490961015
BOMAustralia__A4260503,151,66,BOMAustralia,1,3,54,-35.227,138.858,167.33152171210284,13.59281424046247
BOMAustralia__A4260504,185,81,BOMAustralia,2,3,54,-35.323,138.673,170.52768484824534,9.218173516682002
BOMAustralia__A4260530,154,67,BOMAustralia,1,3,54,-35.444,138.692,160.00364250202932,8.06307945666761
BOMAustralia__A4260533,141,61,BOMAustralia,1,3,54,-35.209,139.006,160.97361160538003,8.70556080869448
BOMAustralia__A4260536,23,11,BOMAustralia,0,3,54,-33.842,139.083,152.81829850544443,41.54628069029189
BOMAustralia__A4260580,23,17,BOMAustralia,0,4,108,-33.921,140.952,50.26037216102344,5.837297261255457
BOMAustralia__A4260584,30,14,BOMAustralia,0,3,54,-34.232,140.556,39.26720323291819,14.180196890653715
BOMAustralia__A4260588,32,16,BOMAustralia,0,3,54,-34.416,140.641,51.95422826299176,11.076953023434234
BOMAustralia__A4260600,78,41,BOMAustralia,0,4,108,-33.972,140.967,47.62211552380688,5.837297261255457
BOMAustralia__A4260688,137,62,BOMAustralia,1,3,54,-35.133,139.029,166.90430810531984,8.70556080869448
BOMAustralia__A4261011,138,59,BOMAustralia,1,3,54,-34.703,139.469,150.70338695006816,15.792374700985134
BOMAustralia__A4261014,143,62,BOMAustralia,1,3,54,-34.639,139.176,171.02464363020354,11.916648769891548
BOMAustralia__A4261020,99,48,BOMAustralia,0,3,54,-35.387,138.747,160.75030043120168,6.091631271931701
BOMAustralia__A4261029,78,34,BOMAustralia,0,3,54,-34.82,139.371,165.26038059003474,15.792374700985134
BOMAustralia__A4261075,111,53,BOMAustralia,1,3,54,-35.314,138.774,164.9154141458372,5.598461855403737
BOMAustralia__A4261077,31,20,BOMAustralia,0,3,54,-35.471,138.81,150.13655883859136,11.101334771987618
BOMAustralia__A4261091,111,55,BOMAustralia,1,4,108,-33.986,140.862,39.26720323291819,9.806146974871256
BOMAustralia__A4261101,115,51,BOMAustralia,1,3,54,-35.28,138.918,159.32994161150233,11.233549052745811
BOMAustralia__A4261103,100,50,BOMAustralia,0,3,54,-35.358,138.804,159.4754001332254,3.695367738086172
BOMAustralia__A4261174,96,49,BOMAustralia,0,3,54,-34.742,139.212,173.21215908011817,11.916648769891548
BOMAustralia__A4261208,86,39,BOMAustralia,0,3,54,-35.39,138.815,156.20194125435185,3.695367738086172
BOMAustralia__A4261225,65,34,BOMAustralia,0,3,54,-34.359,140.542,50.8614416775416,11.076953023434234
BOMAustralia__A5010500,116,51,BOMAustralia,1,3,54,-35.462,138.582,166.25427606798053,9.119781190346053
BOMAustralia__A5010503,130,57,BOMAustralia,1,3,54,-35.544,138.58,160.77604907965568,9.119781190346053
BOMAustralia__A5011006,143,66,BOMAustralia,1,3,54,-35.483,138.31,184.63016168825067,24.741796788463336
BOMAustralia__A5011029.1,68,34,BOMAustralia,0,3,54,-35.458,138.347,183.45819418789605,21.28872634405017
BOMAustralia__A5030500.1,47,20,BOMAustralia,0,3,54,-35.112,138.635,190.10032319786453,3.58113262086434
BOMAustralia__A5030502,176,77,BOMAustralia,2,3,54,-35.101,138.672,188.86401516092207,3.58113262086434
BOMAustralia__A5030503,143,63,BOMAustralia,1,3,54,-35.14,138.607,189.43877269675886,4.022199542141325
BOMAustralia__A5030506.1,49,22,BOMAustralia,0,3,54,-35.128,138.728,183.3118776792765,5.912595222448757
BOMAustralia__A5030522,11,6,BOMAustralia,0,3,54,-35.171,138.52,192.3183402056236,8.627860997778177
BOMAustralia__A5030537,159,69,BOMAustralia,1,3,54,-35.019,138.792,189.43663994333485,13.447009534860106
BOMAustralia__A5030547.1,91,40,BOMAustralia,0,3,54,-35.126,138.481,198.37952034754272,4.440260193722249
BOMAustralia__A5040500.1,141,64,BOMAustralia,1,3,54,-34.822,138.852,204.82867803300292,10.60798311776059
BOMAustralia__A5040503,166,73,BOMAustralia,2,3,54,-34.755,138.699,216.14754979868658,5.0126264027982215
BOMAustralia__A5040521,21,10,BOMAustralia,0,3,54,-35.048,138.617,196.59541218578568,7.302537395721953
BOMAustralia__A5040523.1,141,63,BOMAustralia,1,3,54,-34.872,138.753,204.9227636013774,10.60798311776059
BOMAustralia__A5040546,38,18,BOMAustralia,0,3,54,-34.818,138.618,216.84498015175387,4.255537707651681
BOMAustralia__A5040901.1,97,42,BOMAustralia,0,3,54,-34.947,138.588,206.99122255828377,11.537165485342184
BOMAustralia__A5041009.1,48,23,BOMAustralia,0,3,54,-34.828,138.573,218.34889946771995,3.8855689429879825
BOMAustralia__A5041021.1,63,32,BOMAustralia,0,3,54,-35.088,138.496,200.5132152803133,4.440260193722249
BOMAustralia__A5041022.1,30,14,BOMAustralia,0,3,54,-34.962,138.514,209.9471718926043,13.396045552942198
BOMAustralia__A5041024.1,53,26,BOMAustralia,0,3,54,-34.814,138.534,221.7210710118746,3.8855689429879825
BOMAustralia__A5041036.1,43,21,BOMAustralia,0,3,54,-34.763,138.753,211.9576450842648,5.0126264027982215
BOMAustralia__A5050504,45,22,BOMAustralia,0,3,54,-34.562,138.772,202.4363209367501,11.316957270840732
BOMAustralia__A5050510.1,63,28,BOMAustralia,0,3,54,-34.64,138.541,216.96076235276837,10.687264653630345
BOMAustralia__A5050512,9,5,BOMAustralia,0,3,54,-34.365,138.921,183.46253136351731,25.81560319873745
BOMAustralia__A5050532,154,66,BOMAustralia,1,3,54,-34.357,138.973,178.6108509922839,29.312316844691384
BOMAustralia__A5050540,44,24,BOMAustralia,0,3,54,-34.676,138.663,215.9999429395235,3.484154593001921
BOMAustralia__A5050543,105,50,BOMAustralia,1,3,54,-34.453,139.064,173.2793234232445,23.08634300943316
BOMAustralia__A5051007,19,9,BOMAustralia,0,3,54,-34.682,138.848,200.46277667596587,4.157616535452625
BOMAustralia__A5051009,10,6,BOMAustralia,0,3,54,-34.662,138.795,204.15214124497703,5.332659009925075
BOMAustralia__A5051010.1,41,21,BOMAustralia,0,3,54,-34.717,138.864,200.617940170446,4.157616535452625
BOMAustralia__A5060500,167,72,BOMAustralia,2,3,54,-34.1,138.631,160.36588614314135,4.567356678441864
BOMAustralia__A5060502,92,41,BOMAustralia,0,3,54,-34.007,138.679,151.91124741782988,7.451127346408315
BOMAustralia__A5061008,142,63,BOMAustralia,1,3,54,-34.059,138.628,155.92423097047464,4.567356678441864
BOMAustralia__A5070500,139,61,BOMAustralia,1,3,54,-33.613,138.632,109.66729735284045,8.641637944930226
BOMAustralia__A5070501,148,65,BOMAustralia,1,3,54,-33.54,138.6,101.06003293842373,8.641637944930226
BOMAustralia__A5090502,108,47,BOMAustralia,1,4,108,-31.954,138.1,182.44844222323516,40.31072279631632
BOMAustralia__A5090503,145,63,BOMAustralia,1,4,108,-32.095,138.292,163.23388528507934,41.330771140946545
BOMAustralia__A5091002,101,49,BOMAustralia,0,4,108,-32.718,138.137,101.06003293842373,70.7861463579199
BOMAustralia__A5100502,6,3,BOMAustralia,0,4,108,-31.749,138.452,199.63154916864707,40.31072279631632
BOMAustralia__A5100507,1,1,BOMAustralia,0,4,108,-30.643,138.648,322.1634228761408,24.80257975083934
BOMAustralia__A5100510,2,1,BOMAustralia,0,4,108,-30.608,138.392,326.6117701124522,1.3648739652584738
BOMAustralia__A5100511,4,2,BOMAustralia,0,4,108,-30.62,138.389,325.29691169444357,1.3648739652584738
BOMAustralia__A5120500,135,59,BOMAustralia,1,3,54,-34.571,135.858,294.871678209474,11.918524580952479
BOMAustralia__A5120503,137,60,BOMAustralia,1,3,54,-34.468,135.822,289.54016657792204,11.918524580952479
BOMAustralia__DD505501.1,43,19,BOMAustralia,0,3,54,-34.706,138.652,218.1124339622618,3.484154593001921
BOMAustralia__DD505503.1,60,27,BOMAustralia,0,3,54,-34.728,138.588,224.44986021197718,8.96886865534815
BOMAustralia__G0010005,11,5,BOMAustralia,0,1,63,-20.047,137.018,387.03265309145536,130.16256364167714
BOMAustralia__G0050115,73,31,BOMAustralia,0,1,53,-24.352,133.436,813.6684115918019,80.2800781947244
BOMAustralia__G0050116,49,21,BOMAustralia,0,1,53,-24.552,133.24,828.2922254130574,80.93157815990055
BOMAustralia__G0050139,2,1,BOMAustralia,0,1,53,-23.965,132.768,751.9308863753552,80.2800781947244
BOMAustralia__G0060009,93,40,BOMAustralia,0,1,53,-23.695,133.886,763.5546970262394,4.246839764005754
BOMAustralia__G0060017,42,18,BOMAustralia,0,1,53,-23.69,133.987,767.472573848876,10.299128568148406
BOMAustralia__G0060041,68,29,BOMAustralia,0,1,53,-23.844,134.088,787.3665790444657,19.971830705057695
BOMAustralia__G0060046,124,53,BOMAustralia,1,1,53,-23.633,133.882,757.1420845578256,2.478677680285148
BOMAustralia__G0060047,75,32,BOMAustralia,0,1,53,-23.648,133.864,757.8715813191188,2.478677680285148
BOMAustralia__G0060126,44,19,BOMAustralia,0,1,53,-23.728,133.865,765.9802135128343,4.246839764005754
BOMAustralia__G0280010,36,16,BOMAustralia,0,1,53,-22.371,133.328,606.07793663139,151.35090543844424
BOMAustralia__G0280114,8,4,BOMAustralia,0,1,53,-20.333,134.238,426.524322089123,41.85631391110376
BOMAustralia__G0290002,15,6,BOMAustralia,0,1,53,-19.564,134.214,350.10183795114074,43.70273851226261
BOMAustralia__G0290004,5,2,BOMAustralia,0,1,63,-19.292,136.068,281.4586387858231,130.16256364167714
BOMAustralia__G0290012,12,5,BOMAustralia,0,1,53,-19.957,134.219,389.001733660078,41.85631391110376
BOMAustralia__G0290228,39,17,BOMAustralia,0,1,53,-18.882,134.094,292.8404283301371,76.8744493353264
BOMAustralia__G8100106,87,38,BOMAustralia,0,0,56,-15.398,129.011,116.5845386916773,5.815558958805998
BOMAustralia__G8100210,107,47,BOMAustralia,1,0,56,-15.405,129.194,98.13423307548436,13.830646692763201
BOMAustralia__G8100225,101,44,BOMAustralia,0,0,56,-15.403,129.065,110.97940414539566,5.815558958805998
BOMAustralia__G8110004,98,43,BOMAustralia,0,2,18,-15.764,130.031,36.54360624757515,36.54360624757515
BOMAustralia__G8110006,121,52,BOMAustralia,1,0,56,-15.933,129.738,36.54360624757515,17.57018675492178
BOMAustralia__G8110012,82,36,BOMAustralia,0,2,18,-15.762,130.523,86.09618419283078,86.09618419283078
BOMAustralia__G8110016,84,37,BOMAustralia,0,2,18,-17.447,130.841,205.2856437643836,102.8275827367217
BOMAustralia__G8110107,41,18,BOMAustralia,0,0,56,-15.943,129.574,52.78001027821681,17.57018675492178
BOMAustralia__G8110232,25,11,BOMAustralia,0,2,18,-16.526,130.754,126.94062059991369,88.463274469507
BOMAustralia__G8140001,127,56,BOMAustralia,1,2,18,-14.462,132.258,316.02396883421983,3.1797675344783545
BOMAustralia__G8140008,142,62,BOMAustralia,1,2,91,-14.071,131.977,317.31926360724987,5.610447542946437
BOMAustralia__G8140011,41,18,BOMAustralia,0,2,18,-15.087,132.413,301.65267546862765,54.39378574292332
BOMAustralia__G8140022,82,37,BOMAustralia,0,2,18,-14.315,132.42,339.4772317366412,9.60918413392536
BOMAustralia__G8140044,124,54,BOMAustralia,1,2,18,-14.788,131.566,233.7208710700629,16.156614904492248
BOMAustralia__G8140060,70,31,BOMAustralia,0,2,91,-14.032,131.944,317.5281430268371,5.610447542946437
BOMAustralia__G8140063,152,67,BOMAustralia,1,2,91,-13.798,131.34,291.97333482058025,11.69029264120192
BOMAustralia__G8140086,102,45,BOMAustralia,0,2,18,-14.628,132.588,338.38466445000597,39.223662188124976
BOMAustralia__G8140152,145,64,BOMAustralia,1,2,18,-14.168,132.074,318.4843312487346,15.024930409143003
BOMAustralia__G8140157,109,49,BOMAustralia,1,2,18,-14.283,131.876,293.82883314801774,24.879240222989928
BOMAustralia__G8140158,21,10,BOMAustralia,0,2,18,-14.349,132.338,329.9943485508875,9.60918413392536
BOMAustralia__G8140161,125,55,BOMAustralia,1,2,91,-13.74,131.098,276.1496276649559,16.741175847966964
BOMAustralia__G8140205,83,41,BOMAustralia,0,2,18,-14.688,131.675,249.63710963715434,16.156614904492248
BOMAustralia__G8140219,88,40,BOMAustralia,0,2,18,-13.973,132.775,392.3423526788948,53.95686045544792
BOMAustralia__G8140222,79,40,BOMAustralia,0,2,18,-14.49,132.252,313.8551896547418,3.1797675344783545
BOMAustralia__G8140325,94,46,BOMAustralia,0,2,91,-13.838,131.158,273.88048959449895,8.526384502515475
BOMAustralia__G8140535,110,54,BOMAustralia,1,2,18,-14.426,132.287,320.78299333941663,5.076965226787586
BOMAustralia__G8140538,98,49,BOMAustralia,0,2,91,-13.814,131.233,281.8297601719694,8.526384502515475
BOMAustralia__G8145749,44,25,BOMAustralia,0,2,91,-14.118,131.441,272.35318276243646,37.21417778407769
BOMAustralia__G8150010,148,65,BOMAustralia,1,2,91,-13.024,130.952,325.5726643011092,16.747066294724675
BOMAustralia__G8150018,80,35,BOMAustralia,0,2,91,-12.606,131.074,371.4806639353947,3.0342046889736793
BOMAustralia__G8150028,90,41,BOMAustralia,0,2,91,-12.709,131.002,357.62174149154214,9.4266603635585
BOMAustralia__G8150036,31,14,BOMAustralia,0,2,91,-12.592,131.05,371.386900733581,3.0342046889736793
BOMAustralia__G8150098,133,58,BOMAustralia,1,2,91,-12.773,130.945,348.2927002486181,7.9931313642573745
BOMAustralia__G8150151,47,21,BOMAustralia,0,2,91,-12.91,131.053,342.2480661509345,13.677644159705178
BOMAustralia__G8150179,100,44,BOMAustralia,0,2,91,-12.462,131.084,385.596934857147,16.048818201093738
BOMAustralia__G8150180,166,73,BOMAustralia,2,2,91,-12.97,130.762,319.18428366776817,21.443634285778124
BOMAustralia__G8150321,34,17,BOMAustralia,0,2,91,-12.834,130.906,340.3001563760775,7.9931313642573745
BOMAustralia__G8170002,184,80,BOMAustralia,2,2,91,-13.241,131.108,316.88760864406936,19.838209936685153
BOMAustralia__G8170005,144,63,BOMAustralia,1,2,91,-12.948,131.27,353.1617204732381,5.751176086851463
BOMAustralia__G8170006,36,17,BOMAustralia,0,2,91,-13.422,131.31,317.08669604149594,29.711201041931396
BOMAustralia__G8170008,112,49,BOMAustralia,1,2,91,-13.418,131.085,300.4758954339591,19.838209936685153
BOMAustralia__G8170020,245,109,BOMAustralia,3,2,91,-12.91,131.234,354.02800285071703,5.751176086851463
BOMAustralia__G8170066,95,42,BOMAustralia,0,2,91,-13.013,131.122,337.53221625844503,13.677644159705178
BOMAustralia__G8170084,145,63,BOMAustralia,1,2,91,-13.09,131.234,338.5167782144614,14.849116469380574
BOMAustralia__G8170085,121,53,BOMAustralia,1,2,91,-12.782,131.148,359.81627510026215,17.014787112269463
BOMAustralia__G8180026,60,28,BOMAustralia,0,2,91,-13.602,132.221,372.08380141253434,26.591022297573755
BOMAustralia__G8180035,76,34,BOMAustralia,0,2,91,-12.907,131.646,383.4466111163769,41.003819411810646
BOMAustralia__G8180069,41,19,BOMAustralia,0,2,91,-13.532,131.718,341.4786962995882,33.19008755881481
BOMAustralia__G8180252,28,13,BOMAustralia,0,2,91,-13.676,131.987,348.4684227654826,26.591022297573755
BOMAustralia__G8190001,23,11,BOMAustralia,0,2,91,-12.792,132.174,433.22389173924535,47.13798564391198
BOMAustralia__G8190072,10,6,BOMAustralia,0,2,91,-12.498,131.861,432.7796827794785,47.13798564391198
BOMAustralia__G8200045,58,27,BOMAustralia,0,2,91,-13.526,132.522,401.5642145841106,33.615730697746784
BOMAustralia__G8210009,65,29,BOMAustralia,0,2,91,-12.608,132.899,502.6837686928611,48.54253641868838
BOMAustralia__G8210010,84,37,BOMAustralia,0,2,91,-12.718,133.332,526.9539380648924,48.54253641868838
BOMAustralia__G9030089,174,76,BOMAustralia,2,2,18,-14.562,133.105,392.0535308274257,38.4452529664687
BOMAustralia__G9030124,34,15,BOMAustralia,0,2,18,-16.265,133.396,300.25468181635455,148.37207534164997
BOMAustralia__G9030176,143,62,BOMAustralia,1,2,18,-14.943,133.208,387.8646886502734,43.789068880927296
BOMAustralia__G9030514,67,35,BOMAustralia,0,2,18,-14.322,133.362,428.252031788413,38.4452529664687
BOMAustralia__G9070132,147,64,BOMAustralia,1,2,18,-16.453,136.086,311.41022594226956,287.7630015369304
BOMAustralia__G9070142,111,48,BOMAustralia,1,2,18,-16.778,135.758,281.4586387858231,258.176759238833
BOMAustralia__ME650,132,64,BOMAustralia,1,1,28,-37.896,144.128,127.93279303977737,0.36817789833092335
BOMAustralia__ME670C,113,55,BOMAustralia,1,1,28,-37.607,144.79,69.52626965564345,2.943862627630273
BOMAustralia__R0060007,23,15,BOMAustralia,0,1,53,-23.542,133.947,750.8918040999655,12.093947241960143
BOMAustralia__RE690,137,66,BOMAustralia,1,1,28,-37.509,144.15,91.06119781182088,16.747110912490335
CAMELSH__01011000,179,77,CAMELSH,2,1,96,47.07,-69.08,287.7360731551577,41.918790711718096
CAMELSH__01013500,188,86,CAMELSH,2,1,96,47.237,-68.583,324.47297573456,41.918790711718096
CAMELSH__01015800,157,72,CAMELSH,1,1,96,46.523,-68.372,271.0258890243992,34.08811374219527
CAMELSH__01017000,164,73,CAMELSH,1,1,96,46.777,-68.157,303.2254463260266,12.816141273693479
CAMELSH__01017060,75,37,CAMELSH,0,1,96,46.784,-67.989,312.09595672357045,12.145716932461456
CAMELSH__01017290,79,38,CAMELSH,0,1,96,46.889,-67.945,323.12239381845296,12.145716932461456
CAMELSH__01017550,124,59,CAMELSH,1,1,96,46.628,-67.953,301.1658257889939,17.56226355411216
CAMELSH__01017960,108,51,CAMELSH,1,1,96,46.105,-67.881,266.7535236713231,1.0793408265146824
CAMELSH__01018000,54,28,CAMELSH,0,1,96,46.105,-67.867,267.621157607661,1.0793408265146824
CAMELSH__01018009,68,33,CAMELSH,0,1,96,46.115,-67.84,269.956429079446,2.3597976289980562
CAMELSH__01019000,252,114,CAMELSH,3,1,96,45.173,-67.769,218.82036964043618,41.50899695715079
CAMELSH__01021200,112,54,CAMELSH,1,1,96,44.901,-67.248,246.34058611160035,39.21190228313256
CAMELSH__01021470,137,64,CAMELSH,1,1,96,44.801,-67.725,207.13332626078764,12.455719865132279
CAMELSH__01021480,171,80,CAMELSH,2,1,96,44.937,-67.736,210.90616701969734,15.147335391734556
CAMELSH__01021500,34,20,CAMELSH,0,1,96,44.723,-67.52,220.75415445215268,18.362669995281326
CAMELSH__01022260,50,25,CAMELSH,0,1,96,44.698,-67.787,199.55614303948408,12.455719865132279
CAMELSH__01022330,25,16,CAMELSH,0,1,96,44.741,-68.013,183.44115457969644,16.02347716850815
CAMELSH__01022500,221,98,CAMELSH,3,1,96,44.608,-67.935,186.03539189305485,15.40145743661967
CAMELSH__01027200,107,50,CAMELSH,1,1,96,45.935,-69.994,143.9649691335679,66.20774040700357
CAMELSH__01029200,127,60,CAMELSH,1,1,96,46.143,-68.634,226.0914498778431,46.797744228936324
CAMELSH__01029500,131,63,CAMELSH,1,1,96,45.73,-68.589,197.9209305002582,33.658275193928546
CAMELSH__01030500,193,85,CAMELSH,2,1,96,45.501,-68.306,203.07284872860686,33.658275193928546
CAMELSH__01031300,146,68,CAMELSH,1,1,96,45.267,-69.584,105.20446630967854,23.421075084536362
CAMELSH__01031450,141,66,CAMELSH,1,1,96,45.184,-69.452,107.86408916383756,10.784587971379386
CAMELSH__01031500,190,85,CAMELSH,2,1,96,45.175,-69.315,116.46838380808332,6.789084694505347
CAMELSH__01031510,85,42,CAMELSH,0,1,96,45.15,-69.236,120.56397899918186,6.789084694505347
CAMELSH__01033000,52,26,CAMELSH,0,1,96,45.27,-69.112,135.52449543390256,19.043850131344616
CAMELSH__01034000,185,84,CAMELSH,2,1,96,45.261,-68.869,151.79185030571506,19.043850131344616
CAMELSH__01037380,150,69,CAMELSH,1,1,96,44.329,-69.061,93.26168273503986,44.040666046201835
CAMELSH__01038000,233,103,CAMELSH,3,1,96,44.223,-69.594,50.928593947628315,44.040666046201835
CAMELSH__01042500,248,114,CAMELSH,3,1,96,45.34,-69.962,91.85677857096164,22.079550026770598
CAMELSH__01043500,70,37,CAMELSH,0,1,96,45.23,-70.2,72.09637725390333,9.901735112411535
CAMELSH__01044550,122,57,CAMELSH,1,1,96,45.314,-70.242,79.44703124487077,9.901735112411535
CAMELSH__01046000,87,42,CAMELSH,0,1,96,45.065,-69.881,72.91430351657331,1.4979342340615518
CAMELSH__01046500,248,113,CAMELSH,3,1,96,45.052,-69.886,71.69229043936448,1.4979342340615518
CAMELSH__01047000,188,85,CAMELSH,2,1,96,44.869,-69.955,56.014402890627395,17.952580662162926
CAMELSH__01047150,105,52,CAMELSH,1,1,96,44.779,-69.887,57.49774079203288,8.862970330830233
CAMELSH__01047200,78,38,CAMELSH,0,1,96,44.858,-70.485,25.27822240968753,25.27822240968753
CAMELSH__01048000,193,86,CAMELSH,2,1,96,44.708,-69.938,50.99522678835265,8.862970330830233
CAMELSH__01048220,80,40,CAMELSH,0,1,96,44.948,-69.657,80.98383755304171,21.399305102219834
CAMELSH__01049000,174,78,CAMELSH,2,1,96,44.717,-69.414,81.60627517076365,32.0461276110529
CAMELSH__01049500,258,117,CAMELSH,3,1,96,44.229,-69.778,36.28918075564704,36.28918075564704
CAMELSH__01052500,170,78,CAMELSH,2,2,37,44.877,-71.057,45.12773800973039,11.894935929344514
CAMELSH__01053500,255,117,CAMELSH,3,2,37,44.783,-71.129,51.473895186693944,11.894935929344514
CAMELSH__01053600,106,52,CAMELSH,1,2,37,44.666,-71.181,58.95237823908439,13.643032851455846
CAMELSH__01054000,241,111,CAMELSH,3,2,37,44.436,-71.19,72.8859263141225,25.58477456458314
CAMELSH__01054200,188,82,CAMELSH,2,2,37,44.39,-70.98,65.13606016969187,29.8894726702153
CAMELSH__01054300,131,61,CAMELSH,1,2,37,44.593,-70.733,35.385750477584395,12.681215034179512
CAMELSH__01054500,274,122,CAMELSH,4,2,37,44.552,-70.544,34.34364816615832,10.727702603373555
CAMELSH__01055000,180,82,CAMELSH,2,2,37,44.643,-70.589,25.27822240968753,10.727702603373555
CAMELSH__01055500,155,72,CAMELSH,1,2,37,44.27,-70.23,36.28918075564704,24.963620068910704
CAMELSH__01057000,226,99,CAMELSH,3,2,37,44.304,-70.54,61.245826908240346,24.963620068910704
CAMELSH__01059000,254,116,CAMELSH,3,2,37,44.072,-70.208,38.49329818535091,19.216092523207916
CAMELSH__01059800,2,7,CAMELSH,0,2,37,43.918,-70.317,55.22668230741001,17.300127207023802
CAMELSH__01060000,22,16,CAMELSH,0,2,37,43.799,-70.178,57.52671968837766,17.300127207023802
CAMELSH__01064118,14,13,CAMELSH,0,2,37,43.687,-70.347,75.54104259633472,18.42311348099918
CAMELSH__01064500,215,94,CAMELSH,2,2,37,43.991,-71.09,94.16613514072894,23.91808770963486
CAMELSH__01064801,199,90,CAMELSH,2,2,37,43.83,-71.288,80.08136422742177,23.91808770963486
CAMELSH__01065500,21,15,CAMELSH,0,2,37,43.808,-70.798,74.50600654758779,31.00686117964142
CAMELSH__01066000,221,100,CAMELSH,3,2,37,43.808,-70.782,74.75026014683193,31.98520133583149
CAMELSH__01067950,96,47,CAMELSH,0,2,37,43.432,-70.553,45.84976789980537,6.3721904586864815
CAMELSH__01068910,113,55,CAMELSH,1,2,37,43.418,-70.738,35.10452390889937,6.461392654662868
CAMELSH__01069500,116,57,CAMELSH,1,2,37,43.418,-70.658,38.88755177465971,6.461392654662868
CAMELSH__01069700,93,47,CAMELSH,0,2,37,43.379,-70.583,40.135071939386854,6.3721904586864815
CAMELSH__01072800,201,92,CAMELSH,2,2,37,43.268,-70.974,13.252285328642332,13.252285328642332
CAMELSH__01073000,235,104,CAMELSH,3,0,95,43.149,-70.965,13.252285328642332,5.206851896750826
CAMELSH__01073319,109,53,CAMELSH,1,0,95,43.042,-71.201,27.55912640331618,10.747611295031206
CAMELSH__01073500,240,104,CAMELSH,3,0,95,43.103,-70.953,18.42599453660908,5.206851896750826
CAMELSH__010735562,106,51,CAMELSH,1,0,95,42.949,-71.165,38.07783815578661,10.747611295031206
CAMELSH__01073587,194,89,CAMELSH,2,0,95,42.985,-71.038,31.893919369901138,11.081797656274162
CAMELSH__01073785,144,68,CAMELSH,1,0,95,43.037,-70.848,27.644973738656407,11.251911017206726
CAMELSH__01074520,209,94,CAMELSH,2,2,37,44.048,-71.66,114.56332662263343,8.164234159439077
CAMELSH__01075000,154,73,CAMELSH,1,2,37,43.976,-71.68,106.90461781155719,8.164234159439077
CAMELSH__01076000,165,76,CAMELSH,2,2,37,43.796,-71.845,88.39299269280079,10.275241862361911
CAMELSH__01076500,190,84,CAMELSH,2,2,37,43.759,-71.686,82.80890243721194,13.300581961964767
CAMELSH__01077400,112,54,CAMELSH,1,2,37,43.704,-71.833,78.16987891965113,10.275241862361911
CAMELSH__01078000,230,101,CAMELSH,3,2,37,43.566,-71.748,61.877426260333436,17.65112955621938
CAMELSH__01081000,249,110,CAMELSH,3,2,37,43.442,-71.588,47.35282193254874,5.657876992607032
CAMELSH__01081500,168,79,CAMELSH,2,2,37,43.423,-71.653,45.3779495940466,5.657876992607032
CAMELSH__01082000,155,73,CAMELSH,1,0,95,42.863,-71.959,33.188374052195606,10.275158475104465
CAMELSH__01085000,57,31,CAMELSH,0,2,37,43.152,-71.857,23.233191277652562,10.017840103640449
CAMELSH__01085500,163,77,CAMELSH,2,2,37,43.193,-71.747,21.582567415541387,6.562835039571457
CAMELSH__01086000,167,78,CAMELSH,2,2,37,43.251,-71.732,27.261160332299266,6.562835039571457
CAMELSH__01089100,214,94,CAMELSH,2,2,37,43.214,-71.48,22.65081128030322,10.112870210372074
CAMELSH__01089500,109,52,CAMELSH,1,2,37,43.257,-71.37,27.55912640331618,10.112870210372074
CAMELSH__01091000,106,51,CAMELSH,1,0,95,43.015,-71.641,21.582567415541387,7.3205261006317315
CAMELSH__01091500,43,25,CAMELSH,0,0,95,43.017,-71.551,22.65081128030322,7.3205261006317315
CAMELSH__01092000,245,111,CAMELSH,3,0,95,42.948,-71.463,29.610056741020077,10.493322323576052
CAMELSH__01093800,74,33,CAMELSH,0,0,95,42.86,-71.833,32.52751480075869,10.275158475104465
CAMELSH__01093852,122,53,CAMELSH,1,0,95,42.843,-71.707,36.46051484331319,16.4702717543545
CAMELSH__01094000,165,77,CAMELSH,2,0,95,42.858,-71.506,39.64175547629854,10.602721326608068
CAMELSH__01094400,267,121,CAMELSH,4,0,95,42.576,-71.788,64.2946863559308,9.801408730784884
CAMELSH__01094500,257,117,CAMELSH,3,0,95,42.502,-71.723,73.0981251325663,9.801408730784884
CAMELSH__01095220,199,92,CAMELSH,2,0,95,42.411,-71.791,82.5713025595288,5.204502568546684
CAMELSH__01095375,197,91,CAMELSH,2,0,95,42.373,-71.828,86.65319284844105,5.204502568546684
CAMELSH__01096000,258,118,CAMELSH,3,0,95,42.634,-71.658,59.83681462476337,7.769825901386873
CAMELSH__01096500,260,119,CAMELSH,3,0,95,42.668,-71.575,58.51381999216957,7.769825901386873
CAMELSH__010965852,233,102,CAMELSH,3,0,95,42.783,-71.354,49.00820937551653,12.721686564815998
CAMELSH__01097000,257,117,CAMELSH,3,0,95,42.432,-71.45,86.67481630081511,9.765055760717221
CAMELSH__01097300,241,110,CAMELSH,3,0,95,42.513,-71.404,78.19336368202744,9.765055760717221
CAMELSH__01098530,261,119,CAMELSH,3,0,95,42.325,-71.398,99.07862557391694,11.193450355000065
CAMELSH__01099500,259,118,CAMELSH,3,0,95,42.637,-71.302,65.77597261042122,10.46759981252769
CAMELSH__01100505,176,82,CAMELSH,2,0,95,42.849,-71.215,45.94757071599181,11.841915135130096
CAMELSH__01100561,132,63,CAMELSH,1,0,95,42.743,-71.208,56.85533572595967,9.345443316956416
CAMELSH__01100600,253,115,CAMELSH,3,0,95,42.568,-71.215,75.00587102309714,10.46759981252769
CAMELSH__01100627,121,58,CAMELSH,1,0,95,42.671,-71.149,66.11740600843183,9.345443316956416
CAMELSH__01101000,248,113,CAMELSH,3,0,95,42.753,-70.946,57.310623640473665,18.92677828487261
CAMELSH__01101500,247,113,CAMELSH,3,0,95,42.57,-71.027,77.73395213445248,11.239652188997232
CAMELSH__01102000,286,124,CAMELSH,4,0,95,42.66,-70.894,67.91917883376536,14.785147859559803
CAMELSH__01102345,234,104,CAMELSH,3,0,95,42.47,-71.007,88.77429490205955,11.12664578641235
CAMELSH__01102500,255,113,CAMELSH,3,0,95,42.447,-71.139,89.70507870404593,4.466689507868997
CAMELSH__01103025,124,60,CAMELSH,1,0,95,42.407,-71.134,94.06811325525318,4.466689507868997
CAMELSH__01103280,193,90,CAMELSH,2,0,95,42.14,-71.39,118.83442147486592,14.98454786012586
CAMELSH__01103455,84,43,CAMELSH,0,0,95,42.254,-71.293,107.83411290446413,8.724660399470102
CAMELSH__01103500,279,124,CAMELSH,4,0,95,42.256,-71.26,108.02935702013022,7.172229961395164
CAMELSH__01104200,274,124,CAMELSH,4,0,95,42.316,-71.228,101.94993031587838,5.442079549442293
CAMELSH__01104430,202,92,CAMELSH,2,0,95,42.398,-71.273,92.29301413747153,3.2288341816337987
CAMELSH__01104460,126,61,CAMELSH,1,0,95,42.369,-71.271,95.49475770756833,1.5761220566499796
CAMELSH__01104475,135,65,CAMELSH,1,0,95,42.355,-71.268,97.07052931421754,1.5761220566499796
CAMELSH__01104500,280,126,CAMELSH,4,0,95,42.372,-71.234,95.75352874528458,3.057840092783615
CAMELSH__01105000,282,121,CAMELSH,4,0,95,42.178,-71.201,117.43253979636854,5.204652091274707
CAMELSH__01105500,263,120,CAMELSH,3,0,95,42.155,-71.146,120.87846190063262,5.204652091274707
CAMELSH__01105554,153,73,CAMELSH,1,0,95,42.209,-71.146,115.03427921055275,5.693175327231418
CAMELSH__011055566,183,84,CAMELSH,2,0,95,42.271,-71.068,110.1219778448941,6.378215951883838
CAMELSH__01105583,134,64,CAMELSH,1,0,95,42.221,-70.978,116.4215463757918,3.385328313304219
CAMELSH__01105585,196,91,CAMELSH,2,0,95,42.248,-70.997,113.43436697999587,3.385328313304219
CAMELSH__01105600,269,122,CAMELSH,4,0,95,42.19,-70.945,119.89153071871993,4.389777689927411
CAMELSH__01105638,95,48,CAMELSH,0,0,95,42.235,-70.872,115.16586529842205,7.82195402549485
CAMELSH__01105730,260,118,CAMELSH,3,0,95,42.101,-70.823,130.35007290961386,14.269456905178208
CAMELSH__01105870,259,118,CAMELSH,3,0,95,41.991,-70.734,143.34681257587027,14.269456905178208
CAMELSH__01105880,125,60,CAMELSH,1,0,95,41.7,-70.107,188.2888793463314,60.84588318605722
CAMELSH__01105917,96,49,CAMELSH,0,0,95,41.663,-70.838,173.95120471829873,24.385726088285377
CAMELSH__01105933,220,102,CAMELSH,3,0,95,41.585,-70.99,160.34433806446654,22.877788040673376
CAMELSH__01106500,6,10,CAMELSH,0,0,95,42.015,-70.961,139.3313001715214,9.016268354022849
CAMELSH__01108000,217,100,CAMELSH,3,0,95,41.934,-70.956,148.3413472445323,9.016268354022849
CAMELSH__01108320,7,10,CAMELSH,0,0,95,41.977,-71.144,140.27057310962638,4.224126071248728
CAMELSH__01108410,124,60,CAMELSH,1,0,95,41.9,-71.089,149.57822435112345,4.713359388704672
CAMELSH__01109000,280,121,CAMELSH,4,0,95,41.948,-71.177,142.9417082632123,4.224126071248728
CAMELSH__01109060,257,117,CAMELSH,3,0,95,41.866,-71.123,152.7173345564297,4.713359388704672
CAMELSH__01109070,259,118,CAMELSH,3,0,95,41.84,-71.143,151.11716731870118,8.031461300881542
CAMELSH__01109090,5,9,CAMELSH,0,0,95,41.777,-71.089,155.55256740559454,8.312957694094901
CAMELSH__01109220,13,12,CAMELSH,0,0,95,41.809,-71.278,139.86733448365345,6.525219220437918
CAMELSH__01109403,263,120,CAMELSH,3,0,95,41.831,-71.351,133.86336996358423,4.982245696640005
CAMELSH__01109730,169,80,CAMELSH,2,0,95,42.189,-71.765,106.42493398201158,6.3690473747936025
CAMELSH__01110000,255,117,CAMELSH,3,0,95,42.23,-71.711,103.21376470782748,6.3690473747936025
CAMELSH__01111212,129,62,CAMELSH,1,0,95,42.055,-71.616,114.97672013452464,7.887057264900178
CAMELSH__01111300,225,102,CAMELSH,3,0,95,41.981,-71.686,107.7447976649302,10.057187588299108
CAMELSH__01111500,263,120,CAMELSH,3,0,95,41.996,-71.563,118.04641316312191,5.0811198498165115
CAMELSH__01112500,281,127,CAMELSH,4,0,95,42.006,-71.503,123.11768713533606,5.0811198498165115
CAMELSH__01113695,66,35,CAMELSH,0,0,95,41.985,-71.414,130.05712649707988,7.7167221145423035
CAMELSH__01113895,149,71,CAMELSH,1,0,95,41.889,-71.381,131.72282109939516,6.911302892706037
CAMELSH__01114000,262,120,CAMELSH,3,0,95,41.834,-71.411,128.9046278299903,4.982245696640005
CAMELSH__01114500,275,118,CAMELSH,4,0,95,41.859,-71.487,122.74021390172638,6.881756011373841
CAMELSH__01115098,228,105,CAMELSH,3,0,95,41.853,-71.606,112.86246573811046,9.031213440661825
CAMELSH__01115187,227,104,CAMELSH,3,0,95,41.819,-71.705,104.50479457035756,9.031213440661825
CAMELSH__01115630,129,62,CAMELSH,1,0,95,41.627,-71.633,108.17828567530464,1.8635898248086704
CAMELSH__01115670,6,10,CAMELSH,0,0,95,41.612,-71.623,108.66585894150465,1.8635898248086704
CAMELSH__01115770,20,16,CAMELSH,0,0,95,41.643,-71.608,110.58357689835633,2.7353095335612605
CAMELSH__01116000,266,121,CAMELSH,4,0,95,41.69,-71.566,115.19952338894359,6.283643743089428
CAMELSH__01116500,268,121,CAMELSH,4,0,95,41.751,-71.445,126.11791824620674,9.650015065840163
CAMELSH__01116905,124,60,CAMELSH,1,0,95,41.63,-71.479,120.79910614575232,3.0789676729798
CAMELSH__01117000,259,118,CAMELSH,3,0,95,41.641,-71.445,123.80345019567805,3.0789676729798
CAMELSH__01117350,258,118,CAMELSH,3,0,95,41.482,-71.551,112.88175343161377,6.512913670564097
CAMELSH__01117370,199,92,CAMELSH,2,0,95,41.539,-71.569,111.90067670405983,6.512913670564097
CAMELSH__01117468,264,120,CAMELSH,3,0,95,41.493,-71.628,106.55278549255263,6.927339981163516
CAMELSH__01117500,267,121,CAMELSH,4,0,95,41.445,-71.681,101.90757097697661,6.575325203205912
CAMELSH__01117800,267,121,CAMELSH,4,0,95,41.574,-71.721,99.89928431451408,8.461055540228298
CAMELSH__01118000,258,118,CAMELSH,3,0,95,41.498,-71.716,99.28431737174316,6.575325203205912
CAMELSH__01118300,239,109,CAMELSH,3,0,95,41.475,-71.834,89.29937369919483,10.119081773573978
CAMELSH__01118500,236,107,CAMELSH,3,0,95,41.384,-71.833,89.337922564895,10.119081773573978
CAMELSH__01119500,215,98,CAMELSH,2,0,95,41.751,-72.266,58.10111264182357,8.986433440250302
CAMELSH__01121000,222,101,CAMELSH,3,0,95,41.844,-72.169,66.28176330095903,13.099455713337433
CAMELSH__01122000,203,94,CAMELSH,2,0,95,41.72,-72.196,64.212100421335,2.5092382602462306
CAMELSH__01122500,249,113,CAMELSH,3,0,95,41.7,-72.182,65.66285639537683,2.5092382602462306
CAMELSH__01123000,225,103,CAMELSH,3,0,95,41.672,-72.052,76.12115642391436,9.982148638180762
CAMELSH__011230695,164,77,CAMELSH,2,0,95,41.568,-72.045,73.30562156035141,6.071982798198864
CAMELSH__01123360,166,78,CAMELSH,2,0,95,42.109,-72.124,75.59629166216746,6.238453958431188
CAMELSH__01123600,183,79,CAMELSH,2,0,95,42.083,-72.057,80.49567408666402,6.238453958431188
CAMELSH__01124000,237,108,CAMELSH,3,0,95,42.022,-71.956,86.81960306272508,6.73431973948947
CAMELSH__01124151,124,60,CAMELSH,1,0,95,41.943,-71.9,89.61419534505522,3.9306261435286345
CAMELSH__01125000,122,60,CAMELSH,1,0,95,42.051,-71.885,93.31998608268214,8.211278754726075
CAMELSH__01125100,166,76,CAMELSH,2,0,95,41.978,-71.9,90.26149024959962,6.73431973948947
CAMELSH__01125500,219,100,CAMELSH,3,0,95,41.909,-71.913,88.0738082775273,3.9306261435286345
CAMELSH__01127000,248,113,CAMELSH,3,0,95,41.598,-71.984,79.01319586978273,6.071982798198864
CAMELSH__01127500,235,108,CAMELSH,3,0,95,41.559,-72.121,66.91792117910633,6.401780617679256
CAMELSH__01129200,259,114,CAMELSH,3,2,37,45.04,-71.444,78.13579839093104,35.43641792158104
CAMELSH__01130000,148,68,CAMELSH,1,2,37,44.625,-71.469,81.92106840731873,23.235782783364712
CAMELSH__01133000,163,75,CAMELSH,2,2,37,44.634,-71.898,114.33526543864795,14.400591772727466
CAMELSH__01134500,186,84,CAMELSH,2,2,37,44.512,-71.837,113.59773917487472,14.400591772727466
CAMELSH__01135150,229,101,CAMELSH,3,2,37,44.476,-72.125,136.47064133345975,8.2744457347164
CAMELSH__01135300,214,98,CAMELSH,2,2,37,44.435,-72.038,131.55138399349136,7.672861238665376
CAMELSH__01135500,190,87,CAMELSH,2,2,37,44.366,-72.039,134.62434262411176,7.672861238665376
CAMELSH__01137500,228,99,CAMELSH,3,2,37,44.269,-71.63,111.8815014706318,24.690335607132607
CAMELSH__01139000,200,92,CAMELSH,2,2,37,44.15,-72.065,124.63564510988326,24.107191363331815
CAMELSH__01139800,190,86,CAMELSH,2,2,37,44.093,-72.336,117.32001379498357,27.36047518990903
CAMELSH__01141800,28,14,CAMELSH,0,2,37,43.702,-72.187,74.0268621293991,17.369609218602793
CAMELSH__01142500,201,91,CAMELSH,2,2,37,43.935,-72.658,104.4318352696875,27.613826522078938
CAMELSH__01144000,197,90,CAMELSH,2,2,37,43.714,-72.418,76.00373185224548,13.37340990686329
CAMELSH__01150900,196,90,CAMELSH,2,2,37,43.622,-72.759,75.93960307723889,20.546447856688783
CAMELSH__01151500,253,115,CAMELSH,3,2,37,43.603,-72.354,63.08100441855793,13.37340990686329
CAMELSH__01152500,215,93,CAMELSH,2,2,37,43.388,-72.362,39.51672579839755,13.798465298222366
CAMELSH__01153000,42,24,CAMELSH,0,2,37,43.333,-72.515,38.25289078346733,13.798465298222366
CAMELSH__01153550,198,91,CAMELSH,2,2,37,43.192,-72.485,24.37191676493465,6.009453702721736
CAMELSH__01154000,137,65,CAMELSH,1,2,37,43.138,-72.488,20.846389052199125,6.009453702721736
CAMELSH__01155500,190,87,CAMELSH,2,2,37,43.109,-72.775,39.7757451720618,23.51482225143077
CAMELSH__01157000,97,48,CAMELSH,0,0,95,43.039,-72.27,20.846389052199125,5.920158850224971
CAMELSH__01158000,218,101,CAMELSH,3,0,95,42.995,-72.311,21.43781852269222,5.920158850224971
CAMELSH__01160000,1,5,CAMELSH,0,0,95,42.872,-72.214,37.030696503019456,15.7930287045062
CAMELSH__01160350,217,96,CAMELSH,2,0,95,42.871,-72.328,32.41475795277595,13.857456299967485
CAMELSH__01161000,232,100,CAMELSH,3,0,95,42.786,-72.486,39.1409525217568,15.97968697117742
CAMELSH__01162000,202,94,CAMELSH,2,0,95,42.684,-72.083,55.19747854913619,2.6180579867048785
CAMELSH__01162500,270,116,CAMELSH,4,0,95,42.683,-72.115,56.223248390127516,2.6180579867048785
CAMELSH__01163200,250,114,CAMELSH,3,0,95,42.588,-72.041,64.48164182233398,11.213995133079528
CAMELSH__01166500,243,111,CAMELSH,3,0,95,42.598,-72.438,60.18336468876786,18.90870008121019
CAMELSH__01168151,36,23,CAMELSH,0,0,95,42.683,-72.976,18.290933377196417,11.751037098834258
CAMELSH__01168500,263,118,CAMELSH,3,0,95,42.626,-72.855,29.446129168417766,10.718446785151217
CAMELSH__01169000,234,107,CAMELSH,3,0,95,42.638,-72.725,39.38700344238935,10.718446785151217
CAMELSH__01169900,211,96,CAMELSH,2,0,95,42.542,-72.694,41.92226360415101,3.4247576148149577
CAMELSH__01170000,254,116,CAMELSH,3,0,95,42.536,-72.653,45.11464748954812,3.4247576148149577
CAMELSH__01170100,226,103,CAMELSH,3,0,95,42.703,-72.671,42.98502986008664,17.310553431139216
CAMELSH__01170930,5,8,CAMELSH,0,0,95,42.445,-72.63,46.516106801088455,10.29297498910637
CAMELSH__01171500,235,108,CAMELSH,3,0,95,42.319,-72.665,42.91551939853539,14.30244922423839
CAMELSH__01172500,250,114,CAMELSH,3,0,95,42.425,-72.025,81.992862945674,4.74874209115118
CAMELSH__01173000,93,41,CAMELSH,0,0,95,42.391,-72.06,86.22630779280594,4.74874209115118
CAMELSH__01173500,244,112,CAMELSH,3,0,95,42.236,-72.273,68.21467744210425,6.05010710280515
CAMELSH__01174500,279,120,CAMELSH,4,0,95,42.393,-72.239,77.02766066931214,14.70168846811627
CAMELSH__01175670,238,107,CAMELSH,3,0,95,42.265,-72.005,90.05267405160494,17.866955126822997
CAMELSH__01176000,230,106,CAMELSH,3,0,95,42.182,-72.264,66.82927722121744,6.05010710280515
CAMELSH__01177000,263,120,CAMELSH,3,0,95,42.161,-72.514,46.99802576597296,20.734612674199962
CAMELSH__01179500,221,101,CAMELSH,3,0,95,42.288,-72.864,28.924614154190817,6.252527913829628
CAMELSH__01181000,251,108,CAMELSH,3,0,95,42.237,-72.896,22.836930638090344,6.252527913829628
CAMELSH__01183500,258,118,CAMELSH,3,0,95,42.107,-72.699,30.829877405271915,16.25985905057613
CAMELSH__01184100,233,106,CAMELSH,3,0,95,41.961,-72.71,25.46740221833881,7.247653984856919
CAMELSH__01184490,259,117,CAMELSH,3,0,95,41.914,-72.55,36.28325439199037,14.228922084545232
CAMELSH__01185500,236,108,CAMELSH,3,4,7,42.079,-73.073,12.008214976364062,13.675391401004966
CAMELSH__01186000,258,118,CAMELSH,3,4,7,41.963,-73.018,10.503465461269164,1.3956409993805936
CAMELSH__01186500,222,101,CAMELSH,3,4,7,41.967,-73.034,11.05473808165828,1.3956409993805936
CAMELSH__01187300,221,101,CAMELSH,3,0,95,42.037,-72.939,10.503465461269164,10.503465461269164
CAMELSH__01187800,45,26,CAMELSH,0,4,7,41.821,-72.97,9.97959884660178,3.913827400165604
CAMELSH__01188000,228,104,CAMELSH,3,4,7,41.786,-72.965,7.278086393281531,3.913827400165604
CAMELSH__01188090,239,108,CAMELSH,3,0,95,41.756,-72.887,7.278086393281531,7.278086393281531
CAMELSH__01189000,182,84,CAMELSH,2,0,95,41.673,-72.901,13.641353361696888,8.020246921979735
CAMELSH__01189995,237,108,CAMELSH,3,0,95,41.908,-72.761,19.827379478637468,7.247653984856919
CAMELSH__01191000,71,37,CAMELSH,0,0,95,41.784,-72.708,21.309677766192845,14.470222076805712
CAMELSH__01192500,248,111,CAMELSH,3,0,95,41.783,-72.587,31.342938113573073,14.885445013601476
CAMELSH__01192883,231,105,CAMELSH,3,0,95,41.52,-72.706,19.763351465128235,11.145731361851782
CAMELSH__01193500,221,101,CAMELSH,3,0,95,41.552,-72.449,40.52538393618906,15.58658888998799
CAMELSH__01194000,117,57,CAMELSH,1,0,95,41.442,-72.333,47.57707118920832,15.58658888998799
CAMELSH__01194500,166,77,CAMELSH,2,0,95,41.428,-72.334,47.4478658408003,16.788828954357363
CAMELSH__01195100,242,111,CAMELSH,3,0,95,41.306,-72.531,33.57576890229849,21.31426236050167
CAMELSH__01195490,241,110,CAMELSH,3,0,95,41.602,-72.884,17.407369710914896,8.020246921979735
CAMELSH__01196500,227,104,CAMELSH,3,0,95,41.45,-72.841,6.091946884605148,5.397283000439141
CAMELSH__01196561,143,69,CAMELSH,1,0,95,41.436,-72.779,10.471806512724063,5.397283000439141
CAMELSH__01196620,231,105,CAMELSH,3,4,7,41.421,-72.903,6.091946884605148,6.091946884605148
CAMELSH__01197000,250,115,CAMELSH,3,4,7,42.47,-73.196,16.751452729298467,16.751452729298467
CAMELSH__01197500,242,110,CAMELSH,3,4,7,42.232,-73.355,37.792927838884864,5.345416039138321
CAMELSH__01198000,135,64,CAMELSH,1,4,7,42.192,-73.391,41.07151493238601,5.345416039138321
CAMELSH__01198125,130,63,CAMELSH,1,4,7,42.075,-73.333,32.80235610412248,13.453838811371067
CAMELSH__01199000,262,118,CAMELSH,3,4,7,41.957,-73.369,36.63075705658114,2.4682270721167536
CAMELSH__01199050,233,106,CAMELSH,3,4,7,41.942,-73.391,38.82147181532166,2.4682270721167536
CAMELSH__01200000,226,103,CAMELSH,3,4,7,41.659,-73.528,52.105688446842976,3.2267343671783704
CAMELSH__01200500,248,113,CAMELSH,3,4,7,41.653,-73.49,48.97872419000241,3.2267343671783704
CAMELSH__01201487,167,79,CAMELSH,2,4,7,41.466,-73.403,45.76999440601366,12.797187653883904
CAMELSH__01202501,175,82,CAMELSH,2,4,7,41.719,-73.293,32.94624133349923,16.791818360537853
CAMELSH__012035055,124,60,CAMELSH,1,4,7,41.406,-73.272,36.265098273016754,9.013470334214674
CAMELSH__01203600,175,76,CAMELSH,2,4,7,41.576,-73.179,24.703572064485307,3.6022126054070833
CAMELSH__01203805,159,74,CAMELSH,1,4,7,41.558,-73.215,27.962952247095494,3.6022126054070833
CAMELSH__01204000,235,105,CAMELSH,3,4,7,41.481,-73.225,31.408044945184677,8.602391714856731
CAMELSH__01205500,258,118,CAMELSH,3,4,7,41.384,-73.168,28.237777588950436,9.013470334214674
CAMELSH__01205600,10,11,CAMELSH,0,4,7,41.801,-73.123,20.19892816709175,0.4703492093650493
CAMELSH__01205700,24,17,CAMELSH,0,4,7,41.803,-73.118,19.854599363047043,0.4703492093650493
CAMELSH__01206900,232,104,CAMELSH,3,4,7,41.674,-73.07,14.03700039325485,14.03700039325485
CAMELSH__01208500,248,112,CAMELSH,3,4,7,41.442,-73.063,18.524950141815808,10.874906510624319
CAMELSH__01208873,220,101,CAMELSH,3,4,7,41.18,-73.219,43.56595316423094,4.543662295224456
CAMELSH__01208925,206,95,CAMELSH,2,4,7,41.166,-73.27,47.762322368487574,3.3425314717508487
CAMELSH__01208950,247,112,CAMELSH,3,4,7,41.153,-73.306,50.98491735337219,3.3425314717508487
CAMELSH__01208990,238,109,CAMELSH,3,4,7,41.295,-73.395,49.336173604292,8.373417529667236
CAMELSH__012095493,156,73,CAMELSH,1,4,7,41.314,-73.492,56.37980459967915,8.373417529667236
CAMELSH__01209700,236,108,CAMELSH,3,4,7,41.164,-73.419,57.81171729542457,7.879951911144166
CAMELSH__01209761,185,87,CAMELSH,2,4,7,41.175,-73.512,63.84174515786839,7.879951911144166
CAMELSH__01209901,168,79,CAMELSH,2,4,7,41.066,-73.549,72.9770509914212,15.4061778686886
CAMELSH__01301500,14,13,CAMELSH,0,4,7,40.911,-73.813,48.93711323500461,17.725596041872937
CAMELSH__01302020,126,61,CAMELSH,1,4,7,40.862,-73.874,43.97458060691242,17.68034459915066
CAMELSH__01312000,162,76,CAMELSH,2,2,37,43.966,-74.131,69.07353389779412,25.771219959683293
CAMELSH__01315000,251,112,CAMELSH,3,2,37,43.756,-74.267,44.812207549871204,25.771219959683293
CAMELSH__01315500,218,98,CAMELSH,3,2,37,43.701,-73.983,45.08602998080248,31.76805127195016
CAMELSH__01318500,239,107,CAMELSH,3,2,37,43.319,-73.844,31.68718113944403,2.062503380799345
CAMELSH__01321000,208,92,CAMELSH,2,4,7,43.353,-74.27,32.928291985494724,32.928291985494724
CAMELSH__01325000,257,117,CAMELSH,3,2,37,43.311,-73.867,30.54667688667268,2.062503380799345
CAMELSH__01327750,264,113,CAMELSH,3,2,37,43.27,-73.596,36.19603031679185,20.79750978045378
CAMELSH__01329490,146,69,CAMELSH,1,2,37,43.109,-73.422,19.253837219069144,1.2043236354692715
CAMELSH__01329500,25,16,CAMELSH,0,2,37,43.101,-73.432,18.560211803827833,1.2043236354692715
CAMELSH__01330000,240,107,CAMELSH,3,4,7,43.031,-73.927,31.51249849903137,1.6571622852740622
CAMELSH__01330500,11,9,CAMELSH,0,4,7,43.038,-73.909,30.54667688667268,1.6571622852740622
CAMELSH__01331500,261,119,CAMELSH,3,0,95,42.611,-73.124,12.424954893980061,10.301938207780708
CAMELSH__01332500,269,116,CAMELSH,3,0,95,42.7,-73.159,3.2623737957482986,3.2623737957482986
CAMELSH__01333000,229,106,CAMELSH,3,4,7,42.709,-73.197,3.2623737957482986,3.2623737957482986
CAMELSH__01334000,240,105,CAMELSH,3,4,7,42.913,-73.256,24.97145418003142,23.18870314159855
CAMELSH__01334500,231,103,CAMELSH,3,4,7,42.939,-73.377,18.560211803827833,19.253837219069144
CAMELSH__01336000,259,117,CAMELSH,3,4,7,43.265,-75.436,108.93944829612511,40.26978125445935
CAMELSH__01343060,149,70,CAMELSH,1,4,7,43.366,-74.958,70.57352807390815,40.26978125445935
CAMELSH__01346000,244,108,CAMELSH,3,4,7,43.069,-74.988,94.77972471486642,18.01496954129204
CAMELSH__01347000,240,107,CAMELSH,3,4,7,43.015,-74.779,80.96097190679275,3.0974561708000126
CAMELSH__01348000,151,71,CAMELSH,1,4,7,43.017,-74.741,78.06075065874566,3.0974561708000126
CAMELSH__01349000,63,33,CAMELSH,0,4,7,42.93,-74.626,74.76394908053462,6.289981413389595
CAMELSH__01349150,212,96,CAMELSH,2,4,7,42.876,-74.603,76.88368031922974,6.289981413389595
CAMELSH__01349700,193,88,CAMELSH,2,4,7,42.249,-74.303,104.8014478731148,3.325217080256508
CAMELSH__01349705,176,81,CAMELSH,2,4,7,42.237,-74.34,108.12644975394947,3.325217080256508
CAMELSH__01349711,203,94,CAMELSH,2,4,7,42.185,-74.277,105.86596675364939,7.431601482672307
CAMELSH__01349810,187,87,CAMELSH,2,4,7,42.23,-74.393,112.45076491598707,4.432370497445441
CAMELSH__01349840,72,37,CAMELSH,0,4,7,42.29,-74.116,88.8719681921077,16.048112246380658
CAMELSH__01349950,186,86,CAMELSH,2,4,7,42.308,-74.39,109.18282565137639,4.0884443758021805
CAMELSH__01350000,222,100,CAMELSH,3,4,7,42.32,-74.437,112.45544107679495,2.3508558818313965
CAMELSH__01350035,178,82,CAMELSH,2,4,7,42.338,-74.452,113.0656212322479,2.3508558818313965
CAMELSH__01350080,226,101,CAMELSH,3,4,7,42.377,-74.413,108.83692478759484,3.7656310797697574
CAMELSH__01350101,120,53,CAMELSH,1,4,7,42.397,-74.45,110.99177801201412,3.7656310797697574
CAMELSH__01350120,227,99,CAMELSH,3,4,7,42.406,-74.447,110.45009991751395,4.2655341503915185
CAMELSH__01350140,221,98,CAMELSH,3,4,7,42.429,-74.473,109.80558376835977,4.2120476113757075
CAMELSH__01350180,236,106,CAMELSH,3,4,7,42.466,-74.462,105.72639623446412,4.2120476113757075
CAMELSH__01350355,242,109,CAMELSH,3,4,7,42.537,-74.41,96.756534533577,8.972240932930521
CAMELSH__01351500,243,105,CAMELSH,3,4,7,42.8,-74.263,65.29753527336383,28.9819707960498
CAMELSH__01356190,82,39,CAMELSH,0,4,7,42.784,-73.857,49.388713631704604,12.160020430142108
CAMELSH__01357500,257,117,CAMELSH,3,4,7,42.785,-73.708,41.70566820701885,12.160020430142108
CAMELSH__01359750,14,11,CAMELSH,0,4,7,42.534,-73.737,50.77065658471602,12.046574031119622
CAMELSH__01360640,233,103,CAMELSH,3,4,7,42.552,-73.592,38.874811606547844,12.046574031119622
CAMELSH__013621955,188,87,CAMELSH,2,4,7,42.109,-74.452,112.57135367404372,10.178123855155235
CAMELSH__01362200,247,110,CAMELSH,3,4,7,42.117,-74.38,116.89992131594244,5.541783891617658
CAMELSH__0136230002,150,71,CAMELSH,1,4,7,42.08,-74.335,115.34871311288823,3.14741401204874
CAMELSH__01362370,119,58,CAMELSH,1,4,7,42.102,-74.311,112.76557143347117,3.14741401204874
CAMELSH__01362500,257,110,CAMELSH,3,4,7,42.014,-74.271,110.05288890938391,9.043594523419067
CAMELSH__01364500,246,110,CAMELSH,3,4,7,42.038,-73.972,85.31008601422859,23.644450532429666
CAMELSH__01365000,257,110,CAMELSH,3,4,7,41.866,-74.487,89.5370322990508,8.935417819835894
CAMELSH__01367500,240,108,CAMELSH,3,4,7,41.843,-74.086,97.29121189690906,23.644450532429666
CAMELSH__01367800,60,32,CAMELSH,0,4,7,41.163,-74.675,9.81795671703976,9.81795671703976
CAMELSH__01371500,240,109,CAMELSH,3,4,7,41.686,-74.165,80.96945492476486,24.530023025798272
CAMELSH__01372500,249,113,CAMELSH,3,4,7,41.653,-73.873,80.77435589677262,22.314701773070333
CAMELSH__0137449480,216,99,CAMELSH,3,4,7,41.447,-73.556,58.5376246699663,7.177500863604888
CAMELSH__01374505,240,108,CAMELSH,3,4,7,41.395,-73.607,64.16074118453813,3.546831294602277
CAMELSH__01374531,126,61,CAMELSH,1,4,7,41.374,-73.639,67.08191142411391,3.0036993488648474
CAMELSH__01374559,220,101,CAMELSH,3,4,7,41.471,-73.76,74.35268479033772,3.020935891286536
CAMELSH__01374581,174,82,CAMELSH,2,4,7,41.45,-73.737,72.99278018680783,3.020935891286536
CAMELSH__01374598,201,92,CAMELSH,2,4,7,41.476,-73.689,68.44901093888934,4.935188653697787
CAMELSH__0137462010,236,108,CAMELSH,3,4,7,41.412,-73.694,70.68061196370668,4.148437934646521
CAMELSH__01374654,104,50,CAMELSH,1,4,7,41.432,-73.652,66.67765900192698,4.148437934646521
CAMELSH__01374701,237,109,CAMELSH,3,4,7,41.358,-73.668,69.72883465567182,3.0036993488648474
CAMELSH__01374781,131,63,CAMELSH,1,4,7,41.327,-73.591,64.04466754463154,7.294041681361724
CAMELSH__01374821,239,109,CAMELSH,3,4,7,41.327,-73.656,69.35170289121108,3.5896631970301014
CAMELSH__01374890,211,97,CAMELSH,2,4,7,41.26,-73.602,66.93899254897933,5.390828325377888
CAMELSH__01374901,235,108,CAMELSH,3,4,7,41.266,-73.666,71.83157161367765,5.390828325377888
CAMELSH__01374918,62,33,CAMELSH,0,4,7,41.25,-73.67,72.34725729300231,5.792152511348069
CAMELSH__01374930,217,99,CAMELSH,3,4,7,41.338,-73.769,71.79505047255238,5.699148251757889
CAMELSH__01374941,232,107,CAMELSH,3,4,7,41.288,-73.754,69.10675115172468,5.699148251757889
CAMELSH__01374987,92,45,CAMELSH,0,4,7,41.229,-73.744,65.89183673631399,6.613411468794226
CAMELSH__0137499350,63,33,CAMELSH,0,4,7,41.262,-73.843,61.54607017465108,4.326234546999447
CAMELSH__01375000,261,118,CAMELSH,3,4,7,41.225,-73.859,57.87682832512926,4.326234546999447
CAMELSH__01376800,257,117,CAMELSH,3,4,7,41.096,-73.964,42.402846813195964,9.08705261291745
CAMELSH__01377000,331,149,CAMELSH,4,4,7,40.999,-73.989,35.935104492125845,5.954058350481756
CAMELSH__01377370,144,69,CAMELSH,1,4,7,41.037,-74.039,33.70126946817153,5.120356753737867
CAMELSH__01377500,323,145,CAMELSH,4,4,7,40.993,-74.021,33.17640952852847,5.029064500110137
CAMELSH__01378500,310,135,CAMELSH,4,4,7,40.948,-74.027,31.434536241235687,5.029064500110137
CAMELSH__01379773,323,145,CAMELSH,4,2,42,40.959,-74.54,13.384939529531408,1.8765395075798053
CAMELSH__01379780,309,140,CAMELSH,4,2,42,40.949,-74.558,15.249425887210846,1.8765395075798053
CAMELSH__01379790,170,80,CAMELSH,2,2,42,40.918,-74.584,18.96627632653957,4.080743681581551
CAMELSH__01380500,221,102,CAMELSH,3,2,42,40.903,-74.41,12.809728787729448,1.4263572441756907
CAMELSH__01381000,331,149,CAMELSH,4,2,42,40.897,-74.395,12.417954720657612,1.4263572441756907
CAMELSH__01381400,216,99,CAMELSH,3,2,42,40.812,-74.512,24.732298231292912,4.662177093156206
CAMELSH__01381500,337,151,CAMELSH,4,2,42,40.807,-74.457,21.278551489909873,4.662177093156206
CAMELSH__01382170,29,19,CAMELSH,0,4,7,41.078,-74.49,13.88119148887069,14.927126036912936
CAMELSH__01382500,313,141,CAMELSH,4,4,7,41.018,-74.401,12.809728787729448,9.720112826163747
CAMELSH__01383500,328,148,CAMELSH,4,4,7,41.16,-74.334,28.24618967067992,5.239660850539811
CAMELSH__01384000,11,12,CAMELSH,0,4,7,41.122,-74.297,26.13228920866625,2.680918361969865
CAMELSH__01384500,282,128,CAMELSH,4,4,7,41.128,-74.266,27.783235483827312,2.680918361969865
CAMELSH__01386000,165,75,CAMELSH,2,4,7,41.074,-74.312,20.717260377820182,5.483359689808109
CAMELSH__01387400,247,112,CAMELSH,3,4,7,41.14,-74.168,33.05737241290315,2.5363921094120583
CAMELSH__01387420,250,114,CAMELSH,3,4,7,41.118,-74.16,31.50745323517573,2.238057154203432
CAMELSH__01387500,322,145,CAMELSH,4,4,7,41.098,-74.163,29.64145402970794,2.238057154203432
CAMELSH__01388000,331,149,CAMELSH,4,4,7,40.992,-74.28,14.313711136033536,10.557107532825803
CAMELSH__01388500,337,152,CAMELSH,4,4,7,40.969,-74.282,12.417954720657612,10.458341434501792
CAMELSH__01389500,331,149,CAMELSH,4,4,7,40.885,-74.226,14.268413925750993,8.23916825785442
CAMELSH__01389890,127,61,CAMELSH,1,4,7,40.886,-74.128,22.476748018269863,3.9758857926476217
CAMELSH__01390450,144,69,CAMELSH,1,4,7,41.059,-74.096,30.89527340944535,5.36956473841818
CAMELSH__01390500,320,145,CAMELSH,4,4,7,40.985,-74.091,27.345147326259664,5.942331667606413
CAMELSH__01391500,333,150,CAMELSH,4,4,7,40.89,-74.081,26.40483421340952,3.9758857926476217
CAMELSH__01396091,31,20,CAMELSH,0,2,42,40.859,-74.761,33.3272892253717,10.264913105088386
CAMELSH__01396190,98,46,CAMELSH,0,2,42,40.806,-74.741,36.867687540598155,8.722536404696273
CAMELSH__01396500,330,148,CAMELSH,4,2,42,40.678,-74.879,55.188974197431115,11.725431955529555
CAMELSH__01397000,322,144,CAMELSH,4,2,42,40.572,-74.868,63.28413264052021,11.823165437510502
CAMELSH__01398500,284,127,CAMELSH,4,2,42,40.708,-74.636,39.73052669780784,8.22835069157758
CAMELSH__01399500,308,138,CAMELSH,4,2,42,40.728,-74.73,42.48601287580206,2.0107010062436745
CAMELSH__01399510,98,48,CAMELSH,0,2,42,40.721,-74.752,44.29130168904003,2.0107010062436745
CAMELSH__01400000,323,145,CAMELSH,4,2,42,40.571,-74.679,51.73171408175775,15.659812473286724
CAMELSH__01403500,10,10,CAMELSH,0,2,42,40.615,-74.432,34.67678698703139,20.075581321087057
CAMELSH__01405500,23,17,CAMELSH,0,2,42,40.406,-74.369,54.61170250571873,1.966936960807092
CAMELSH__01406050,174,81,CAMELSH,2,2,42,40.415,-74.349,53.281814307819566,1.966936960807092
CAMELSH__01407290,152,71,CAMELSH,1,2,42,40.32,-74.214,62.833301089214395,15.56912095224231
CAMELSH__01409000,18,15,CAMELSH,0,2,42,39.868,-74.169,113.18826391578608,25.80876704672019
CAMELSH__01409280,204,93,CAMELSH,2,2,42,39.667,-74.32,114.77876918399419,19.651736472833406
CAMELSH__01409810,258,118,CAMELSH,3,2,42,39.688,-74.548,101.22005151981911,19.651736472833406
CAMELSH__01411300,320,143,CAMELSH,4,2,42,39.307,-74.821,56.920054383626905,48.409853092230605
CAMELSH__01413088,186,86,CAMELSH,2,4,7,42.292,-74.56,119.42949916256885,10.24792465203027
CAMELSH__01413398,187,87,CAMELSH,2,4,7,42.151,-74.601,106.01231334014759,1.8674253011336701
CAMELSH__01413408,201,92,CAMELSH,2,4,7,42.147,-74.623,104.376066753934,1.8674253011336701
CAMELSH__01413500,256,111,CAMELSH,3,4,7,42.145,-74.653,102.42293000418267,2.483300148235969
CAMELSH__01414000,192,88,CAMELSH,2,4,7,42.133,-74.695,99.00843253567344,3.7112078792006717
CAMELSH__01414500,228,99,CAMELSH,3,4,7,42.106,-74.73,94.84504509689052,4.164961996526257
CAMELSH__01415460,32,19,CAMELSH,0,4,7,42.147,-74.905,88.78006355179951,9.919589725075378
CAMELSH__01417000,257,115,CAMELSH,3,4,7,42.075,-74.976,78.86086574414179,9.919589725075378
CAMELSH__01417500,238,107,CAMELSH,3,4,7,42.025,-75.12,67.58904848620027,6.888179143324216
CAMELSH__01419500,33,21,CAMELSH,0,4,7,41.903,-74.813,74.97399902431331,17.39163766832333
CAMELSH__01420500,246,105,CAMELSH,3,4,7,41.946,-74.98,67.6747793397639,14.347952078150966
CAMELSH__01420980,4,8,CAMELSH,0,4,7,41.976,-75.171,60.748801328695876,0.4156721722215327
CAMELSH__01421000,191,85,CAMELSH,2,4,7,41.973,-75.174,60.335468952244824,0.4156721722215327
CAMELSH__01421610,170,79,CAMELSH,2,4,7,42.371,-74.669,120.36004943180431,12.547815473336124
CAMELSH__01421618,182,84,CAMELSH,2,4,7,42.361,-74.662,119.82659982311681,11.365708551076498
CAMELSH__01421900,196,90,CAMELSH,2,4,7,42.28,-74.907,100.93972293613216,3.1405257005668084
CAMELSH__01422389,72,37,CAMELSH,0,4,7,42.239,-74.736,105.4272333999839,12.261188952345304
CAMELSH__01422500,190,86,CAMELSH,2,4,7,42.252,-74.902,98.52322538206678,3.1405257005668084
CAMELSH__01422738,62,33,CAMELSH,0,4,7,42.26,-75.042,93.60166706416369,11.328552730905795
CAMELSH__01422747,84,42,CAMELSH,0,4,7,42.173,-75.121,82.05846871093392,1.7486439156659508
CAMELSH__01423000,231,104,CAMELSH,3,4,7,42.166,-75.14,80.69311329512057,1.7486439156659508
CAMELSH__0142400103,185,84,CAMELSH,2,4,7,42.174,-75.279,77.5142449753977,11.48986644041497
CAMELSH__01425000,259,112,CAMELSH,3,4,7,42.075,-75.396,64.52654126456234,8.06713523928913
CAMELSH__01426500,238,106,CAMELSH,3,4,7,42.003,-75.384,56.90497147585851,8.06713523928913
CAMELSH__01427207,123,59,CAMELSH,1,4,7,41.867,-75.214,48.60173217949705,12.242477266983744
CAMELSH__01427500,33,20,CAMELSH,0,4,7,41.761,-75.048,49.95866943893774,0.8689731517639219
CAMELSH__01427510,226,102,CAMELSH,3,4,7,41.757,-75.057,49.09162756510254,0.8689731517639219
CAMELSH__01428000,35,22,CAMELSH,0,4,7,41.564,-75.015,44.353020524880485,6.574821771740183
CAMELSH__01428500,232,105,CAMELSH,3,4,7,41.509,-74.986,44.790480685929204,5.550466393849983
CAMELSH__01429500,221,98,CAMELSH,3,4,7,41.607,-75.267,25.53884803045916,5.247374299135518
CAMELSH__01430000,119,58,CAMELSH,1,4,7,41.562,-75.248,25.279115472878267,5.247374299135518
CAMELSH__01431500,203,91,CAMELSH,2,4,7,41.476,-75.172,30.98636983980325,11.330285603001366
CAMELSH__01432110,125,61,CAMELSH,1,4,7,41.476,-75.036,41.62678026951222,5.550466393849983
CAMELSH__01432900,156,73,CAMELSH,1,4,7,41.668,-74.78,64.0093557951774,13.947330481981073
CAMELSH__01433500,119,57,CAMELSH,1,4,7,41.461,-74.759,42.538321964687995,11.264119547542931
CAMELSH__01434000,249,112,CAMELSH,3,4,7,41.371,-74.697,32.80292983130458,10.698907795758839
CAMELSH__0143400680,66,34,CAMELSH,0,4,7,41.967,-74.448,101.18603950543864,5.374565612115286
CAMELSH__01434017,221,99,CAMELSH,3,4,7,41.925,-74.54,95.28285531190262,2.9485978926586456
CAMELSH__01434021,67,35,CAMELSH,0,4,7,42.011,-74.414,106.56478341378032,5.642129687662829
CAMELSH__01434025,254,111,CAMELSH,3,4,7,41.995,-74.501,102.10932494913963,5.374565612115286
CAMELSH__01434498,230,104,CAMELSH,3,4,7,41.92,-74.575,92.5855120249327,2.9485978926586456
CAMELSH__01435000,256,110,CAMELSH,3,4,7,41.89,-74.59,89.88847599745407,3.559332750117451
CAMELSH__01436000,261,118,CAMELSH,3,4,7,41.82,-74.635,82.88002546341166,8.629922601691804
CAMELSH__01436690,219,99,CAMELSH,3,4,7,41.638,-74.617,62.82972894924141,13.947330481981073
CAMELSH__01437500,231,104,CAMELSH,3,4,7,41.441,-74.602,41.323935537306454,11.106767990957794
CAMELSH__01438500,313,140,CAMELSH,4,4,7,41.309,-74.795,26.019382584258036,10.698907795758839
CAMELSH__01439500,195,90,CAMELSH,2,2,42,41.088,-75.038,23.642872363738523,7.509729838406183
CAMELSH__01439800,29,18,CAMELSH,0,4,7,41.207,-74.804,16.648354308030076,11.366805889783654
CAMELSH__01440000,321,144,CAMELSH,4,2,42,41.107,-74.952,16.648354308030076,7.509729838406183
CAMELSH__01440200,48,26,CAMELSH,0,2,42,41.013,-75.086,31.992538915521454,9.260151367831341
CAMELSH__01440400,220,96,CAMELSH,3,2,42,41.085,-75.215,36.99173447535969,9.022892167087095
CAMELSH__01440485,176,82,CAMELSH,2,2,42,41.094,-75.322,44.28694909373084,9.022892167087095
CAMELSH__01441495,160,75,CAMELSH,1,2,42,40.991,-75.255,44.77741855071721,9.44173707853047
CAMELSH__01442500,231,100,CAMELSH,3,2,42,40.999,-75.143,36.62965873763546,9.44173707853047
CAMELSH__01443280,230,106,CAMELSH,3,2,42,41.076,-74.695,9.81795671703976,9.81795671703976
CAMELSH__01443500,333,150,CAMELSH,4,2,42,40.981,-74.953,28.06108289063954,7.219189133362561
CAMELSH__01443900,330,144,CAMELSH,4,2,42,40.981,-75.039,31.926990031658043,7.219189133362561
CAMELSH__01445000,164,77,CAMELSH,2,2,42,40.981,-74.776,21.937166661586325,11.661511025245307
CAMELSH__01445500,326,147,CAMELSH,4,2,42,40.831,-74.978,44.284439020696325,5.874197078437478
CAMELSH__01446000,156,73,CAMELSH,1,2,42,40.843,-75.046,45.28072212576958,5.874197078437478
CAMELSH__01446775,142,68,CAMELSH,1,2,42,40.749,-75.265,63.962847879781904,9.225325626815716
CAMELSH__01446776,138,66,CAMELSH,1,2,42,40.749,-75.261,63.760246137563946,9.141773433585483
CAMELSH__01447500,223,100,CAMELSH,3,2,42,41.13,-75.625,53.96373794841041,5.2768890058102675
CAMELSH__01447680,210,91,CAMELSH,2,2,42,41.065,-75.52,54.1706029080186,7.464066764604467
CAMELSH__01447720,230,99,CAMELSH,3,2,42,41.085,-75.605,56.563261733998665,5.2768890058102675
CAMELSH__01447800,235,106,CAMELSH,3,2,42,41.105,-75.732,62.376790805149334,9.384573784206571
CAMELSH__01448500,28,14,CAMELSH,0,2,42,41.036,-75.543,57.92686915777175,7.5305076894237795
CAMELSH__01449000,229,101,CAMELSH,3,2,42,40.829,-75.705,84.6592255394161,5.311235074326915
CAMELSH__01449360,234,107,CAMELSH,3,2,42,40.898,-75.502,67.8689994205076,13.417685284263325
CAMELSH__01449800,245,105,CAMELSH,3,2,42,40.846,-75.646,80.51022984515782,5.311235074326915
CAMELSH__01450500,231,99,CAMELSH,3,2,42,40.806,-75.598,80.16921160490611,5.464791185756355
CAMELSH__01451000,227,99,CAMELSH,3,2,42,40.757,-75.603,83.6784919656347,5.464791185756355
CAMELSH__01451500,235,108,CAMELSH,3,2,42,40.582,-75.483,89.92764729819716,4.5597736114510825
CAMELSH__01451650,126,61,CAMELSH,1,2,42,40.596,-75.474,88.24165381769913,3.0772782743898572
CAMELSH__01451800,215,96,CAMELSH,2,2,42,40.662,-75.627,91.9345236495369,10.755470607479444
CAMELSH__01452000,229,103,CAMELSH,3,2,42,40.623,-75.482,86.38581293458556,3.0772782743898572
CAMELSH__01452500,231,102,CAMELSH,3,2,42,40.641,-75.379,79.33928160685333,8.91930027701262
CAMELSH__01453000,248,109,CAMELSH,3,2,42,40.615,-75.379,81.65720200285963,8.293525448672579
CAMELSH__01454700,223,99,CAMELSH,3,2,42,40.669,-75.236,69.96800655766417,9.141773433585483
CAMELSH__01455500,169,78,CAMELSH,2,2,42,40.917,-74.666,23.20907632876827,6.89093304715561
CAMELSH__01457000,321,144,CAMELSH,4,2,42,40.672,-75.061,63.28483747903188,14.762919372266278
CAMELSH__01460880,66,36,CAMELSH,0,2,42,40.416,-75.018,84.75788390321014,2.6827706117388277
CAMELSH__01461300,36,22,CAMELSH,0,2,42,40.411,-74.987,83.06547230321227,2.6827706117388277
CAMELSH__01465880,14,13,CAMELSH,0,2,42,39.895,-74.824,100.79553721154255,18.037448440607037
CAMELSH__01466500,315,142,CAMELSH,4,2,42,39.885,-74.505,113.67796211068003,13.128408202022886
CAMELSH__01466900,181,83,CAMELSH,2,2,42,39.956,-74.628,108.76080083332758,13.128408202022886
CAMELSH__01467471,3,8,CAMELSH,0,2,42,40.694,-76.165,76.7954372670236,9.493529796600342e-05
CAMELSH__01467492,3,8,CAMELSH,0,2,42,40.694,-76.165,76.7954372670236,9.493529796600342e-05
CAMELSH__01468500,230,105,CAMELSH,3,2,42,40.629,-76.125,82.13329530128087,7.976398051343577
CAMELSH__01469500,235,103,CAMELSH,3,2,42,40.807,-75.972,77.24541213881392,3.985951441357887
CAMELSH__01469700,3,8,CAMELSH,0,2,42,40.773,-75.957,81.02473705094224,3.985951441357887
CAMELSH__01470500,263,115,CAMELSH,3,2,42,40.523,-75.998,96.43227787400511,9.772322308668588
CAMELSH__01470756,14,12,CAMELSH,0,2,42,40.514,-75.883,105.77561296235469,9.772322308668588
CAMELSH__01470779,125,61,CAMELSH,1,2,42,40.413,-76.172,84.33220101204186,8.48080600507466
CAMELSH__01470853,72,36,CAMELSH,0,2,42,40.34,-76.143,81.9971270027395,8.48080600507466
CAMELSH__01470960,248,111,CAMELSH,3,2,42,40.371,-76.025,88.46279970639665,3.903318669008232
CAMELSH__01471000,247,109,CAMELSH,3,2,42,40.369,-75.979,89.75949554567764,3.903318669008232
CAMELSH__01471510,242,106,CAMELSH,3,2,42,40.335,-75.936,87.91189030096106,8.538236790108089
CAMELSH__01471875,194,89,CAMELSH,2,2,42,40.34,-75.742,96.9755573904721,9.118310352276572
CAMELSH__01471980,62,30,CAMELSH,0,2,42,40.273,-75.68,94.39283370556599,4.186599595380389
CAMELSH__01472000,243,110,CAMELSH,3,2,42,40.242,-75.652,93.43827762464183,4.186599595380389
CAMELSH__01472198,122,60,CAMELSH,1,2,42,40.394,-75.515,108.41544367851674,19.40695400006919
CAMELSH__01472199,122,59,CAMELSH,1,2,42,40.374,-75.522,110.60244328543864,17.479728122649682
CAMELSH__01473500,122,60,CAMELSH,1,2,42,40.111,-75.347,104.79561344162342,16.853355014682744
CAMELSH__01475000,7,10,CAMELSH,0,2,42,39.737,-75.113,72.62741681253324,29.16334526334195
CAMELSH__01475850,255,116,CAMELSH,3,2,42,39.976,-75.437,88.52140767429083,7.274087241090227
CAMELSH__01476480,244,112,CAMELSH,3,2,42,39.916,-75.403,83.81379906968266,5.243541493901318
CAMELSH__01477000,248,113,CAMELSH,3,2,42,39.869,-75.408,78.96853677167209,5.243541493901318
CAMELSH__01477800,257,111,CAMELSH,3,2,42,39.761,-75.519,63.949108487810676,10.003212520846557
CAMELSH__01478000,249,114,CAMELSH,3,2,42,39.637,-75.728,44.52216345446814,6.055113689609836
CAMELSH__01478120,124,61,CAMELSH,1,2,42,39.828,-75.781,57.56803124500072,8.936535381113398
CAMELSH__01478245,201,93,CAMELSH,2,2,42,39.748,-75.771,55.64719306460823,6.825016089513471
CAMELSH__01478650,223,102,CAMELSH,3,2,42,39.689,-75.749,49.75226802411138,6.055113689609836
CAMELSH__01479000,254,116,CAMELSH,3,2,42,39.699,-75.675,52.41686849892735,3.540842743942482
CAMELSH__01479820,255,116,CAMELSH,3,2,42,39.817,-75.692,64.26440869531741,7.67775956397282
CAMELSH__01480000,257,117,CAMELSH,3,2,42,39.763,-75.636,60.22055733121281,5.237340969286808
CAMELSH__01480015,250,108,CAMELSH,3,2,42,39.716,-75.64,55.17889270139185,3.540842743942482
CAMELSH__01480300,125,60,CAMELSH,1,2,42,40.073,-75.861,67.58082089042149,5.293166882609929
CAMELSH__01480400,126,61,CAMELSH,1,2,42,40.027,-75.845,64.95529190132187,5.293166882609929
CAMELSH__01480500,261,118,CAMELSH,3,2,42,39.986,-75.827,63.14871165574071,3.46848888873858
CAMELSH__01480617,273,118,CAMELSH,4,2,42,39.962,-75.801,63.30875738090835,3.46848888873858
CAMELSH__01480638,123,60,CAMELSH,1,2,42,39.93,-75.685,69.83768962108624,10.300648587680225
CAMELSH__01480675,257,117,CAMELSH,3,2,42,40.098,-75.742,76.75149396343622,5.268344687092025
CAMELSH__01480685,267,122,CAMELSH,4,2,42,40.055,-75.716,75.32252127225411,2.302343182872196
CAMELSH__01480700,260,119,CAMELSH,3,2,42,40.035,-75.709,74.42932272828901,2.302343182872196
CAMELSH__01480870,274,118,CAMELSH,4,2,42,39.969,-75.673,72.87046733271755,7.953725141670103
CAMELSH__01481000,125,61,CAMELSH,1,2,42,39.87,-75.593,72.66817603012217,10.300648587680225
CAMELSH__01483155,162,77,CAMELSH,2,2,42,39.431,-75.723,23.364661732407477,8.588876337491984
CAMELSH__01483200,271,117,CAMELSH,4,2,42,39.366,-75.669,20.958442453199417,8.588876337491984
CAMELSH__01483700,215,99,CAMELSH,3,1,67,39.164,-75.519,25.908912234043243,15.745277377443966
CAMELSH__01484000,62,26,CAMELSH,0,1,67,38.976,-75.567,44.2484688299479,9.077260122075655
CAMELSH__01484085,23,13,CAMELSH,0,1,67,39.058,-75.398,41.44943030308988,15.745277377443966
CAMELSH__01484100,247,113,CAMELSH,3,1,67,38.906,-75.513,52.88965381931369,9.077260122075655
CAMELSH__01484525,245,112,CAMELSH,3,1,67,38.595,-75.291,88.9932682071137,27.791589957013308
CAMELSH__01484800,31,20,CAMELSH,0,1,67,37.504,-75.872,103.51322794711223,74.04786102492703
CAMELSH__01485000,238,109,CAMELSH,3,1,67,38.389,-75.324,110.98213902171034,21.932502513885744
CAMELSH__01485500,256,116,CAMELSH,3,1,67,38.229,-75.471,127.58761949190882,16.412135548908434
CAMELSH__01486000,251,114,CAMELSH,3,1,67,38.214,-75.671,128.0966727661604,17.55092844938616
CAMELSH__01486500,124,60,CAMELSH,1,1,67,38.353,-75.573,112.94672068512831,16.412135548908434
CAMELSH__01487000,259,117,CAMELSH,3,1,67,38.728,-75.562,71.54158264591015,16.63086500830471
CAMELSH__01488500,240,110,CAMELSH,3,1,67,38.85,-75.673,57.37762012955833,15.185562102717334
CAMELSH__01490000,170,79,CAMELSH,2,1,67,38.512,-75.88,96.6980123128835,32.05697944640904
CAMELSH__01491000,256,116,CAMELSH,3,1,67,38.997,-75.786,42.252026824143975,13.974542425615137
CAMELSH__01491500,182,85,CAMELSH,2,1,67,38.967,-75.943,50.263240541689974,13.974542425615137
CAMELSH__01492500,170,80,CAMELSH,2,1,67,38.965,-76.109,58.54155463797152,10.941072934968805
CAMELSH__01493000,258,111,CAMELSH,3,1,67,39.25,-75.861,20.958442453199417,20.958442453199417
CAMELSH__01493500,248,106,CAMELSH,3,1,67,39.28,-76.015,30.20296901833867,25.36554947559381
CAMELSH__01494150,24,14,CAMELSH,0,1,67,39.054,-76.055,48.05829175026791,10.941072934968805
CAMELSH__01496200,11,5,CAMELSH,0,2,42,39.626,-76.041,29.95115196726895,25.959981983716606
CAMELSH__01500000,212,96,CAMELSH,2,4,7,42.333,-75.235,88.18177628490552,6.871843885265422
CAMELSH__01500500,131,62,CAMELSH,1,4,7,42.321,-75.317,81.32296467297768,6.871843885265422
CAMELSH__01502000,10,8,CAMELSH,0,4,7,42.545,-75.239,96.48283712769869,23.575609650358903
CAMELSH__01502500,175,79,CAMELSH,2,4,7,42.378,-75.406,76.31019517093068,9.67804825648763
CAMELSH__01503000,179,79,CAMELSH,2,4,7,42.035,-75.803,39.932434943269655,20.684314067599658
CAMELSH__01505000,175,76,CAMELSH,2,4,7,42.679,-75.51,79.65557360547933,35.41361321069567
CAMELSH__01507000,118,55,CAMELSH,1,4,7,42.325,-75.771,46.50926145884852,13.479566427910212
CAMELSH__01509000,184,83,CAMELSH,2,4,7,42.603,-76.159,31.203951681129727,31.203951681129727
CAMELSH__01510000,159,73,CAMELSH,1,4,7,42.541,-75.9,44.25744695881016,35.41361321069567
CAMELSH__01512500,159,70,CAMELSH,1,4,7,42.218,-75.848,36.156937891614156,13.479566427910212
CAMELSH__01514000,56,24,CAMELSH,0,0,70,42.129,-76.27,36.156937891614156,29.821699420277355
CAMELSH__01516350,184,79,CAMELSH,2,0,70,41.794,-77.08,87.96136066454554,5.3990004763556385
CAMELSH__01516500,202,93,CAMELSH,2,0,70,41.791,-77.015,85.73783900286703,5.3990004763556385
CAMELSH__01518000,197,88,CAMELSH,2,0,70,41.908,-77.129,101.23296554523411,9.938067131976807
CAMELSH__01518700,195,86,CAMELSH,2,0,70,41.953,-77.115,105.48829450982987,5.311157066594199
CAMELSH__01518862,204,94,CAMELSH,2,0,70,41.923,-77.532,119.16916937700663,25.401446582661514
CAMELSH__01520000,199,88,CAMELSH,2,0,70,41.997,-77.14,105.11753806822907,5.311157066594199
CAMELSH__01520500,162,75,CAMELSH,2,0,70,42.029,-77.132,102.3418732826717,8.566809193339546
CAMELSH__01521500,221,95,CAMELSH,3,0,70,42.396,-77.711,129.29950425516648,7.1623671893457
CAMELSH__01523500,190,87,CAMELSH,2,0,70,42.335,-77.683,128.50278862967332,7.1623671893457
CAMELSH__01524500,166,72,CAMELSH,2,0,70,42.314,-77.651,126.54383426822072,10.365581868458571
CAMELSH__01525500,113,48,CAMELSH,1,0,70,42.222,-77.418,111.70304543926477,16.90250425049024
CAMELSH__01525981,152,65,CAMELSH,1,0,70,42.072,-77.299,110.75133879406418,14.59436740599936
CAMELSH__01526500,177,77,CAMELSH,2,0,70,42.121,-77.129,96.04161180855459,6.5557137055325265
CAMELSH__01527500,135,65,CAMELSH,1,0,70,42.398,-77.417,105.61990508377431,19.570479844946327
CAMELSH__01528000,10,10,CAMELSH,0,0,70,42.388,-77.358,101.16717842781728,18.9664393736502
CAMELSH__01529500,163,70,CAMELSH,1,0,70,42.253,-77.217,95.15765894204954,16.370817370859342
CAMELSH__01529950,174,75,CAMELSH,2,0,70,42.146,-77.057,89.57504631303429,6.5557137055325265
CAMELSH__01530500,110,52,CAMELSH,1,0,70,42.105,-76.798,76.3115306481636,17.67174446428489
CAMELSH__01531000,179,77,CAMELSH,2,0,70,42.002,-76.635,68.82905049341608,17.67174446428489
CAMELSH__01532000,225,103,CAMELSH,3,0,70,41.707,-76.485,51.75786479919342,35.07625540783754
CAMELSH__01534000,117,58,CAMELSH,1,2,42,41.558,-75.895,37.68871691306091,24.76287659639938
CAMELSH__01534300,203,89,CAMELSH,2,4,7,41.68,-75.472,20.3111829742236,20.3111829742236
CAMELSH__01534500,205,88,CAMELSH,2,2,42,41.505,-75.542,20.3111829742236,10.95708574442135
CAMELSH__01534860,114,56,CAMELSH,1,2,42,41.441,-75.642,30.105219952580985,10.95708574442135
CAMELSH__01536000,222,103,CAMELSH,3,2,42,41.359,-75.744,42.27101131462999,12.470687990189377
CAMELSH__01537000,21,16,CAMELSH,0,2,42,41.281,-75.896,54.029297706040786,15.373815026454722
CAMELSH__01538000,234,107,CAMELSH,3,2,42,41.059,-76.094,49.58810107432295,29.83650452604477
CAMELSH__01539000,179,77,CAMELSH,2,2,42,41.078,-76.431,32.2198553039853,48.199700020575705
CAMELSH__01541000,188,82,CAMELSH,2,0,70,40.897,-78.677,138.58566744638486,24.244339464376395
CAMELSH__01541200,302,136,CAMELSH,4,0,70,40.961,-78.519,128.86638400452725,9.56628130161417
CAMELSH__01541303,187,86,CAMELSH,2,0,70,41.004,-78.457,126.2460053728136,5.566451662528933
CAMELSH__01541500,116,56,CAMELSH,1,0,70,40.972,-78.406,120.81867440685976,5.566451662528933
CAMELSH__01542500,170,79,CAMELSH,2,0,70,41.118,-78.109,108.9459492838354,22.13348062914829
CAMELSH__01542810,229,105,CAMELSH,3,0,70,41.579,-78.293,146.45360535248315,20.11558939263261
CAMELSH__01543000,192,89,CAMELSH,2,0,70,41.413,-78.197,132.7131836025372,13.247172244160723
CAMELSH__01543500,185,86,CAMELSH,2,0,70,41.317,-78.103,122.40184856765892,11.524095581418948
CAMELSH__01544000,202,94,CAMELSH,2,0,70,41.402,-78.024,118.57714686302714,11.524095581418948
CAMELSH__01544500,199,86,CAMELSH,2,0,70,41.476,-77.826,106.26604340078546,14.768501339752506
CAMELSH__01545000,196,91,CAMELSH,2,0,70,41.32,-77.874,103.94564143018792,10.286510915642738
CAMELSH__01545500,195,90,CAMELSH,2,0,70,41.325,-77.751,94.26406979417233,8.79301474325104
CAMELSH__01545600,228,105,CAMELSH,3,0,70,41.39,-77.691,92.08148540326198,8.79301474325104
CAMELSH__01546400,225,104,CAMELSH,3,0,70,40.834,-77.828,71.01993318475438,6.8519881209637745
CAMELSH__01546500,249,114,CAMELSH,3,0,70,40.89,-77.794,72.40813448190517,4.707086390505998
CAMELSH__01547100,263,120,CAMELSH,3,0,70,40.932,-77.787,74.9990612098686,1.2260251313152206
CAMELSH__01547200,126,61,CAMELSH,1,0,70,40.943,-77.786,75.76277020148243,1.2260251313152206
CAMELSH__01547500,203,94,CAMELSH,2,0,70,41.052,-77.604,75.32592644085847,0.9052282833298079
CAMELSH__01547700,240,110,CAMELSH,3,0,70,41.06,-77.606,76.16855648740734,0.9052282833298079
CAMELSH__01547950,232,107,CAMELSH,3,0,70,41.112,-77.702,85.41939057304333,9.907965042419523
CAMELSH__01548005,55,31,CAMELSH,0,0,70,41.081,-77.549,72.87753325013593,5.3183581846218475
CAMELSH__01548500,235,106,CAMELSH,3,0,70,41.522,-77.447,81.99088941304686,18.764144946678424
CAMELSH__01549500,231,105,CAMELSH,3,0,70,41.474,-77.231,64.95733644412155,17.638872148466564
CAMELSH__01549700,210,96,CAMELSH,2,0,70,41.274,-77.324,58.83518572574371,23.554009599473304
CAMELSH__01550000,284,127,CAMELSH,4,0,70,41.418,-77.033,49.37775764368905,14.452868048006078
CAMELSH__01552000,116,56,CAMELSH,1,0,70,41.325,-76.912,35.10065467200375,14.452868048006078
CAMELSH__01552500,115,56,CAMELSH,1,0,70,41.357,-76.535,32.2198553039853,31.674025438128787
CAMELSH__01553700,262,120,CAMELSH,3,2,42,41.062,-76.68,34.973288151702945,35.10065467200375
CAMELSH__01555000,223,102,CAMELSH,3,0,70,40.867,-77.048,30.685447171491592,43.79091657445842
CAMELSH__01555500,210,97,CAMELSH,2,2,42,40.611,-76.912,30.685447171491592,21.611063050820754
CAMELSH__01556000,199,92,CAMELSH,2,0,70,40.463,-78.2,84.26947159996195,15.504277401269203
CAMELSH__01557500,233,106,CAMELSH,3,0,70,40.684,-78.234,96.08790535919685,24.741296337267567
CAMELSH__01558000,182,85,CAMELSH,2,0,70,40.613,-78.141,86.81696215678775,17.408484650850607
CAMELSH__01559000,200,93,CAMELSH,2,0,70,40.485,-78.019,74.1926992621102,6.66233314750946
CAMELSH__01560000,274,121,CAMELSH,4,0,89,40.072,-78.493,49.97745524782901,25.139074092852784
CAMELSH__01562000,195,84,CAMELSH,2,0,89,40.216,-78.265,57.5071712908837,25.139074092852784
CAMELSH__01563200,176,82,CAMELSH,2,0,70,40.429,-77.991,70.62136537214379,6.277469295031546
CAMELSH__01563500,193,90,CAMELSH,2,0,70,40.392,-77.935,65.35688844475624,6.277469295031546
CAMELSH__01564500,237,109,CAMELSH,3,0,89,40.213,-77.925,55.917144460771105,19.92194876816009
CAMELSH__01565000,174,82,CAMELSH,2,0,70,40.655,-77.583,43.10462863639069,20.836007438608096
CAMELSH__01566000,164,76,CAMELSH,2,0,70,40.515,-77.419,24.8644621583865,16.076567117653315
CAMELSH__01567000,189,88,CAMELSH,2,2,42,40.478,-77.129,24.8644621583865,17.564888331398453
CAMELSH__01567500,125,61,CAMELSH,1,0,70,40.371,-77.402,20.454407568089973,16.076567117653315
CAMELSH__01568000,205,94,CAMELSH,2,2,42,40.323,-77.169,10.110683732581993,10.110683732581993
CAMELSH__01568500,16,14,CAMELSH,0,2,42,40.46,-76.751,41.3171424706655,6.88241512162761
CAMELSH__01569800,102,51,CAMELSH,1,1,67,40.235,-77.139,10.110683732581993,10.110683732581993
CAMELSH__01570000,218,99,CAMELSH,3,2,42,40.252,-77.021,10.192164814739167,14.829606847836937
CAMELSH__01571184,135,65,CAMELSH,1,1,67,40.031,-77.309,34.57894247187075,26.896547805654926
CAMELSH__01571500,225,104,CAMELSH,3,2,42,40.225,-76.898,20.48931763713066,21.13698458841304
CAMELSH__01572025,225,103,CAMELSH,3,2,42,40.533,-76.402,65.91641238648833,12.450052452440165
CAMELSH__01572190,217,99,CAMELSH,3,2,42,40.479,-76.531,58.22529020201551,9.304337279039867
CAMELSH__01572950,65,34,CAMELSH,0,2,42,40.439,-76.598,51.158140329992435,4.379999366678662
CAMELSH__01573000,214,98,CAMELSH,2,2,42,40.403,-76.577,51.17798815259758,4.379999366678662
CAMELSH__01573482,62,33,CAMELSH,0,2,42,40.407,-76.709,41.16708236543828,6.88241512162761
CAMELSH__01573560,260,115,CAMELSH,3,2,42,40.298,-76.668,40.57217875863817,12.608374383357564
CAMELSH__01573825,156,73,CAMELSH,1,1,67,39.941,-76.994,32.61841808479507,14.390899508659727
CAMELSH__01573849,145,69,CAMELSH,1,1,67,39.98,-77.155,32.320280854808296,14.390899508659727
CAMELSH__01580000,246,112,CAMELSH,3,1,67,39.63,-76.403,31.00576001377887,12.498778069067233
CAMELSH__01581700,250,113,CAMELSH,3,1,67,39.52,-76.373,30.800361403614563,3.478110409821721
CAMELSH__01581752,170,79,CAMELSH,2,1,67,39.496,-76.347,29.95115196726895,3.478110409821721
CAMELSH__01581757,150,71,CAMELSH,1,1,67,39.439,-76.306,30.803610163229415,7.249713588973047
CAMELSH__01581810,183,85,CAMELSH,2,1,67,39.69,-76.781,60.319312274050105,7.149351754820882
CAMELSH__01581870,180,84,CAMELSH,2,1,67,39.626,-76.773,62.69196008087696,7.149351754820882
CAMELSH__01581920,183,86,CAMELSH,2,1,67,39.619,-76.69,55.5917390789202,6.140339401020324
CAMELSH__01581960,183,85,CAMELSH,2,1,67,39.673,-76.675,54.53137070664851,6.140339401020324
CAMELSH__01582000,267,114,CAMELSH,3,1,67,39.604,-76.62,49.656539169245725,9.002612523805281
CAMELSH__01583500,293,126,CAMELSH,4,1,67,39.511,-76.676,55.911525881823614,11.401193417519426
CAMELSH__01583580,181,84,CAMELSH,2,1,67,39.479,-76.678,57.00724751045998,9.78350512438414
CAMELSH__01585500,267,114,CAMELSH,3,1,67,39.593,-76.968,70.52835789352872,15.718085514890195
CAMELSH__01586610,285,128,CAMELSH,4,1,67,39.452,-76.955,80.73018484810602,14.802732951823945
CAMELSH__01589000,156,74,CAMELSH,1,1,67,39.31,-76.792,73.41976098344848,4.41372842971121
CAMELSH__01589100,192,87,CAMELSH,2,1,67,39.24,-76.692,70.48490122755175,5.135021927940879
CAMELSH__01589197,197,90,CAMELSH,2,1,67,39.443,-76.783,66.80669638321939,9.203006874383851
CAMELSH__01589290,136,66,CAMELSH,1,1,67,39.362,-76.761,68.40103084562983,2.9935136473058166
CAMELSH__01589300,228,98,CAMELSH,3,1,67,39.346,-76.733,67.05243150942506,2.252891687570424
CAMELSH__01589305,91,46,CAMELSH,0,1,67,39.335,-76.711,65.98133643335102,2.252891687570424
CAMELSH__01589312,119,58,CAMELSH,1,1,67,39.296,-76.744,70.63114272226208,2.8598990033011438
CAMELSH__01589317,119,58,CAMELSH,1,1,67,39.327,-76.745,68.96676409925436,2.3512965645770554
CAMELSH__01589330,196,90,CAMELSH,2,1,67,39.311,-76.717,67.77910458597816,2.718127317771333
CAMELSH__01589352,191,89,CAMELSH,2,1,67,39.272,-76.649,65.38182173564326,5.135021927940879
CAMELSH__01589440,227,97,CAMELSH,3,1,67,39.392,-76.661,59.212561195626115,7.658218787536627
CAMELSH__01591400,252,108,CAMELSH,3,1,67,39.256,-77.051,95.99479968973456,17.871407780422228
CAMELSH__01594526,246,113,CAMELSH,3,1,67,38.814,-76.749,108.95880278186057,19.309631860621447
CAMELSH__01594930,62,33,CAMELSH,0,0,89,39.244,-79.428,68.0531302502561,2.359551410548258
CAMELSH__01594936,105,51,CAMELSH,1,0,89,39.26,-79.41,69.66443498708375,2.359551410548258
CAMELSH__01594950,196,91,CAMELSH,2,0,89,39.277,-79.39,71.41762440166627,2.5568716921131025
CAMELSH__01595000,233,107,CAMELSH,3,0,89,39.302,-79.307,74.104297846621,7.664846033270591
CAMELSH__01595300,80,41,CAMELSH,0,0,89,39.367,-79.179,78.51812733137356,3.0133149301871165
CAMELSH__01595500,148,70,CAMELSH,1,0,89,39.394,-79.182,79.4541890748903,3.0133149301871165
CAMELSH__01595800,159,76,CAMELSH,1,0,89,39.445,-79.111,75.26441962667695,5.466961865494023
CAMELSH__01596500,188,85,CAMELSH,2,0,89,39.57,-79.102,80.31869204776416,7.685229108065356
CAMELSH__01597000,5,9,CAMELSH,0,0,89,39.5,-79.159,81.31445357709327,7.37407416374777
CAMELSH__01597500,260,118,CAMELSH,3,0,89,39.503,-79.124,78.68576769630238,5.7231798892742365
CAMELSH__01598500,251,114,CAMELSH,3,0,89,39.479,-79.065,72.97780994987941,5.466961865494023
CAMELSH__01599000,247,112,CAMELSH,3,0,89,39.494,-79.045,72.10205971769086,6.851881180137266
CAMELSH__01600000,23,17,CAMELSH,0,0,89,39.567,-78.84,60.825497626763706,8.388033999239411
CAMELSH__01601000,163,75,CAMELSH,2,0,89,39.812,-78.716,49.54757446233484,16.9473435406451
CAMELSH__01601500,249,113,CAMELSH,3,0,89,39.67,-78.788,54.48294717229123,5.489700290588061
CAMELSH__01603000,248,112,CAMELSH,3,0,89,39.622,-78.773,53.88628159566128,5.489700290588061
CAMELSH__01604500,216,98,CAMELSH,3,0,89,39.443,-78.822,52.46243528249081,13.874383708915587
CAMELSH__01605500,229,104,CAMELSH,3,3,19,38.636,-79.338,39.8394977286263,8.176938780994867
CAMELSH__01606000,197,91,CAMELSH,2,0,89,38.985,-79.234,39.261371604153084,5.057103842763785
CAMELSH__01606500,228,104,CAMELSH,3,0,89,38.991,-79.176,40.35143230102338,5.057103842763785
CAMELSH__01607500,219,101,CAMELSH,3,3,19,38.632,-79.244,39.261371604153084,8.176938780994867
CAMELSH__01608000,228,102,CAMELSH,3,0,89,39.012,-78.956,40.34614427104776,19.153695941549824
CAMELSH__01608500,230,103,CAMELSH,3,0,89,39.447,-78.654,40.69934807150693,14.528524117531196
CAMELSH__01609000,151,72,CAMELSH,1,0,89,39.553,-78.555,38.401665163384514,8.630211712254287
CAMELSH__01610000,246,112,CAMELSH,3,0,89,39.539,-78.456,31.91111493297096,8.630211712254287
CAMELSH__01610155,183,84,CAMELSH,2,0,89,39.65,-78.344,17.491785071602678,8.10273778163909
CAMELSH__01611500,226,98,CAMELSH,3,0,89,39.582,-78.31,19.256721643875306,8.10273778163909
CAMELSH__01613050,239,109,CAMELSH,3,0,89,39.898,-78.132,21.424665132773743,21.424665132773743
CAMELSH__01613095,126,61,CAMELSH,1,1,67,39.706,-78.153,17.491785071602678,10.40220651872322
CAMELSH__01613525,125,60,CAMELSH,1,1,67,39.678,-78.037,25.701371607646113,10.40220651872322
CAMELSH__01613900,169,79,CAMELSH,2,1,67,39.215,-78.288,38.813243029502964,13.788881145715528
CAMELSH__01614000,150,72,CAMELSH,1,1,67,39.512,-78.037,24.667944326165216,7.340762951203691
CAMELSH__01614500,245,111,CAMELSH,3,1,67,39.716,-77.825,33.124864121982704,18.623756890806803
CAMELSH__01614830,55,31,CAMELSH,0,1,67,39.109,-78.205,52.46237165419267,11.144748091708548
CAMELSH__01615000,215,100,CAMELSH,3,1,67,39.175,-78.078,49.45457581914203,0.7660370435231256
CAMELSH__01616000,15,14,CAMELSH,0,1,67,39.178,-78.086,48.874406710686166,0.7660370435231256
CAMELSH__01616100,159,76,CAMELSH,1,1,67,39.193,-78.069,47.95766013033813,2.146568481330808
CAMELSH__01616500,229,100,CAMELSH,3,1,67,39.424,-77.939,36.35729317212299,5.806274710429362
CAMELSH__01617000,136,66,CAMELSH,1,1,67,39.47,-77.971,31.630439601315842,5.806274710429362
CAMELSH__01617800,257,110,CAMELSH,3,1,67,39.515,-77.777,46.303070643189386,8.277049150459428
CAMELSH__01619000,143,68,CAMELSH,1,1,67,39.716,-77.607,49.20049259185618,18.64629602320749
CAMELSH__01619500,273,117,CAMELSH,4,1,67,39.45,-77.73,51.87274814345569,8.277049150459428
CAMELSH__01620500,227,100,CAMELSH,3,3,19,38.338,-79.24,65.23836267805748,29.489847500019163
CAMELSH__01621050,229,105,CAMELSH,3,3,19,38.487,-78.96,35.82978378334829,16.829824255531296
CAMELSH__01622000,263,120,CAMELSH,3,3,19,38.34,-78.914,45.78865604573403,9.788486597197808
CAMELSH__01624800,39,24,CAMELSH,0,3,19,38.128,-78.994,59.623692780014345,11.117361933091837
CAMELSH__01625000,259,118,CAMELSH,3,3,19,38.262,-78.862,45.6181412609653,5.256301190634182
CAMELSH__01626000,258,117,CAMELSH,3,3,19,38.058,-78.908,55.50150897370355,4.386984242466958
CAMELSH__01626850,187,88,CAMELSH,2,3,19,38.089,-78.877,51.561933591548055,4.386984242466958
CAMELSH__01627500,261,119,CAMELSH,3,3,19,38.219,-78.837,43.94375728808411,5.256301190634182
CAMELSH__01628500,259,119,CAMELSH,3,3,19,38.323,-78.755,36.51307713091383,13.60057288938144
CAMELSH__01629500,253,116,CAMELSH,3,1,67,38.646,-78.535,23.68133893824206,14.321479184622259
CAMELSH__01630700,41,24,CAMELSH,0,1,67,38.835,-78.232,55.64728732035759,13.682868994082044
CAMELSH__01631000,238,105,CAMELSH,3,1,67,38.914,-78.211,61.64484687541225,4.7170697140593685
CAMELSH__01632000,165,77,CAMELSH,2,3,19,38.637,-78.853,19.266691787642948,5.476843239013229
CAMELSH__01632082,255,116,CAMELSH,3,3,19,38.607,-78.803,16.867218092741236,5.476843239013229
CAMELSH__01632900,248,114,CAMELSH,3,1,67,38.693,-78.643,16.867218092741236,5.903539436292059
CAMELSH__01633000,261,119,CAMELSH,3,1,67,38.746,-78.639,21.013583946218503,5.903539436292059
CAMELSH__01634000,238,105,CAMELSH,3,1,67,38.977,-78.336,53.72231886874875,3.7570673536866193
CAMELSH__01634500,250,114,CAMELSH,3,1,67,39.081,-78.329,49.387525771290676,8.30466180914004
CAMELSH__01635090,53,30,CAMELSH,0,1,67,39.007,-78.316,55.30065487539901,3.7570673536866193
CAMELSH__01635500,252,115,CAMELSH,3,1,67,38.958,-78.267,59.85413861447353,6.061930691339445
CAMELSH__01636242,15,13,CAMELSH,0,1,67,38.955,-78.197,65.24284701108027,4.7170697140593685
CAMELSH__0163626650,43,24,CAMELSH,0,1,67,38.934,-78.128,68.89479359627994,6.407899971342312
CAMELSH__01636316,160,76,CAMELSH,1,1,67,39.067,-78.004,63.02471926089017,14.225967399313902
CAMELSH__01636500,226,99,CAMELSH,3,1,67,39.282,-77.789,55.81185433772552,6.908415454220799
CAMELSH__01636690,170,80,CAMELSH,2,1,67,39.311,-77.718,59.09339123537022,6.908415454220799
CAMELSH__01637500,246,106,CAMELSH,3,1,67,39.427,-77.556,66.94595330120671,15.159810008642127
CAMELSH__01638350,171,81,CAMELSH,2,1,67,39.191,-77.615,73.87648604523176,1.7392195534023314
CAMELSH__01638420,172,81,CAMELSH,2,1,67,39.205,-77.624,72.33466346745077,1.7392195534023314
CAMELSH__01638480,245,112,CAMELSH,3,1,67,39.255,-77.576,72.78422668339824,7.869601516377533
CAMELSH__01639000,242,111,CAMELSH,3,1,67,39.679,-77.234,66.25004738869873,7.45448681113426
CAMELSH__01639500,254,109,CAMELSH,3,1,67,39.612,-77.237,73.50922314582635,7.45448681113426
CAMELSH__01641000,8,4,CAMELSH,0,1,67,39.594,-77.397,71.3543642355924,13.853102802067395
CAMELSH__01642190,130,63,CAMELSH,1,1,67,39.443,-77.382,81.09488686847156,4.6552857446991815
CAMELSH__01642438,1,7,CAMELSH,0,1,67,39.441,-77.27,89.5855224517712,9.620267007640527
CAMELSH__01643000,253,116,CAMELSH,3,1,67,39.403,-77.366,83.41366698452293,4.6552857446991815
CAMELSH__01643395,152,70,CAMELSH,1,1,67,39.275,-77.303,92.98246890398691,8.788146888121243
CAMELSH__01643500,243,112,CAMELSH,3,1,67,39.294,-77.407,83.89883686323049,9.196834262147378
CAMELSH__01643590,175,82,CAMELSH,2,1,67,39.168,-77.536,80.90254856008083,7.273840140489319
CAMELSH__01643700,218,101,CAMELSH,3,1,67,38.986,-77.797,79.63268600868034,8.684671401916525
CAMELSH__01643805,162,76,CAMELSH,2,1,67,39.072,-77.684,78.19936410814412,10.900333654323244
CAMELSH__01643880,172,81,CAMELSH,2,1,67,39.038,-77.722,78.85538206509956,8.684671401916525
CAMELSH__01644000,255,116,CAMELSH,3,1,67,39.02,-77.577,88.78685746644966,10.900333654323244
CAMELSH__01644280,172,81,CAMELSH,2,1,67,39.046,-77.432,96.21574504257862,12.320257986763139
CAMELSH__01644371,145,69,CAMELSH,1,1,67,39.231,-77.256,98.60743150579721,3.91668556612817
CAMELSH__01644375,144,68,CAMELSH,1,1,67,39.199,-77.275,98.61277827198796,1.4988464942051685
CAMELSH__01644380,131,61,CAMELSH,1,1,67,39.207,-77.289,97.13939599334387,1.4988464942051685
CAMELSH__01644600,84,43,CAMELSH,0,1,67,39.133,-77.268,102.55898394205083,5.891636732672943
CAMELSH__01645000,248,113,CAMELSH,3,1,67,39.128,-77.336,97.78220800196375,5.891636732672943
CAMELSH__01645704,123,60,CAMELSH,1,1,67,38.885,-77.332,114.46275341741944,2.7187232041508125
CAMELSH__01645762,123,59,CAMELSH,1,1,67,38.909,-77.338,112.27651516137597,2.7187232041508125
CAMELSH__01646000,157,74,CAMELSH,1,1,67,38.976,-77.246,113.69905177818957,6.3078599286626496
CAMELSH__01646305,123,60,CAMELSH,1,1,67,38.96,-77.176,119.63439705745591,6.3078599286626496
CAMELSH__01647850,123,59,CAMELSH,1,1,67,39.069,-77.081,108.7802666551186,4.501650519445854
CAMELSH__01648000,254,116,CAMELSH,3,1,67,38.972,-77.04,112.59490233054917,3.402428541820461
CAMELSH__01649150,118,57,CAMELSH,1,1,67,39.088,-76.989,101.10305237212752,4.231584909813055
CAMELSH__01649190,121,59,CAMELSH,1,1,67,39.033,-76.964,103.19945626706698,6.313656308056368
CAMELSH__01649500,242,111,CAMELSH,3,1,67,38.96,-76.926,106.22740360026518,3.5712981941573165
CAMELSH__01650500,200,93,CAMELSH,2,1,67,39.066,-77.029,105.33363521149614,4.231584909813055
CAMELSH__01650800,114,56,CAMELSH,1,1,67,38.986,-77.005,109.28662600264765,3.402428541820461
CAMELSH__01651000,240,110,CAMELSH,3,1,67,38.952,-76.966,109.3328072025736,3.5712981941573165
CAMELSH__01651800,242,110,CAMELSH,3,1,67,38.901,-76.942,111.87326338816966,6.704893939887953
CAMELSH__01652500,193,90,CAMELSH,2,1,67,38.843,-77.086,125.22200258582664,4.510730508436597
CAMELSH__01653000,259,119,CAMELSH,3,1,67,38.807,-77.11,129.51551194067767,4.510730508436597
CAMELSH__01653600,234,106,CAMELSH,3,1,67,38.706,-76.966,129.70762837586344,16.7940186631711
CAMELSH__01654000,245,112,CAMELSH,3,1,67,38.813,-77.228,126.5101410615739,12.050293019163687
CAMELSH__01656000,254,116,CAMELSH,3,1,67,38.637,-77.625,87.39520497124644,17.914342677972012
CAMELSH__01656903,124,60,CAMELSH,1,1,67,38.882,-77.432,108.52210120182927,8.662104734788612
CAMELSH__01658000,179,83,CAMELSH,2,1,67,38.596,-77.056,128.67749215795868,23.92551354288332
CAMELSH__01658500,243,110,CAMELSH,3,1,67,38.587,-77.429,98.79813425141671,2.4601501065788995
CAMELSH__01659000,42,25,CAMELSH,0,1,67,38.565,-77.426,97.89883663258871,0.8937986134957996
CAMELSH__01659500,41,21,CAMELSH,0,1,67,38.557,-77.425,97.57809544251289,0.8937986134957996
CAMELSH__01660000,38,23,CAMELSH,0,1,67,38.54,-77.425,96.75338832466423,1.8903137513284827
CAMELSH__01660400,223,102,CAMELSH,3,1,67,38.49,-77.434,93.78121630538467,5.614616957717713
CAMELSH__01660920,236,106,CAMELSH,3,1,67,38.491,-76.927,117.89731113076753,38.5643061971692
CAMELSH__01661050,246,106,CAMELSH,3,1,67,38.333,-76.725,104.00914506043223,21.781503015515515
CAMELSH__01661500,248,114,CAMELSH,3,1,67,38.242,-76.504,102.10118179031096,21.781503015515515
CAMELSH__01662800,232,107,CAMELSH,3,1,67,38.656,-78.074,62.772929068078994,11.845131776494908
CAMELSH__01663500,165,77,CAMELSH,2,1,67,38.592,-77.965,62.31673558860285,11.845131776494908
CAMELSH__01664000,241,109,CAMELSH,3,1,67,38.531,-77.814,67.18249984001508,14.777715736917731
CAMELSH__01665000,36,23,CAMELSH,0,1,67,38.478,-78.049,47.9873858420785,14.631081730205153
CAMELSH__01665500,229,104,CAMELSH,3,1,67,38.281,-78.34,15.076346567189944,15.076346567189944
CAMELSH__01666500,257,117,CAMELSH,3,1,67,38.325,-78.096,33.91162773064649,10.913364701915524
CAMELSH__01667500,255,116,CAMELSH,3,1,67,38.35,-77.975,44.45467487173987,10.913364701915524
CAMELSH__01668000,255,116,CAMELSH,3,1,67,38.308,-77.529,79.90055804164847,16.18380160653594
CAMELSH__01668500,52,30,CAMELSH,0,1,67,38.04,-76.827,70.24308590405178,19.250929221346297
CAMELSH__01669000,249,114,CAMELSH,3,1,67,37.877,-76.901,51.01970135132404,19.250929221346297
CAMELSH__01669520,258,117,CAMELSH,3,1,67,37.634,-76.696,38.994100489676924,32.47930971930849
CAMELSH__01670400,172,80,CAMELSH,2,1,67,38.013,-77.701,47.31535840465997,19.965759183513853
CAMELSH__01671020,194,90,CAMELSH,2,1,67,37.85,-77.428,44.427922072353525,2.674451371171706
CAMELSH__01671025,114,56,CAMELSH,1,1,67,37.826,-77.426,42.94127998569767,2.674451371171706
CAMELSH__01671100,254,116,CAMELSH,3,1,67,37.873,-77.513,40.79069660416096,7.888085461330544
CAMELSH__01672500,159,75,CAMELSH,1,1,67,37.797,-77.549,32.52913510165254,9.022825135039318
CAMELSH__01673000,167,78,CAMELSH,2,1,67,37.768,-77.332,39.7252283508189,10.478998468879963
CAMELSH__01673550,252,115,CAMELSH,3,1,67,37.663,-77.258,30.638846126605745,13.367336564216178
CAMELSH__01673638,69,37,CAMELSH,0,1,67,37.627,-76.962,22.962390652225373,22.962390652225373
CAMELSH__01673800,255,116,CAMELSH,3,1,67,38.172,-77.595,66.8104732962202,16.18380160653594
CAMELSH__01674000,255,116,CAMELSH,3,1,67,38.062,-77.386,64.14680672722479,21.997933690331422
CAMELSH__01674500,267,115,CAMELSH,3,1,67,37.888,-77.163,51.05577097531914,23.026408959557497
CAMELSH__02011400,253,114,CAMELSH,3,3,19,38.042,-79.881,85.28655322271314,12.031534104797853
CAMELSH__02011460,253,113,CAMELSH,3,3,19,38.245,-79.769,63.47961006836751,6.8885523692684725
CAMELSH__02011470,261,115,CAMELSH,3,3,19,38.19,-79.812,69.09868605765878,3.5901488304437663
CAMELSH__02011490,249,110,CAMELSH,3,3,19,38.215,-79.838,66.16063811635493,3.5901488304437663
CAMELSH__02011500,257,116,CAMELSH,3,3,19,38.07,-79.897,82.18343481499733,14.310344009321737
CAMELSH__02011800,262,117,CAMELSH,3,3,19,37.948,-79.949,95.91679294233293,12.031534104797853
CAMELSH__02013000,256,115,CAMELSH,3,3,19,37.803,-80.047,112.78472158342576,4.331262830573984
CAMELSH__02013100,263,117,CAMELSH,3,3,19,37.789,-80.001,113.89318980055954,4.331262830573984
CAMELSH__02014000,262,114,CAMELSH,3,3,19,37.729,-80.042,120.9000558102672,8.240154025629105
CAMELSH__02015700,194,90,CAMELSH,2,3,19,38.195,-79.57,73.47383441386744,18.25188788754992
CAMELSH__02016000,255,113,CAMELSH,3,3,19,37.792,-79.759,113.59342624239717,19.36470674438411
CAMELSH__02016500,258,113,CAMELSH,3,3,19,37.774,-79.784,115.40409145753716,16.40110266484601
CAMELSH__02017500,251,115,CAMELSH,3,3,19,37.506,-80.107,131.9512087759835,24.7951284367071
CAMELSH__02018000,256,113,CAMELSH,3,3,19,37.666,-79.911,127.12103361924233,13.487674614157665
CAMELSH__02018500,255,117,CAMELSH,3,3,19,37.468,-80.005,140.82191945516294,23.523828283786408
CAMELSH__02019500,246,110,CAMELSH,3,3,19,37.531,-79.679,143.2107529003046,25.359479270528702
CAMELSH__02020500,239,109,CAMELSH,3,3,19,37.988,-79.494,97.35117821695324,10.999121911028213
CAMELSH__02021500,244,109,CAMELSH,3,3,19,37.907,-79.422,103.415463692532,9.193500832191244
CAMELSH__02022500,257,118,CAMELSH,3,3,19,37.826,-79.443,109.02599061413402,8.36366196236633
CAMELSH__02024000,243,109,CAMELSH,3,3,19,37.763,-79.391,108.59629117900995,8.36366196236633
CAMELSH__02024752,125,60,CAMELSH,1,3,19,37.555,-79.367,120.96527260517249,10.961916574084203
CAMELSH__02024915,162,76,CAMELSH,2,3,19,37.698,-79.278,104.68730638113996,12.288048041324213
CAMELSH__02025500,245,108,CAMELSH,3,3,19,37.501,-79.263,118.66947695539791,10.961916574084203
CAMELSH__02026000,242,110,CAMELSH,3,3,19,37.536,-78.829,93.2894241329261,11.367407004215673
CAMELSH__02027000,192,89,CAMELSH,2,3,19,37.715,-78.982,84.41304837123927,4.297055320754598
CAMELSH__02027500,240,109,CAMELSH,3,3,19,37.702,-79.028,88.20420443164365,4.297055320754598
CAMELSH__02027800,22,16,CAMELSH,0,3,19,37.606,-78.923,90.81299492160645,11.367407004215673
CAMELSH__02028500,198,91,CAMELSH,2,3,19,37.87,-78.823,62.25763081505888,22.18672873341141
CAMELSH__02030000,250,115,CAMELSH,3,3,19,37.813,-78.455,53.00459909234484,13.97961554965733
CAMELSH__02030500,178,82,CAMELSH,2,3,19,37.703,-78.378,64.35687643199888,13.97961554965733
CAMELSH__02031000,195,90,CAMELSH,2,3,19,38.103,-78.593,29.67523170909,5.322585939429879
CAMELSH__02032250,128,62,CAMELSH,1,3,19,38.141,-78.556,24.46405507665413,5.322585939429879
CAMELSH__02032640,222,101,CAMELSH,3,3,19,38.163,-78.425,15.076346567189944,15.076346567189944
CAMELSH__02034000,265,121,CAMELSH,4,3,19,37.858,-78.266,47.479438267534704,17.335632985683855
CAMELSH__02036500,256,117,CAMELSH,3,3,107,37.598,-77.82,32.52913510165254,19.870341539006727
CAMELSH__02038000,15,13,CAMELSH,0,3,107,37.444,-77.522,33.68403825742925,29.8561111541047
CAMELSH__02038850,233,104,CAMELSH,3,3,19,37.415,-78.636,99.74033229420438,22.01205922477929
CAMELSH__02039000,260,119,CAMELSH,3,3,107,37.257,-78.486,102.1412697864938,10.225494610190854
CAMELSH__02039500,261,119,CAMELSH,3,3,107,37.307,-78.389,91.93488680280875,10.225494610190854
CAMELSH__02040000,247,113,CAMELSH,3,3,107,37.422,-77.859,49.843751826660856,15.486646861533282
CAMELSH__02041000,262,120,CAMELSH,3,3,107,37.283,-77.87,63.77784886443403,15.486646861533282
CAMELSH__02041650,267,121,CAMELSH,4,3,107,37.225,-77.475,52.3356493292366,35.550005921901594
CAMELSH__02042500,264,121,CAMELSH,3,3,107,37.436,-77.061,22.962390652225373,22.962390652225373
CAMELSH__02043500,15,9,CAMELSH,0,3,107,36.623,-76.602,112.7265027796146,30.640926596616225
CAMELSH__0204382800,153,70,CAMELSH,1,3,107,36.421,-76.342,127.45822343448783,32.31570063937086
CAMELSH__02044500,263,120,CAMELSH,3,3,107,36.983,-77.8,89.52173772267511,19.905002839279195
CAMELSH__02045500,251,114,CAMELSH,3,3,107,36.9,-77.4,85.76683850308258,25.35044195451009
CAMELSH__02046000,250,113,CAMELSH,3,3,107,37.067,-77.602,72.91242375356356,19.905002839279195
CAMELSH__02047000,258,118,CAMELSH,3,3,107,36.77,-77.166,96.99183465147259,23.885098621074007
CAMELSH__02047500,265,121,CAMELSH,4,3,107,37.025,-76.875,67.37991103158639,29.204780655484676
CAMELSH__02049500,125,61,CAMELSH,1,3,107,36.763,-76.898,96.23951141501816,23.885098621074007
CAMELSH__02051000,197,92,CAMELSH,2,3,107,36.997,-78.35,113.66508308686855,31.324146280946113
CAMELSH__02051500,248,112,CAMELSH,3,3,107,36.717,-77.832,116.83391765502039,26.11558771588651
CAMELSH__02052000,264,120,CAMELSH,3,3,107,36.69,-77.541,111.05977194777267,16.454149502805496
CAMELSH__02052500,32,19,CAMELSH,0,3,107,36.615,-77.7,122.94183258901306,16.454149502805496
CAMELSH__02053200,284,127,CAMELSH,4,3,107,36.371,-77.026,139.77641439569587,36.113093127594475
CAMELSH__02053800,259,118,CAMELSH,3,3,19,37.14,-80.266,104.02849509163133,26.85860715369512
CAMELSH__02054500,258,115,CAMELSH,3,3,19,37.237,-80.209,115.92585785385899,24.012665082221712
CAMELSH__02054530,245,111,CAMELSH,3,3,19,37.268,-80.139,121.91012528847658,17.734113390564595
CAMELSH__02055000,256,115,CAMELSH,3,3,19,37.258,-79.939,130.62659966494581,6.02749275738056
CAMELSH__02055100,258,116,CAMELSH,3,3,19,37.418,-79.935,145.49631862637384,17.794702439878197
CAMELSH__02056000,255,114,CAMELSH,3,3,19,37.255,-79.871,134.03827505824046,3.0139853216707553
CAMELSH__02056650,250,112,CAMELSH,3,3,19,37.228,-79.868,131.87906018132136,3.0139853216707553
CAMELSH__02056900,255,116,CAMELSH,3,3,19,37.045,-79.844,118.47474931767128,23.473228589583425
CAMELSH__02058400,263,120,CAMELSH,3,3,19,36.946,-79.525,134.43439421135608,19.04502145651425
CAMELSH__02059485,42,25,CAMELSH,0,3,19,37.266,-79.588,151.8531033036691,11.966364274095012
CAMELSH__02059500,251,114,CAMELSH,3,3,19,37.173,-79.52,149.45680834919415,11.966364274095012
CAMELSH__02060500,267,122,CAMELSH,4,3,19,37.105,-79.295,155.4337318456524,11.480815831360877
CAMELSH__02061000,44,25,CAMELSH,0,3,19,37.364,-79.419,139.20621115367138,18.49634871079754
CAMELSH__02061500,257,117,CAMELSH,3,3,19,37.208,-79.304,146.35336167840376,11.480815831360877
CAMELSH__02062500,259,118,CAMELSH,3,3,19,37.041,-78.95,147.9672510834217,9.603818235304761
CAMELSH__02064000,246,110,CAMELSH,3,3,19,37.127,-78.96,139.42948919677187,9.603818235304761
CAMELSH__02065500,256,117,CAMELSH,3,3,107,37.079,-78.764,133.7194763295178,17.03683726324572
CAMELSH__02066000,266,121,CAMELSH,4,3,107,36.915,-78.741,143.9369124160458,18.350003902343154
CAMELSH__02068500,266,121,CAMELSH,4,3,19,36.515,-80.303,50.48364733281572,16.745150914449468
CAMELSH__02069000,116,57,CAMELSH,1,3,19,36.319,-80.05,67.83126974920789,24.482747999001973
CAMELSH__02069700,257,117,CAMELSH,3,3,19,36.571,-80.129,67.18706805414425,12.68562594126238
CAMELSH__02070000,257,117,CAMELSH,3,3,19,36.568,-79.987,78.72244154827612,3.797474185447069
CAMELSH__02070500,235,107,CAMELSH,3,3,19,36.534,-79.991,77.10649972685076,3.797474185447069
CAMELSH__02071530,228,100,CAMELSH,3,3,19,36.778,-80.249,71.98127690592136,25.38365353197696
CAMELSH__02074500,255,115,CAMELSH,3,3,19,36.62,-79.504,121.47936991185604,11.456843370526602
CAMELSH__02075000,21,15,CAMELSH,0,3,107,36.588,-79.382,131.1237902595511,2.9792547485081364
CAMELSH__02075045,222,102,CAMELSH,3,3,107,36.563,-79.37,131.56751606366205,2.9792547485081364
CAMELSH__02075500,266,121,CAMELSH,4,3,107,36.642,-79.089,157.95500729480833,21.521288651274464
CAMELSH__02076500,34,21,CAMELSH,0,3,19,36.937,-79.311,150.55924778326224,18.734675841345833
CAMELSH__02077000,250,114,CAMELSH,3,3,107,36.777,-78.916,165.7948785081897,21.521288651274464
CAMELSH__02077200,279,125,CAMELSH,4,3,107,36.398,-79.197,144.50197232220074,26.829943860587026
CAMELSH__02079640,205,94,CAMELSH,2,3,107,36.68,-78.327,142.02035466331364,44.32309544377104
CAMELSH__0208111310,271,120,CAMELSH,4,3,107,36.048,-76.984,175.5877030486431,36.113093127594475
CAMELSH__02081500,278,126,CAMELSH,4,3,107,36.194,-78.583,184.76559230786583,23.47806288293004
CAMELSH__02082770,254,116,CAMELSH,3,3,107,36.112,-77.92,182.23422783755785,8.828193758504849
CAMELSH__02082950,283,129,CAMELSH,4,3,107,36.183,-77.876,173.49452024488548,8.828193758504849
CAMELSH__02084160,218,100,CAMELSH,3,3,107,35.562,-77.231,228.04787501398283,24.33666734885248
CAMELSH__02084557,286,130,CAMELSH,4,3,107,35.731,-76.746,211.65090290821942,41.25714619400908
CAMELSH__02085220,1,6,CAMELSH,0,3,107,36.139,-78.906,157.00368478637998,6.601721170598574
CAMELSH__0208650112,149,71,CAMELSH,1,3,107,36.132,-78.833,162.0410752234275,6.601721170598574
CAMELSH__02088470,16,13,CAMELSH,0,3,107,35.589,-78.188,192.4807700303639,36.30850357245619
CAMELSH__02091000,300,136,CAMELSH,4,3,107,35.489,-77.806,193.94426986105728,27.41587826282684
CAMELSH__02091700,6,4,CAMELSH,0,3,107,35.545,-77.511,212.21601648722626,27.41587826282684
CAMELSH__02092000,17,12,CAMELSH,0,3,107,35.345,-77.196,211.3483373053535,24.33666734885248
CAMELSH__02092500,296,134,CAMELSH,4,3,107,35.064,-77.461,172.01186078262756,39.44624704863644
CAMELSH__02093000,285,129,CAMELSH,4,3,107,34.849,-77.519,151.25451450377145,28.65218461509452
CAMELSH__0209553650,203,94,CAMELSH,2,3,107,36.128,-79.662,98.45278575832944,40.77288491589247
CAMELSH__02096846,260,118,CAMELSH,3,3,107,35.987,-79.206,125.2108549877123,31.824966785003387
CAMELSH__0209722970,117,57,CAMELSH,1,3,107,35.983,-78.957,143.92044475389486,17.941961889587816
CAMELSH__02097280,113,55,CAMELSH,1,3,107,35.923,-78.952,141.14083092186996,24.371697500517808
CAMELSH__02102908,310,140,CAMELSH,4,3,107,35.183,-79.178,106.49127559765375,20.62525174635012
CAMELSH__02104220,268,122,CAMELSH,4,3,107,35.0,-79.215,108.49190044856134,20.62525174635012
CAMELSH__02105900,119,57,CAMELSH,1,3,107,34.279,-78.125,67.88015811188689,67.88015811188689
CAMELSH__02108000,303,137,CAMELSH,4,3,107,34.829,-77.832,130.16054462628256,28.65218461509452
CAMELSH__02110500,310,138,CAMELSH,4,0,11,33.913,-78.715,67.88015811188689,67.88015811188689
CAMELSH__02111000,302,132,CAMELSH,4,1,90,35.991,-81.558,89.50804074222336,22.29610055336202
CAMELSH__02111180,282,128,CAMELSH,4,1,90,36.071,-81.403,74.45616807792062,17.71296005159562
CAMELSH__0211139110,125,61,CAMELSH,1,1,90,36.136,-81.223,60.87344715856764,6.504678237900108
CAMELSH__02111500,291,130,CAMELSH,4,1,90,36.175,-81.169,55.16933272119813,3.28693026649432
CAMELSH__02112000,297,134,CAMELSH,4,1,90,36.152,-81.146,57.0347528779934,3.28693026649432
CAMELSH__02112120,203,93,CAMELSH,2,1,90,36.25,-81.044,44.52558343845806,13.975441833791203
CAMELSH__02112250,292,127,CAMELSH,4,1,90,36.241,-80.847,45.49213677618449,8.569855637394209
CAMELSH__02112360,207,96,CAMELSH,2,1,90,36.311,-80.807,38.57281234655791,8.569855637394209
CAMELSH__02118500,287,128,CAMELSH,4,1,90,36.001,-80.746,69.60114177857949,34.90276912210557
CAMELSH__02123567,117,57,CAMELSH,1,3,107,35.379,-80.03,28.17802486409329,28.17802486409329
CAMELSH__02125000,186,86,CAMELSH,2,1,90,35.335,-80.336,28.17802486409329,28.17802486409329
CAMELSH__02128000,299,135,CAMELSH,4,3,107,35.387,-79.831,46.1578975875871,46.1578975875871
CAMELSH__02135300,114,55,CAMELSH,1,0,11,34.151,-80.305,118.13358660232984,72.84338489528685
CAMELSH__02137727,304,137,CAMELSH,4,1,90,35.686,-82.06,144.34228475987905,19.552791351158067
CAMELSH__02138500,287,129,CAMELSH,4,1,90,35.795,-81.89,125.11362100520127,19.552791351158067
CAMELSH__0213903612,128,59,CAMELSH,1,1,90,35.739,-81.729,121.34007102895544,22.022925568668015
CAMELSH__02140991,296,132,CAMELSH,4,1,90,35.834,-81.712,111.7752085579832,22.29610055336202
CAMELSH__02142000,276,126,CAMELSH,4,1,90,35.946,-81.237,81.3045653166988,20.39956473434232
CAMELSH__0214253361,6,10,CAMELSH,0,1,90,35.687,-81.015,95.48374794371185,35.044167656680074
CAMELSH__02143000,292,131,CAMELSH,4,1,90,35.684,-81.403,113.64383830392623,18.07187727525787
CAMELSH__02143040,296,134,CAMELSH,4,1,90,35.591,-81.567,128.38134592889375,15.066869251456131
CAMELSH__0214657975,193,90,CAMELSH,2,1,90,35.159,-80.713,66.65717056425794,39.43409082521428
CAMELSH__02147500,280,127,CAMELSH,4,0,11,34.565,-80.92,68.69690246889878,68.69690246889878
CAMELSH__02149000,301,135,CAMELSH,4,1,90,35.423,-82.111,128.05721249006425,21.76166398349603
CAMELSH__02150495,199,93,CAMELSH,2,1,90,35.404,-81.872,127.37809778658553,19.85324822530752
CAMELSH__02152100,297,135,CAMELSH,4,1,90,35.493,-81.682,124.34470832992427,13.905597570725043
CAMELSH__02152474,121,59,CAMELSH,1,1,90,35.415,-81.562,111.14600713948938,13.905597570725043
CAMELSH__02153200,209,97,CAMELSH,2,1,90,35.124,-81.588,87.06156009698375,32.443700934591526
CAMELSH__02157470,158,75,CAMELSH,1,1,90,35.039,-82.219,101.18368183429658,7.418379761006691
CAMELSH__02157490,89,46,CAMELSH,0,1,90,34.975,-82.196,93.84463082400241,7.418379761006691
CAMELSH__02160000,22,17,CAMELSH,0,1,90,34.679,-81.69,52.57828793573185,50.34845602920305
CAMELSH__02162350,209,96,CAMELSH,2,1,90,35.12,-82.538,77.81490035186114,10.516021386046887
CAMELSH__02162500,271,120,CAMELSH,4,1,90,34.842,-82.481,75.36731971085699,25.466720178520088
CAMELSH__02163001,126,61,CAMELSH,1,1,90,34.615,-82.444,60.60520375074946,25.466720178520088
CAMELSH__02167450,263,119,CAMELSH,3,0,11,34.21,-81.763,52.57828793573185,65.98174679486098
CAMELSH__02171680,23,15,CAMELSH,0,0,11,33.331,-79.803,187.4767131516136,83.48289695828419
CAMELSH__02174250,41,24,CAMELSH,0,0,11,33.379,-80.7,170.93276351101125,83.48289695828419
CAMELSH__02177000,297,135,CAMELSH,4,3,80,34.814,-83.306,37.964892419508104,11.1362503852114
CAMELSH__02178400,278,123,CAMELSH,4,3,80,34.89,-83.53,31.975121242670212,17.439185052836606
CAMELSH__02181580,204,94,CAMELSH,2,3,80,34.732,-83.376,46.48090935663435,11.1362503852114
CAMELSH__02191300,203,94,CAMELSH,2,3,80,34.073,-83.003,45.38495416431784,45.38495416431784
CAMELSH__02192500,265,121,CAMELSH,4,0,11,34.072,-82.501,46.23730867850886,46.23730867850886
CAMELSH__02193340,257,118,CAMELSH,3,0,11,33.683,-82.858,45.38495416431784,45.38495416431784
CAMELSH__02196000,266,118,CAMELSH,3,0,11,33.729,-82.182,84.8789516600607,32.820989509273204
CAMELSH__02196835,123,59,CAMELSH,1,0,11,33.439,-82.116,108.13898245957539,32.820989509273204
CAMELSH__02197300,20,16,CAMELSH,0,0,11,33.385,-81.616,144.04771472440598,53.0436699235462
CAMELSH__02198100,281,127,CAMELSH,4,0,11,32.938,-81.815,147.89837389444097,41.538400468171496
CAMELSH__02198690,252,115,CAMELSH,3,0,11,32.366,-81.297,158.51687702926543,28.411860159703966
CAMELSH__02201230,161,76,CAMELSH,2,0,11,32.815,-82.235,112.04793845338367,41.538400468171496
CAMELSH__02202600,265,121,CAMELSH,4,0,11,32.168,-81.488,136.53179626984766,28.411860159703966
CAMELSH__02203655,165,78,CAMELSH,2,3,80,33.679,-84.358,138.79379097978776,2.819281217443501
CAMELSH__02203700,143,68,CAMELSH,1,3,80,33.689,-84.33,136.1960304181257,2.819281217443501
CAMELSH__02204130,159,75,CAMELSH,1,3,80,33.58,-84.064,112.24002619616819,15.155623195523868
CAMELSH__02205522,44,25,CAMELSH,0,3,80,33.926,-84.038,112.32532545573156,8.721028375887576
CAMELSH__02206500,40,25,CAMELSH,0,3,80,33.853,-84.079,114.43540905900272,8.956100781285466
CAMELSH__02207120,177,83,CAMELSH,2,3,80,33.773,-84.058,111.42436958683254,1.9303521972082018
CAMELSH__02207185,172,80,CAMELSH,2,3,80,33.778,-84.038,109.63142807699846,1.9303521972082018
CAMELSH__02207220,164,77,CAMELSH,2,3,80,33.734,-84.062,111.51355769814053,4.352341251417919
CAMELSH__02207335,166,78,CAMELSH,2,3,80,33.667,-83.938,99.95424694511945,5.372889022598263
CAMELSH__02207385,180,83,CAMELSH,2,3,80,33.815,-83.99,105.6841367866504,6.049783790814428
CAMELSH__02207400,172,81,CAMELSH,2,3,80,33.822,-83.942,101.40285061179186,10.13032229868685
CAMELSH__02207418,174,82,CAMELSH,2,3,80,33.729,-83.937,99.94084020102243,6.894706124575738
CAMELSH__02207435,155,73,CAMELSH,1,3,80,33.711,-83.914,97.74216949115862,5.372889022598263
CAMELSH__02207448,126,61,CAMELSH,1,3,80,33.661,-83.928,99.04673249313097,5.70864956141989
CAMELSH__02208050,26,16,CAMELSH,0,3,80,33.978,-83.94,105.18729611546625,3.1996804975995157
CAMELSH__02208130,15,14,CAMELSH,0,3,80,33.95,-83.948,104.98275392193563,3.1996804975995157
CAMELSH__02208150,174,82,CAMELSH,2,3,80,33.918,-83.888,98.69429600653703,6.580386481007861
CAMELSH__02212600,234,108,CAMELSH,3,3,80,33.1,-83.724,94.335700995059,28.233701876168855
CAMELSH__02215000,125,60,CAMELSH,1,4,68,32.281,-83.461,94.335700995059,6.055867641985272
CAMELSH__02215100,273,125,CAMELSH,4,4,68,32.239,-83.502,97.96792766695603,6.055867641985272
CAMELSH__02216180,252,116,CAMELSH,3,4,68,31.991,-82.922,112.04793845338367,60.12927603106222
CAMELSH__02217274,169,80,CAMELSH,2,3,80,34.082,-83.855,102.17012256787464,8.775425406516051
CAMELSH__02217297,124,60,CAMELSH,1,3,80,34.046,-83.712,88.58133573705088,13.767294253669881
CAMELSH__02218565,175,82,CAMELSH,2,3,80,34.01,-83.894,102.35135546740575,5.535831471295591
CAMELSH__02221525,273,125,CAMELSH,4,3,80,33.252,-83.481,75.07522073463889,28.233701876168855
CAMELSH__02226100,102,50,CAMELSH,1,0,11,31.567,-81.838,112.79079462475345,74.55482904894029
CAMELSH__02228500,250,114,CAMELSH,3,4,68,30.518,-82.23,53.824864166411515,22.669360317032464
CAMELSH__02231000,226,104,CAMELSH,3,4,68,30.359,-82.082,32.157673996317804,22.669360317032464
CAMELSH__02231342,223,103,CAMELSH,3,3,29,27.569,-80.796,328.28691618056456,23.922072035612903
CAMELSH__02231396,222,102,CAMELSH,3,3,29,27.728,-80.805,313.5155572900564,29.774926711103628
CAMELSH__02231600,229,99,CAMELSH,3,3,29,28.074,-80.888,278.44871242290026,15.619743305308559
CAMELSH__02232000,213,98,CAMELSH,2,3,29,28.085,-80.752,283.88544673964583,21.10899138856685
CAMELSH__02232155,222,103,CAMELSH,3,3,29,28.182,-80.895,268.0516475105091,3.7869071154190137
CAMELSH__02232200,232,99,CAMELSH,3,3,29,28.213,-80.911,264.2650214465023,3.7869071154190137
CAMELSH__02232400,214,99,CAMELSH,2,3,29,28.37,-80.873,250.27761602231078,17.849686466508835
CAMELSH__02232500,222,101,CAMELSH,3,3,29,28.543,-80.943,230.07901470089053,20.417665167539173
CAMELSH__02235200,234,107,CAMELSH,3,3,29,28.875,-81.489,173.19705255247075,53.424071370526235
CAMELSH__02236500,207,96,CAMELSH,2,3,29,28.448,-81.74,195.70070135879985,14.004804308021924
CAMELSH__02244440,128,58,CAMELSH,1,3,29,29.578,-81.626,97.31982621259196,21.58883831469938
CAMELSH__02245260,150,69,CAMELSH,1,3,29,29.73,-81.487,90.39782241863551,21.58883831469938
CAMELSH__02245500,263,113,CAMELSH,3,3,29,29.979,-81.852,47.68944625675486,15.780659866257032
CAMELSH__02246000,288,129,CAMELSH,4,3,29,30.113,-81.906,32.157673996317804,15.780659866257032
CAMELSH__02246459,82,39,CAMELSH,0,3,29,30.282,-81.74,33.92511001683463,24.65057422247465
CAMELSH__02247222,85,39,CAMELSH,0,3,29,29.669,-81.26,110.22920667896959,36.79649571702103
CAMELSH__02251000,227,104,CAMELSH,3,3,29,27.769,-80.506,326.1838881911807,29.774926711103628
CAMELSH__02266200,203,95,CAMELSH,2,3,29,28.385,-81.616,208.00637255566204,14.004804308021924
CAMELSH__02268390,246,113,CAMELSH,3,3,29,27.811,-81.444,271.2733351462856,11.343589686894282
CAMELSH__02269520,249,113,CAMELSH,3,3,29,27.709,-81.446,281.03698227556714,11.343589686894282
CAMELSH__02270000,258,118,CAMELSH,3,3,29,27.532,-81.388,301.0552935130523,13.36092542540393
CAMELSH__02270500,164,77,CAMELSH,2,3,29,27.443,-81.297,314.0301950432219,13.36092542540393
CAMELSH__02271500,255,113,CAMELSH,3,3,29,27.374,-81.393,316.43696413453785,17.575724373070496
CAMELSH__02274005,158,75,CAMELSH,1,3,29,27.378,-80.845,343.16594207827563,3.1199640239520283
CAMELSH__02274010,156,73,CAMELSH,1,3,29,27.365,-80.873,342.8991254025436,3.1199640239520283
CAMELSH__02274325,126,60,CAMELSH,1,3,29,27.316,-80.838,349.35186307102515,6.92866607218937
CAMELSH__02277600,125,60,CAMELSH,1,3,29,26.939,-80.175,421.04260513881934,77.86058224265675
CAMELSH__02291500,113,56,CAMELSH,1,3,29,26.336,-81.75,412.25462370563406,12.645942668962558
CAMELSH__02291580,126,61,CAMELSH,1,3,29,26.442,-81.796,399.6845380502539,12.645942668962558
CAMELSH__02292900,99,49,CAMELSH,0,3,29,26.724,-81.698,372.28287565467065,0.7764857498521749
CAMELSH__022929176,55,29,CAMELSH,0,3,29,26.73,-81.702,371.52711349759164,0.7764857498521749
CAMELSH__02293055,56,30,CAMELSH,0,3,29,26.692,-81.759,373.9133854918197,5.638296501568384
CAMELSH__02293090,64,32,CAMELSH,0,3,29,26.716,-81.809,369.96510871131926,5.638296501568384
CAMELSH__02294161,133,64,CAMELSH,1,3,29,27.924,-81.796,244.10647354165008,5.623096636076118
CAMELSH__02294217,212,98,CAMELSH,2,3,29,28.044,-81.876,228.70192502341996,7.96261465644242
CAMELSH__02294290,109,53,CAMELSH,1,3,29,28.004,-81.852,233.72635747416547,3.952206216456671
CAMELSH__02294330,111,55,CAMELSH,1,3,29,28.0,-81.812,235.78731335046638,3.952206216456671
CAMELSH__02294491,185,84,CAMELSH,2,3,29,27.938,-81.851,240.45998810313088,5.623096636076118
CAMELSH__02295013,250,115,CAMELSH,3,3,29,27.7,-81.695,270.8869093199379,24.53377273863264
CAMELSH__02296260,150,72,CAMELSH,1,3,29,27.459,-81.678,296.12344818951254,14.92985622106368
CAMELSH__02296500,249,113,CAMELSH,3,3,29,27.375,-81.796,300.597777461683,14.92985622106368
CAMELSH__02296750,267,115,CAMELSH,3,3,29,27.222,-81.876,314.16629127516353,6.12850334414483
CAMELSH__02297100,244,111,CAMELSH,3,3,29,27.167,-81.88,319.8846985773836,6.12850334414483
CAMELSH__02297105,55,31,CAMELSH,0,3,29,27.162,-81.902,319.78062899267576,7.150131403445948
CAMELSH__02297155,284,129,CAMELSH,4,3,29,27.487,-82.023,281.7312278182772,13.137526766577674
CAMELSH__02297310,252,115,CAMELSH,3,3,29,27.199,-81.988,313.459280894919,9.449433807590236
CAMELSH__02298110,124,61,CAMELSH,1,3,29,27.042,-81.743,337.28095647968706,4.305491701670757
CAMELSH__02298123,236,108,CAMELSH,3,3,29,27.052,-81.785,334.9175882866088,4.305491701670757
CAMELSH__02298202,233,106,CAMELSH,3,3,29,26.985,-81.936,337.7670472508363,19.96732029650815
CAMELSH__02298488,196,91,CAMELSH,2,3,29,27.429,-82.139,284.91413461707504,4.133951026356202
CAMELSH__02298495,184,86,CAMELSH,2,3,29,27.384,-82.13,289.98368853833585,2.7433271308259783
CAMELSH__02298530,196,91,CAMELSH,2,3,29,27.41,-82.175,286.1228897135173,4.133951026356202
CAMELSH__02298554,175,80,CAMELSH,2,3,29,27.366,-82.149,291.4789374140114,2.5707124387273756
CAMELSH__02298608,289,131,CAMELSH,4,3,29,27.344,-82.157,293.6738247519517,2.5707124387273756
CAMELSH__02298880,119,58,CAMELSH,1,3,29,27.186,-82.356,304.23230417369285,26.373182770093262
CAMELSH__02299950,256,111,CAMELSH,3,3,29,27.474,-82.211,278.38421237322723,7.953936589130345
CAMELSH__02300042,248,112,CAMELSH,3,3,29,27.441,-82.488,273.2682090776962,27.57657559875756
CAMELSH__02300700,248,109,CAMELSH,3,3,29,27.792,-82.352,240.86806416266913,26.73791466448603
CAMELSH__02301900,216,100,CAMELSH,3,3,29,28.183,-82.012,209.18062271813366,14.311744774187101
CAMELSH__02301990,217,97,CAMELSH,3,3,29,28.186,-82.184,202.85870384064282,6.1776546238547105
CAMELSH__02302010,171,80,CAMELSH,2,3,29,28.179,-82.189,203.43963126316729,5.307230571371887
CAMELSH__02302500,248,113,CAMELSH,3,3,29,28.141,-82.15,208.67348355140257,8.101850435921941
CAMELSH__02303000,276,122,CAMELSH,4,3,29,28.15,-82.232,205.21729056730075,5.307230571371887
CAMELSH__02303205,223,103,CAMELSH,3,3,29,28.028,-82.245,217.86545511375706,13.625591399433665
CAMELSH__02303330,253,116,CAMELSH,3,3,29,28.098,-82.312,208.6277877908009,6.400976284532252
CAMELSH__02303350,239,103,CAMELSH,3,3,29,28.135,-82.362,203.43889762020115,6.400976284532252
CAMELSH__02303400,185,82,CAMELSH,2,3,29,28.324,-82.384,182.53071936085038,24.414394917888796
CAMELSH__02303420,266,115,CAMELSH,3,3,29,28.186,-82.401,197.03985512722716,10.814394982033482
CAMELSH__02303800,260,113,CAMELSH,3,3,29,28.089,-82.409,207.39852944733724,6.885600544995725
CAMELSH__02304500,125,60,CAMELSH,1,3,29,28.024,-82.428,214.10054629969628,0.7638069182676838
CAMELSH__02304510,66,33,CAMELSH,0,3,29,28.021,-82.435,214.29536128524154,0.7638069182676838
CAMELSH__02306500,251,110,CAMELSH,3,3,29,28.043,-82.512,209.33532164634698,4.570546052411483
CAMELSH__02306647,258,116,CAMELSH,3,3,29,28.014,-82.545,211.15834977882236,4.570546052411483
CAMELSH__02306774,251,111,CAMELSH,3,3,29,28.066,-82.566,205.0212428615356,3.370664852101079
CAMELSH__02307000,243,111,CAMELSH,3,3,29,28.037,-82.576,207.69567952932297,3.370664852101079
CAMELSH__02307323,126,61,CAMELSH,1,3,29,28.141,-82.64,194.68059216329814,6.870041586140823
CAMELSH__02307359,253,110,CAMELSH,3,3,29,28.096,-82.688,197.89152614133752,6.870041586140823
CAMELSH__02307668,165,78,CAMELSH,2,3,29,27.98,-82.742,208.71259118020137,13.9449688879513
CAMELSH__02307671,86,40,CAMELSH,0,3,29,27.975,-82.727,209.6470497062251,13.988473699412761
CAMELSH__02310147,111,48,CAMELSH,1,3,29,28.163,-82.71,190.1396866331886,7.285793633781052
CAMELSH__02310947,208,96,CAMELSH,2,3,29,28.312,-82.056,194.3000637226437,14.977648803394136
CAMELSH__02312200,207,95,CAMELSH,2,3,29,28.573,-82.155,163.84948187669357,30.593505815752007
CAMELSH__02313700,138,64,CAMELSH,1,3,29,29.204,-82.769,79.21650725974433,79.21650725974433
CAMELSH__02314500,297,131,CAMELSH,4,4,68,30.681,-82.561,80.78601288844094,23.135132527092672
CAMELSH__02315000,156,74,CAMELSH,1,4,68,30.509,-82.697,69.85205393253878,20.72498508156762
CAMELSH__02315500,235,104,CAMELSH,3,4,68,30.326,-82.738,57.62074054935893,20.13837180385122
CAMELSH__02315550,170,80,CAMELSH,2,4,68,30.393,-82.933,77.07392296944955,20.13837180385122
CAMELSH__02321000,242,111,CAMELSH,3,3,29,29.998,-82.274,44.18080632150013,40.6971605734653
CAMELSH__02322698,28,17,CAMELSH,0,4,68,29.96,-82.772,48.15207645420079,1.5572404371842654
CAMELSH__02322700,127,59,CAMELSH,1,4,68,29.953,-82.786,49.569708750239975,1.5572404371842654
CAMELSH__02322800,115,57,CAMELSH,1,4,68,29.912,-82.86,57.26007622158437,8.463667166506553
CAMELSH__02324000,282,128,CAMELSH,4,4,68,29.787,-83.322,84.06523043505175,38.37724544432232
CAMELSH__02324400,285,130,CAMELSH,4,4,68,30.098,-83.472,115.8430676472481,9.051896088602897
CAMELSH__02324500,113,56,CAMELSH,1,4,68,30.065,-83.558,122.39621455085576,9.051896088602897
CAMELSH__02325000,287,129,CAMELSH,4,4,68,30.071,-83.662,129.39303136081796,18.525837657763187
CAMELSH__02326000,278,127,CAMELSH,4,4,68,30.171,-83.824,148.14624847997013,11.307640612008807
CAMELSH__02326512,82,42,CAMELSH,0,4,68,30.231,-83.919,159.29129649030853,11.307640612008807
CAMELSH__02327033,110,52,CAMELSH,1,4,68,30.188,-84.408,192.44015686568704,10.554883289697534
CAMELSH__02327100,279,127,CAMELSH,4,4,68,30.129,-84.494,195.84690210834384,10.554883289697534
CAMELSH__02328522,188,88,CAMELSH,2,4,68,30.669,-84.305,208.70744956537698,54.388830399578225
CAMELSH__02330400,203,90,CAMELSH,2,4,68,30.039,-84.844,221.01740217525273,35.13112611586965
CAMELSH__02330450,263,120,CAMELSH,3,3,80,34.701,-83.729,59.20316293166632,15.011695401809567
CAMELSH__02331000,118,57,CAMELSH,1,3,80,34.577,-83.636,67.86079580260966,16.20192470650036
CAMELSH__02334578,177,83,CAMELSH,2,3,80,34.096,-84.08,121.78527778580218,5.378752826067887
CAMELSH__02334620,148,70,CAMELSH,1,3,80,34.071,-84.13,125.10210899624252,5.378752826067887
CAMELSH__02338523,171,80,CAMELSH,2,3,80,33.341,-85.227,86.23810901373695,17.5771956196777
CAMELSH__02339495,111,55,CAMELSH,1,3,80,32.902,-85.196,47.54178442553787,41.59206362145438
CAMELSH__02341725,14,14,CAMELSH,0,4,68,32.439,-84.733,67.29549595298481,11.389608956667464
CAMELSH__02341910,13,11,CAMELSH,0,4,68,32.394,-84.842,65.4925193664059,11.389608956667464
CAMELSH__02342070,10,10,CAMELSH,0,4,68,32.374,-84.958,62.798161266249224,22.3249451047451
CAMELSH__02342500,235,108,CAMELSH,3,4,68,32.317,-85.015,67.22199581445659,20.92023867608341
CAMELSH__02342850,120,58,CAMELSH,1,4,68,32.153,-84.906,87.61028296356871,20.92023867608341
CAMELSH__02343225,121,59,CAMELSH,1,4,68,31.818,-84.974,122.32548018666347,37.79835078273361
CAMELSH__02343940,173,82,CAMELSH,2,4,68,31.181,-85.044,191.9019330612925,56.73378386090245
CAMELSH__02349900,266,121,CAMELSH,4,4,68,32.196,-83.902,101.89228713643735,42.54039341397182
CAMELSH__02350600,218,101,CAMELSH,3,4,68,32.053,-84.548,112.28039166017312,35.50694498519174
CAMELSH__02350900,276,126,CAMELSH,4,4,68,31.764,-84.253,154.4717552500283,58.33931018702093
CAMELSH__02361000,227,104,CAMELSH,3,4,68,31.343,-85.61,155.91729569521286,32.471314894986676
CAMELSH__02362240,212,97,CAMELSH,2,4,68,31.272,-85.958,132.37816523335107,33.99089867221142
CAMELSH__02363000,233,107,CAMELSH,3,4,68,31.595,-85.783,129.36905662363486,32.471314894986676
CAMELSH__02364500,163,77,CAMELSH,2,4,68,31.113,-86.099,134.42541312073868,42.92255288623614
CAMELSH__02365470,188,88,CAMELSH,2,4,68,30.857,-85.762,177.1861481551727,31.00691446990989
CAMELSH__02365769,185,86,CAMELSH,2,4,68,30.625,-85.942,186.23107462005552,23.942811768322144
CAMELSH__02366996,189,88,CAMELSH,2,4,68,30.669,-86.187,169.62809195487256,23.942811768322144
CAMELSH__02367310,147,70,CAMELSH,1,4,68,30.557,-86.519,168.30000415366584,34.125137412180486
CAMELSH__02369800,234,108,CAMELSH,3,4,68,31.028,-86.71,112.85983250152835,37.651913620497425
CAMELSH__02370000,205,95,CAMELSH,2,4,68,30.834,-86.735,133.01629202822397,37.08429854211638
CAMELSH__02370700,37,23,CAMELSH,0,4,68,30.681,-87.132,143.94357271364515,41.575210730458814
CAMELSH__02371500,230,106,CAMELSH,3,4,68,31.573,-86.252,90.33811898402344,14.80990714166249
CAMELSH__02372250,231,106,CAMELSH,3,4,68,31.596,-86.406,76.7627640431001,14.80990714166249
CAMELSH__02373000,223,102,CAMELSH,3,4,68,31.454,-86.787,65.86743835844149,19.39246782175926
CAMELSH__02374500,231,107,CAMELSH,3,4,68,31.418,-86.987,64.7258180118883,19.39246782175926
CAMELSH__02374745,196,92,CAMELSH,2,4,68,31.13,-87.087,96.31163066968695,27.031813871255643
CAMELSH__02374950,187,88,CAMELSH,2,4,68,31.13,-87.371,89.06284563600639,27.031813871255643
CAMELSH__02379500,109,54,CAMELSH,1,3,80,34.684,-84.459,100.85578670454537,4.6802883683275285
CAMELSH__02380500,286,123,CAMELSH,4,3,80,34.675,-84.509,103.06052805240975,4.149359685539995
CAMELSH__02381090,124,60,CAMELSH,1,3,80,34.703,-84.539,99.46143090560243,4.149359685539995
CAMELSH__02381600,257,117,CAMELSH,3,3,80,34.57,-84.469,110.56953820523762,12.235736011985761
CAMELSH__02382200,269,123,CAMELSH,4,3,80,34.523,-84.611,110.98980109499064,11.844225623569159
CAMELSH__02382500,282,128,CAMELSH,4,3,80,34.604,-84.695,99.2186234299081,11.844225623569159
CAMELSH__02383500,293,133,CAMELSH,4,3,80,34.564,-84.833,93.70198359413959,10.08430059525671
CAMELSH__02384500,292,132,CAMELSH,4,3,80,34.828,-84.851,72.36568479555646,9.81560500618836
CAMELSH__02384540,263,120,CAMELSH,3,3,80,34.872,-84.721,78.87533871758782,12.832108100815745
CAMELSH__02385170,125,61,CAMELSH,1,3,80,34.743,-84.88,76.30386414904956,9.52203442157777
CAMELSH__02385500,145,69,CAMELSH,1,3,80,34.788,-84.975,66.56939013015169,12.163427564320768
CAMELSH__02385800,261,119,CAMELSH,3,3,80,34.717,-84.77,85.77668431418657,10.459837418197953
CAMELSH__02387000,238,109,CAMELSH,3,3,80,34.667,-84.928,79.34494170781117,9.52203442157777
CAMELSH__02387500,285,129,CAMELSH,4,3,80,34.577,-84.942,86.42696293552297,10.08430059525671
CAMELSH__02387600,140,67,CAMELSH,1,3,80,34.496,-84.965,92.77383678665883,14.261406135448485
CAMELSH__02388320,262,119,CAMELSH,3,3,80,34.372,-85.264,95.25447275455478,11.446894263219518
CAMELSH__02388350,122,59,CAMELSH,1,3,80,34.361,-85.14,99.56029621846142,7.007687277189095
CAMELSH__02388500,273,124,CAMELSH,4,3,80,34.298,-85.138,106.26414700801539,7.007687277189095
CAMELSH__02388900,53,30,CAMELSH,0,3,80,34.516,-84.061,93.90209968014705,17.080943370342908
CAMELSH__02390000,143,68,CAMELSH,1,3,80,34.426,-84.212,110.28777946089022,17.080943370342908
CAMELSH__02391540,140,67,CAMELSH,1,3,80,34.311,-84.403,130.06646191007454,8.289172912124583
CAMELSH__02391840,124,60,CAMELSH,1,3,80,34.265,-84.474,137.8699114709581,8.289172912124583
CAMELSH__02392360,143,68,CAMELSH,1,3,80,34.263,-84.595,133.46024940756183,11.121795376343075
CAMELSH__02392780,141,68,CAMELSH,1,3,80,34.122,-84.504,151.00557083365894,7.908392892227851
CAMELSH__02392950,200,93,CAMELSH,2,3,80,34.056,-84.536,155.27547472205342,1.3343391176248902
CAMELSH__02392975,200,93,CAMELSH,2,3,80,34.068,-84.536,154.17391624822903,1.3343391176248902
CAMELSH__02393419,137,66,CAMELSH,1,3,80,33.995,-84.693,153.54859453433647,16.589210833005065
CAMELSH__02395120,273,123,CAMELSH,4,3,80,34.243,-84.89,120.69505027049831,23.595117986597376
CAMELSH__02397500,148,71,CAMELSH,1,3,80,34.061,-85.313,128.5364583558101,27.73057749770713
CAMELSH__02398000,289,125,CAMELSH,4,3,80,34.466,-85.336,83.69537213784417,12.36401879586603
CAMELSH__02398300,235,108,CAMELSH,3,3,80,34.29,-85.509,101.9716415844651,15.895058305835043
CAMELSH__02399200,233,106,CAMELSH,3,3,80,34.288,-85.682,103.57654354481315,15.895058305835043
CAMELSH__02400100,233,105,CAMELSH,3,3,80,34.065,-85.614,127.4349281035065,25.573348246810053
CAMELSH__02400680,168,79,CAMELSH,2,3,80,34.438,-85.767,88.98983382938027,28.837989382193065
CAMELSH__02401000,234,107,CAMELSH,3,3,22,34.098,-86.038,124.1224128808851,39.220803425806004
CAMELSH__02401390,234,106,CAMELSH,3,3,22,33.84,-86.263,146.2180873630829,17.06000767692349
CAMELSH__02404400,228,105,CAMELSH,3,3,22,33.548,-86.097,112.85597104173745,29.098859060057947
CAMELSH__02405500,214,99,CAMELSH,2,3,22,33.448,-86.387,117.81786691013045,17.31978714431788
CAMELSH__02407514,142,68,CAMELSH,1,3,22,33.321,-86.495,114.22965359712538,17.31978714431788
CAMELSH__02408540,234,108,CAMELSH,3,3,22,32.917,-86.27,67.88326937311582,40.09974726031967
CAMELSH__02411930,180,85,CAMELSH,2,3,80,33.741,-85.336,126.07135979096448,28.07691099136608
CAMELSH__02412000,230,106,CAMELSH,3,3,80,33.623,-85.513,110.97014120790159,23.225286869174834
CAMELSH__02413000,122,59,CAMELSH,1,3,80,33.597,-85.08,117.77965896694413,28.594449053461
CAMELSH__02413210,161,76,CAMELSH,2,3,80,33.493,-85.279,100.50815723778582,17.5771956196777
CAMELSH__02413300,228,105,CAMELSH,3,3,80,33.437,-85.399,91.77494907014412,19.208225314160096
CAMELSH__02414500,231,107,CAMELSH,3,3,80,33.117,-85.561,54.54383008900881,38.6381056118719
CAMELSH__02414715,233,107,CAMELSH,3,3,22,32.977,-85.74,41.43012114838921,41.43012114838921
CAMELSH__02415000,229,105,CAMELSH,3,3,22,33.067,-85.879,55.9706669741806,40.09974726031967
CAMELSH__02418230,191,89,CAMELSH,2,4,68,32.627,-85.588,41.43012114838921,13.328982330256276
CAMELSH__02418760,166,79,CAMELSH,2,4,68,32.548,-85.481,47.54178442553787,13.328982330256276
CAMELSH__02419000,234,107,CAMELSH,3,4,68,32.477,-85.695,55.75658862011901,19.462081159066653
CAMELSH__02421000,226,104,CAMELSH,3,4,68,32.307,-86.299,64.53612236172575,64.53612236172575
CAMELSH__02422500,228,105,CAMELSH,3,3,22,32.583,-86.904,64.53612236172575,30.14373798444655
CAMELSH__02423130,223,102,CAMELSH,3,3,22,33.622,-86.599,145.27331003017284,10.263254070915176
CAMELSH__02423380,229,105,CAMELSH,3,3,22,33.482,-86.713,136.25158094252956,4.847403029679683
CAMELSH__02423397,213,98,CAMELSH,2,3,22,33.535,-86.562,135.75212033838318,6.195571348539259
CAMELSH__02423400,172,80,CAMELSH,2,3,22,33.5,-86.614,135.87581095325262,6.195571348539259
CAMELSH__02423414,150,71,CAMELSH,1,3,22,33.44,-86.699,131.40502062812294,4.6474330299901165
CAMELSH__02423425,217,98,CAMELSH,3,3,22,33.416,-86.74,130.01211800841088,4.6474330299901165
CAMELSH__02423496,230,106,CAMELSH,3,3,22,33.369,-86.784,126.48341730974978,2.7745555272415334
CAMELSH__02423500,229,106,CAMELSH,3,3,22,33.363,-86.813,126.86191172612699,2.7745555272415334
CAMELSH__0242354750,199,92,CAMELSH,2,3,22,33.313,-86.806,121.48282887172034,5.5976461347549495
CAMELSH__02423555,171,73,CAMELSH,2,3,22,33.285,-86.882,121.63735113732892,7.719086826651863
CAMELSH__02423630,207,95,CAMELSH,2,3,22,33.326,-86.95,128.60541486124583,7.792216538233319
CAMELSH__02424000,220,101,CAMELSH,3,3,22,32.945,-87.139,105.92866876320316,44.74614632982499
CAMELSH__02425000,220,102,CAMELSH,3,3,22,32.444,-87.18,84.12560729790157,30.14373798444655
CAMELSH__02427250,230,106,CAMELSH,3,3,22,31.996,-87.068,64.7258180118883,64.7258180118883
CAMELSH__02429980,95,48,CAMELSH,0,3,22,34.654,-88.249,132.7869837176968,11.527104467905648
CAMELSH__02430085,274,122,CAMELSH,4,3,22,34.467,-88.284,150.91795404072968,10.580799451388225
CAMELSH__02430615,159,73,CAMELSH,1,3,22,34.392,-88.355,156.83546359791183,10.580799451388225
CAMELSH__02430880,251,115,CAMELSH,3,3,22,34.304,-88.371,165.8589965801612,19.805138495397337
CAMELSH__02437100,26,16,CAMELSH,0,3,22,33.83,-88.52,160.6058610905612,30.338589180144716
CAMELSH__02438000,202,94,CAMELSH,2,3,22,34.106,-87.989,175.13159573862896,27.977946568324338
CAMELSH__02440500,48,27,CAMELSH,0,3,22,33.607,-88.709,136.14819463640225,30.338589180144716
CAMELSH__02442500,32,21,CAMELSH,0,3,22,33.575,-88.083,145.20037406747542,45.411684761137124
CAMELSH__02443500,217,98,CAMELSH,3,3,22,33.514,-88.395,130.11807701549102,36.99263027406179
CAMELSH__02446500,234,108,CAMELSH,3,3,22,33.257,-87.776,129.85121332141094,29.760386941824905
CAMELSH__02448900,229,105,CAMELSH,3,3,22,32.807,-88.312,59.60084488880693,28.20037483045918
CAMELSH__02449882,223,103,CAMELSH,3,3,22,34.08,-86.608,117.47559689589869,6.871216680489933
CAMELSH__02450000,65,35,CAMELSH,0,3,22,33.995,-86.749,128.1985773616031,16.066493720425083
CAMELSH__02450180,211,97,CAMELSH,2,3,22,33.872,-86.922,144.73548290591742,17.853035368687777
CAMELSH__02450250,227,103,CAMELSH,3,3,22,34.285,-87.399,122.8743303774307,43.80600283578548
CAMELSH__02450825,225,103,CAMELSH,3,3,22,34.081,-87.423,142.35798284207783,24.581560402773842
CAMELSH__02453000,236,106,CAMELSH,3,3,22,33.908,-87.257,151.42430870117894,24.581560402773842
CAMELSH__02454055,204,94,CAMELSH,2,3,22,33.742,-87.327,170.88177727566145,32.01184327588697
CAMELSH__02455000,224,103,CAMELSH,3,3,22,34.025,-86.574,123.46560961556229,6.871216680489933
CAMELSH__02455185,135,65,CAMELSH,1,3,22,33.861,-86.446,141.92397728699405,17.06000767692349
CAMELSH__02455980,228,105,CAMELSH,3,3,22,33.711,-86.696,158.63027125080964,11.202030788466216
CAMELSH__02456000,63,34,CAMELSH,0,3,22,33.74,-86.812,157.10954008747262,11.202030788466216
CAMELSH__02456500,230,105,CAMELSH,3,3,22,33.71,-86.983,163.57922935984485,16.162442832189395
CAMELSH__02457000,169,77,CAMELSH,2,3,22,33.601,-86.756,150.0708304965089,8.575103123601513
CAMELSH__02457595,228,104,CAMELSH,3,3,22,33.597,-86.868,152.95057581300577,7.640733201170236
CAMELSH__02458300,191,88,CAMELSH,2,3,22,33.543,-86.817,145.69210395370644,7.640733201170236
CAMELSH__02458450,228,105,CAMELSH,3,3,22,33.518,-86.879,145.13313257043532,5.486870796067816
CAMELSH__02458600,215,99,CAMELSH,3,3,22,33.548,-86.926,149.88747817218,5.486870796067816
CAMELSH__02461500,230,106,CAMELSH,3,3,22,33.419,-86.983,139.1765862910041,10.785610575458586
CAMELSH__02462000,224,103,CAMELSH,3,3,22,33.447,-87.122,148.24001604737566,13.269027363032249
CAMELSH__02464000,230,105,CAMELSH,3,3,22,33.479,-87.597,159.44306964395855,10.840984129651552
CAMELSH__02464146,192,83,CAMELSH,2,3,22,33.413,-87.511,159.23003170802036,10.840984129651552
CAMELSH__02465292,167,79,CAMELSH,2,3,22,33.175,-87.565,137.33592870067116,20.492709543056165
CAMELSH__02465493,233,107,CAMELSH,3,3,22,32.997,-87.622,120.99846613830925,20.492709543056165
CAMELSH__02467500,225,103,CAMELSH,3,3,22,32.574,-88.193,50.85526216167121,28.20037483045918
CAMELSH__02469800,231,107,CAMELSH,3,4,59,31.744,-88.023,29.296946680806176,29.296946680806176
CAMELSH__02470072,217,100,CAMELSH,3,3,22,31.864,-87.747,29.296946680806176,29.296946680806176
CAMELSH__02471001,228,105,CAMELSH,3,4,59,30.803,-88.143,123.82761540216595,19.165756318675943
CAMELSH__02471078,233,106,CAMELSH,3,4,59,30.501,-88.181,157.08094666455455,33.77703479888693
CAMELSH__02472000,317,143,CAMELSH,4,4,59,31.707,-89.407,149.5278021060545,24.365245968024112
CAMELSH__02472500,307,139,CAMELSH,4,4,59,31.426,-89.415,165.23452870562662,31.254965665150994
CAMELSH__02472850,228,103,CAMELSH,3,4,59,31.489,-89.433,164.90277588576882,24.365245968024112
CAMELSH__02476500,278,123,CAMELSH,4,4,59,32.368,-88.677,50.85526216167121,50.85526216167121
CAMELSH__02479155,268,122,CAMELSH,4,4,59,31.025,-89.017,152.37460049818498,39.241743673882006
CAMELSH__02479300,258,117,CAMELSH,3,4,59,30.736,-88.781,159.32008885567384,31.816519792497207
CAMELSH__02479431,21,16,CAMELSH,0,4,59,31.161,-88.362,97.51580720943919,33.672894480269505
CAMELSH__02479500,14,13,CAMELSH,0,4,59,30.862,-88.418,128.3454607719264,7.074956196406532
CAMELSH__02479560,197,92,CAMELSH,2,4,59,30.809,-88.459,135.40394782584283,7.074956196406532
CAMELSH__02479945,234,108,CAMELSH,3,4,59,30.856,-88.334,125.17699255625557,8.045786272436999
CAMELSH__02481000,274,124,CAMELSH,4,4,59,30.559,-89.122,195.33050548489422,38.0985329081461
CAMELSH__02481510,278,125,CAMELSH,4,4,59,30.484,-89.274,211.30377976974708,54.873914983933936
CAMELSH__02483500,192,90,CAMELSH,2,4,59,32.667,-89.646,125.57938173791742,67.60883595663792
CAMELSH__02488700,113,55,CAMELSH,1,4,59,31.471,-89.974,207.9230106280298,51.3417543971792
CAMELSH__03007800,235,107,CAMELSH,3,0,70,41.819,-78.293,158.62491256160638,17.739102448717272
CAMELSH__03010500,235,107,CAMELSH,3,0,70,41.963,-78.386,170.4392413701586,15.544726003400296
CAMELSH__03010655,178,83,CAMELSH,2,0,70,41.962,-78.198,161.21247334193703,15.544726003400296
CAMELSH__03011020,239,109,CAMELSH,3,0,70,42.156,-78.715,144.91748500880195,34.616208221730815
CAMELSH__03011800,227,103,CAMELSH,3,0,70,41.766,-78.719,143.00251971979498,21.35630677340732
CAMELSH__03012550,109,54,CAMELSH,1,0,70,41.841,-79.012,119.33906741031642,11.436529612838612
CAMELSH__03013000,4,5,CAMELSH,0,0,70,42.171,-79.069,116.50673645223736,12.864094038326494
CAMELSH__03014500,254,115,CAMELSH,3,0,70,42.113,-79.204,104.35182874754305,12.864094038326494
CAMELSH__03015000,240,110,CAMELSH,3,0,70,41.938,-79.133,108.68247779176365,10.546620980266471
CAMELSH__03015310,155,73,CAMELSH,1,0,70,41.844,-79.15,107.93850270442086,10.546620980266471
CAMELSH__03015500,234,107,CAMELSH,3,0,70,41.853,-79.317,94.08152728570391,13.868825209705408
CAMELSH__03016000,115,57,CAMELSH,1,0,70,41.571,-79.408,82.30382131009154,10.707883031554415
CAMELSH__03017500,84,43,CAMELSH,0,0,70,41.602,-79.05,112.20721902741293,26.762066914524347
CAMELSH__03020000,125,61,CAMELSH,1,0,70,41.479,-79.446,77.76796693887025,10.707883031554415
CAMELSH__03020500,243,105,CAMELSH,3,0,70,41.482,-79.695,57.146380465872234,20.74565678387171
CAMELSH__03021350,229,103,CAMELSH,3,0,70,42.015,-79.783,55.435195477493124,15.179187615730987
CAMELSH__03021520,104,51,CAMELSH,1,0,70,41.908,-79.897,45.68666669641526,15.179187615730987
CAMELSH__03022540,144,68,CAMELSH,1,0,70,41.691,-80.048,40.42755754730668,11.320684724263359
CAMELSH__03022554,123,60,CAMELSH,1,0,70,41.696,-80.108,36.626446993977666,8.22997110500386
CAMELSH__03023100,246,111,CAMELSH,3,0,70,41.633,-80.16,29.125187816852055,8.22997110500386
CAMELSH__03024000,233,107,CAMELSH,3,0,70,41.438,-79.956,35.060547519715094,22.29301446390297
CAMELSH__03026500,232,106,CAMELSH,3,0,70,41.631,-78.577,151.54903715374502,8.815956968526663
CAMELSH__03027500,126,61,CAMELSH,1,0,70,41.553,-78.596,148.97826106753703,8.353214347383904
CAMELSH__03028000,229,104,CAMELSH,3,0,70,41.575,-78.692,141.27267069029946,8.353214347383904
CAMELSH__03028500,134,64,CAMELSH,1,0,70,41.486,-78.678,141.68650571269504,10.104952696378337
CAMELSH__03029500,230,105,CAMELSH,3,0,70,41.331,-79.209,97.89654039268541,24.66318950882893
CAMELSH__03030500,209,97,CAMELSH,2,0,70,41.193,-79.44,82.037406844542,22.351508651313193
CAMELSH__03032500,181,84,CAMELSH,2,0,89,40.995,-79.394,93.03098449424309,11.41512161796524
CAMELSH__03034000,192,89,CAMELSH,2,0,70,40.939,-79.008,125.20125523069676,14.307117399197143
CAMELSH__03034500,235,107,CAMELSH,3,0,89,40.836,-79.11,121.85073567571155,14.307117399197143
CAMELSH__03036000,125,54,CAMELSH,1,0,89,40.928,-79.291,104.10054428214924,11.41512161796524
CAMELSH__03038000,180,84,CAMELSH,2,0,89,40.655,-79.349,108.50371767476952,15.453636434839739
CAMELSH__03039000,109,54,CAMELSH,1,0,89,40.72,-79.511,93.10572490371675,13.246798259859824
CAMELSH__03040000,227,104,CAMELSH,3,0,89,40.286,-78.921,91.86559453865883,30.41187217613713
CAMELSH__03041029,163,77,CAMELSH,2,0,89,40.341,-78.926,96.52940812691863,26.247761995174763
CAMELSH__03041500,235,107,CAMELSH,3,0,89,40.419,-79.026,108.65082766885472,14.57943640685676
CAMELSH__03042000,215,97,CAMELSH,2,0,89,40.473,-79.183,122.2730825237704,4.98021048937352
CAMELSH__03042280,239,109,CAMELSH,3,0,89,40.573,-79.103,125.75828139825056,13.014105900966504
CAMELSH__03042500,255,112,CAMELSH,3,0,89,40.517,-79.172,125.06474571612247,4.98021048937352
CAMELSH__03044000,107,53,CAMELSH,1,0,89,40.455,-79.391,113.1757965212235,4.927348166609174
CAMELSH__03045000,233,106,CAMELSH,3,0,89,40.293,-79.341,120.2929764756431,18.504843131220227
CAMELSH__03047000,126,61,CAMELSH,1,0,89,40.459,-79.449,108.24845434885599,4.927348166609174
CAMELSH__03048500,250,114,CAMELSH,3,0,89,40.605,-79.552,95.72517086237936,13.246798259859824
CAMELSH__03049000,155,71,CAMELSH,1,0,89,40.716,-79.699,78.90642535917416,15.850485376725638
CAMELSH__03049646,2,7,CAMELSH,0,0,89,40.583,-79.861,73.15913510062833,17.867377971003105
CAMELSH__03049658,1,7,CAMELSH,0,0,89,40.514,-79.805,77.80429267323319,10.48231706427192
CAMELSH__03049800,200,88,CAMELSH,2,0,89,40.52,-79.938,66.54454675972032,10.797119326126833
CAMELSH__03050000,213,96,CAMELSH,2,0,89,38.809,-79.882,21.374798663272653,12.790054077160118
CAMELSH__03050500,48,27,CAMELSH,0,0,89,38.924,-79.879,34.14575812780359,9.509035029943629
CAMELSH__03051000,212,97,CAMELSH,2,0,89,39.029,-79.936,46.16772003267024,11.46659692391137
CAMELSH__03052000,217,95,CAMELSH,2,0,89,39.04,-80.068,50.064997594484495,4.2391703986151805
CAMELSH__03052500,197,91,CAMELSH,2,0,89,38.964,-80.153,40.515915292427934,10.215980155788797
CAMELSH__03053500,202,93,CAMELSH,2,0,89,39.051,-80.115,49.313860148005105,4.2391703986151805
CAMELSH__03054500,218,97,CAMELSH,3,0,89,39.15,-80.039,61.04540601226469,12.484849285752993
CAMELSH__03056000,110,54,CAMELSH,1,0,89,39.32,-80.025,77.34079461426273,3.2773465681496003
CAMELSH__03056250,212,97,CAMELSH,2,0,89,39.336,-79.993,80.36763607967336,3.2773465681496003
CAMELSH__03057000,101,50,CAMELSH,1,0,89,39.435,-80.133,84.0558056461142,8.37099498986113
CAMELSH__03058000,126,61,CAMELSH,1,0,89,39.005,-80.473,29.47880097000141,9.572506642385488
CAMELSH__03058500,85,43,CAMELSH,0,0,89,39.091,-80.468,39.0087963174444,9.572506642385488
CAMELSH__03061000,215,98,CAMELSH,2,0,89,39.422,-80.276,78.50064060332619,12.366889302607152
CAMELSH__03061500,204,94,CAMELSH,2,0,89,39.504,-80.172,88.7459964428707,8.37099498986113
CAMELSH__03062400,19,15,CAMELSH,0,0,89,39.608,-79.955,107.1492081896882,2.3413688482080475
CAMELSH__03062500,163,77,CAMELSH,2,0,89,39.629,-79.953,107.43838191842094,2.3413688482080475
CAMELSH__03065000,213,94,CAMELSH,2,0,89,39.072,-79.623,54.40079431591579,14.707271374965643
CAMELSH__03065400,113,55,CAMELSH,1,0,89,39.14,-79.42,56.48984331272834,11.584805538098967
CAMELSH__03066000,201,92,CAMELSH,2,0,89,39.127,-79.468,55.744251564086525,13.458839322282227
CAMELSH__03067510,182,78,CAMELSH,2,3,19,38.617,-79.87,21.374798663272653,21.374798663272653
CAMELSH__03068800,198,92,CAMELSH,2,0,89,38.913,-79.77,34.036474926330094,9.509035029943629
CAMELSH__03069500,212,97,CAMELSH,2,0,89,39.123,-79.681,58.595477017969316,18.37914526025257
CAMELSH__03069870,82,42,CAMELSH,0,0,89,39.32,-79.657,80.30962537002614,21.445143739420296
CAMELSH__03070500,199,91,CAMELSH,2,0,89,39.616,-79.705,111.99202177860153,21.290155511249253
CAMELSH__03072000,239,109,CAMELSH,3,0,89,39.759,-79.971,107.74955311575972,14.537150807124164
CAMELSH__03073000,103,51,CAMELSH,1,0,89,39.923,-80.073,87.97706364477317,20.208656458191253
CAMELSH__03074500,244,108,CAMELSH,3,0,89,39.98,-79.764,102.46690755853227,15.084732529762906
CAMELSH__03075500,228,105,CAMELSH,3,0,89,39.422,-79.424,87.71433224690905,15.88367527021669
CAMELSH__03075905,116,56,CAMELSH,1,0,89,39.538,-79.316,95.37946403233171,14.114353526681025
CAMELSH__03076500,241,111,CAMELSH,3,0,89,39.654,-79.408,107.55518345239255,1.2189851093387873
CAMELSH__03076600,221,101,CAMELSH,3,0,89,39.656,-79.394,106.3454778291929,1.2189851093387873
CAMELSH__03077500,108,53,CAMELSH,1,0,89,39.805,-79.364,104.104543924054,2.67050325085885
CAMELSH__03078000,224,103,CAMELSH,3,0,89,39.702,-79.136,84.09480122321494,14.96371074696078
CAMELSH__03079000,250,114,CAMELSH,3,0,89,39.86,-79.228,93.44096043573317,9.101163283035108
CAMELSH__03080000,242,110,CAMELSH,3,0,89,39.82,-79.321,100.63579717705515,4.528989571237649
CAMELSH__03081000,266,121,CAMELSH,4,0,89,39.828,-79.373,105.15153480036528,2.67050325085885
CAMELSH__03081500,129,63,CAMELSH,1,0,89,39.866,-79.494,115.95571817151834,11.16065509533335
CAMELSH__03082500,259,118,CAMELSH,3,0,89,40.018,-79.594,112.02020581762352,15.084732529762906
CAMELSH__03083500,247,111,CAMELSH,3,0,89,40.24,-79.806,84.59232868159734,17.124018703109904
CAMELSH__03084000,5,6,CAMELSH,0,0,89,40.45,-79.714,86.04869921778962,9.971282004410055
CAMELSH__03084698,17,14,CAMELSH,0,0,89,40.394,-79.806,79.37522294701537,2.2286065800097203
CAMELSH__03084800,18,14,CAMELSH,0,0,89,40.405,-79.828,77.30394024741148,2.2286065800097203
CAMELSH__03085049,4,8,CAMELSH,0,0,89,40.426,-79.906,70.37808900221324,7.004162550310246
CAMELSH__03085213,18,15,CAMELSH,0,0,89,40.433,-80.029,60.0083956572007,6.6957797074501375
CAMELSH__03085500,234,107,CAMELSH,3,0,89,40.401,-80.096,55.34582988291762,6.6957797074501375
CAMELSH__03085956,46,26,CAMELSH,0,0,89,40.456,-80.176,47.30872824001474,12.699786514480278
CAMELSH__03086500,4,8,CAMELSH,0,2,35,40.933,-81.095,54.689280497235416,24.497868974494157
CAMELSH__03090500,126,60,CAMELSH,1,2,35,41.048,-81.001,56.634292480770846,10.24228209286179
CAMELSH__03091500,265,121,CAMELSH,4,2,35,41.131,-80.971,59.61553368246711,2.245290922558029
CAMELSH__03092000,6,9,CAMELSH,0,2,35,41.14,-80.995,61.860817486870914,2.245290922558029
CAMELSH__03092090,23,10,CAMELSH,0,2,35,41.161,-81.197,77.11339873056434,10.474085930204025
CAMELSH__03092460,109,54,CAMELSH,1,2,35,41.157,-81.072,68.48293974795523,8.93785495699464
CAMELSH__03093000,264,114,CAMELSH,3,2,35,41.261,-80.954,66.22611311469686,6.574890042990693
CAMELSH__03094000,260,118,CAMELSH,3,2,35,41.239,-80.881,59.95577525672482,6.574890042990693
CAMELSH__03095500,127,61,CAMELSH,1,2,35,41.3,-80.758,57.734042733020324,14.122003241741343
CAMELSH__03097550,128,62,CAMELSH,1,2,35,41.173,-80.757,47.311537661630624,10.915032196499935
CAMELSH__03098600,255,110,CAMELSH,3,2,35,41.105,-80.663,36.40586871529522,10.915032196499935
CAMELSH__03099500,97,49,CAMELSH,0,2,35,41.037,-80.536,23.452765228006587,13.058214742226848
CAMELSH__03101500,258,118,CAMELSH,3,2,35,41.498,-80.46,29.125187816852055,10.973334684910373
CAMELSH__03102500,207,95,CAMELSH,2,2,35,41.422,-80.376,29.559792036707265,10.973334684910373
CAMELSH__03102850,250,113,CAMELSH,3,2,35,41.354,-80.398,36.815552320364546,11.618545930268906
CAMELSH__03102950,12,12,CAMELSH,0,2,35,41.443,-80.588,41.41666002022698,12.293815826418019
CAMELSH__03103500,118,58,CAMELSH,1,2,35,41.266,-80.473,43.442815734404306,11.618545930268906
CAMELSH__03105500,263,120,CAMELSH,3,0,89,40.889,-80.337,23.452765228006587,8.67644579759119
CAMELSH__03106000,240,109,CAMELSH,3,0,89,40.817,-80.242,34.763591619291965,7.480385145955617
CAMELSH__03106300,167,76,CAMELSH,2,0,89,40.963,-80.125,35.45896346420789,12.689849989720608
CAMELSH__03106500,244,110,CAMELSH,3,0,89,40.884,-80.234,30.537066084662143,7.480385145955617
CAMELSH__03107500,244,110,CAMELSH,3,0,89,40.763,-80.315,35.682897596596355,15.082417826614313
CAMELSH__03108000,245,112,CAMELSH,3,0,89,40.628,-80.338,34.17946188932163,17.937818838973307
CAMELSH__03109500,257,111,CAMELSH,3,0,89,40.676,-80.541,21.834340450200035,17.937818838973307
CAMELSH__03110000,235,103,CAMELSH,3,2,35,40.538,-80.725,15.913991370525892,15.913991370525892
CAMELSH__03110830,157,74,CAMELSH,1,0,89,40.436,-80.593,15.913991370525892,15.913991370525892
CAMELSH__03111500,250,112,CAMELSH,3,0,89,40.193,-80.734,38.36982677816467,15.35827117972327
CAMELSH__03111548,257,116,CAMELSH,3,0,89,40.067,-80.808,37.41463855192879,12.748136026865657
CAMELSH__03112000,214,95,CAMELSH,2,0,89,40.045,-80.661,49.972382019289334,12.748136026865657
CAMELSH__03113990,148,69,CAMELSH,1,0,89,39.907,-80.936,39.86836547142311,1.047420274566729
CAMELSH__03114000,94,40,CAMELSH,0,0,89,39.909,-80.924,40.30916342018438,1.047420274566729
CAMELSH__03114500,110,54,CAMELSH,1,0,89,39.475,-80.997,20.27364736072358,20.27364736072358
CAMELSH__03115400,213,98,CAMELSH,2,2,35,39.563,-81.204,20.27364736072358,20.27364736072358
CAMELSH__03115973,133,65,CAMELSH,1,2,35,41.103,-81.603,101.11218030928384,5.9556736774792105
CAMELSH__03116000,22,17,CAMELSH,0,2,35,40.928,-81.633,96.09080591021387,18.79047572492653
CAMELSH__03116077,167,78,CAMELSH,2,2,35,40.966,-81.851,114.85145123546636,18.79047572492653
CAMELSH__03117000,248,113,CAMELSH,3,2,35,40.77,-81.524,83.4953165999841,16.341925826013085
CAMELSH__03117500,234,104,CAMELSH,3,2,35,40.673,-81.26,60.63614306556121,10.302988781733879
CAMELSH__03118000,244,111,CAMELSH,3,2,35,40.841,-81.354,70.8912508136948,11.899048553594879
CAMELSH__03118500,225,104,CAMELSH,3,2,35,40.734,-81.352,68.66601636591922,10.302988781733879
CAMELSH__03120500,76,40,CAMELSH,0,2,35,40.47,-81.196,49.822852831859464,12.89052899137888
CAMELSH__03124500,237,105,CAMELSH,3,2,35,40.588,-81.523,79.96339084987787,20.237652338746404
CAMELSH__03126000,78,39,CAMELSH,0,2,35,40.195,-81.215,37.41463855192879,30.6209866212631
CAMELSH__03127000,75,39,CAMELSH,0,2,35,40.27,-81.29,46.76382447990346,23.62176634287925
CAMELSH__03128500,42,25,CAMELSH,0,2,35,40.357,-81.23,45.860273043204586,12.89052899137888
CAMELSH__03129000,250,114,CAMELSH,3,2,35,40.261,-81.609,69.48105009656305,23.12104381490743
CAMELSH__03131500,7,3,CAMELSH,0,2,35,40.636,-82.239,136.60289165923774,11.990017480530003
CAMELSH__03135000,7,10,CAMELSH,0,2,35,40.723,-82.155,133.89041905081325,11.990017480530003
CAMELSH__03136500,232,105,CAMELSH,3,2,35,40.406,-82.5,115.1029896798842,31.464211466361178
CAMELSH__03139000,270,117,CAMELSH,4,2,35,40.481,-81.986,109.66924581721752,16.8030681040382
CAMELSH__03140000,242,111,CAMELSH,3,2,35,40.363,-81.862,93.63644467917801,16.8030681040382
CAMELSH__03141500,78,40,CAMELSH,0,2,35,39.925,-81.438,42.85974848561376,8.756579344680697
CAMELSH__03141870,174,81,CAMELSH,2,2,35,39.99,-81.496,48.620785010627564,8.234533350248578
CAMELSH__03142000,243,111,CAMELSH,3,2,35,40.015,-81.587,56.76861557209286,8.234533350248578
CAMELSH__03143500,7,3,CAMELSH,0,2,35,40.16,-81.847,82.50498781158535,23.12104381490743
CAMELSH__03144000,238,108,CAMELSH,3,2,35,40.133,-82.148,100.99063042045222,18.28736379223367
CAMELSH__03144816,118,58,CAMELSH,1,2,35,39.964,-82.599,76.24430414218405,10.925553998294172
CAMELSH__03145000,249,114,CAMELSH,3,2,35,39.989,-82.475,83.63174818720778,10.925553998294172
CAMELSH__03145483,113,55,CAMELSH,1,2,35,40.069,-82.552,88.53045820536357,11.050517144941788
CAMELSH__03146500,244,112,CAMELSH,3,2,35,40.059,-82.34,92.18541339307558,13.882607185666666
CAMELSH__03149500,162,75,CAMELSH,2,2,35,39.909,-81.86,78.81246180916085,26.082265693402732
CAMELSH__03151400,217,96,CAMELSH,2,3,19,38.743,-80.525,29.47880097000141,16.516372569206318
CAMELSH__03152000,32,21,CAMELSH,0,0,89,38.934,-80.839,34.506293061333736,32.61142879338026
CAMELSH__03154000,64,35,CAMELSH,0,0,116,38.844,-81.223,40.55968772113989,27.930020567077428
CAMELSH__03155000,213,98,CAMELSH,2,0,116,39.059,-81.39,58.28207124614256,27.930020567077428
CAMELSH__03157000,239,110,CAMELSH,3,2,35,39.588,-82.578,43.5029423434328,9.19074139851027
CAMELSH__03157500,250,114,CAMELSH,3,2,35,39.565,-82.475,40.53457818611192,9.19074139851027
CAMELSH__03158200,124,58,CAMELSH,1,2,35,39.435,-82.192,24.0814027473521,7.835194574052776
CAMELSH__03159246,74,38,CAMELSH,0,2,35,39.43,-82.101,27.254777209648537,7.835194574052776
CAMELSH__03159500,222,102,CAMELSH,3,2,35,39.329,-82.088,20.22826933899818,11.286132795277911
CAMELSH__03159540,244,112,CAMELSH,3,0,116,39.064,-81.882,34.400745860508685,34.400745860508685
CAMELSH__03161000,291,125,CAMELSH,4,1,90,36.393,-81.407,47.544777401764286,32.29066809994216
CAMELSH__03164000,246,110,CAMELSH,3,3,19,36.647,-80.979,40.40263958339276,21.03263073233128
CAMELSH__03165000,249,111,CAMELSH,3,3,19,36.646,-80.919,38.57281234655791,21.233090609584995
CAMELSH__03165500,219,101,CAMELSH,3,3,19,36.835,-80.953,59.63080720926191,13.06791284074453
CAMELSH__03167000,250,111,CAMELSH,3,3,19,36.94,-80.887,67.03110817669418,12.53340508512944
CAMELSH__03167500,15,12,CAMELSH,0,3,19,36.889,-80.728,64.65641570693415,5.6787012912744235
CAMELSH__03168000,263,117,CAMELSH,3,3,19,36.938,-80.746,69.93141288543902,5.6787012912744235
CAMELSH__03170000,257,115,CAMELSH,3,3,19,37.038,-80.557,83.85689700334544,11.613152726366286
CAMELSH__03171000,262,117,CAMELSH,3,3,19,37.142,-80.569,94.806142583811,11.613152726366286
CAMELSH__03173000,258,115,CAMELSH,3,3,19,37.268,-80.71,80.98328598821931,13.086435254162707
CAMELSH__03175500,253,113,CAMELSH,3,3,19,37.306,-80.85,67.9531489170342,7.513260816696793
CAMELSH__03176500,264,118,CAMELSH,3,3,19,37.373,-80.861,65.70968622905121,7.513260816696793
CAMELSH__03177710,195,87,CAMELSH,2,3,19,37.272,-81.305,32.14006573020364,32.14006573020364
CAMELSH__03179000,205,88,CAMELSH,2,3,19,37.544,-81.01,53.298175387580926,20.980717512632673
CAMELSH__03180500,179,83,CAMELSH,2,3,19,38.544,-79.833,29.77208274619069,29.77208274619069
CAMELSH__03182500,213,97,CAMELSH,2,3,19,38.186,-80.131,72.5843673848044,24.193146198611927
CAMELSH__03183500,209,95,CAMELSH,2,3,19,37.724,-80.641,82.0705930615249,17.19103490717481
CAMELSH__03184000,213,98,CAMELSH,2,3,19,37.64,-80.805,72.83121141932047,17.19103490717481
CAMELSH__03185000,164,77,CAMELSH,2,3,19,37.761,-81.162,39.10847452650944,34.169106033666736
CAMELSH__03186500,201,93,CAMELSH,2,3,19,38.379,-80.484,68.98341477762645,10.033019564271857
CAMELSH__03187500,205,94,CAMELSH,2,3,19,38.295,-80.526,68.90697389666481,10.033019564271857
CAMELSH__03189100,218,98,CAMELSH,3,3,19,38.291,-80.641,59.51391618386436,10.046080806660921
CAMELSH__03189600,39,24,CAMELSH,0,3,19,38.215,-80.888,44.75506351808959,5.857152043347931
CAMELSH__03190000,85,43,CAMELSH,0,3,19,38.113,-80.876,53.40903424595656,10.575988402108926
CAMELSH__03190400,95,48,CAMELSH,0,3,19,38.19,-80.947,42.89961534945234,5.857152043347931
CAMELSH__03191500,176,81,CAMELSH,2,3,19,38.263,-81.023,32.445352989874706,10.48627231849768
CAMELSH__03192000,219,101,CAMELSH,3,3,19,38.233,-81.181,27.946984111641484,20.996127342818415
CAMELSH__03194700,217,99,CAMELSH,3,3,19,38.597,-80.49,45.39144187265264,16.516372569206318
CAMELSH__03196600,1,8,CAMELSH,0,3,19,38.592,-80.885,37.22326621053894,22.891546107871708
CAMELSH__03196800,8,11,CAMELSH,0,3,19,38.461,-81.088,17.100557825450142,17.100557825450142
CAMELSH__03197000,217,100,CAMELSH,3,0,116,38.471,-81.284,17.100557825450142,17.100557825450142
CAMELSH__03198350,176,82,CAMELSH,2,0,116,37.966,-81.524,39.10847452650944,28.93194048186004
CAMELSH__03198500,208,96,CAMELSH,2,0,116,38.18,-81.712,46.769113444245924,15.533106406808093
CAMELSH__03199000,28,18,CAMELSH,0,0,116,38.08,-81.836,59.74359706525176,15.533106406808093
CAMELSH__03200500,216,100,CAMELSH,3,0,116,38.339,-81.842,58.88364521004974,18.593377384264947
CAMELSH__03201000,71,38,CAMELSH,0,0,116,38.526,-81.631,47.80668182705483,33.943612776520055
CAMELSH__03201405,196,91,CAMELSH,2,0,116,38.445,-82.007,75.79906223711895,11.200769515223136
CAMELSH__03201902,115,56,CAMELSH,1,0,116,39.231,-82.286,20.22826933899818,20.22826933899818
CAMELSH__03201980,145,69,CAMELSH,1,0,116,39.011,-82.452,47.27553257177169,18.608137793437106
CAMELSH__03202000,242,111,CAMELSH,3,0,116,38.859,-82.362,57.362064455210415,18.608137793437106
CAMELSH__03202400,212,98,CAMELSH,2,0,116,37.604,-81.645,45.949798087148075,5.855540960179796
CAMELSH__03202750,189,85,CAMELSH,2,0,116,37.623,-81.707,50.34948851269224,5.855540960179796
CAMELSH__03203600,177,80,CAMELSH,2,0,116,37.842,-81.976,72.08226477202945,29.172032041202215
CAMELSH__03204500,23,17,CAMELSH,0,0,116,38.388,-82.113,83.12351211452335,11.200769515223136
CAMELSH__03205470,171,79,CAMELSH,2,0,116,38.596,-82.495,88.77753796799344,31.43780164948642
CAMELSH__03206600,212,97,CAMELSH,2,0,116,38.017,-82.296,100.44571820711897,22.334632868980545
CAMELSH__03207800,259,115,CAMELSH,3,0,116,37.354,-82.196,45.62366478276912,16.4440971666801
CAMELSH__03207965,211,95,CAMELSH,2,0,116,37.433,-82.354,57.05460833298409,15.570118597566653
CAMELSH__03208500,254,113,CAMELSH,3,0,116,37.207,-82.296,31.70499673903232,4.951854081952375
CAMELSH__03208950,256,113,CAMELSH,3,0,116,37.124,-82.439,32.11937377705017,15.172790216180951
CAMELSH__03209000,264,115,CAMELSH,3,0,116,37.237,-82.343,36.50056059813032,2.033696702568874
CAMELSH__03209200,20,16,CAMELSH,0,0,116,37.246,-82.323,36.63656594348587,2.033696702568874
CAMELSH__03209500,32,21,CAMELSH,0,0,116,37.464,-82.526,66.40828232828547,12.928378802033848
CAMELSH__03210000,255,112,CAMELSH,3,0,116,37.567,-82.458,74.1800238202715,12.928378802033848
CAMELSH__03212500,57,32,CAMELSH,0,0,116,37.815,-82.792,105.20113502188008,25.17635602016842
CAMELSH__03212750,209,95,CAMELSH,2,0,116,37.441,-81.6,32.14006573020364,18.643071753298305
CAMELSH__03212980,211,96,CAMELSH,2,0,116,37.395,-81.803,46.105034555512994,10.746702029156753
CAMELSH__03213000,24,17,CAMELSH,0,0,116,37.486,-81.844,53.23948665490153,10.746702029156753
CAMELSH__03213700,203,92,CAMELSH,2,0,116,37.673,-82.28,81.70129427575228,19.61386979464109
CAMELSH__03214500,189,83,CAMELSH,2,0,116,37.837,-82.409,101.69243785150809,21.474835062312525
CAMELSH__03216350,10,11,CAMELSH,0,0,116,38.254,-82.991,136.38683282368288,9.592255775580698
CAMELSH__03216500,260,116,CAMELSH,3,0,116,38.33,-82.939,133.31604453050872,9.592255775580698
CAMELSH__03217000,268,122,CAMELSH,4,0,116,38.564,-82.952,113.21882838536673,23.486418623490525
CAMELSH__03219500,263,115,CAMELSH,3,2,35,40.42,-83.197,61.74705043492497,13.170676645569692
CAMELSH__03220000,225,104,CAMELSH,3,2,35,40.248,-83.174,55.33342699559727,12.544036189249088
CAMELSH__03221000,261,119,CAMELSH,3,2,35,40.143,-83.12,57.86184087454201,12.544036189249088
CAMELSH__03223000,42,25,CAMELSH,0,2,35,40.583,-82.989,83.75531007574892,14.685932624864755
CAMELSH__03223425,133,57,CAMELSH,1,2,35,40.549,-82.821,96.06038839966382,14.685932624864755
CAMELSH__03225500,268,122,CAMELSH,4,2,35,40.355,-83.067,67.93878694177307,12.288515834799059
CAMELSH__03226800,211,95,CAMELSH,2,2,35,40.11,-83.032,65.22902270209664,9.974832508238487
CAMELSH__03227500,247,111,CAMELSH,3,2,35,39.91,-83.009,63.35356062593591,6.983391129372994
CAMELSH__03228300,257,110,CAMELSH,3,2,35,40.236,-82.851,81.79452298077955,14.740548766944064
CAMELSH__03228500,266,120,CAMELSH,4,2,35,40.104,-82.884,77.81973642865134,10.917096946894043
CAMELSH__03228750,166,75,CAMELSH,2,2,35,40.357,-82.922,79.42951492869179,12.288515834799059
CAMELSH__03228805,235,105,CAMELSH,3,2,35,40.182,-82.962,71.61823227169543,9.974832508238487
CAMELSH__03229000,47,28,CAMELSH,0,2,35,39.945,-82.941,67.21083892068262,6.983391129372994
CAMELSH__03229500,255,117,CAMELSH,3,2,35,39.857,-82.957,57.38911868879344,9.879881894802113
CAMELSH__03229610,131,64,CAMELSH,1,2,35,39.774,-83.008,48.2517758529042,8.782578091346165
CAMELSH__03229796,123,60,CAMELSH,1,2,35,39.703,-82.963,40.258411716672605,8.782578091346165
CAMELSH__03230450,231,106,CAMELSH,3,2,35,39.848,-83.157,55.392939936889974,14.388179264780577
CAMELSH__03230500,258,111,CAMELSH,3,2,35,39.701,-83.11,41.76797921915297,11.914585778696814
CAMELSH__03230800,210,96,CAMELSH,2,2,35,39.715,-83.257,38.707195923912245,11.11010763265262
CAMELSH__03230900,40,25,CAMELSH,0,2,35,39.621,-83.213,30.287040698089474,11.11010763265262
CAMELSH__03231500,258,118,CAMELSH,3,0,116,39.341,-82.971,37.42631933091933,2.41146146152939
CAMELSH__03232000,216,99,CAMELSH,3,0,116,39.379,-83.375,30.287040698089474,14.297794770022154
CAMELSH__03232470,7,3,CAMELSH,0,0,116,39.252,-83.349,42.660843579429496,4.889445641259172
CAMELSH__03232500,248,114,CAMELSH,3,0,116,39.218,-83.385,47.184399586326606,4.889445641259172
CAMELSH__03234000,156,74,CAMELSH,1,0,116,39.264,-83.167,39.892634373432095,17.415992159734834
CAMELSH__03234300,266,114,CAMELSH,3,0,116,39.32,-82.978,39.078313394119945,2.41146146152939
CAMELSH__03237255,60,33,CAMELSH,0,0,116,38.545,-83.221,100.5650561313625,11.016870833198556
CAMELSH__03237280,217,100,CAMELSH,3,0,116,38.644,-83.216,95.05786197791655,11.016870833198556
CAMELSH__03237500,239,109,CAMELSH,3,0,116,38.804,-83.421,71.16047235042137,25.15537796187441
CAMELSH__03238500,120,58,CAMELSH,1,0,116,38.858,-83.929,30.93442240780711,30.29096701790766
CAMELSH__03240000,249,114,CAMELSH,3,1,77,39.748,-83.931,57.75316541773682,4.957234592677523
CAMELSH__03241500,239,109,CAMELSH,3,1,77,39.723,-83.883,53.548915548920775,4.957234592677523
CAMELSH__03244936,146,70,CAMELSH,1,1,77,39.265,-84.233,52.31675599209732,14.239470103640151
CAMELSH__03245500,264,120,CAMELSH,3,1,77,39.171,-84.298,47.19825873638611,6.407733196228842
CAMELSH__03247050,14,13,CAMELSH,0,1,77,39.06,-84.175,30.93442240780711,10.142186091116612
CAMELSH__03247500,260,118,CAMELSH,3,1,77,39.137,-84.238,40.932873303828906,6.407733196228842
CAMELSH__03248300,149,71,CAMELSH,1,0,116,37.731,-83.058,99.06462690643686,25.17635602016842
CAMELSH__03249500,70,37,CAMELSH,0,0,116,38.115,-83.543,118.57002383614152,3.0376469815615783
CAMELSH__03249505,8,10,CAMELSH,0,0,116,38.14,-83.557,115.53863850733023,3.0376469815615783
CAMELSH__03250000,8,9,CAMELSH,0,0,116,38.185,-83.43,116.85451323030122,4.638663792833586
CAMELSH__03250100,139,63,CAMELSH,1,0,116,38.199,-83.48,113.18311429294081,4.638663792833586
CAMELSH__03250310,70,37,CAMELSH,0,0,116,38.251,-83.566,104.34821022116729,9.479924987941379
CAMELSH__03250322,193,88,CAMELSH,2,0,116,38.247,-83.589,103.73853313701059,10.915651804352793
CAMELSH__03250500,174,81,CAMELSH,2,0,116,38.422,-83.999,72.5659480255268,19.323310051216467
CAMELSH__03251000,13,12,CAMELSH,0,0,116,38.549,-83.794,65.71555411251721,22.75522196943461
CAMELSH__03251200,250,111,CAMELSH,3,0,116,38.595,-84.02,53.420513076604564,19.323310051216467
CAMELSH__03252300,204,94,CAMELSH,2,0,116,38.243,-84.053,91.46188383235207,20.453603263118215
CAMELSH__03252500,3,8,CAMELSH,0,0,116,38.391,-84.303,75.21353219489453,26.712338991530427
CAMELSH__03259000,181,85,CAMELSH,2,1,77,39.202,-84.471,60.45609040573089,15.303521179628726
CAMELSH__03260706,182,84,CAMELSH,2,1,77,40.311,-83.912,15.227825236532617,15.227825236532617
CAMELSH__03261500,239,109,CAMELSH,3,1,77,40.287,-84.15,34.1596408274116,11.587608973468353
CAMELSH__03261950,245,112,CAMELSH,3,1,77,40.307,-84.384,54.12906305469004,16.17190517509109
CAMELSH__03262000,243,111,CAMELSH,3,1,77,40.21,-84.242,42.02680272157371,11.587608973468353
CAMELSH__03262700,222,102,CAMELSH,3,1,77,40.04,-84.198,44.785113290534625,13.596936377105525
CAMELSH__03263000,251,114,CAMELSH,3,1,77,39.873,-84.164,54.93016083946753,10.416863453307695
CAMELSH__03264000,232,107,CAMELSH,3,1,77,40.102,-84.43,60.131491794259524,7.973472097380199
CAMELSH__03265000,237,107,CAMELSH,3,1,77,40.058,-84.356,55.83697489391185,7.973472097380199
CAMELSH__03266000,241,110,CAMELSH,3,1,77,39.87,-84.286,62.32993697585529,10.416863453307695
CAMELSH__03266560,220,101,CAMELSH,3,2,35,40.252,-83.75,15.227825236532617,15.227825236532617
CAMELSH__03267000,227,104,CAMELSH,3,1,77,40.108,-83.799,16.544344036535463,21.44126217926786
CAMELSH__03267900,213,98,CAMELSH,2,1,77,39.964,-83.832,32.774653789570586,5.59275764704631
CAMELSH__03269500,260,118,CAMELSH,3,1,77,39.923,-83.87,37.980764088012734,5.59275764704631
CAMELSH__03270000,262,119,CAMELSH,3,1,77,39.797,-84.089,58.24893227646737,9.891093691647294
CAMELSH__03270500,266,120,CAMELSH,4,1,77,39.765,-84.197,66.1950877786721,9.891093691647294
CAMELSH__03271000,203,94,CAMELSH,2,1,77,39.767,-84.237,68.03456124347427,12.19370352388829
CAMELSH__03271300,142,61,CAMELSH,1,1,77,39.654,-84.196,76.59464851903088,8.10987706408802
CAMELSH__03271500,84,42,CAMELSH,0,1,77,39.645,-84.29,81.69759103975076,4.233211745973321
CAMELSH__03271601,184,86,CAMELSH,2,1,77,39.607,-84.287,82.261827142258,4.233211745973321
CAMELSH__03271800,46,27,CAMELSH,0,1,77,39.708,-84.525,89.55115161380417,12.954992695469972
CAMELSH__03272000,245,112,CAMELSH,3,1,77,39.638,-84.404,88.14509087537674,9.792324899303814
CAMELSH__03272700,234,107,CAMELSH,3,1,77,39.629,-84.644,102.99428905984178,20.576913745039526
CAMELSH__03274000,270,116,CAMELSH,4,1,77,39.391,-84.572,81.17293435337773,22.7420796254753
CAMELSH__03274650,233,107,CAMELSH,3,1,77,40.004,-85.116,80.52478336335845,15.000442185562521
CAMELSH__03274750,81,42,CAMELSH,0,1,77,39.874,-85.163,94.98606019306663,15.000442185562521
CAMELSH__03274950,7,8,CAMELSH,0,1,77,39.638,-85.172,121.2389312147692,6.669225478423729
CAMELSH__03275000,273,117,CAMELSH,4,1,77,39.579,-85.158,127.77543469412554,6.669225478423729
CAMELSH__03275500,41,24,CAMELSH,0,1,77,39.807,-84.907,104.25308427420103,9.392835520745217
CAMELSH__03275600,269,122,CAMELSH,4,1,77,39.733,-84.96,111.65454355170668,9.392835520745217
CAMELSH__03276500,282,121,CAMELSH,4,1,77,39.407,-85.013,111.66091791194432,22.816610921569026
CAMELSH__03276700,15,14,CAMELSH,0,1,77,39.03,-85.038,95.47548598856311,25.38264291323799
CAMELSH__03277300,194,90,CAMELSH,2,0,116,37.118,-82.825,28.041370316275597,21.879131834886117
CAMELSH__03277500,130,63,CAMELSH,1,0,116,37.247,-83.182,47.08241913482696,14.41039832641212
CAMELSH__03280000,50,29,CAMELSH,0,0,116,37.546,-83.372,77.73817220516159,19.596457099462267
CAMELSH__03280600,3,7,CAMELSH,0,0,116,37.137,-83.371,32.274035548332954,6.392924713498192
CAMELSH__03280700,258,117,CAMELSH,3,0,116,37.165,-83.308,35.615943657859944,6.392924713498192
CAMELSH__03281000,258,116,CAMELSH,3,0,116,37.555,-83.594,81.49914010596589,10.981093346372198
CAMELSH__03281100,237,109,CAMELSH,3,0,116,37.152,-83.76,49.3695158193667,34.161539516846624
CAMELSH__03281500,247,112,CAMELSH,3,0,116,37.48,-83.675,75.85033374670246,10.981093346372198
CAMELSH__03282000,257,116,CAMELSH,3,0,116,37.555,-83.768,86.77145106535498,7.054917523244928
CAMELSH__03282040,227,104,CAMELSH,3,0,116,37.501,-83.81,83.10467294308283,7.054917523244928
CAMELSH__03282060,148,70,CAMELSH,1,0,116,37.602,-83.833,93.97670667378425,7.753931915721811
CAMELSH__03282120,150,71,CAMELSH,1,0,116,37.678,-83.948,105.50786291272478,20.829830066736857
CAMELSH__03282290,163,77,CAMELSH,2,0,116,37.784,-84.103,104.94719409029717,17.36246461824811
CAMELSH__03282500,223,102,CAMELSH,3,0,116,37.812,-83.464,107.72713777324554,30.665966643180603
CAMELSH__03283500,260,117,CAMELSH,3,0,116,37.865,-83.934,119.63942680514718,17.36246461824811
CAMELSH__03285000,262,117,CAMELSH,3,0,116,37.642,-84.661,59.7414632056806,51.56129704845408
CAMELSH__03288100,224,103,CAMELSH,3,0,116,38.22,-84.563,77.29111432744702,29.60117766328
CAMELSH__03288200,59,32,CAMELSH,0,0,116,38.139,-84.517,76.28001902177571,33.67859743600855
CAMELSH__03291780,250,114,CAMELSH,3,1,77,38.878,-85.257,94.84490772845322,22.52626675588432
CAMELSH__03292460,36,22,CAMELSH,0,1,77,38.447,-85.409,54.60545847728123,18.709855868844723
CAMELSH__03294000,267,121,CAMELSH,4,1,77,38.371,-85.726,42.90225835396245,24.532911751207802
CAMELSH__03297800,161,73,CAMELSH,1,4,46,37.991,-85.641,19.954804255318212,19.954804255318212
CAMELSH__03297900,232,105,CAMELSH,3,1,77,38.285,-85.467,36.05962382612608,18.709855868844723
CAMELSH__03299000,22,16,CAMELSH,0,4,46,37.497,-85.324,60.61675567744794,37.44269699573429
CAMELSH__03300400,280,127,CAMELSH,4,4,46,37.833,-85.296,52.442529208890186,37.44269699573429
CAMELSH__03302050,190,89,CAMELSH,2,1,77,38.048,-85.857,19.954804255318212,19.954804255318212
CAMELSH__03302110,72,38,CAMELSH,0,4,46,37.923,-86.031,20.633362779285374,20.633362779285374
CAMELSH__03302680,256,117,CAMELSH,3,1,77,38.605,-86.094,76.03414006270766,31.08365933774083
CAMELSH__03310400,148,70,CAMELSH,1,4,46,37.359,-85.998,77.61100000433076,28.75895319470451
CAMELSH__03311500,19,12,CAMELSH,0,4,46,37.207,-86.261,100.0540820047833,6.561070248610656
CAMELSH__03311600,20,15,CAMELSH,0,4,46,37.155,-86.226,104.4825310864499,6.561070248610656
CAMELSH__03312259,105,52,CAMELSH,1,4,46,36.552,-85.857,154.99351496720044,45.129581190329866
CAMELSH__03313000,24,13,CAMELSH,0,4,46,36.895,-86.134,130.5172344888472,30.04216970394605
CAMELSH__03318800,134,63,CAMELSH,1,4,46,37.464,-86.656,95.6600267120452,11.006200436103411
CAMELSH__03319000,36,17,CAMELSH,0,4,46,37.548,-86.722,94.16602903484275,11.006200436103411
CAMELSH__03322900,254,115,CAMELSH,3,1,77,40.656,-85.033,11.873502861137256,11.873502861137256
CAMELSH__03322985,35,22,CAMELSH,0,3,109,40.728,-85.137,11.873502861137256,3.3346437355177856
CAMELSH__03323000,59,32,CAMELSH,0,3,109,40.742,-85.172,15.124721733363927,3.3346437355177856
CAMELSH__03324000,259,117,CAMELSH,3,3,109,40.904,-85.406,41.79483040703975,21.619034976706523
CAMELSH__03324200,93,47,CAMELSH,0,1,77,40.428,-85.039,34.36988973045086,16.931901237673035
CAMELSH__03324300,257,111,CAMELSH,3,3,109,40.713,-85.454,23.111546568015186,21.619034976706523
CAMELSH__03325000,249,113,CAMELSH,3,3,109,40.791,-85.82,26.98021314267449,22.80937369708874
CAMELSH__03325500,177,83,CAMELSH,2,1,77,40.28,-84.992,51.301652684712145,16.931901237673035
CAMELSH__03326070,92,46,CAMELSH,0,1,77,40.422,-85.351,33.50694808266381,22.489345396367547
CAMELSH__03326500,264,116,CAMELSH,3,1,77,40.576,-85.66,23.111546568015186,23.111546568015186
CAMELSH__03327500,254,113,CAMELSH,3,3,109,40.743,-86.096,8.339619498485433,8.339619498485433
CAMELSH__03327520,94,47,CAMELSH,0,1,77,40.668,-86.096,8.339619498485433,8.339619498485433
CAMELSH__03328000,252,115,CAMELSH,3,3,109,40.994,-85.781,44.904357094576646,22.80937369708874
CAMELSH__03328430,76,39,CAMELSH,0,3,109,40.909,-86.127,26.924762836645645,18.227033905381628
CAMELSH__03328500,263,119,CAMELSH,3,3,109,40.782,-86.264,19.002963507015306,10.402119251762352
CAMELSH__03329000,275,118,CAMELSH,4,3,109,40.746,-86.378,25.303175977111067,10.402119251762352
CAMELSH__03329400,30,18,CAMELSH,0,0,6,40.713,-86.697,15.10520254889166,15.10520254889166
CAMELSH__03329700,258,117,CAMELSH,3,1,77,40.59,-86.621,12.589003974963902,12.589003974963902
CAMELSH__03330241,257,118,CAMELSH,3,3,109,41.316,-85.692,79.63364258085417,8.119822863103888
CAMELSH__03330500,283,129,CAMELSH,4,3,109,41.321,-85.789,77.0460466067383,8.119822863103888
CAMELSH__03331110,100,50,CAMELSH,0,3,109,41.205,-85.87,62.65679098264307,19.33161912774745
CAMELSH__03331500,263,119,CAMELSH,3,3,109,41.157,-86.564,34.5844877812449,12.253938708126833
CAMELSH__03331753,155,73,CAMELSH,1,3,109,41.05,-86.599,36.239781478028135,12.253938708126833
CAMELSH__03333050,276,122,CAMELSH,4,0,6,40.594,-86.77,12.589003974963902,12.589003974963902
CAMELSH__03333450,255,115,CAMELSH,3,1,77,40.441,-85.919,36.75646305008496,14.386690466575642
CAMELSH__03333600,129,60,CAMELSH,1,1,77,40.441,-86.089,33.58606906607264,6.76473166428308
CAMELSH__03333700,281,127,CAMELSH,4,1,77,40.473,-86.157,30.461038637243885,6.76473166428308
CAMELSH__03334000,261,118,CAMELSH,3,1,77,40.464,-86.638,18.259727253153645,12.132509679977018
CAMELSH__03334500,271,123,CAMELSH,4,1,77,40.418,-86.768,19.57103756616091,5.761858254297541
CAMELSH__03335000,262,118,CAMELSH,3,1,77,40.441,-86.829,17.72878189674348,5.761858254297541
CAMELSH__03335690,97,47,CAMELSH,0,0,6,40.523,-87.342,44.33513303232162,38.37694891166136
CAMELSH__03336645,245,111,CAMELSH,3,0,6,40.137,-87.746,52.60816910726616,13.287049802841132
CAMELSH__03336900,156,71,CAMELSH,1,0,6,40.149,-88.033,77.03837245055978,16.368113214708863
CAMELSH__03337000,256,111,CAMELSH,3,0,6,40.111,-88.226,93.3016121632561,0.5952913905800452
CAMELSH__03337100,160,76,CAMELSH,1,0,6,40.111,-88.219,92.70632710875621,0.5952913905800452
CAMELSH__03338780,150,70,CAMELSH,1,0,6,40.265,-87.643,47.276949091791906,18.649964229307926
CAMELSH__03339000,246,112,CAMELSH,3,0,6,40.101,-87.597,39.80514924058337,13.287049802841132
CAMELSH__03339108,12,11,CAMELSH,0,1,77,40.102,-87.129,39.80514924058337,35.428234351757354
CAMELSH__03339280,234,106,CAMELSH,3,1,77,40.104,-86.523,58.36775048481882,28.463338716864634
CAMELSH__03339500,266,120,CAMELSH,4,1,77,40.049,-86.899,59.671109426853825,26.65774514794321
CAMELSH__03340800,261,113,CAMELSH,3,1,77,39.813,-86.954,63.47552701551312,17.170891111023494
CAMELSH__03341300,253,115,CAMELSH,3,1,77,39.653,-87.294,56.12567108618729,30.19403647634459
CAMELSH__03343400,249,114,CAMELSH,3,0,6,39.791,-88.186,77.8168147825511,19.700887410690523
CAMELSH__03345500,232,99,CAMELSH,3,0,94,38.936,-88.023,99.66889017464034,10.583739176075458
CAMELSH__03346000,241,107,CAMELSH,3,0,94,39.01,-87.946,89.85530223097358,10.583739176075458
CAMELSH__03347000,269,122,CAMELSH,4,1,77,40.204,-85.387,56.88137032794932,7.751555066783503
CAMELSH__03347500,106,52,CAMELSH,1,1,77,40.135,-85.374,64.6264371369993,7.751555066783503
CAMELSH__03348000,182,84,CAMELSH,2,1,77,40.106,-85.672,69.9734650607845,3.363020564864857
CAMELSH__03348020,14,13,CAMELSH,0,1,77,40.263,-85.515,50.30292825336582,12.692655638860364
CAMELSH__03348130,179,83,CAMELSH,2,1,77,40.111,-85.711,70.38680094887152,3.363020564864857
CAMELSH__03348350,169,79,CAMELSH,2,1,77,40.227,-85.766,60.141056827057824,13.719106125612118
CAMELSH__03349000,260,118,CAMELSH,3,1,77,40.047,-86.017,77.68028594519022,5.243475143534267
CAMELSH__03349210,103,50,CAMELSH,1,1,77,40.277,-86.042,52.01754634888694,11.970344601045332
CAMELSH__03349510,139,61,CAMELSH,1,1,77,40.174,-86.001,63.77838272393728,11.970344601045332
CAMELSH__03350500,62,34,CAMELSH,0,1,77,40.056,-86.042,76.52764677225561,6.455568972492935
CAMELSH__03350700,269,122,CAMELSH,4,1,77,40.029,-85.996,79.84365464275749,3.9116671039639566
CAMELSH__03350800,126,60,CAMELSH,1,1,77,40.0,-86.022,82.85531625935756,3.9116671039639566
CAMELSH__03351000,279,126,CAMELSH,4,1,77,39.911,-86.106,92.51806246143205,5.90304598614626
CAMELSH__03351072,115,56,CAMELSH,1,1,77,39.927,-86.172,89.86373338775095,5.90304598614626
CAMELSH__03351310,262,119,CAMELSH,3,1,77,39.83,-86.206,97.52202546099996,5.066592331918806
CAMELSH__03351400,3,5,CAMELSH,0,1,77,40.041,-85.525,74.96462862698317,16.56082841518603
CAMELSH__03351500,276,125,CAMELSH,4,1,77,39.955,-85.867,89.74479083102815,13.72868867685374
CAMELSH__03352500,270,123,CAMELSH,4,1,77,39.852,-86.087,99.07761953509065,8.676140489249066
CAMELSH__03352988,118,57,CAMELSH,1,1,77,39.772,-86.139,105.96053239514781,4.660827142699387
CAMELSH__03353000,229,105,CAMELSH,3,1,77,39.737,-86.169,108.11494224629561,4.199883181501502
CAMELSH__03353120,265,120,CAMELSH,3,1,77,39.776,-86.064,107.55977230266866,7.145432899585554
CAMELSH__03353180,26,18,CAMELSH,0,1,77,39.729,-86.121,110.87257026561873,2.9419290294727514
CAMELSH__03353200,265,120,CAMELSH,4,1,77,39.946,-86.26,84.04772682046801,13.696062270968115
CAMELSH__03353460,133,64,CAMELSH,1,1,77,39.814,-86.305,95.2987224080941,6.172813552019408
CAMELSH__03353500,270,123,CAMELSH,4,1,77,39.778,-86.25,100.91571822817993,2.111044272819581
CAMELSH__03353600,257,117,CAMELSH,3,1,77,39.788,-86.229,100.71691716423237,2.111044272819581
CAMELSH__03353611,240,110,CAMELSH,3,1,77,39.714,-86.201,109.14794885652528,7.04249646413975
CAMELSH__03353620,257,114,CAMELSH,3,1,77,39.706,-86.104,113.81449928497432,2.9419290294727514
CAMELSH__03353700,25,18,CAMELSH,0,1,77,39.76,-86.513,95.2721824514287,18.759552179600963
CAMELSH__03353800,243,111,CAMELSH,3,1,77,39.608,-86.382,114.49678921322305,12.339437317188251
CAMELSH__03354000,290,128,CAMELSH,4,1,77,39.498,-86.401,122.20830494978232,12.339437317188251
CAMELSH__03357000,25,18,CAMELSH,0,1,77,39.281,-86.762,106.45713374200643,16.901847526574397
CAMELSH__03357330,150,70,CAMELSH,1,1,77,39.816,-86.753,78.60649053089195,17.170891111023494
CAMELSH__03357350,261,117,CAMELSH,3,1,77,39.762,-86.729,83.05656173456867,20.044017287499532
CAMELSH__03357500,99,49,CAMELSH,0,1,77,39.536,-86.976,82.21841986388993,17.445947781793897
CAMELSH__03358000,7,10,CAMELSH,0,1,77,39.433,-86.763,102.94748431059797,16.901847526574397
CAMELSH__03360000,266,114,CAMELSH,3,1,77,39.383,-87.021,89.85530223097358,17.445947781793897
CAMELSH__03361000,121,59,CAMELSH,1,1,77,39.744,-85.576,108.24448544396705,26.71942286081619
CAMELSH__03361500,278,126,CAMELSH,4,1,77,39.529,-85.782,134.5760905101562,17.712018066200287
CAMELSH__03361650,262,119,CAMELSH,3,1,77,39.714,-85.886,115.80002351132627,8.779754800690675
CAMELSH__03361850,266,121,CAMELSH,4,1,77,39.657,-85.957,121.33330883809634,8.779754800690675
CAMELSH__03362000,255,116,CAMELSH,3,1,77,39.419,-86.005,145.99788729569747,6.4858452261609845
CAMELSH__03362500,275,125,CAMELSH,4,1,77,39.361,-85.997,152.10231160483704,2.6227739920936948
CAMELSH__03363000,126,61,CAMELSH,1,1,77,39.339,-85.986,152.85399316965317,2.6227739920936948
CAMELSH__03363500,271,123,CAMELSH,4,1,77,39.418,-85.634,144.80974201831896,16.94192555436087
CAMELSH__03363900,271,123,CAMELSH,4,1,77,39.235,-85.927,140.54049177818013,3.892775796138984
CAMELSH__03364000,280,127,CAMELSH,4,1,77,39.2,-85.926,136.69705511405812,3.892775796138984
CAMELSH__03364200,120,58,CAMELSH,1,1,77,39.268,-85.856,143.2186947413329,7.130254608038771
CAMELSH__03364500,262,119,CAMELSH,3,1,77,39.275,-85.702,142.87255746900723,16.94192555436087
CAMELSH__03365500,278,124,CAMELSH,4,1,77,38.983,-85.899,112.56774661070595,24.241550618847942
CAMELSH__03366200,106,53,CAMELSH,1,1,77,38.782,-85.486,88.98661167716983,16.476000944154038
CAMELSH__03366500,272,123,CAMELSH,4,1,77,38.804,-85.674,90.44720354468704,16.476000944154038
CAMELSH__03369000,90,46,CAMELSH,0,1,77,39.049,-85.544,117.9464827902135,10.440614293346634
CAMELSH__03369500,247,113,CAMELSH,3,1,77,38.976,-85.62,109.54225323393244,10.440614293346634
CAMELSH__03371500,268,121,CAMELSH,4,1,77,38.77,-86.41,99.81289025630431,12.68384809184869
CAMELSH__03371520,101,49,CAMELSH,0,1,77,38.847,-86.302,105.4241394850739,12.68384809184869
CAMELSH__03373508,115,55,CAMELSH,1,1,77,38.673,-86.745,104.10083972051147,30.999430014599135
CAMELSH__03374455,85,43,CAMELSH,0,1,77,38.445,-86.387,65.85755872549994,31.08365933774083
CAMELSH__03384450,258,115,CAMELSH,3,0,94,37.472,-88.547,100.77755734770538,97.1289131115208
CAMELSH__03400500,109,54,CAMELSH,1,0,116,36.974,-82.993,22.62460839401333,21.879131834886117
CAMELSH__03400800,64,34,CAMELSH,0,1,90,36.752,-83.257,34.0730932912472,13.758183790595709
CAMELSH__03401000,246,111,CAMELSH,3,1,90,36.847,-83.356,32.274035548332954,13.758183790595709
CAMELSH__03403500,96,42,CAMELSH,0,0,116,36.862,-83.887,27.465024072925456,20.89697092209791
CAMELSH__03403910,156,74,CAMELSH,1,4,46,36.634,-84.112,32.32067628947038,12.900838284303607
CAMELSH__03404000,268,116,CAMELSH,3,4,46,36.744,-84.158,23.71138126083905,12.900838284303607
CAMELSH__03404900,220,97,CAMELSH,3,0,116,36.951,-84.094,23.71138126083905,20.89697092209791
CAMELSH__03406500,218,101,CAMELSH,3,0,116,37.171,-84.296,49.037976375128515,30.326606625605926
CAMELSH__03407908,8,11,CAMELSH,0,4,46,36.336,-84.451,47.94019463118908,10.84604843222848
CAMELSH__03408500,231,106,CAMELSH,3,4,46,36.386,-84.555,57.709989521845394,6.717312867451216
CAMELSH__03409500,219,101,CAMELSH,3,4,46,36.388,-84.63,62.05617139549903,6.717312867451216
CAMELSH__03410210,189,88,CAMELSH,2,4,46,36.477,-84.669,71.9257201853636,10.493385230943598
CAMELSH__03410500,182,79,CAMELSH,2,4,46,36.627,-84.533,53.162044122573306,20.634308070230833
CAMELSH__03413200,226,103,CAMELSH,3,4,46,36.798,-84.896,67.53060986185122,30.81415570724935
CAMELSH__03414500,179,84,CAMELSH,2,4,46,36.416,-85.026,91.06253939513394,13.41234733634313
CAMELSH__03415000,148,71,CAMELSH,1,4,46,36.397,-85.174,101.4017666965511,13.41234733634313
CAMELSH__03416000,173,82,CAMELSH,2,4,46,36.56,-85.073,96.92091142880406,20.249811169600207
CAMELSH__03418000,34,22,CAMELSH,0,4,46,36.341,-85.426,119.51083664725122,36.7681800060335
CAMELSH__03422500,42,25,CAMELSH,0,4,46,35.808,-85.634,72.90056644648692,39.577508282113094
CAMELSH__03424730,260,118,CAMELSH,3,4,46,36.087,-85.907,112.1906674337331,39.577508282113094
CAMELSH__03426470,217,100,CAMELSH,3,4,46,36.284,-86.706,124.4973181159432,52.66185884554646
CAMELSH__03427500,241,109,CAMELSH,3,4,46,35.918,-86.334,104.7891872346628,34.217856548957116
CAMELSH__03431599,241,111,CAMELSH,3,4,46,36.218,-86.82,114.791191084954,44.035981806436695
CAMELSH__03432100,23,17,CAMELSH,0,4,46,35.833,-86.699,78.10596040873577,34.217856548957116
CAMELSH__03433637,26,11,CAMELSH,0,4,46,35.912,-87.131,77.99806469553542,5.069370138924318
CAMELSH__03436690,218,99,CAMELSH,3,4,46,36.311,-87.554,94.04323421076629,49.15699271884706
CAMELSH__03439000,305,138,CAMELSH,4,1,90,35.143,-82.825,57.08609114955795,8.470203679074526
CAMELSH__03440000,130,63,CAMELSH,1,1,90,35.211,-82.783,64.94120711938633,8.470203679074526
CAMELSH__03441000,283,128,CAMELSH,4,1,90,35.273,-82.706,74.75606036470727,7.984597010685019
CAMELSH__03441440,28,18,CAMELSH,0,1,90,35.192,-82.613,75.83364421034851,10.516021386046887
CAMELSH__03443000,304,134,CAMELSH,4,1,90,35.299,-82.624,82.23095309717631,7.984597010685019
CAMELSH__03446000,304,137,CAMELSH,4,1,90,35.398,-82.595,91.6517090777018,10.77265991661392
CAMELSH__03447687,178,83,CAMELSH,2,1,90,35.428,-82.548,97.02559565134763,9.296017571790285
CAMELSH__03447894,48,28,CAMELSH,0,1,90,35.494,-82.611,98.53669588547535,9.296017571790285
CAMELSH__0344894205,266,121,CAMELSH,4,1,90,35.683,-82.333,130.93295335656578,21.336959299608495
CAMELSH__03450000,266,119,CAMELSH,4,1,90,35.653,-82.405,124.09604617710323,15.79586266105432
CAMELSH__03451000,305,138,CAMELSH,4,1,90,35.568,-82.545,108.68016694354331,5.448756190318728
CAMELSH__03451500,292,132,CAMELSH,4,1,90,35.609,-82.578,108.49001481893988,5.448756190318728
CAMELSH__03453000,235,108,CAMELSH,3,1,90,35.77,-82.621,115.18820552635655,18.31873459338527
CAMELSH__03453500,307,138,CAMELSH,4,1,90,35.786,-82.661,113.49907497540549,21.060339873661473
CAMELSH__03455000,278,126,CAMELSH,4,1,90,35.982,-83.161,91.33870209916721,16.061454847911406
CAMELSH__03455500,291,132,CAMELSH,4,1,90,35.396,-82.938,68.63651422579599,3.813540149758685
CAMELSH__0345577330,257,118,CAMELSH,3,1,90,35.427,-82.92,71.63459807739328,3.813540149758685
CAMELSH__03456100,307,138,CAMELSH,4,1,90,35.464,-82.9,75.19143152157585,2.72610202919461
CAMELSH__03456500,301,136,CAMELSH,4,1,90,35.462,-82.87,77.45982674480844,2.72610202919461
CAMELSH__03456991,304,136,CAMELSH,4,1,90,35.523,-82.847,82.66968428187532,7.095315213957718
CAMELSH__03459500,306,138,CAMELSH,4,1,90,35.635,-82.99,80.18700102254333,17.953964968078395
CAMELSH__03460000,296,134,CAMELSH,4,1,90,35.668,-83.074,77.75371741749618,26.100337806302203
CAMELSH__03460795,213,98,CAMELSH,2,1,90,35.784,-83.112,82.47590917230727,20.458976586181212
CAMELSH__03461500,183,84,CAMELSH,2,1,90,35.961,-83.174,88.92487437918737,18.347383190586616
CAMELSH__03463300,302,136,CAMELSH,4,1,90,35.832,-82.184,141.03592406653695,21.336959299608495
CAMELSH__03465500,260,118,CAMELSH,3,1,90,36.176,-82.457,100.81906141322096,25.704637365188898
CAMELSH__03466208,215,100,CAMELSH,3,1,90,36.206,-82.65,90.72219641167365,8.291501492710097
CAMELSH__03466228,69,37,CAMELSH,0,1,90,36.199,-82.742,89.04226242442137,8.291501492710097
CAMELSH__03466500,88,45,CAMELSH,0,1,90,36.066,-82.872,101.54230318219099,18.841875107374904
CAMELSH__03467000,39,23,CAMELSH,0,1,90,36.201,-83.048,86.09383174153956,14.12558505816089
CAMELSH__03467609,217,100,CAMELSH,3,1,90,36.126,-83.175,95.68448263473087,14.12558505816089
CAMELSH__03469175,140,67,CAMELSH,1,1,90,35.865,-83.533,58.9130667252975,4.3046883666125835
CAMELSH__03470000,88,45,CAMELSH,0,1,90,35.878,-83.578,57.81758572171841,4.3046883666125835
CAMELSH__03471500,248,110,CAMELSH,3,1,90,36.76,-81.631,59.467817936489105,17.549114580412276
CAMELSH__03473000,257,115,CAMELSH,3,1,90,36.652,-81.844,73.63862297364882,22.467046942630073
CAMELSH__03474000,216,100,CAMELSH,3,1,90,36.807,-81.622,58.86520609845828,14.895656637236183
CAMELSH__03475000,247,110,CAMELSH,3,1,90,36.713,-81.819,69.37959087720967,17.549114580412276
CAMELSH__03478400,256,114,CAMELSH,3,1,90,36.632,-82.134,61.06478097951318,25.969363619640074
CAMELSH__03479000,292,133,CAMELSH,4,1,90,36.239,-81.822,88.0017164735968,36.37064914536872
CAMELSH__03485500,49,28,CAMELSH,0,1,90,36.345,-82.21,88.99212261356311,29.044578806139718
CAMELSH__03486000,49,28,CAMELSH,0,1,90,36.356,-82.224,87.5201797202765,28.930444566554733
CAMELSH__03488000,259,115,CAMELSH,3,1,90,36.897,-81.746,55.60505445391922,14.895656637236183
CAMELSH__03490000,88,45,CAMELSH,0,1,90,36.609,-82.568,55.49294505395459,7.229872658417482
CAMELSH__03490500,16,14,CAMELSH,0,1,90,36.472,-82.847,57.31647404411288,13.918093536478597
CAMELSH__03491000,271,123,CAMELSH,4,1,90,36.426,-82.952,61.04435377786172,9.922195559219865
CAMELSH__03491544,124,60,CAMELSH,1,1,90,36.38,-83.047,66.22510792424778,9.922195559219865
CAMELSH__03495500,16,14,CAMELSH,0,1,90,36.016,-83.832,64.74869332720317,17.75843853125616
CAMELSH__03497300,263,120,CAMELSH,3,1,90,35.665,-83.711,31.483445806903823,20.681840612395277
CAMELSH__03498500,273,125,CAMELSH,4,1,90,35.786,-83.885,38.81770684676655,4.570470521667484
CAMELSH__03498850,262,120,CAMELSH,3,1,90,35.809,-83.927,41.25965440126899,4.570470521667484
CAMELSH__03500000,306,138,CAMELSH,4,1,90,35.15,-83.38,21.869646044375457,1.6191021482585342
CAMELSH__03500240,258,118,CAMELSH,3,1,90,35.159,-83.394,20.746605701217835,1.6191021482585342
CAMELSH__03503000,306,138,CAMELSH,4,1,90,35.336,-83.527,24.59172301033464,12.540041715633661
CAMELSH__03504000,305,138,CAMELSH,4,3,80,35.128,-83.619,19.908505757020333,19.908505757020333
CAMELSH__03505550,143,69,CAMELSH,1,1,90,35.305,-83.652,19.908505757020333,19.908505757020333
CAMELSH__03508050,151,72,CAMELSH,1,1,90,35.288,-83.144,46.67875346462703,22.211284752920584
CAMELSH__03509000,3,7,CAMELSH,0,1,90,35.384,-83.214,46.50395128206994,15.304807765662687
CAMELSH__03510577,153,73,CAMELSH,1,1,90,35.384,-83.292,41.132565027099886,10.240596894464359
CAMELSH__03512000,270,123,CAMELSH,4,1,90,35.461,-83.354,44.152998919949354,9.189127136837277
CAMELSH__03513000,292,132,CAMELSH,4,1,90,35.428,-83.447,36.83153363863006,9.189127136837277
CAMELSH__0351706800,193,90,CAMELSH,2,3,80,35.438,-83.919,28.368697536236084,28.368697536236084
CAMELSH__03518500,144,68,CAMELSH,1,3,80,35.362,-84.279,48.95739245759848,33.70626775449115
CAMELSH__03524000,255,113,CAMELSH,3,1,90,36.945,-82.155,31.70499673903232,31.70499673903232
CAMELSH__03526000,4,9,CAMELSH,0,1,90,36.674,-82.566,50.56983801038982,7.229872658417482
CAMELSH__03527000,166,78,CAMELSH,2,1,90,36.649,-82.75,42.11834667843293,16.646189577072352
CAMELSH__03527220,122,60,CAMELSH,1,1,90,36.573,-82.939,44.84781390552638,13.918093536478597
CAMELSH__03528000,276,126,CAMELSH,4,1,90,36.425,-83.398,65.30372411584997,24.484123029429664
CAMELSH__03529500,175,82,CAMELSH,2,1,90,36.869,-82.775,22.62460839401333,22.62460839401333
CAMELSH__03531500,252,113,CAMELSH,3,1,90,36.662,-83.095,35.86127918640582,17.081658323642294
CAMELSH__03532000,223,102,CAMELSH,3,1,90,36.542,-83.63,42.3208367382195,24.484123029429664
CAMELSH__03535000,166,79,CAMELSH,2,1,90,36.114,-83.988,48.31390450277367,17.75843853125616
CAMELSH__03535400,125,61,CAMELSH,1,1,90,35.965,-84.179,34.164198782400206,23.86268967005702
CAMELSH__03539600,196,90,CAMELSH,2,4,46,35.998,-84.822,57.97307574916547,14.957717757745636
CAMELSH__03539778,204,94,CAMELSH,2,4,46,36.103,-84.718,50.83782287696631,4.958430020803238
CAMELSH__03539800,195,90,CAMELSH,2,4,46,36.081,-84.67,46.002059916530285,4.958430020803238
CAMELSH__03540500,274,125,CAMELSH,4,4,46,35.983,-84.558,34.164198782400206,14.838372105693749
CAMELSH__03543500,138,64,CAMELSH,1,4,46,35.581,-84.748,28.40064505907019,28.40064505907019
CAMELSH__03544947,150,65,CAMELSH,1,3,80,34.835,-83.709,46.05690141045899,5.576167546781397
CAMELSH__03544970,125,60,CAMELSH,1,3,80,34.884,-83.722,42.7452445880577,5.576167546781397
CAMELSH__03548500,135,65,CAMELSH,1,3,80,35.081,-84.003,40.46858610401688,33.69318621090747
CAMELSH__03550000,307,139,CAMELSH,4,3,80,35.139,-83.981,35.126326998127226,32.94178252279409
CAMELSH__03550500,124,60,CAMELSH,1,3,80,34.841,-83.936,57.705732841827384,20.101922649746683
CAMELSH__03558000,49,28,CAMELSH,0,3,80,34.79,-84.24,78.38640943846778,23.224785989146163
CAMELSH__03559500,49,28,CAMELSH,0,3,80,34.991,-84.377,73.74240802564283,18.59618722716427
CAMELSH__03560500,36,17,CAMELSH,0,3,80,34.995,-84.382,73.13937911443975,17.962023749741533
CAMELSH__03563000,55,31,CAMELSH,0,3,80,35.097,-84.535,57.18120713900743,17.962023749741533
CAMELSH__03564500,23,17,CAMELSH,0,3,80,35.097,-84.654,54.489567458359275,24.031301464382796
CAMELSH__03565500,173,75,CAMELSH,2,3,80,35.328,-84.705,28.40064505907019,6.194386626045445
CAMELSH__03566000,139,66,CAMELSH,1,3,80,35.295,-84.76,31.820325527717138,6.194386626045445
CAMELSH__03566420,40,18,CAMELSH,0,3,80,35.062,-85.066,42.380006514413054,13.902458355134645
CAMELSH__03566525,67,36,CAMELSH,0,3,80,35.238,-85.236,18.340124944917793,18.340124944917793
CAMELSH__03567500,178,84,CAMELSH,2,3,80,35.014,-85.207,34.00606574896935,13.902458355134645
CAMELSH__03568933,273,124,CAMELSH,4,3,80,34.898,-85.463,34.498337955425626,26.658629339149204
CAMELSH__03570835,33,22,CAMELSH,0,4,46,35.36,-85.372,18.340124944917793,18.340124944917793
CAMELSH__03571000,216,100,CAMELSH,3,4,46,35.207,-85.497,23.95777585404909,20.44920827656751
CAMELSH__03572110,2,8,CAMELSH,0,3,80,34.934,-85.917,40.58950852000133,41.5883102063825
CAMELSH__03572900,49,28,CAMELSH,0,3,80,34.378,-85.99,98.03003953003247,39.834278594860734
CAMELSH__03574500,236,106,CAMELSH,3,3,22,34.624,-86.306,60.69759612466489,18.95778970087553
CAMELSH__0357479650,81,42,CAMELSH,0,3,22,34.961,-86.464,20.5476665875685,20.5476665875685
CAMELSH__03575100,166,78,CAMELSH,2,3,22,34.749,-86.447,43.75032686126924,18.95778970087553
CAMELSH__03575830,56,31,CAMELSH,0,3,22,34.697,-86.7,50.84136741709323,12.797056136166141
CAMELSH__03576250,232,107,CAMELSH,3,3,22,34.752,-86.823,49.790399203255426,12.797056136166141
CAMELSH__03576500,128,62,CAMELSH,1,3,22,34.373,-86.934,92.05908062863709,41.92121102113069
CAMELSH__03578000,166,78,CAMELSH,2,4,46,35.297,-85.87,40.58950852000133,11.866909232315313
CAMELSH__03578500,152,72,CAMELSH,1,4,46,35.356,-85.979,47.26166143876668,11.866909232315313
CAMELSH__03582000,119,59,CAMELSH,1,4,46,35.135,-86.54,20.5476665875685,20.5476665875685
CAMELSH__03584020,53,30,CAMELSH,0,3,22,35.211,-87.1,37.02146775167338,23.896954121961453
CAMELSH__03584600,218,101,CAMELSH,3,3,22,35.014,-86.995,43.53723974800846,23.896954121961453
CAMELSH__03586500,232,107,CAMELSH,3,3,22,34.67,-87.317,87.71655498262996,46.05517603652776
CAMELSH__03588500,229,101,CAMELSH,3,3,22,35.024,-87.579,79.75857990138843,46.05517603652776
CAMELSH__03591800,1,7,CAMELSH,0,3,22,34.284,-87.774,147.23014899249566,27.977946568324338
CAMELSH__03592000,49,29,CAMELSH,0,3,22,34.444,-88.116,159.07947624686437,15.614373982774373
CAMELSH__03592500,66,35,CAMELSH,0,3,22,34.656,-88.123,137.6643465028865,11.527104467905648
CAMELSH__03592718,166,78,CAMELSH,2,3,22,34.836,-88.288,112.95441776716656,20.548796845413207
CAMELSH__03593800,83,43,CAMELSH,0,3,22,35.177,-88.21,85.39883758964848,38.57722797721827
CAMELSH__03596000,117,58,CAMELSH,1,4,46,35.471,-86.122,62.54928871498885,18.20591808434935
CAMELSH__03597210,152,72,CAMELSH,1,4,46,35.512,-86.324,62.57384277364782,2.2088091501867186
CAMELSH__03597590,275,125,CAMELSH,4,4,46,35.527,-86.34,63.93578861854606,2.2088091501867186
CAMELSH__03597860,77,39,CAMELSH,0,4,46,35.483,-86.463,58.04382278711915,12.1614971482674
CAMELSH__03599450,150,70,CAMELSH,1,4,46,35.518,-86.942,37.02146775167338,41.335548812107454
CAMELSH__03601630,22,17,CAMELSH,0,4,46,35.872,-87.104,73.50073752008436,5.069370138924318
CAMELSH__03601990,179,84,CAMELSH,2,4,46,35.784,-87.46,46.49413184013358,32.89216093330595
CAMELSH__03602500,221,99,CAMELSH,3,4,46,35.871,-87.501,51.3601212892158,33.64073833111875
CAMELSH__03604000,275,125,CAMELSH,4,3,22,35.496,-87.833,46.49413184013358,46.49413184013358
CAMELSH__03606500,171,80,CAMELSH,2,4,46,36.037,-88.229,53.0741254407171,16.1258784873347
CAMELSH__04015330,140,64,CAMELSH,1,3,110,46.947,-91.792,139.55501576011198,41.80544628962557
CAMELSH__04021520,58,29,CAMELSH,0,3,110,46.782,-92.637,171.33484122920663,18.791134655831943
CAMELSH__04024000,165,77,CAMELSH,2,3,110,46.703,-92.419,165.30878700413186,18.791134655831943
CAMELSH__04024098,16,12,CAMELSH,0,3,110,46.525,-92.389,147.746533395616,19.924895778040337
CAMELSH__04024430,182,82,CAMELSH,2,3,110,46.633,-92.094,146.21307764686517,25.54564306410542
CAMELSH__04025500,238,108,CAMELSH,3,3,110,46.538,-91.595,116.32764861071465,45.62982280182653
CAMELSH__04027000,193,87,CAMELSH,2,3,110,46.487,-90.696,47.60790019664388,15.893414802880566
CAMELSH__04027500,255,116,CAMELSH,3,3,110,46.498,-90.903,63.38734070304968,15.893414802880566
CAMELSH__04031000,125,59,CAMELSH,1,0,69,46.511,-90.075,47.60790019664388,23.145976002753812
CAMELSH__04032000,44,24,CAMELSH,0,0,69,46.547,-89.777,70.63505185409966,23.145976002753812
CAMELSH__04033000,155,71,CAMELSH,1,0,69,46.357,-89.077,124.9352028974725,13.491441568442497
CAMELSH__04034500,127,62,CAMELSH,1,0,69,46.478,-89.09,122.96722155386782,13.491441568442497
CAMELSH__04035500,96,46,CAMELSH,0,0,69,46.699,-89.16,119.70841745273594,4.338898365900571
CAMELSH__04036000,269,121,CAMELSH,4,0,69,46.587,-89.542,88.96560024499962,29.593403625861594
CAMELSH__04037500,265,121,CAMELSH,4,0,69,46.253,-89.452,98.9269575504795,31.040408133725954
CAMELSH__04040000,192,87,CAMELSH,2,0,69,46.721,-89.207,116.68809630663173,4.338898365900571
CAMELSH__04040500,190,86,CAMELSH,2,0,69,46.584,-88.576,162.51543931626244,24.72802539558389
CAMELSH__04041500,272,124,CAMELSH,4,0,69,46.726,-88.662,157.63184479622836,23.029914165784614
CAMELSH__04043050,229,105,CAMELSH,3,0,69,47.229,-88.385,194.1146700120262,47.53818511885695
CAMELSH__04043140,24,15,CAMELSH,0,0,69,46.751,-88.362,180.65043541766025,6.8171812547157895
CAMELSH__04043150,123,57,CAMELSH,1,0,69,46.804,-88.317,184.9858894055794,6.8171812547157895
CAMELSH__04043238,115,50,CAMELSH,1,0,69,46.782,-87.878,200.28147983191647,2.0290109913273744
CAMELSH__04043244,123,58,CAMELSH,1,0,69,46.786,-87.852,198.3563461626989,2.0290109913273744
CAMELSH__04043275,50,25,CAMELSH,0,0,69,46.714,-87.841,196.86343818290433,8.049780466607142
CAMELSH__04044724,243,111,CAMELSH,3,0,69,46.341,-86.85,116.88686715337823,45.624978102977124
CAMELSH__04045500,256,117,CAMELSH,3,1,44,46.575,-85.27,91.34325692984548,51.336589578745105
CAMELSH__04046000,209,96,CAMELSH,2,1,44,46.118,-85.365,62.159300318088,51.336589578745105
CAMELSH__04056500,196,89,CAMELSH,2,0,69,46.031,-86.161,62.159300318088,43.22897274887076
CAMELSH__04057510,177,81,CAMELSH,2,0,69,45.943,-86.706,105.3366353030836,39.47302796299621
CAMELSH__04057800,199,92,CAMELSH,2,0,69,46.499,-87.887,198.28555859155463,10.97021979499581
CAMELSH__04058100,257,117,CAMELSH,3,0,69,46.317,-87.502,165.89419211600577,35.78940569863447
CAMELSH__04059000,190,85,CAMELSH,2,0,69,45.909,-87.214,144.6618834801325,39.47302796299621
CAMELSH__04059500,184,84,CAMELSH,2,0,69,45.756,-87.202,147.64477767963987,43.68264545504972
CAMELSH__04060500,126,60,CAMELSH,1,0,69,46.059,-88.627,165.98720797718852,23.119566849214504
CAMELSH__04060993,169,77,CAMELSH,2,0,69,45.961,-88.316,177.53212964535817,3.871308337696953
CAMELSH__04061000,15,11,CAMELSH,0,0,69,45.959,-88.266,178.15878620047556,3.871308337696953
CAMELSH__04061500,31,20,CAMELSH,0,0,69,46.106,-88.335,186.26358133652224,12.119730674706345
CAMELSH__04062000,197,89,CAMELSH,2,0,69,46.011,-88.258,183.94190614862472,5.815080008684178
CAMELSH__04062011,268,122,CAMELSH,4,0,69,45.947,-88.215,177.73762760975546,2.2100025704446793
CAMELSH__04062200,36,19,CAMELSH,0,0,69,46.557,-88.003,206.17987174414387,10.97021979499581
CAMELSH__04062500,270,123,CAMELSH,4,0,69,46.114,-88.216,194.9717068885914,11.902685708665414
CAMELSH__04063000,238,109,CAMELSH,3,0,69,45.951,-88.187,178.68964867201657,2.2100025704446793
CAMELSH__04063500,130,63,CAMELSH,1,0,69,45.871,-88.07,172.6499345669475,12.691271114126751
CAMELSH__04063700,226,102,CAMELSH,3,0,69,45.764,-88.463,153.61178108667454,20.156568258187043
CAMELSH__04064500,157,72,CAMELSH,1,0,69,45.837,-88.225,165.67965171672182,12.25590227037715
CAMELSH__04065106,201,93,CAMELSH,2,0,69,45.768,-87.981,164.19822323021322,9.782718848450322
CAMELSH__04065722,265,121,CAMELSH,4,0,69,45.737,-87.863,164.6529624181128,9.782718848450322
CAMELSH__04066003,218,98,CAMELSH,3,0,69,45.579,-87.787,149.58573007460944,22.35421350116059
CAMELSH__04066030,188,88,CAMELSH,2,0,69,45.482,-87.802,138.94379699091166,13.132851962957542
CAMELSH__04066500,123,58,CAMELSH,1,0,69,45.5,-88.0,136.27364015842429,26.42687946158892
CAMELSH__04066800,154,70,CAMELSH,1,0,69,45.387,-87.702,127.86899080200764,13.132851962957542
CAMELSH__04067958,139,64,CAMELSH,1,0,69,45.388,-88.305,115.93008599275879,26.85663400560359
CAMELSH__04069416,153,71,CAMELSH,1,0,69,45.143,-87.801,101.47311920214652,11.544367810731059
CAMELSH__04069500,233,105,CAMELSH,3,0,69,45.047,-87.745,90.36907100304079,11.544367810731059
CAMELSH__04071000,212,94,CAMELSH,2,0,69,44.865,-88.3,63.07622996166101,25.822379903075024
CAMELSH__04071765,165,76,CAMELSH,2,0,69,44.861,-87.984,74.56121108098628,5.235041529396722
CAMELSH__04071858,41,22,CAMELSH,0,0,69,44.819,-87.954,69.34796662370239,5.235041529396722
CAMELSH__04072150,184,84,CAMELSH,2,0,69,44.536,-88.13,50.988119628091994,15.865944936752252
CAMELSH__04072845,7,10,CAMELSH,0,2,66,43.821,-89.365,80.21574106975795,33.84287695402898
CAMELSH__04073462,172,81,CAMELSH,2,2,66,43.816,-88.928,102.22562559380793,0.8931700175768376
CAMELSH__04073468,130,62,CAMELSH,1,2,66,43.824,-88.927,101.33402333931623,0.8931700175768376
CAMELSH__04073473,130,63,CAMELSH,1,2,66,43.857,-88.946,97.95370412882524,3.9732602994085706
CAMELSH__04073500,224,103,CAMELSH,3,2,66,43.954,-88.953,87.45089494685911,10.800477062996157
CAMELSH__04073970,11,10,CAMELSH,0,2,66,44.019,-88.786,77.66756866212673,15.190509964410094
CAMELSH__04074538,31,21,CAMELSH,0,0,69,45.488,-88.964,119.89909629676609,2.833279353607036
CAMELSH__04074548,33,19,CAMELSH,0,0,69,45.479,-88.998,119.10576987076203,2.833279353607036
CAMELSH__04074950,205,93,CAMELSH,2,0,69,45.19,-88.733,87.13426168257244,37.73565396870757
CAMELSH__04077400,74,36,CAMELSH,0,0,69,44.836,-88.625,50.202688257623244,15.135869025641657
CAMELSH__04077630,170,78,CAMELSH,2,0,69,44.898,-88.844,54.06625626509693,18.58512913821808
CAMELSH__04078500,178,81,CAMELSH,2,0,69,44.725,-88.736,36.27319906739433,15.135869025641657
CAMELSH__04079000,216,97,CAMELSH,2,2,66,44.392,-88.74,37.02926679125031,10.176350159329711
CAMELSH__04080000,62,31,CAMELSH,0,2,66,44.412,-88.865,36.27319906739433,10.176350159329711
CAMELSH__04081000,66,33,CAMELSH,0,2,66,44.329,-88.996,48.6181906901892,13.914045734672985
CAMELSH__04083545,6,9,CAMELSH,0,2,66,43.786,-88.459,87.42793722323505,36.84578774836087
CAMELSH__040851325,57,31,CAMELSH,0,0,69,44.501,-87.936,37.734083662311214,15.865944936752252
CAMELSH__04085200,224,101,CAMELSH,3,0,69,44.458,-87.556,25.276445415163064,25.276445415163064
CAMELSH__04085281,47,26,CAMELSH,0,2,66,44.238,-87.636,25.276445415163064,15.870760427807822
CAMELSH__04085427,207,93,CAMELSH,2,2,66,44.107,-87.715,41.03045994982153,15.870760427807822
CAMELSH__04086000,217,99,CAMELSH,3,2,66,43.742,-87.754,81.1702172002821,40.70615787385961
CAMELSH__04086500,229,103,CAMELSH,3,2,66,43.323,-87.979,121.69483950873735,13.754881175042303
CAMELSH__04086600,219,99,CAMELSH,3,2,66,43.28,-87.943,116.69568029471573,11.184905595745029
CAMELSH__04087000,230,104,CAMELSH,3,2,66,43.1,-87.909,96.54790355678149,7.614676661041134
CAMELSH__04087030,221,101,CAMELSH,3,2,66,43.173,-88.104,106.64422431192696,6.551557652868604
CAMELSH__04087050,114,54,CAMELSH,1,2,66,43.207,-88.038,109.44538079704616,6.551557652868604
CAMELSH__04087070,133,64,CAMELSH,1,2,66,43.124,-88.044,100.40124522980345,7.3061512275573985
CAMELSH__04087088,259,118,CAMELSH,3,2,66,43.055,-88.046,92.86890675802292,3.7019665222585534
CAMELSH__04087119,133,64,CAMELSH,1,2,66,43.044,-88.003,91.10047361917813,0.32998585064343344
CAMELSH__04087120,244,111,CAMELSH,3,2,66,43.046,-88.0,91.28618578876709,0.32998585064343344
CAMELSH__04087142,53,24,CAMELSH,0,2,66,43.034,-87.934,89.3642047747332,4.055512934276657
CAMELSH__040871488,172,77,CAMELSH,2,2,66,42.99,-87.952,84.6287561630847,2.294089854649667
CAMELSH__04087159,256,116,CAMELSH,3,2,66,42.998,-87.926,85.32195104828341,2.294089854649667
CAMELSH__04087170,68,33,CAMELSH,0,2,66,43.024,-87.898,88.06199770401967,3.6798538549698394
CAMELSH__04087204,274,124,CAMELSH,4,2,66,42.925,-87.87,76.97410974858907,9.308867945546547
CAMELSH__04087214,130,63,CAMELSH,1,2,66,42.945,-88.014,80.3704911865631,7.105387578275853
CAMELSH__04087220,244,110,CAMELSH,3,2,66,42.874,-87.996,72.34111956226972,11.725925149305551
CAMELSH__04087240,278,126,CAMELSH,4,2,66,42.751,-87.824,57.62470138024485,19.593469050306112
CAMELSH__04087257,255,116,CAMELSH,3,2,66,42.647,-87.861,46.05341912267354,18.357476023765052
CAMELSH__04093000,283,127,CAMELSH,4,0,6,41.536,-87.257,38.650991184660754,22.43483868623699
CAMELSH__04094000,256,117,CAMELSH,3,0,6,41.622,-87.087,21.612474244086016,18.89856094777451
CAMELSH__04094500,7,10,CAMELSH,0,0,6,41.597,-87.144,27.10585076451904,24.368202151774195
CAMELSH__04095300,178,83,CAMELSH,2,3,109,41.717,-86.86,3.7122918691738196,3.7122918691738196
CAMELSH__04095380,123,58,CAMELSH,1,0,6,41.723,-86.904,3.7122918691738196,3.7122918691738196
CAMELSH__04096015,193,88,CAMELSH,2,3,109,41.874,-86.575,32.02662496423577,26.565824740420187
CAMELSH__04096100,105,49,CAMELSH,1,3,109,41.748,-86.675,19.20388592139681,15.733617277767875
CAMELSH__04096405,233,105,CAMELSH,3,3,109,42.103,-85.08,153.55592559745483,19.52924077158639
CAMELSH__04096515,239,109,CAMELSH,3,3,109,41.949,-84.828,133.88278066629925,26.95375784612768
CAMELSH__04096900,46,26,CAMELSH,0,3,109,42.056,-85.308,137.20100656912624,19.52924077158639
CAMELSH__04097500,246,113,CAMELSH,3,3,109,41.94,-85.633,108.03332947726427,18.509927509457643
CAMELSH__04097540,255,116,CAMELSH,3,3,109,41.888,-85.409,125.26383562912805,19.415944988406835
CAMELSH__04099000,271,123,CAMELSH,4,3,109,41.801,-85.756,95.6112125376342,14.760954905614117
CAMELSH__04099510,280,127,CAMELSH,4,3,109,41.634,-85.11,108.93959092443386,20.547536276622804
CAMELSH__04099750,262,119,CAMELSH,3,3,109,41.749,-85.576,110.2287983414106,16.007371649458232
CAMELSH__04099808,109,54,CAMELSH,1,3,109,41.675,-85.7,100.10206652834802,14.760954905614117
CAMELSH__04099850,106,53,CAMELSH,1,3,109,41.681,-85.882,84.97416107481574,7.818964035789901
CAMELSH__04100222,254,115,CAMELSH,3,3,109,41.482,-85.476,99.07063239661088,13.890911535402042
CAMELSH__04100252,101,50,CAMELSH,1,3,109,41.333,-85.424,82.12022290924968,7.280104457955658
CAMELSH__04100295,84,42,CAMELSH,0,3,109,41.385,-85.371,85.87743465057758,7.280104457955658
CAMELSH__04100500,257,117,CAMELSH,3,3,109,41.593,-85.849,88.8292431516647,10.162189575150965
CAMELSH__04101000,284,129,CAMELSH,4,3,109,41.692,-85.975,77.19541567587355,7.818964035789901
CAMELSH__04101370,210,96,CAMELSH,2,3,109,41.729,-86.263,53.19988316362746,11.122274905255388
CAMELSH__04101500,269,122,CAMELSH,4,3,109,41.829,-86.26,54.68828554159055,11.122274905255388
CAMELSH__04101800,272,124,CAMELSH,4,3,109,41.913,-86.213,61.03591899609326,20.875176952515808
CAMELSH__04102500,253,115,CAMELSH,3,3,109,42.186,-86.368,67.93415853616506,23.839682017201845
CAMELSH__04102700,254,115,CAMELSH,3,3,109,42.354,-86.188,91.75626372987367,8.9218944503194
CAMELSH__04102776,96,47,CAMELSH,0,3,109,42.433,-86.207,95.19178999523425,8.9218944503194
CAMELSH__04103010,152,72,CAMELSH,1,3,109,42.262,-84.856,143.30282886583151,25.558471244808953
CAMELSH__04103500,175,81,CAMELSH,2,3,109,42.265,-84.964,139.51434344410728,17.311653807297244
CAMELSH__04104945,215,99,CAMELSH,3,3,109,42.396,-85.132,121.13077284422788,9.623917645475872
CAMELSH__04105000,269,122,CAMELSH,4,3,109,42.332,-85.154,127.39892423256744,3.6450970427418183
CAMELSH__04105500,265,120,CAMELSH,4,3,109,42.324,-85.197,127.31367258349279,3.6450970427418183
CAMELSH__04105700,268,121,CAMELSH,4,3,109,42.353,-85.354,121.47837675027735,13.30108981327185
CAMELSH__04106000,275,125,CAMELSH,4,3,109,42.286,-85.514,125.6411725815158,9.461780932253342
CAMELSH__04106320,40,24,CAMELSH,0,3,109,42.235,-85.648,118.40564002200377,12.400215408492326
CAMELSH__04106400,247,113,CAMELSH,3,3,109,42.244,-85.614,121.34527580223524,9.461780932253342
CAMELSH__04108500,16,14,CAMELSH,0,3,109,42.593,-85.984,79.79939196993764,12.251258631432194
CAMELSH__04108600,250,114,CAMELSH,3,3,109,42.642,-85.722,82.68964887572399,28.582551734341994
CAMELSH__04108670,46,26,CAMELSH,0,3,109,42.645,-86.116,72.13681763044976,12.251258631432194
CAMELSH__04108800,210,96,CAMELSH,2,3,109,42.779,-86.018,59.10644038418261,1.570695881710704
CAMELSH__04108801,14,12,CAMELSH,0,3,109,42.784,-86.036,58.17381147589496,1.570695881710704
CAMELSH__04109000,275,125,CAMELSH,4,3,72,42.284,-84.409,127.08753702510494,32.9794835366117
CAMELSH__04111000,192,88,CAMELSH,2,3,72,42.535,-84.623,121.5099036839253,24.5208395869717
CAMELSH__04111379,148,71,CAMELSH,1,3,72,42.683,-84.219,112.10828145047434,11.796128331846912
CAMELSH__04111500,134,64,CAMELSH,1,3,72,42.608,-84.321,117.47360017858095,11.796128331846912
CAMELSH__04112500,272,124,CAMELSH,4,3,72,42.728,-84.478,101.57970821007797,6.788516110242991
CAMELSH__04113000,269,123,CAMELSH,4,3,72,42.751,-84.555,98.08301690161605,6.788516110242991
CAMELSH__04114000,250,114,CAMELSH,3,3,72,42.856,-84.912,79.98183946686196,31.37794898089224
CAMELSH__04114498,152,72,CAMELSH,1,3,72,42.828,-84.759,88.75118480559739,18.71941095084819
CAMELSH__04114500,32,20,CAMELSH,0,3,72,42.829,-84.779,87.80114675884009,20.231802356058267
CAMELSH__04115000,259,118,CAMELSH,3,3,72,43.11,-84.693,57.38939210115112,30.06119706466391
CAMELSH__04115265,258,118,CAMELSH,3,3,72,43.25,-84.981,40.58868844558231,29.95228422600714
CAMELSH__04116000,250,114,CAMELSH,3,3,72,42.972,-85.069,63.07859062004185,31.72683735227317
CAMELSH__04117000,152,73,CAMELSH,1,3,109,42.566,-85.094,104.48852990284453,19.15827644747313
CAMELSH__04117500,273,124,CAMELSH,4,3,109,42.616,-85.236,95.23167860197445,25.905836852150273
CAMELSH__04118000,23,16,CAMELSH,0,3,109,42.811,-85.483,69.54820123593173,38.183813706834904
CAMELSH__04118500,252,114,CAMELSH,3,3,109,43.082,-85.591,38.8091417465387,39.70660229497038
CAMELSH__04121300,256,117,CAMELSH,3,1,44,44.201,-85.053,89.56604236680948,37.25979818077401
CAMELSH__04121500,248,112,CAMELSH,3,1,44,43.899,-85.255,75.27778313870758,37.25979818077401
CAMELSH__04121900,34,21,CAMELSH,0,1,44,43.503,-85.343,40.58868844558231,21.931140508641093
CAMELSH__04121944,203,92,CAMELSH,2,1,44,43.431,-85.596,38.8091417465387,5.58929568842322
CAMELSH__04121970,227,104,CAMELSH,3,1,44,43.435,-85.665,39.70660229497038,5.58929568842322
CAMELSH__04122000,15,14,CAMELSH,0,1,44,43.422,-85.801,41.45562815227458,11.077185233452663
CAMELSH__04122100,249,113,CAMELSH,3,1,44,43.289,-86.223,56.17270689377519,19.47588960546311
CAMELSH__04122200,244,111,CAMELSH,3,1,44,43.464,-86.233,67.12507377148991,19.47588960546311
CAMELSH__04122500,236,105,CAMELSH,3,1,44,43.945,-86.279,110.84395448741179,36.80797079009477
CAMELSH__04123500,7,11,CAMELSH,0,1,44,44.693,-84.847,131.2073248346851,11.212715177129605
CAMELSH__04124000,237,105,CAMELSH,3,1,44,44.436,-85.699,143.89876444915024,12.642514977564288
CAMELSH__04124200,219,98,CAMELSH,3,1,44,44.363,-85.821,138.21524085894788,12.642514977564288
CAMELSH__04125460,213,98,CAMELSH,2,1,44,44.193,-85.77,122.53488753663574,15.546460561072447
CAMELSH__04125550,214,99,CAMELSH,2,1,44,44.259,-85.942,130.20800671223103,15.546460561072447
CAMELSH__04126000,15,13,CAMELSH,0,1,44,44.271,-86.199,109.85764094756254,20.50805466718636
CAMELSH__04126740,266,121,CAMELSH,4,1,44,44.668,-86.035,122.73953375487056,37.07218165526937
CAMELSH__04126970,207,96,CAMELSH,2,1,44,44.657,-85.437,148.46041240822296,44.67548955436995
CAMELSH__04127800,255,116,CAMELSH,3,1,44,45.103,-85.098,132.26724366721007,43.4125167896131
CAMELSH__04127918,110,52,CAMELSH,1,1,44,46.186,-84.598,121.71738079485547,67.2919302811553
CAMELSH__04127997,219,98,CAMELSH,3,1,44,45.274,-84.6,147.66554346072604,16.66698626718481
CAMELSH__04128000,21,15,CAMELSH,0,1,44,45.299,-84.611,145.36750987836598,19.403263319013114
CAMELSH__04128990,244,112,CAMELSH,3,1,44,45.157,-84.467,163.7543488791782,16.66698626718481
CAMELSH__04130500,72,38,CAMELSH,0,1,44,45.393,-84.333,158.66914190613824,24.109366182866438
CAMELSH__04133501,128,60,CAMELSH,1,1,44,45.124,-83.636,175.1014749893008,59.008382717093696
CAMELSH__04135500,15,14,CAMELSH,0,1,44,44.66,-84.713,124.39132196088138,11.212715177129605
CAMELSH__04135700,242,111,CAMELSH,3,1,44,44.615,-84.456,114.77090817292925,14.622298521270684
CAMELSH__04136000,203,92,CAMELSH,2,1,44,44.677,-84.293,120.39886053559661,12.949714330490913
CAMELSH__04136500,275,125,CAMELSH,4,1,44,44.66,-84.131,118.71873266856291,12.949714330490913
CAMELSH__04136900,193,88,CAMELSH,2,1,44,44.613,-83.838,117.57223731709945,6.412130020326346
CAMELSH__04137005,214,99,CAMELSH,2,1,44,44.561,-83.803,112.84548951986503,6.412130020326346
CAMELSH__04137500,274,125,CAMELSH,4,1,44,44.436,-83.434,96.95875461551901,32.398967119394136
CAMELSH__04142000,216,98,CAMELSH,3,1,44,44.073,-84.02,55.90359286640196,42.250604466017755
CAMELSH__04145000,27,17,CAMELSH,0,3,72,43.255,-84.106,57.869461102485175,13.642827846259378
CAMELSH__04146000,249,112,CAMELSH,3,3,72,43.045,-83.337,117.27658311550921,16.503479218260317
CAMELSH__04146063,229,104,CAMELSH,3,3,72,43.159,-83.351,108.80304552628125,14.63979296765896
CAMELSH__04147500,265,121,CAMELSH,4,3,72,43.111,-83.519,101.22893218348403,9.933272575943842
CAMELSH__04148140,235,106,CAMELSH,3,3,72,43.034,-83.581,103.48493349149025,9.933272575943842
CAMELSH__04148500,275,125,CAMELSH,4,3,72,43.039,-83.772,92.9704296518533,15.533378072565029
CAMELSH__04149000,82,40,CAMELSH,0,3,72,43.308,-83.954,60.56151578474836,13.642827846259378
CAMELSH__04150500,29,18,CAMELSH,0,3,72,43.584,-83.176,86.83448519260426,49.329357731100714
CAMELSH__04150800,21,15,CAMELSH,0,3,72,43.451,-83.441,83.33974092935522,28.327696802585375
CAMELSH__04151500,239,108,CAMELSH,3,3,72,43.328,-83.748,71.67732924677298,28.327696802585375
CAMELSH__04152238,211,95,CAMELSH,2,1,44,43.867,-84.545,36.54086986529197,5.845543836011093
CAMELSH__04152500,68,35,CAMELSH,0,1,44,43.879,-84.474,36.028421826050945,5.845543836011093
CAMELSH__04153500,12,11,CAMELSH,0,1,44,43.703,-84.471,17.50076383585913,19.17913624606456
CAMELSH__04154000,234,106,CAMELSH,3,1,44,43.626,-84.708,27.783523192861253,20.898205785973875
CAMELSH__04155000,130,61,CAMELSH,1,3,72,43.379,-84.656,27.783523192861253,27.783523192861253
CAMELSH__04155500,199,90,CAMELSH,2,3,72,43.564,-84.369,17.50076383585913,28.156993406008556
CAMELSH__04156000,237,107,CAMELSH,3,3,72,43.595,-84.236,22.399123911610694,36.91704736755937
CAMELSH__04159492,225,102,CAMELSH,3,3,72,43.153,-82.624,151.9697524510904,14.226443559951129
CAMELSH__04159900,219,99,CAMELSH,3,3,72,43.054,-82.735,153.48335934121727,14.226443559951129
CAMELSH__04160600,235,107,CAMELSH,3,3,72,42.901,-82.769,161.2214359906412,11.25869915445418
CAMELSH__04160800,130,62,CAMELSH,1,3,72,42.72,-83.354,137.0722522665778,7.291703546584169
CAMELSH__04160900,143,67,CAMELSH,1,3,72,42.66,-83.39,130.6982212884338,7.291703546584169
CAMELSH__04161000,164,77,CAMELSH,2,3,72,42.633,-83.224,126.98463305918335,9.01509032513994
CAMELSH__04161540,212,97,CAMELSH,2,3,72,42.688,-83.143,133.27218809049225,5.136351951679734
CAMELSH__04161800,179,84,CAMELSH,2,3,72,42.715,-83.092,136.54411423346545,5.136351951679734
CAMELSH__04161820,181,81,CAMELSH,2,3,72,42.614,-83.027,125.93736554219072,3.8802848635346177
CAMELSH__04163400,241,109,CAMELSH,3,3,72,42.601,-83.071,124.07964546861601,3.8802848635346177
CAMELSH__04164000,274,121,CAMELSH,4,3,72,42.577,-82.951,122.85953465945195,7.693071968213513
CAMELSH__04164100,243,110,CAMELSH,3,3,72,42.823,-83.02,149.0723303139931,11.30128773443348
CAMELSH__04164300,115,55,CAMELSH,1,3,72,42.846,-82.885,153.25219496881837,11.25869915445418
CAMELSH__04164500,246,112,CAMELSH,3,3,72,42.629,-82.889,129.5441277942655,4.017890751092878
CAMELSH__04165500,231,103,CAMELSH,3,3,72,42.596,-82.909,125.6104352927167,4.017890751092878
CAMELSH__04166000,236,108,CAMELSH,3,3,72,42.546,-83.224,117.31067669403961,9.673958617754188
CAMELSH__04166100,211,97,CAMELSH,2,3,72,42.448,-83.298,106.58453387470797,6.168936856501568
CAMELSH__04166300,208,96,CAMELSH,2,3,72,42.464,-83.37,108.85452921971495,6.168936856501568
CAMELSH__04166500,250,114,CAMELSH,3,3,72,42.372,-83.255,97.99415741232643,8.71834866914824
CAMELSH__04167000,257,117,CAMELSH,3,3,72,42.348,-83.312,95.56551534355125,5.318459825721088
CAMELSH__04168000,189,88,CAMELSH,2,3,72,42.301,-83.3,90.2815474556432,3.6520914831278937
CAMELSH__04168580,159,74,CAMELSH,1,3,72,42.269,-83.29,86.67685485452257,3.6520914831278937
CAMELSH__04170000,209,97,CAMELSH,2,3,72,42.579,-83.627,125.4525462302538,21.38196691402086
CAMELSH__04170500,188,86,CAMELSH,2,3,72,42.513,-83.676,119.59517354910422,25.67152353503501
CAMELSH__04172000,251,114,CAMELSH,3,3,72,42.465,-83.8,118.2739220567667,20.068331645632767
CAMELSH__04173500,212,97,CAMELSH,2,3,72,42.3,-83.899,104.58651932679136,17.7890755833462
CAMELSH__04174500,272,124,CAMELSH,4,3,72,42.286,-83.733,97.89168474758632,4.3772495787777395
CAMELSH__04174518,190,87,CAMELSH,2,3,72,42.265,-83.688,94.21509652509741,4.3772495787777395
CAMELSH__04175600,243,111,CAMELSH,3,3,72,42.168,-84.076,99.51645717185824,20.68301899450542
CAMELSH__04176000,247,112,CAMELSH,3,3,72,41.904,-83.98,72.12914218612133,30.40726397210145
CAMELSH__04176500,246,112,CAMELSH,3,3,72,41.961,-83.531,58.10462894096753,12.241153004568597
CAMELSH__04176605,129,62,CAMELSH,1,3,72,41.867,-83.454,45.93157170464416,12.241153004568597
CAMELSH__04177000,229,104,CAMELSH,3,3,72,41.66,-83.613,31.466881983243393,26.527500020769207
CAMELSH__04177720,277,126,CAMELSH,4,3,109,41.532,-84.904,95.52788456980156,20.547536276622804
CAMELSH__04178000,261,118,CAMELSH,3,3,109,41.385,-84.802,77.81795327280841,9.608726382238695
CAMELSH__04179520,153,72,CAMELSH,1,3,109,41.36,-85.049,78.29273972157155,15.83994182913867
CAMELSH__04180000,270,122,CAMELSH,4,3,109,41.219,-85.076,62.70685397371684,4.960920351613762
CAMELSH__04180500,253,115,CAMELSH,3,3,109,41.177,-85.056,57.96478237317973,4.960920351613762
CAMELSH__04180988,121,59,CAMELSH,1,1,77,40.695,-84.647,29.831809967882393,27.000726108981418
CAMELSH__04181500,257,117,CAMELSH,3,3,109,40.848,-84.938,22.799885160843324,22.799885160843324
CAMELSH__04182000,261,119,CAMELSH,3,3,109,40.988,-85.112,37.51044267116744,10.442632846979443
CAMELSH__04182950,139,66,CAMELSH,1,3,109,41.08,-85.087,47.36480219776267,5.476254170176029
CAMELSH__04183000,265,120,CAMELSH,4,3,109,41.085,-85.022,47.71158951658393,5.476254170176029
CAMELSH__04183500,70,35,CAMELSH,0,3,109,41.199,-84.744,56.631276400292855,21.242333271924558
CAMELSH__04184500,159,73,CAMELSH,1,3,109,41.678,-84.232,76.80896954090967,25.406277374208212
CAMELSH__04185000,238,109,CAMELSH,3,3,109,41.504,-84.43,79.53543457146984,25.406277374208212
CAMELSH__04185440,226,104,CAMELSH,3,3,109,41.362,-84.691,74.25879305498599,9.608726382238695
CAMELSH__04186500,237,108,CAMELSH,3,3,109,40.949,-84.266,42.72599972805832,42.72599972805832
CAMELSH__04188337,112,55,CAMELSH,1,2,35,40.924,-83.557,59.62115557243912,6.997950001371096
CAMELSH__04188400,118,57,CAMELSH,1,2,35,41.034,-83.579,58.42973159701361,5.701277962154345
CAMELSH__04188433,116,56,CAMELSH,1,2,35,40.983,-83.586,57.21982949878128,5.641811809803872
CAMELSH__04188496,117,57,CAMELSH,1,2,35,40.979,-83.653,51.57884974835987,5.641811809803872
CAMELSH__04189000,233,107,CAMELSH,3,2,35,41.056,-83.688,49.94168120801707,9.051548865447108
CAMELSH__04191500,248,113,CAMELSH,3,3,109,41.238,-84.399,62.87920805345314,28.019953552450463
CAMELSH__04195500,241,111,CAMELSH,3,2,35,41.449,-83.361,31.466881983243393,12.2560093666303
CAMELSH__04195820,180,83,CAMELSH,2,2,35,41.491,-83.225,37.34710902409004,12.2560093666303
CAMELSH__04196000,205,95,CAMELSH,2,2,35,40.804,-83.006,94.14495953435389,21.674280346159463
CAMELSH__04196500,167,78,CAMELSH,2,2,35,40.851,-83.256,81.69760314935222,11.190010445519723
CAMELSH__04196800,240,109,CAMELSH,3,2,35,40.923,-83.349,77.08308168197951,11.190010445519723
CAMELSH__04197100,251,115,CAMELSH,3,2,35,41.022,-83.11,82.43863696585733,11.326683031392765
CAMELSH__04197170,232,106,CAMELSH,3,2,35,41.114,-83.168,71.162978956353,11.326683031392765
CAMELSH__04198000,246,110,CAMELSH,3,2,35,41.308,-83.159,54.426168939308525,23.01901223092103
CAMELSH__04199000,242,110,CAMELSH,3,2,35,41.302,-82.607,92.77753030732242,9.299069304175518
CAMELSH__04199155,225,104,CAMELSH,3,2,35,41.348,-82.514,97.1503123014861,9.299069304175518
CAMELSH__04199500,162,75,CAMELSH,2,2,35,41.382,-82.317,108.81036145796502,16.869423147106524
CAMELSH__04200500,235,108,CAMELSH,3,2,35,41.38,-82.105,124.5195919167753,18.43104172690999
CAMELSH__04201500,232,106,CAMELSH,3,2,35,41.407,-81.887,139.101442555645,18.43104172690999
CAMELSH__04202000,245,112,CAMELSH,3,2,35,41.341,-81.167,85.79414016778232,19.892816452937723
CAMELSH__04206000,276,126,CAMELSH,4,2,35,41.136,-81.547,98.81153347627078,3.7010966259001368
CAMELSH__04206043,56,30,CAMELSH,0,2,35,41.153,-81.509,97.104062004438,3.7010966259001368
CAMELSH__04206212,127,61,CAMELSH,1,2,35,41.169,-81.634,106.94861448221937,8.156163171337765
CAMELSH__04206220,122,59,CAMELSH,1,2,35,41.163,-81.584,103.01517575556049,4.314055528077744
CAMELSH__04207200,240,109,CAMELSH,3,2,35,41.384,-81.527,113.845666334776,25.031509512307032
CAMELSH__04213000,218,98,CAMELSH,3,2,35,41.927,-80.604,26.87113693928879,49.17732991419576
CAMELSH__04213040,7,6,CAMELSH,0,2,35,41.945,-80.447,13.915902416649644,42.068522278064655
CAMELSH__04213075,233,103,CAMELSH,3,0,70,41.992,-80.291,13.915902416649644,41.369015646733
CAMELSH__04216418,225,102,CAMELSH,3,0,70,42.864,-78.284,172.36967130959812,59.80498798476422
CAMELSH__04221000,249,110,CAMELSH,3,0,70,42.122,-77.957,157.10653711115714,26.694569640397994
CAMELSH__04224775,227,98,CAMELSH,3,0,70,42.536,-77.704,126.7379165184803,15.577875158491993
CAMELSH__04233000,113,51,CAMELSH,1,0,70,42.393,-76.545,39.32838186672167,9.100845731345345
CAMELSH__04233286,146,68,CAMELSH,1,0,70,42.381,-76.394,31.31487191968132,4.161885688726189
CAMELSH__04233300,203,92,CAMELSH,2,0,70,42.403,-76.435,31.725342914857016,4.161885688726189
CAMELSH__0423401815,105,49,CAMELSH,1,0,70,42.553,-76.534,31.203951681129727,17.814048309413874
CAMELSH__04237962,64,28,CAMELSH,0,4,7,42.9,-76.169,48.761407714134165,33.03498530952241
CAMELSH__04256000,208,94,CAMELSH,2,4,7,43.747,-75.334,85.70796493784995,52.08484233188989
CAMELSH__04265432,128,60,CAMELSH,1,2,37,44.847,-75.078,123.99944610965626,38.552134473889936
CAMELSH__04268800,199,88,CAMELSH,2,2,37,44.599,-74.737,106.02880248179116,38.552134473889936
CAMELSH__04270510,11,10,CAMELSH,0,2,37,44.964,-74.131,165.70843797518404,61.772623916690065
CAMELSH__04273700,193,87,CAMELSH,2,2,37,44.64,-73.495,155.9564645056274,5.115578988910387
CAMELSH__04273800,193,85,CAMELSH,2,2,37,44.594,-73.496,151.25376920407604,5.115578988910387
CAMELSH__04276842,159,74,CAMELSH,1,2,37,43.943,-73.464,92.24675033937461,26.91277722436601
CAMELSH__04280350,97,43,CAMELSH,0,2,37,43.371,-73.216,49.779867622463534,30.650435852029883
CAMELSH__04282000,223,101,CAMELSH,3,2,37,43.604,-73.013,79.3154100589206,20.546447856688783
CAMELSH__04282500,225,101,CAMELSH,3,2,37,44.013,-73.168,115.05697844026905,5.453826253575088
CAMELSH__04282525,191,86,CAMELSH,2,2,37,44.062,-73.171,118.3993075461437,5.453826253575088
CAMELSH__04282650,184,82,CAMELSH,2,2,37,44.198,-73.249,124.69079177025719,5.912680678495554
CAMELSH__04282780,192,87,CAMELSH,2,2,37,44.249,-73.228,130.07248718983286,5.912680678495554
CAMELSH__04282795,192,88,CAMELSH,2,2,37,44.37,-73.216,141.16723572556842,8.454173732787446
CAMELSH__04282813,30,18,CAMELSH,0,2,37,44.446,-73.213,148.12955760973338,6.924835484036505
CAMELSH__04285500,227,103,CAMELSH,3,2,37,44.3,-72.579,142.40203961704714,5.017922333816293
CAMELSH__04286000,199,90,CAMELSH,2,2,37,44.256,-72.593,137.7968341310941,5.017922333816293
CAMELSH__04287000,221,101,CAMELSH,3,2,37,44.183,-72.64,130.64786475591836,8.93967606950603
CAMELSH__04288000,197,88,CAMELSH,2,2,37,44.277,-72.743,142.8207617520598,10.545934948369593
CAMELSH__04288225,167,78,CAMELSH,2,2,37,44.523,-72.772,169.86239516444678,13.470968225857531
CAMELSH__04288230,155,73,CAMELSH,1,2,37,44.504,-72.782,168.00694653240888,14.93582588076724
CAMELSH__04289000,245,112,CAMELSH,3,2,37,44.37,-72.769,153.33886803455775,10.545934948369593
CAMELSH__04290335,25,16,CAMELSH,0,2,37,44.462,-73.113,154.26191040009118,2.798153324976335
CAMELSH__04290500,218,99,CAMELSH,3,2,37,44.479,-73.139,154.53936718581252,2.798153324976335
CAMELSH__04292000,207,93,CAMELSH,2,2,37,44.623,-72.676,175.00568046558266,13.470968225857531
CAMELSH__04292770,13,11,CAMELSH,0,2,37,44.806,-73.088,187.12666658391603,7.456037582737924
CAMELSH__04292810,102,49,CAMELSH,1,2,37,44.856,-73.151,189.50517687382654,7.456037582737924
CAMELSH__04296000,203,93,CAMELSH,2,2,37,44.869,-72.27,140.68508523639363,10.150113756189793
CAMELSH__04296500,223,96,CAMELSH,3,2,37,44.94,-72.189,134.52269844183357,10.150113756189793
CAMELSH__05014300,73,35,CAMELSH,0,1,119,48.795,-113.68,165.19006854119084,1.7424129267254043
CAMELSH__05014500,216,100,CAMELSH,3,1,119,48.799,-113.657,165.86933262308153,1.7424129267254043
CAMELSH__05017500,218,97,CAMELSH,3,1,119,48.833,-113.42,172.980374251832,17.76008739530301
CAMELSH__05030500,204,88,CAMELSH,2,3,38,46.369,-96.018,123.79244729218054,21.845770834158774
CAMELSH__05046000,241,109,CAMELSH,3,3,38,46.21,-96.185,103.59954932745254,21.845770834158774
CAMELSH__05049000,7,6,CAMELSH,0,3,38,45.821,-96.491,58.49190706991054,7.881779467999375
CAMELSH__05050000,176,79,CAMELSH,2,3,38,45.862,-96.574,63.73355253008983,7.881779467999375
CAMELSH__05051300,159,72,CAMELSH,1,3,38,46.152,-96.579,95.75797853213369,12.62520428054244
CAMELSH__05051500,156,67,CAMELSH,1,3,38,46.265,-96.595,108.38225065525704,11.911638876432303
CAMELSH__05051600,91,43,CAMELSH,0,3,38,46.022,-97.511,96.87246937136128,48.77371116611618
CAMELSH__05052500,82,38,CAMELSH,0,3,38,46.311,-96.735,114.91385790619692,11.911638876432303
CAMELSH__05053000,138,63,CAMELSH,1,3,38,46.468,-96.784,132.75725378324393,17.857535565679225
CAMELSH__05054500,143,66,CAMELSH,1,3,101,47.703,-99.949,325.8513100309485,45.8711220188643
CAMELSH__05055300,85,41,CAMELSH,0,3,38,47.908,-99.416,347.86256373199245,14.181231836069394
CAMELSH__05055400,86,41,CAMELSH,0,3,38,47.821,-99.277,334.316783416092,14.181231836069394
CAMELSH__05056000,180,82,CAMELSH,2,3,38,47.806,-98.716,314.49118852122945,29.69100102727925
CAMELSH__05056100,75,35,CAMELSH,0,3,38,48.448,-99.103,391.43600984929924,34.96055981142482
CAMELSH__05056200,103,48,CAMELSH,1,3,38,48.337,-98.66,368.43716255695557,34.96055981142482
CAMELSH__05057000,159,68,CAMELSH,1,3,38,47.433,-98.028,258.6239387791358,21.509511236534337
CAMELSH__05057200,154,66,CAMELSH,1,3,38,47.229,-98.125,238.91206597197169,23.832605739763395
CAMELSH__05059600,78,37,CAMELSH,0,3,38,47.325,-97.791,242.89559647719864,21.509511236534337
CAMELSH__05059700,164,77,CAMELSH,2,3,38,46.622,-97.574,163.01981916732345,10.791816011837918
CAMELSH__05059715,20,10,CAMELSH,0,3,38,46.687,-97.469,168.88330546579138,10.791816011837918
CAMELSH__05060000,83,38,CAMELSH,0,3,38,46.866,-97.106,181.3942506317307,5.918586810362668
CAMELSH__05060100,146,63,CAMELSH,1,3,38,46.905,-97.053,184.57081897677767,5.918586810362668
CAMELSH__05060500,122,58,CAMELSH,1,3,38,47.017,-97.214,199.7941824338964,17.446622761698265
CAMELSH__05061000,156,68,CAMELSH,1,3,38,46.85,-96.33,173.02048681809066,24.28047130196224
CAMELSH__05061500,146,67,CAMELSH,1,3,38,46.772,-96.628,164.73705039033473,21.16505602219165
CAMELSH__05062000,152,68,CAMELSH,1,3,38,46.961,-96.661,185.89302652556196,21.16505602219165
CAMELSH__05062500,148,67,CAMELSH,1,3,38,47.267,-96.245,219.69787881518295,20.168107410832786
CAMELSH__05063398,89,43,CAMELSH,0,3,38,47.113,-96.386,202.09046147315513,20.168107410832786
CAMELSH__05064000,115,54,CAMELSH,1,3,38,47.268,-96.798,220.95675847774518,25.269748975306367
CAMELSH__05065500,51,26,CAMELSH,0,3,38,47.539,-97.456,260.6360077774261,34.65828676514687
CAMELSH__05066500,136,63,CAMELSH,1,3,38,47.409,-97.061,239.47061551603176,25.269748975306367
CAMELSH__05069000,142,65,CAMELSH,1,3,38,47.612,-96.815,259.0900612340789,29.170106252669235
CAMELSH__05075000,137,63,CAMELSH,1,3,38,48.043,-95.808,300.9531831724625,22.177240978511637
CAMELSH__05076000,147,67,CAMELSH,1,3,38,48.186,-96.17,322.03028473936877,30.662146228063392
CAMELSH__05078000,132,61,CAMELSH,1,3,38,47.923,-96.046,293.68570236594996,16.54073935905706
CAMELSH__05078230,152,69,CAMELSH,1,3,38,47.843,-95.859,282.47157555311,16.54073935905706
CAMELSH__05078500,51,26,CAMELSH,0,3,38,47.887,-96.274,288.39853945693005,17.46036931207662
CAMELSH__05082625,137,63,CAMELSH,1,3,38,47.932,-97.515,303.84743371187113,33.55474209610967
CAMELSH__05084000,129,61,CAMELSH,1,3,38,48.197,-97.731,336.6074248465523,28.645682353961156
CAMELSH__05085000,109,51,CAMELSH,1,3,38,48.286,-97.368,339.5854576203272,28.645682353961156
CAMELSH__05085450,68,34,CAMELSH,0,3,38,48.21,-96.718,324.69308977839364,16.338675562563534
CAMELSH__05087500,134,61,CAMELSH,1,3,38,48.341,-96.818,339.7811742998611,16.338675562563534
CAMELSH__05090000,150,64,CAMELSH,1,3,38,48.425,-97.412,355.3797263043833,34.630871250169264
CAMELSH__05094000,135,63,CAMELSH,1,3,38,48.732,-96.668,382.44250848508716,44.85796229458568
CAMELSH__05099400,95,45,CAMELSH,0,3,38,48.865,-98.006,413.5702362796647,21.286946467397122
CAMELSH__05101000,96,45,CAMELSH,0,3,38,48.778,-97.747,399.1798292421858,21.286946467397122
CAMELSH__05104500,136,63,CAMELSH,1,3,38,48.792,-95.745,377.07163264826255,67.98216166741516
CAMELSH__05116500,161,74,CAMELSH,1,3,101,48.371,-101.57,344.96524752440854,80.53748271502394
CAMELSH__05120500,102,48,CAMELSH,0,3,101,48.138,-100.54,349.40065056551487,50.668832210663005
CAMELSH__05123400,124,55,CAMELSH,1,3,101,48.589,-100.442,398.9176593328054,50.668832210663005
CAMELSH__05124480,207,96,CAMELSH,2,3,110,47.923,-91.535,191.852128536178,19.739729956081263
CAMELSH__05127500,242,110,CAMELSH,3,3,110,48.082,-91.653,211.35871218665628,19.739729956081263
CAMELSH__05129115,241,105,CAMELSH,3,3,110,48.265,-92.566,270.53717449565227,70.26300994375137
CAMELSH__05130500,50,25,CAMELSH,0,3,110,47.674,-92.9,249.89708409394768,48.045375825850996
CAMELSH__05131500,147,67,CAMELSH,1,3,110,48.396,-93.549,319.598338768319,29.305951327229344
CAMELSH__05132000,133,61,CAMELSH,1,3,110,48.196,-93.807,294.8998023479057,29.305951327229344
CAMELSH__05200510,132,62,CAMELSH,1,3,110,47.483,-94.728,217.14129253954053,72.27183507861825
CAMELSH__05211000,138,66,CAMELSH,1,3,110,47.232,-93.53,193.59568681906975,20.75957894641011
CAMELSH__05212700,124,58,CAMELSH,1,3,110,47.389,-93.381,213.60423051883694,20.75957894641011
CAMELSH__05243725,153,71,CAMELSH,1,3,38,46.875,-95.066,159.61670531227605,29.76150837654672
CAMELSH__05244000,152,69,CAMELSH,1,3,110,46.64,-94.879,129.97926656682463,29.76150837654672
CAMELSH__05245100,169,75,CAMELSH,2,3,110,45.975,-94.866,67.32415671895231,67.32415671895231
CAMELSH__05270500,166,76,CAMELSH,2,4,0,45.56,-94.234,67.32415671895231,50.87225256644611
CAMELSH__05275000,165,76,CAMELSH,2,4,0,45.334,-93.667,70.91895976976039,23.0701246517574
CAMELSH__05280000,178,82,CAMELSH,2,4,0,45.087,-93.734,98.42130691804658,24.786240369713592
CAMELSH__05286000,168,77,CAMELSH,2,4,0,45.328,-93.372,66.02117783262686,23.0701246517574
CAMELSH__05287890,171,79,CAMELSH,2,4,0,45.163,-93.437,84.78121261079338,16.038112560829347
CAMELSH__05288580,76,37,CAMELSH,0,4,0,45.093,-93.195,85.73581051821927,10.21844111513725
CAMELSH__05288705,192,87,CAMELSH,2,4,0,45.05,-93.31,92.82258405078645,10.21844111513725
CAMELSH__05289800,104,50,CAMELSH,1,4,0,44.916,-93.213,105.24693279034575,16.739650238120685
CAMELSH__05290000,137,63,CAMELSH,1,3,38,45.601,-96.872,45.58437056075213,37.11129536557104
CAMELSH__05291000,175,80,CAMELSH,2,0,55,45.292,-96.488,45.58437056075213,3.4703970704384735
CAMELSH__05292000,218,99,CAMELSH,3,0,55,45.296,-96.444,47.59117474144165,3.4703970704384735
CAMELSH__05293000,140,64,CAMELSH,1,0,55,45.227,-96.354,58.00250467249303,10.415605356472003
CAMELSH__05294000,150,69,CAMELSH,1,0,55,45.203,-96.023,77.79468357030234,20.496330308070373
CAMELSH__05300000,159,68,CAMELSH,1,0,55,44.995,-95.919,100.48199307714732,15.708048035772187
CAMELSH__05304500,160,73,CAMELSH,1,0,55,45.108,-95.799,95.90554875425767,15.708048035772187
CAMELSH__05313500,167,74,CAMELSH,2,0,55,44.722,-95.519,98.07174168946096,35.19814328396034
CAMELSH__05315000,141,65,CAMELSH,1,0,55,44.43,-95.846,112.83818123641586,41.53383328415979
CAMELSH__05316500,163,75,CAMELSH,2,0,55,44.524,-95.172,63.65735411298918,35.19814328396034
CAMELSH__05317000,175,80,CAMELSH,2,4,0,44.291,-94.44,63.65735411298918,9.471641793319694
CAMELSH__05317200,188,88,CAMELSH,2,4,0,44.246,-94.339,73.05686322447303,9.471641793319694
CAMELSH__05319500,157,73,CAMELSH,1,4,0,44.046,-94.196,79.1817552669683,8.900597728879962
CAMELSH__05320000,196,89,CAMELSH,2,4,0,44.096,-94.109,88.07689065618278,5.680024891391806
CAMELSH__05320270,56,29,CAMELSH,0,4,0,43.997,-93.909,96.1020327635701,16.49123065954864
CAMELSH__05320500,160,74,CAMELSH,1,4,0,44.111,-94.041,93.4465140678908,5.680024891391806
CAMELSH__05327000,138,64,CAMELSH,1,4,0,44.572,-93.922,99.1983523624426,49.103974128175444
CAMELSH__05331833,160,75,CAMELSH,1,3,110,46.171,-91.329,75.81576918418722,40.67852218397422
CAMELSH__05333500,208,94,CAMELSH,2,3,110,46.075,-92.247,103.1927287270716,47.705180279059775
CAMELSH__05336700,177,80,CAMELSH,2,3,110,46.106,-92.864,95.07513913772864,29.84971849011023
CAMELSH__05337400,44,24,CAMELSH,0,3,110,45.92,-93.307,66.02117783262686,30.14784934834498
CAMELSH__05338500,192,83,CAMELSH,2,3,110,45.842,-92.934,66.54591744265916,29.84971849011023
CAMELSH__05342000,160,74,CAMELSH,1,4,0,44.831,-92.733,113.51047544097517,29.68915062774772
CAMELSH__05345000,180,84,CAMELSH,2,4,0,44.667,-93.055,130.99684712476812,30.365329396437225
CAMELSH__05353800,175,80,CAMELSH,2,4,0,44.258,-93.231,142.50967963762375,47.57522809670289
CAMELSH__05355200,191,87,CAMELSH,2,4,0,44.564,-92.732,142.98552226242907,29.68915062774772
CAMELSH__05356000,292,133,CAMELSH,4,3,110,45.849,-91.079,39.40710663475755,39.40710663475755
CAMELSH__05356500,208,94,CAMELSH,2,4,0,45.452,-91.261,46.35570839583244,28.63802393377535
CAMELSH__05357335,177,82,CAMELSH,2,0,69,46.049,-89.985,73.20426851302257,41.335868149703046
CAMELSH__05359500,29,20,CAMELSH,0,0,69,45.703,-90.616,39.40710663475755,39.40710663475755
CAMELSH__05360500,234,105,CAMELSH,3,4,0,45.371,-91.208,54.090034360999084,20.831224766913383
CAMELSH__05362000,201,91,CAMELSH,2,4,0,45.308,-90.957,51.33529482625669,20.831224766913383
CAMELSH__05368000,228,104,CAMELSH,3,4,0,45.048,-91.911,110.20471140883367,19.353664247307034
CAMELSH__05369000,295,134,CAMELSH,4,4,0,44.875,-91.938,127.40994983836633,19.353664247307034
CAMELSH__05370000,294,133,CAMELSH,4,4,0,44.853,-92.238,122.68612446038887,23.7701293227014
CAMELSH__05372995,241,104,CAMELSH,3,4,0,44.062,-92.466,149.9418569105257,46.56224543960985
CAMELSH__05379400,70,36,CAMELSH,0,4,0,44.254,-91.505,110.23028787452093,14.095221426877162
CAMELSH__05379500,223,101,CAMELSH,3,4,0,44.132,-91.553,114.80115678143184,14.095221426877162
CAMELSH__05381000,203,92,CAMELSH,2,4,0,44.56,-90.615,48.532586420771025,48.532586420771025
CAMELSH__053813595,104,51,CAMELSH,1,4,0,44.294,-90.847,57.705150096788394,34.10975548273177
CAMELSH__05382000,214,97,CAMELSH,2,4,0,44.06,-91.287,92.30607737358241,22.700693329487432
CAMELSH__05382255,111,54,CAMELSH,1,4,111,43.994,-90.657,41.689454192024954,2.0715593022264978
CAMELSH__05382257,110,54,CAMELSH,1,4,111,44.001,-90.681,43.75479705744139,2.0715593022264978
CAMELSH__05382267,109,53,CAMELSH,1,4,111,44.0,-90.725,47.08822482513238,3.5211516554300837
CAMELSH__05382325,220,100,CAMELSH,3,4,111,43.937,-90.811,52.45579761009036,9.82054564411455
CAMELSH__05383075,163,76,CAMELSH,2,4,111,43.861,-91.21,84.11519071888875,22.970038654736644
CAMELSH__05383950,127,56,CAMELSH,1,4,0,43.785,-92.03,150.28544866969267,36.974783323482626
CAMELSH__05385000,148,66,CAMELSH,1,4,111,43.769,-91.57,113.7048783064009,3.370476956868287
CAMELSH__05385500,112,55,CAMELSH,1,4,111,43.739,-91.564,113.66640645642617,3.370476956868287
CAMELSH__05387440,137,63,CAMELSH,1,4,111,43.407,-91.899,146.94915067298143,22.618618517814387
CAMELSH__05387500,147,68,CAMELSH,1,4,111,43.305,-91.796,146.37202800341663,16.56148297795909
CAMELSH__05388250,210,93,CAMELSH,2,4,111,43.421,-91.509,119.86255730932346,26.545675925864433
CAMELSH__05389000,141,67,CAMELSH,1,4,111,43.112,-91.265,110.89173909970611,9.193506479901506
CAMELSH__05389400,246,112,CAMELSH,3,4,111,43.041,-91.207,105.18479064930891,9.193506479901506
CAMELSH__05391000,300,136,CAMELSH,4,0,69,45.831,-89.552,114.38481132250125,41.335868149703046
CAMELSH__05393500,195,88,CAMELSH,2,0,69,45.449,-89.979,77.97910853759218,57.0592682000518
CAMELSH__05394500,236,107,CAMELSH,3,0,69,45.236,-89.65,102.58779630596291,36.07893443776639
CAMELSH__05395000,233,106,CAMELSH,3,0,69,45.178,-89.682,100.63829593183767,30.55668853989048
CAMELSH__05397500,196,89,CAMELSH,2,0,69,44.919,-89.552,78.29428281700773,30.55668853989048
CAMELSH__05399500,199,90,CAMELSH,2,0,69,44.822,-90.08,51.35455422487968,42.98377636669742
CAMELSH__05402000,223,100,CAMELSH,3,2,66,44.302,-90.122,48.532586420771025,47.027516287557255
CAMELSH__05403500,97,48,CAMELSH,0,2,66,43.88,-90.161,28.889402031267643,28.889402031267643
CAMELSH__05404116,177,83,CAMELSH,2,4,111,43.653,-90.336,28.889402031267643,21.666514807815453
CAMELSH__05405000,254,116,CAMELSH,3,2,66,43.482,-89.636,59.51625413048195,39.467768502227614
CAMELSH__05406500,286,129,CAMELSH,4,2,66,43.134,-89.732,59.70324729195239,18.186139366688725
CAMELSH__05407470,107,53,CAMELSH,1,4,111,43.722,-90.588,38.509815922966226,17.041452600924185
CAMELSH__05408000,230,104,CAMELSH,3,4,111,43.574,-90.643,51.553769962608406,17.041452600924185
CAMELSH__05410490,242,110,CAMELSH,3,4,111,43.183,-90.858,80.73818435233142,33.949498188887794
CAMELSH__05411600,95,46,CAMELSH,0,4,111,43.207,-91.95,137.9848567762801,16.56148297795909
CAMELSH__05411850,153,70,CAMELSH,1,4,111,43.054,-91.809,137.12136656735473,27.929825074469914
CAMELSH__05412020,149,70,CAMELSH,1,4,111,42.843,-91.401,121.05896267904346,10.234951787631536
CAMELSH__05412400,157,73,CAMELSH,1,4,111,42.754,-91.369,119.86302499029263,8.87488483271676
CAMELSH__05412500,217,98,CAMELSH,3,4,111,42.74,-91.262,111.59624310753792,8.87488483271676
CAMELSH__05413500,236,107,CAMELSH,3,4,111,42.72,-90.819,77.2418434630499,36.252155933917095
CAMELSH__05414000,247,112,CAMELSH,3,4,111,42.731,-90.64,63.10585886956313,30.725255426999066
CAMELSH__05414820,270,116,CAMELSH,4,4,111,42.479,-90.486,56.18596218064388,9.672041618671706
CAMELSH__05415000,24,17,CAMELSH,0,4,111,42.514,-90.378,47.21428432053829,9.672041618671706
CAMELSH__05416900,157,73,CAMELSH,1,4,111,42.47,-91.449,104.65027600741911,32.25082439718543
CAMELSH__05418400,167,78,CAMELSH,2,4,111,42.164,-90.728,85.2830223634594,11.937711636849784
CAMELSH__05418500,223,102,CAMELSH,3,4,111,42.083,-90.633,79.9808762337999,11.937711636849784
CAMELSH__05419000,271,117,CAMELSH,4,4,111,42.253,-90.286,48.95947373461232,29.989450248450243
CAMELSH__05420680,150,69,CAMELSH,1,4,111,42.836,-92.257,93.4165921726598,20.574504043808673
CAMELSH__05421000,237,108,CAMELSH,3,4,111,42.464,-91.895,78.88606078669004,36.589080835161425
CAMELSH__05421740,142,66,CAMELSH,1,4,111,42.083,-91.267,96.54801615379145,45.35632924437963
CAMELSH__05422000,214,97,CAMELSH,2,4,111,41.767,-90.535,71.13504390064085,24.591065279371893
CAMELSH__05422560,106,50,CAMELSH,1,4,111,41.557,-90.688,47.27232643328239,13.701767375194919
CAMELSH__05422600,200,91,CAMELSH,2,4,111,41.546,-90.524,54.407866017954554,11.867423042211149
CAMELSH__05424000,19,15,CAMELSH,0,2,66,43.529,-88.566,117.2722507079771,10.272018221755411
CAMELSH__05424057,139,60,CAMELSH,1,2,66,43.45,-88.632,127.25922697642294,10.272018221755411
CAMELSH__05425500,253,115,CAMELSH,3,2,66,43.188,-88.726,119.09910542325655,14.03424636763622
CAMELSH__05425912,300,136,CAMELSH,4,2,66,43.444,-88.845,122.38918204497558,17.208150407449683
CAMELSH__05426000,236,107,CAMELSH,3,2,66,43.1,-88.85,113.51051052289493,14.03424636763622
CAMELSH__05426067,149,70,CAMELSH,1,2,66,43.088,-88.376,102.76286328758226,14.15044604851135
CAMELSH__05426250,251,114,CAMELSH,3,2,66,42.96,-88.671,93.6403041937276,14.445360809213543
CAMELSH__05427085,162,75,CAMELSH,2,2,66,42.928,-88.843,96.08012960563369,14.445360809213543
CAMELSH__05427570,188,88,CAMELSH,2,2,66,42.804,-89.09,85.1924609620131,7.121836479595969
CAMELSH__05427850,161,75,CAMELSH,1,2,66,43.151,-89.402,78.58436825803662,10.40089620305392
CAMELSH__05427948,313,140,CAMELSH,4,2,66,43.103,-89.512,68.40057060480467,10.40089620305392
CAMELSH__05429500,291,132,CAMELSH,4,2,66,43.009,-89.305,75.88741671705058,15.814736152203126
CAMELSH__05430150,291,132,CAMELSH,4,2,66,42.833,-89.197,77.22473689320357,2.182237852638386
CAMELSH__05430175,272,124,CAMELSH,4,2,66,42.826,-89.172,79.05424971867151,2.182237852638386
CAMELSH__05430500,267,121,CAMELSH,4,2,66,42.609,-89.071,79.61462263286089,19.851697526641008
CAMELSH__054310157,139,65,CAMELSH,1,2,66,42.651,-88.551,58.03071578285324,1.3803580827124549
CAMELSH__05431016,188,87,CAMELSH,2,2,66,42.641,-88.561,57.31322086678025,1.3803580827124549
CAMELSH__05431017,3,7,CAMELSH,0,2,66,42.621,-88.583,56.023779152509924,2.8609507407396517
CAMELSH__05431032,101,51,CAMELSH,1,2,66,42.637,-88.658,60.46436280752454,7.946960249325063
CAMELSH__05431486,252,115,CAMELSH,3,2,66,42.597,-88.829,65.24376929151119,14.68247154174646
CAMELSH__05432500,254,116,CAMELSH,3,4,111,42.678,-90.119,24.254276358281018,24.254276358281018
CAMELSH__05432695,64,34,CAMELSH,0,2,66,42.941,-89.921,33.40814942291338,12.3526310660355
CAMELSH__05432927,57,31,CAMELSH,0,2,66,42.875,-89.799,34.08784327070558,12.3526310660355
CAMELSH__05433000,241,109,CAMELSH,3,2,66,42.786,-89.861,24.254276358281018,17.915539256556837
CAMELSH__05434500,244,111,CAMELSH,3,2,66,42.51,-89.802,31.97374026839076,27.44245705566603
CAMELSH__05435500,265,117,CAMELSH,3,2,66,42.303,-89.62,44.91772772555594,27.44245705566603
CAMELSH__05435935,12,8,CAMELSH,0,2,66,42.999,-89.499,61.88334634431268,4.135915384538068
CAMELSH__05435943,216,100,CAMELSH,3,2,66,42.977,-89.54,57.748458942565506,4.135915384538068
CAMELSH__05436500,254,115,CAMELSH,3,2,66,42.612,-89.398,59.426109733165696,26.613914781118538
CAMELSH__05437050,149,68,CAMELSH,1,2,66,42.438,-89.175,65.93480846317696,20.837081529169428
CAMELSH__05438283,249,114,CAMELSH,3,2,66,42.522,-88.661,49.96685765943703,12.727113288616843
CAMELSH__05438500,266,116,CAMELSH,3,2,66,42.256,-88.863,37.12423699128184,13.150373327112522
CAMELSH__05439000,254,114,CAMELSH,3,0,6,41.931,-88.76,23.157470632920013,34.66127257719692
CAMELSH__05439500,259,113,CAMELSH,3,2,66,42.111,-88.901,23.157470632920013,12.26551750054487
CAMELSH__05440000,264,115,CAMELSH,3,2,66,42.194,-88.999,35.27749068049003,12.26551750054487
CAMELSH__05444000,259,114,CAMELSH,3,0,6,41.903,-89.696,44.91772772555594,44.91772772555594
CAMELSH__05447500,244,106,CAMELSH,3,4,111,41.489,-90.158,56.700433652059644,30.317349874925537
CAMELSH__05448000,222,98,CAMELSH,3,4,111,41.442,-90.556,44.522502206159324,11.867423042211149
CAMELSH__05449000,24,15,CAMELSH,0,3,103,43.009,-93.628,39.35440055294315,27.691851987523396
CAMELSH__05449500,200,91,CAMELSH,2,3,103,42.76,-93.622,56.97945180771351,24.169253939652975
CAMELSH__05451080,3,7,CAMELSH,0,3,103,42.544,-93.589,76.22430791974948,21.718712035886657
CAMELSH__05451210,171,78,CAMELSH,2,3,103,42.315,-93.152,52.37324500005369,34.21543444964181
CAMELSH__05451500,191,86,CAMELSH,2,3,103,42.066,-92.908,50.446995178094376,7.846028334543341
CAMELSH__05451700,217,97,CAMELSH,3,3,103,42.009,-92.852,44.82919340406987,7.846028334543341
CAMELSH__05451900,198,90,CAMELSH,2,3,103,41.899,-92.474,15.153158899810295,10.18548287523264
CAMELSH__05452000,215,97,CAMELSH,2,4,111,41.964,-92.313,15.153158899810295,15.564631181252201
CAMELSH__05452200,218,96,CAMELSH,3,3,103,41.835,-92.386,15.564631181252201,10.18548287523264
CAMELSH__05453000,206,94,CAMELSH,2,4,111,41.749,-92.182,19.428650876669753,12.031659085518626
CAMELSH__05453100,213,97,CAMELSH,2,4,111,41.813,-92.065,26.710972876187437,12.031659085518626
CAMELSH__05453520,237,108,CAMELSH,3,4,111,41.715,-91.53,72.2271170185943,3.207239607729153
CAMELSH__05454000,247,110,CAMELSH,3,4,111,41.7,-91.488,71.69197062358103,3.864955781414616
CAMELSH__05454090,124,59,CAMELSH,1,4,111,41.7,-91.563,69.47594961830931,3.207239607729153
CAMELSH__05454220,187,84,CAMELSH,2,4,111,41.718,-91.74,55.12561894892877,12.563004566628816
CAMELSH__05454300,146,68,CAMELSH,1,4,111,41.677,-91.599,65.54260086266056,5.306280511868166
CAMELSH__05454500,291,131,CAMELSH,4,4,111,41.657,-91.541,68.02061510722761,2.8217050754287514
CAMELSH__05455010,31,14,CAMELSH,0,4,111,41.651,-91.508,68.53415189942747,2.8217050754287514
CAMELSH__05455100,217,98,CAMELSH,3,4,111,41.606,-91.616,59.66332192037972,8.426961133772465
CAMELSH__05455500,217,99,CAMELSH,3,4,111,41.47,-91.715,44.99162329757765,17.221670910213174
CAMELSH__05457000,221,100,CAMELSH,3,4,0,43.636,-92.974,87.51916865592051,55.28067493211763
CAMELSH__05457700,210,95,CAMELSH,2,4,111,43.062,-92.673,77.84138978632193,39.60294358709402
CAMELSH__05458000,243,107,CAMELSH,3,4,111,43.033,-92.504,91.41388110734597,29.735198409423653
CAMELSH__05458300,109,50,CAMELSH,1,4,111,42.737,-92.47,72.97466903626217,9.640084499257622
CAMELSH__05458500,225,102,CAMELSH,3,4,111,42.648,-92.465,67.41648257673921,9.904781786336102
CAMELSH__05458900,209,95,CAMELSH,2,4,111,42.629,-92.544,60.874982325396736,8.686746423078679
CAMELSH__05459500,231,104,CAMELSH,3,4,111,43.165,-93.193,39.35440055294315,39.35440055294315
CAMELSH__05462000,194,88,CAMELSH,2,4,111,42.712,-92.583,64.21631502279018,9.640084499257622
CAMELSH__05463000,205,93,CAMELSH,2,4,111,42.573,-92.618,52.37324500005369,8.686746423078679
CAMELSH__05463500,163,74,CAMELSH,2,4,111,42.408,-92.463,52.80410275309813,25.454966464628047
CAMELSH__05464220,165,76,CAMELSH,2,4,111,42.252,-92.299,41.82492814487041,32.04495712243719
CAMELSH__05464942,120,56,CAMELSH,1,4,111,41.67,-91.351,62.525078435781026,11.855697605047576
CAMELSH__05466000,230,100,CAMELSH,3,4,111,41.272,-90.378,47.973957591721295,24.042561820904176
CAMELSH__05466500,234,101,CAMELSH,3,2,26,41.187,-90.967,44.522502206159324,7.598798736932776
CAMELSH__05467000,219,94,CAMELSH,2,2,26,41.129,-90.919,46.165514337479365,7.598798736932776
CAMELSH__05469000,225,97,CAMELSH,3,2,26,41.001,-90.854,49.97093344013389,22.746981453872635
CAMELSH__05470000,224,101,CAMELSH,3,3,103,42.068,-93.619,99.62954969379783,5.085546364198976
CAMELSH__05470500,229,104,CAMELSH,3,3,103,42.023,-93.63,103.28424050403589,3.3249262171946103
CAMELSH__05471000,206,93,CAMELSH,2,3,103,42.007,-93.596,102.13907215871777,3.3249262171946103
CAMELSH__05471050,227,102,CAMELSH,3,3,103,41.681,-93.247,83.54718860694965,14.716445961806965
CAMELSH__05471200,212,97,CAMELSH,2,3,103,41.805,-93.309,84.3263027074085,14.716445961806965
CAMELSH__05471500,206,94,CAMELSH,2,3,103,41.356,-92.657,58.9231015172254,32.97023789516039
CAMELSH__05472500,218,99,CAMELSH,3,3,103,41.301,-92.205,44.99162329757765,38.234348137645995
CAMELSH__05473400,208,95,CAMELSH,2,2,26,40.925,-91.674,60.698244879897814,13.713750036451106
CAMELSH__05473450,168,79,CAMELSH,2,2,26,41.007,-91.552,53.25673873071182,13.713750036451106
CAMELSH__05476000,170,74,CAMELSH,2,0,55,43.619,-94.986,79.1817552669683,27.21228342375148
CAMELSH__05476500,38,22,CAMELSH,0,0,55,43.397,-94.844,88.99136003684855,27.21228342375148
CAMELSH__05476750,238,108,CAMELSH,3,3,103,42.719,-94.221,85.66283490439129,2.3539330915597225
CAMELSH__05479000,208,95,CAMELSH,2,3,103,42.724,-94.193,87.76120744989719,2.3539330915597225
CAMELSH__05481000,211,96,CAMELSH,2,3,103,42.432,-93.806,95.62678854339055,21.718712035886657
CAMELSH__05481950,216,98,CAMELSH,3,3,103,41.688,-93.736,121.83597874962271,14.094713039653175
CAMELSH__05482300,197,90,CAMELSH,2,3,103,42.354,-94.991,63.69677825417661,63.69677825417661
CAMELSH__05482500,207,95,CAMELSH,2,3,103,41.988,-94.377,106.0544052975015,48.1610727514034
CAMELSH__05483450,215,98,CAMELSH,2,3,103,41.779,-94.493,84.94459884082406,35.3970168351566
CAMELSH__05483600,245,110,CAMELSH,3,3,103,41.687,-94.371,89.6197496746783,21.283726291687724
CAMELSH__05484000,199,91,CAMELSH,2,3,103,41.589,-94.151,104.07986896961067,21.283726291687724
CAMELSH__05484500,227,102,CAMELSH,3,3,103,41.534,-93.95,119.569268229831,20.707102584280253
CAMELSH__05484650,175,80,CAMELSH,2,3,103,41.562,-93.704,123.72589268987788,2.781117478564826
CAMELSH__05484800,188,86,CAMELSH,2,3,103,41.587,-93.703,122.64996987979411,2.781117478564826
CAMELSH__05484900,149,70,CAMELSH,1,3,103,41.582,-93.643,118.1892260166231,5.0211547159606535
CAMELSH__05485605,152,72,CAMELSH,1,3,103,41.717,-93.57,107.69080323470374,11.639825943521778
CAMELSH__05485640,154,71,CAMELSH,1,3,103,41.614,-93.545,109.30372716144092,8.892054435191358
CAMELSH__05486000,195,90,CAMELSH,2,3,103,41.458,-93.655,112.75639251799686,6.8133433285522225
CAMELSH__05486490,218,99,CAMELSH,3,3,103,41.424,-93.587,106.18989823534568,6.8133433285522225
CAMELSH__05487470,215,95,CAMELSH,2,3,103,41.337,-93.486,93.36171094722968,12.829505698124363
CAMELSH__05487980,207,93,CAMELSH,2,3,103,41.247,-93.266,74.2627487179404,30.015133934806403
CAMELSH__05488200,209,96,CAMELSH,2,3,103,41.301,-93.045,71.38309374013781,14.572856668987791
CAMELSH__05489000,221,100,CAMELSH,3,3,103,41.219,-92.909,59.609254727788716,14.572856668987791
CAMELSH__05494300,120,56,CAMELSH,1,2,26,40.769,-92.419,40.16745735660323,30.921473240536823
CAMELSH__05495000,181,83,CAMELSH,2,2,26,40.392,-91.598,113.2391650315551,27.93100617174886
CAMELSH__05495500,233,100,CAMELSH,3,2,26,40.143,-91.337,129.27888389647273,19.465822426391412
CAMELSH__05496000,204,90,CAMELSH,2,2,26,40.142,-91.566,135.18396246155916,14.483086008870192
CAMELSH__05497000,60,26,CAMELSH,0,2,26,40.108,-91.715,127.28036335819507,2.369322556982471
CAMELSH__05497150,134,64,CAMELSH,1,2,26,40.019,-91.622,125.15806307840579,7.238541630670672
CAMELSH__05498000,61,26,CAMELSH,0,2,26,40.094,-91.736,126.89197048631885,2.369322556982471
CAMELSH__05498150,122,59,CAMELSH,1,2,26,40.029,-91.706,129.47193063413513,7.238541630670672
CAMELSH__05498700,120,59,CAMELSH,1,2,26,40.006,-92.027,116.54653166373826,26.128780315347722
CAMELSH__05500000,205,89,CAMELSH,2,2,26,39.897,-91.58,111.4503165992367,14.030151664374522
CAMELSH__05501000,210,90,CAMELSH,2,2,26,39.818,-91.518,101.21326618946391,24.045685249401576
CAMELSH__05502300,206,89,CAMELSH,2,2,26,39.83,-92.23,121.05003295114898,18.94055760834261
CAMELSH__05502500,256,116,CAMELSH,3,2,26,39.741,-92.041,122.36474852934204,17.826378495547672
CAMELSH__05503800,221,99,CAMELSH,3,2,26,39.585,-91.993,108.30722829165461,11.374166213586427
CAMELSH__05504800,222,98,CAMELSH,3,2,26,39.326,-91.834,81.78127814703883,3.335847797702542
CAMELSH__05506100,222,100,CAMELSH,3,2,26,39.356,-91.834,83.25949377136297,3.335847797702542
CAMELSH__05506350,176,82,CAMELSH,2,2,26,39.524,-92.128,109.4092729042292,10.474897622850948
CAMELSH__05506500,49,23,CAMELSH,0,2,26,39.484,-92.014,103.67456004429096,10.744551338290979
CAMELSH__05506800,221,98,CAMELSH,3,2,26,39.435,-92.168,101.41706107653106,10.474897622850948
CAMELSH__05507600,227,98,CAMELSH,3,2,26,39.431,-91.676,76.27169325312715,15.933965671045064
CAMELSH__05507800,214,95,CAMELSH,2,2,26,39.574,-91.572,80.99378547891114,18.23339840732545
CAMELSH__05508000,235,103,CAMELSH,3,2,26,39.612,-91.407,76.53747163201464,11.608101967110192
CAMELSH__05508805,215,96,CAMELSH,2,2,26,39.52,-91.343,64.93052123898423,11.608101967110192
CAMELSH__05514500,211,93,CAMELSH,2,0,94,39.009,-90.978,64.93052123898423,51.47846751843149
CAMELSH__05514712,12,13,CAMELSH,0,0,94,38.787,-90.828,73.96231881921587,23.888011723693015
CAMELSH__05515000,104,51,CAMELSH,1,3,109,41.564,-86.494,38.383312170622325,25.097752652358047
CAMELSH__05515500,270,123,CAMELSH,4,3,109,41.4,-86.701,30.10208164515742,12.68569767512166
CAMELSH__05516500,269,122,CAMELSH,4,3,109,41.34,-86.304,57.17486868088828,26.79020291933685
CAMELSH__05517000,272,123,CAMELSH,4,3,109,41.303,-86.621,30.55098325059186,12.68569767512166
CAMELSH__05517500,275,125,CAMELSH,4,0,6,41.219,-86.969,30.10208164515742,6.684862141716503
CAMELSH__05517530,263,120,CAMELSH,3,0,6,41.254,-87.034,32.19846728757463,6.684862141716503
CAMELSH__05518000,267,121,CAMELSH,4,0,6,41.183,-87.34,58.58638879005318,21.398476766026317
CAMELSH__05520500,264,116,CAMELSH,3,0,6,41.16,-87.669,85.17637242131818,21.178077946182086
CAMELSH__05521000,98,49,CAMELSH,0,0,6,41.033,-87.18,48.76329831271089,8.930278506638869
CAMELSH__05522000,29,17,CAMELSH,0,0,6,40.97,-87.114,44.118222629370294,4.302748774006223
CAMELSH__05522500,258,117,CAMELSH,3,0,6,40.933,-87.129,46.34660771338576,4.302748774006223
CAMELSH__05524500,216,100,CAMELSH,3,0,6,40.871,-87.307,62.54617069556655,16.47202660237525
CAMELSH__05525000,255,114,CAMELSH,3,0,6,40.823,-87.581,76.36226489237373,23.657276525329344
CAMELSH__05525500,252,112,CAMELSH,3,0,6,40.63,-87.724,77.3823579584652,24.612296477832267
CAMELSH__05526000,242,110,CAMELSH,3,0,6,41.009,-87.823,102.77226155254061,21.178077946182086
CAMELSH__05527800,264,115,CAMELSH,3,2,66,42.489,-87.926,29.233534560754258,7.271504125419557
CAMELSH__05527900,65,34,CAMELSH,0,2,66,42.466,-88.009,29.20414842678756,2.39352681498584
CAMELSH__05527905,65,32,CAMELSH,0,2,66,42.448,-88.025,28.114219133668605,2.0188589840720956
CAMELSH__05527910,76,39,CAMELSH,0,2,66,42.444,-88.001,26.737183175214543,2.0188589840720956
CAMELSH__05527950,232,104,CAMELSH,3,2,66,42.415,-87.969,22.660060013905714,4.158866779254518
CAMELSH__05528000,297,129,CAMELSH,4,2,66,42.344,-87.938,14.521135308636062,8.295313777615974
CAMELSH__05528500,273,121,CAMELSH,4,0,6,42.152,-87.957,21.40662974095914,9.545936820299985
CAMELSH__05529000,288,125,CAMELSH,4,0,6,42.082,-87.89,29.40004953659743,2.385733772000965
CAMELSH__05529500,272,118,CAMELSH,4,0,6,42.095,-87.913,27.76396842145815,2.385733772000965
CAMELSH__05530000,261,114,CAMELSH,3,0,6,42.049,-87.918,32.843852971038764,4.336721393176957
CAMELSH__05530990,274,118,CAMELSH,4,0,6,42.06,-88.017,32.24284107574157,8.264759535692844
CAMELSH__05531300,261,116,CAMELSH,3,0,6,41.886,-87.959,50.95672526823267,7.463860054413456
CAMELSH__05531500,279,122,CAMELSH,4,0,6,41.826,-87.901,57.67984408429238,6.643872280999396
CAMELSH__05532000,282,122,CAMELSH,4,0,6,41.882,-87.869,51.686380331074346,6.7674814100909035
CAMELSH__05532500,285,124,CAMELSH,4,0,6,41.822,-87.821,58.84135036053572,6.643872280999396
CAMELSH__05533000,295,128,CAMELSH,4,0,6,41.739,-87.896,67.36227680801042,6.542238384434502
CAMELSH__05533400,249,114,CAMELSH,3,0,6,41.708,-87.963,70.7501146382307,6.542238384434502
CAMELSH__05534500,280,121,CAMELSH,4,0,6,42.153,-87.819,23.388096721102514,1.855170134637766
CAMELSH__05535000,279,121,CAMELSH,4,0,6,42.233,-87.845,14.521135308636062,9.149839250150547
CAMELSH__05535070,273,118,CAMELSH,4,0,6,42.159,-87.798,23.578501464052277,1.855170134637766
CAMELSH__05535500,291,126,CAMELSH,4,0,6,42.138,-87.835,24.42508631624511,3.841491011083912
CAMELSH__05536000,276,120,CAMELSH,4,0,6,42.012,-87.796,38.72672444756062,8.554296942477249
CAMELSH__05536105,184,86,CAMELSH,2,0,6,41.974,-87.706,45.36917975104782,8.554296942477249
CAMELSH__05536118,21,16,CAMELSH,0,0,6,41.892,-87.642,55.87595157173834,10.543504924267392
CAMELSH__05536195,241,109,CAMELSH,3,0,6,41.577,-87.521,57.08639283041479,7.220250659893768
CAMELSH__05536215,286,124,CAMELSH,4,0,6,41.53,-87.622,66.66381217047253,2.5073884797060706
CAMELSH__05536235,253,109,CAMELSH,3,0,6,41.521,-87.59,64.47738298967809,2.845688096485578
CAMELSH__05536255,279,121,CAMELSH,4,0,6,41.54,-87.649,68.46692753303458,2.5073884797060706
CAMELSH__05536275,293,127,CAMELSH,4,0,6,41.568,-87.608,64.3262464570689,4.618751929820551
CAMELSH__05536290,252,115,CAMELSH,3,0,6,41.607,-87.598,62.51474725986867,7.220250659893768
CAMELSH__05536340,245,112,CAMELSH,3,0,6,41.614,-87.729,73.08774436518904,4.7876147330338235
CAMELSH__05536500,276,120,CAMELSH,4,0,6,41.647,-87.766,75.64050876622649,4.7876147330338235
CAMELSH__05537500,249,114,CAMELSH,3,0,6,41.643,-87.999,78.11048326125731,7.821699229227675
CAMELSH__05537980,133,64,CAMELSH,1,0,6,41.536,-88.082,89.35527651721068,2.452345870332551
CAMELSH__05539000,245,112,CAMELSH,3,0,6,41.515,-88.073,91.7965521256529,2.452345870332551
CAMELSH__05539900,282,122,CAMELSH,4,0,6,41.911,-88.179,46.91057468883468,8.457301830762214
CAMELSH__05540060,250,114,CAMELSH,3,0,6,41.856,-88.204,52.48212924049135,2.9118018043903935
CAMELSH__05540091,111,48,CAMELSH,1,0,6,41.835,-88.183,55.09550822081409,1.5706579327453856
CAMELSH__05540095,289,125,CAMELSH,4,0,6,41.823,-88.173,56.567914280156415,1.5706579327453856
CAMELSH__05540130,225,101,CAMELSH,3,0,6,41.721,-88.132,68.37178943926402,2.7133170311795736
CAMELSH__05540160,261,112,CAMELSH,3,0,6,41.832,-88.048,57.65087085536623,3.7625130406514358
CAMELSH__05540195,223,102,CAMELSH,3,0,6,41.802,-88.069,61.12447389040832,3.7625130406514358
CAMELSH__05540250,249,112,CAMELSH,3,0,6,41.718,-88.071,69.96723139771609,7.769531041236263
CAMELSH__05540275,267,120,CAMELSH,4,0,6,41.726,-88.164,67.29602767371003,2.7133170311795736
CAMELSH__05540500,281,122,CAMELSH,4,0,6,41.522,-88.193,87.93102641721929,9.370166875706008
CAMELSH__05541710,109,53,CAMELSH,1,0,6,41.417,-88.348,89.77004733452458,14.600933285611678
CAMELSH__05542000,224,97,CAMELSH,3,0,6,41.286,-88.36,102.1410596443972,14.600933285611678
CAMELSH__05543830,278,126,CAMELSH,4,2,66,43.005,-88.244,91.8410800698986,14.15044604851135
CAMELSH__05544200,295,133,CAMELSH,4,2,66,42.857,-88.328,76.89879720380326,17.821244202522493
CAMELSH__05545750,205,93,CAMELSH,2,2,66,42.611,-88.226,49.76012038642991,18.767537498195757
CAMELSH__05548280,260,117,CAMELSH,3,2,66,42.443,-88.248,30.99404928612232,14.578532706675771
CAMELSH__05549000,76,40,CAMELSH,0,2,66,42.321,-88.313,17.338890692614175,14.578532706675771
CAMELSH__05550000,163,71,CAMELSH,1,0,6,42.166,-88.29,17.338890692614175,12.064451010396995
CAMELSH__05550300,189,88,CAMELSH,2,0,6,42.058,-88.304,29.253664313953514,5.326616341854835
CAMELSH__05550500,280,126,CAMELSH,4,0,6,42.026,-88.256,33.13711521626388,5.326616341854835
CAMELSH__05551200,259,114,CAMELSH,3,0,6,41.933,-88.341,43.20538089063485,9.6965977540461
CAMELSH__05551330,193,88,CAMELSH,2,0,6,41.846,-88.349,52.90107740798891,9.6965977540461
CAMELSH__05551540,161,75,CAMELSH,1,0,6,41.734,-88.333,62.973426146228306,4.2210828372189955
CAMELSH__05551675,173,81,CAMELSH,2,0,6,41.741,-88.383,59.40641769118245,4.2210828372189955
CAMELSH__05551700,271,117,CAMELSH,4,0,6,41.672,-88.441,61.90834836983955,9.058083921176081
CAMELSH__05552500,266,116,CAMELSH,3,0,6,41.384,-88.789,81.37092751766392,22.885061586958784
CAMELSH__05554500,270,117,CAMELSH,4,0,6,40.878,-88.636,131.0002648858401,37.582452644317065
CAMELSH__05555300,256,111,CAMELSH,3,0,6,41.208,-88.931,100.43994161277938,22.885061586958784
CAMELSH__05556500,235,106,CAMELSH,3,0,6,41.366,-89.498,56.700433652059644,47.88017882047119
CAMELSH__05560500,193,87,CAMELSH,2,0,6,40.668,-89.504,54.32535354821414,2.487268114522909
CAMELSH__05561500,142,64,CAMELSH,1,0,6,40.677,-89.531,52.60102179608108,2.487268114522909
CAMELSH__05564400,6,9,CAMELSH,0,0,6,40.605,-88.899,102.47540502639504,18.562402609843286
CAMELSH__05567500,255,111,CAMELSH,3,0,6,40.624,-89.242,74.21187657116815,22.639646283159077
CAMELSH__05568000,246,109,CAMELSH,3,0,6,40.454,-89.606,42.12648519213005,25.30773250736009
CAMELSH__05568800,251,109,CAMELSH,3,0,6,41.018,-89.835,50.95381436679227,45.733818027567125
CAMELSH__05569500,247,108,CAMELSH,3,2,26,40.707,-90.28,50.95381436679227,24.655317961978596
CAMELSH__05570000,241,105,CAMELSH,3,2,26,40.49,-90.34,62.216736091025076,20.128203798042367
CAMELSH__05570360,21,9,CAMELSH,0,2,26,40.488,-90.102,42.12648519213005,4.156230287899411
CAMELSH__05570370,19,9,CAMELSH,0,2,26,40.459,-90.133,44.5918624577564,4.156230287899411
CAMELSH__05570910,247,108,CAMELSH,3,0,6,40.311,-88.322,103.94243553596613,23.686009256423034
CAMELSH__05572000,270,122,CAMELSH,4,0,6,40.031,-88.589,118.28163567364314,32.14365059611265
CAMELSH__05573540,276,120,CAMELSH,4,0,94,39.831,-88.976,120.38648210441863,39.792441320251356
CAMELSH__05576000,236,103,CAMELSH,3,0,94,39.742,-89.567,93.13328745259508,11.359940118500688
CAMELSH__05576500,259,111,CAMELSH,3,0,94,39.843,-89.547,84.68868677661953,11.359940118500688
CAMELSH__05577500,243,108,CAMELSH,3,0,94,39.815,-89.699,80.55458629986477,13.347954094885093
CAMELSH__05578500,264,115,CAMELSH,3,0,94,40.115,-89.049,98.4586164678592,16.986023542348086
CAMELSH__05579500,250,108,CAMELSH,3,0,94,39.951,-89.384,85.0685713142088,28.00289018692141
CAMELSH__05579725,142,68,CAMELSH,1,0,6,40.365,-88.964,97.29238269771896,13.043912751883163
CAMELSH__05580000,244,106,CAMELSH,3,0,6,40.255,-89.129,86.40299895143137,16.986023542348086
CAMELSH__05580950,285,123,CAMELSH,4,0,6,40.471,-89.03,90.68795950068778,13.043912751883163
CAMELSH__05582000,257,110,CAMELSH,3,0,94,40.132,-89.736,49.55547511180862,35.38951780202998
CAMELSH__05584500,239,104,CAMELSH,3,2,26,40.33,-90.896,100.90438568014957,50.32430954008222
CAMELSH__05585000,242,105,CAMELSH,3,2,26,40.025,-90.632,77.15621140301498,57.33620564493258
CAMELSH__05587000,236,105,CAMELSH,3,0,94,39.234,-90.395,87.4683040919652,43.94144387897418
CAMELSH__05590800,215,92,CAMELSH,2,0,94,39.806,-88.476,102.5016889655428,13.797325296705564
CAMELSH__05590950,211,95,CAMELSH,2,0,94,39.703,-88.386,93.61865697131316,13.542182876056362
CAMELSH__05591200,260,114,CAMELSH,3,0,94,39.583,-88.413,96.1627180053613,12.98651174871996
CAMELSH__05591550,249,109,CAMELSH,3,0,94,39.507,-88.528,106.99404507126705,12.98651174871996
CAMELSH__05591700,250,109,CAMELSH,3,0,94,39.731,-88.662,117.37025211494226,17.951803496097824
CAMELSH__05592000,278,124,CAMELSH,4,0,94,39.407,-88.781,130.4294827566747,9.880970252632718
CAMELSH__05592050,241,105,CAMELSH,3,0,94,39.406,-88.896,140.11058358761318,9.880970252632718
CAMELSH__05592100,229,98,CAMELSH,3,0,94,39.23,-88.842,141.00488566721145,20.114077956328135
CAMELSH__05592500,278,123,CAMELSH,4,0,94,38.961,-89.089,154.51960500306058,12.059839813088578
CAMELSH__05592575,224,101,CAMELSH,3,0,94,38.937,-88.953,158.22537903864892,12.059839813088578
CAMELSH__05593575,243,109,CAMELSH,3,0,94,38.442,-89.417,90.25088849631115,38.95971771841933
CAMELSH__05593900,267,115,CAMELSH,3,0,94,39.149,-89.352,146.69176098719478,30.866141754573977
CAMELSH__05595730,260,112,CAMELSH,3,0,94,38.254,-89.04,96.74540140347807,38.95971771841933
CAMELSH__06006000,117,54,CAMELSH,1,2,74,44.615,-111.629,75.8209055572463,22.277990509922287
CAMELSH__06012500,130,59,CAMELSH,1,2,74,44.656,-112.371,59.266544150227425,36.73745829738544
CAMELSH__06016000,169,74,CAMELSH,2,4,41,45.116,-112.751,59.266544150227425,13.568601501691159
CAMELSH__06017000,117,54,CAMELSH,1,4,41,45.218,-112.656,66.39598593613351,13.568601501691159
CAMELSH__06018500,213,98,CAMELSH,2,4,41,45.384,-112.453,81.20606462717221,24.347359107482824
CAMELSH__06019500,233,106,CAMELSH,3,4,41,45.192,-112.142,62.26769738091246,6.06686311325951
CAMELSH__06020600,233,107,CAMELSH,3,4,41,45.242,-112.111,68.29713015469815,6.06686311325951
CAMELSH__06024450,134,61,CAMELSH,1,4,41,45.619,-113.458,112.95084236825646,23.743396929023316
CAMELSH__06024540,117,54,CAMELSH,1,4,41,45.807,-113.313,136.64861071358408,23.743396929023316
CAMELSH__06025250,115,53,CAMELSH,1,4,41,45.701,-112.735,119.64970633802308,19.517427256347816
CAMELSH__06025500,186,86,CAMELSH,2,4,41,45.527,-112.702,100.27552265157723,19.517427256347816
CAMELSH__06260000,13,9,CAMELSH,0,0,84,43.667,-108.855,82.22087549355946,54.40287065273863
CAMELSH__06260400,40,21,CAMELSH,0,0,84,43.666,-108.793,85.76045182975419,54.899446947505965
CAMELSH__06265337,80,39,CAMELSH,0,0,84,43.763,-108.677,85.92298426310545,46.53941788167436
CAMELSH__06276500,75,33,CAMELSH,0,0,84,44.156,-108.877,54.37267273310855,46.53941788167436
CAMELSH__06278300,197,88,CAMELSH,2,0,84,44.508,-107.404,174.22803855297514,12.384390193432402
CAMELSH__06278500,74,32,CAMELSH,0,0,84,44.565,-107.713,151.65634520550364,25.298201141489475
CAMELSH__06280300,236,108,CAMELSH,3,2,74,44.208,-109.555,54.37267273310855,54.37267273310855
CAMELSH__06285100,210,96,CAMELSH,2,0,84,44.839,-108.435,113.16549746511289,64.68692493019196
CAMELSH__06289000,227,98,CAMELSH,3,0,84,45.007,-107.615,177.41677232300646,13.277797491840293
CAMELSH__06289600,191,88,CAMELSH,2,0,84,44.988,-107.483,185.5611234231912,4.730242701169284
CAMELSH__06289820,183,85,CAMELSH,2,0,84,44.991,-107.423,189.922141873914,4.730242701169284
CAMELSH__06290000,54,23,CAMELSH,0,0,84,45.056,-107.356,197.90316778977123,8.942490496266299
CAMELSH__06290500,51,27,CAMELSH,0,0,84,45.177,-107.394,201.95350241903026,17.194699308538965
CAMELSH__06291500,69,30,CAMELSH,0,0,84,45.126,-107.601,185.18937587070658,13.277797491840293
CAMELSH__06294000,105,45,CAMELSH,0,0,84,45.736,-107.557,231.43943162644155,60.73004942726431
CAMELSH__06295113,150,67,CAMELSH,1,0,84,45.361,-106.99,198.60031325969433,37.65836985499889
CAMELSH__06295250,33,17,CAMELSH,0,0,84,45.767,-106.57,196.31297326879877,40.42480285295152
CAMELSH__06296003,51,25,CAMELSH,0,0,84,46.265,-106.476,209.56401065013756,55.848777887199795
CAMELSH__06298000,218,97,CAMELSH,3,0,84,44.849,-107.305,192.06561100916014,10.231245027518318
CAMELSH__06299500,25,11,CAMELSH,0,0,84,44.772,-107.234,188.46684219451535,10.231245027518318
CAMELSH__06299980,71,36,CAMELSH,0,0,84,44.9,-107.021,176.7427463300097,2.962697585832302
CAMELSH__06301480,43,22,CAMELSH,0,0,84,44.601,-107.318,182.99396654232936,12.384390193432402
CAMELSH__06303500,32,14,CAMELSH,0,0,84,44.596,-107.04,169.3464357895484,14.46077285891372
CAMELSH__06305700,141,66,CAMELSH,1,0,84,44.886,-106.989,173.8363719032761,2.962697585832302
CAMELSH__06306200,46,25,CAMELSH,0,0,84,44.842,-106.881,164.1590821418654,9.817752718051954
CAMELSH__06306250,81,38,CAMELSH,0,0,84,44.984,-106.84,167.27435013766862,2.797609943096142
CAMELSH__06306300,172,77,CAMELSH,2,0,84,45.009,-106.836,168.2051983455765,2.797609943096142
CAMELSH__06307500,230,103,CAMELSH,3,0,84,45.141,-106.771,170.84693346425263,15.539850294472007
CAMELSH__06307600,78,37,CAMELSH,0,0,84,45.299,-106.508,164.56240023263388,13.158399588126077
CAMELSH__06307616,167,75,CAMELSH,2,0,84,45.412,-106.458,169.92693695441244,13.158399588126077
CAMELSH__06307740,77,36,CAMELSH,0,0,84,45.584,-106.255,164.74702222299402,24.821703265957666
CAMELSH__06309200,210,96,CAMELSH,2,0,84,43.578,-107.138,169.53354853929395,42.046964249105
CAMELSH__06311000,175,81,CAMELSH,2,0,84,44.028,-107.081,173.7637533508923,20.07228851506825
CAMELSH__06311400,206,95,CAMELSH,2,0,84,43.911,-106.89,157.69631565010746,20.07228851506825
CAMELSH__06313500,116,55,CAMELSH,1,0,84,43.696,-106.307,105.85183863111429,52.54048882434419
CAMELSH__06316400,59,29,CAMELSH,0,0,84,44.491,-106.178,100.04315862280471,19.48359347349966
CAMELSH__06317020,82,42,CAMELSH,0,0,84,44.632,-106.032,93.17113904131267,19.48359347349966
CAMELSH__06318500,80,39,CAMELSH,0,0,84,44.333,-106.777,146.04507014930203,15.897737557571716
CAMELSH__06320000,71,30,CAMELSH,0,0,84,44.456,-106.879,154.7102398518602,12.430438658787281
CAMELSH__06320500,35,15,CAMELSH,0,0,84,44.466,-107.035,167.14047755408978,12.430438658787281
CAMELSH__06323000,56,27,CAMELSH,0,0,84,44.536,-106.822,151.24338560158557,18.513853340330204
CAMELSH__06324000,64,31,CAMELSH,0,0,84,44.872,-106.083,109.15944758295146,26.98894673940113
CAMELSH__06324970,201,93,CAMELSH,2,0,84,44.927,-105.353,70.42389155709347,57.82220121868044
CAMELSH__06329597,26,15,CAMELSH,0,3,101,47.851,-103.794,253.68507889792465,50.87081499618404
CAMELSH__06331000,144,66,CAMELSH,1,3,101,48.284,-103.573,301.1239066333258,50.87081499618404
CAMELSH__06332000,47,25,CAMELSH,0,3,101,48.376,-102.767,316.8725484699266,62.69393683040279
CAMELSH__06332515,114,51,CAMELSH,1,3,101,47.787,-102.769,252.85689433320923,49.70635262084228
CAMELSH__06332523,106,50,CAMELSH,1,3,101,47.949,-102.215,282.6060442627659,24.783802286117968
CAMELSH__06332770,113,51,CAMELSH,1,3,101,47.738,-102.108,264.19406261494345,24.783802286117968
CAMELSH__06334500,176,77,CAMELSH,2,1,16,45.548,-103.971,104.08189652216699,33.38811251813502
CAMELSH__06336600,89,42,CAMELSH,0,3,101,47.163,-103.993,179.5877410679237,72.72282523711935
CAMELSH__06339100,147,67,CAMELSH,1,3,101,47.236,-102.77,193.88629369028826,31.5156479217608
CAMELSH__06339500,139,63,CAMELSH,1,3,101,47.154,-102.06,209.16620199317262,17.828312559151694
CAMELSH__06340000,121,56,CAMELSH,1,3,101,47.286,-101.926,226.99193668854863,17.828312559151694
CAMELSH__06340500,149,66,CAMELSH,1,3,101,47.285,-101.622,235.68121456886627,22.93054739335476
CAMELSH__06342260,131,62,CAMELSH,1,3,101,47.057,-101.193,219.65078765117772,23.35445911060759
CAMELSH__06342450,78,35,CAMELSH,0,3,101,46.915,-100.814,217.22512377738056,15.195125555670122
CAMELSH__06343000,62,31,CAMELSH,0,3,101,46.866,-102.949,150.5670872483586,43.31956268140025
CAMELSH__06344600,125,59,CAMELSH,1,3,101,47.028,-103.053,165.80133995073447,31.5156479217608
CAMELSH__06345500,115,54,CAMELSH,1,3,101,46.746,-102.308,161.2010933837615,20.07216197080564
CAMELSH__06345780,129,61,CAMELSH,1,3,101,46.657,-102.079,162.34550155255397,20.07216197080564
CAMELSH__06347000,99,47,CAMELSH,0,3,101,46.545,-101.645,154.93525012441043,21.43146749683468
CAMELSH__06347500,108,50,CAMELSH,1,3,101,46.694,-101.467,174.69109433352608,19.320122756900464
CAMELSH__06348300,126,58,CAMELSH,1,3,101,46.703,-101.214,182.5355800684199,16.72268018651518
CAMELSH__06348500,82,39,CAMELSH,0,3,101,46.851,-101.253,196.6072186231572,16.72268018651518
CAMELSH__06349000,139,64,CAMELSH,1,3,101,46.834,-100.975,203.52265447630617,15.195125555670122
CAMELSH__06349600,76,35,CAMELSH,0,3,101,46.807,-100.733,210.00830734126447,18.65671681375355
CAMELSH__06350000,123,57,CAMELSH,1,3,101,46.427,-102.552,121.75680119073414,30.942171648931133
CAMELSH__06351200,114,53,CAMELSH,1,3,101,46.127,-101.333,121.53589271369037,3.8925858538221463
CAMELSH__06352000,119,55,CAMELSH,1,3,101,46.154,-102.474,104.8553380583718,30.942171648931133
CAMELSH__06353000,115,54,CAMELSH,1,3,101,46.092,-101.334,118.21466748615995,3.8925858538221463
CAMELSH__06354580,119,54,CAMELSH,1,3,101,46.269,-100.252,189.84078532175903,66.32131236094284
CAMELSH__06354882,94,47,CAMELSH,0,3,101,45.712,-100.559,137.11935787241026,66.32131236094284
CAMELSH__06355500,172,79,CAMELSH,2,3,101,45.802,-102.362,69.0359310098651,27.540409203648615
CAMELSH__06356000,10,9,CAMELSH,0,1,16,45.576,-103.544,70.70396416335933,33.38811251813502
CAMELSH__06356500,148,69,CAMELSH,1,3,101,45.649,-102.641,62.782784704136155,27.540409203648615
CAMELSH__06359500,155,71,CAMELSH,1,1,16,45.198,-102.157,62.782784704136155,51.238406239973195
CAMELSH__06365900,25,18,CAMELSH,0,1,16,43.429,-105.046,67.55902033255776,67.55902033255776
CAMELSH__06392900,192,89,CAMELSH,2,1,16,44.085,-104.06,106.75206291658954,7.80583494422998
CAMELSH__06392950,210,97,CAMELSH,2,1,16,43.859,-104.107,103.53485479658832,32.884398197905185
CAMELSH__06394000,25,16,CAMELSH,0,1,16,43.535,-104.118,113.55653873354017,51.904563841338614
CAMELSH__06400000,188,87,CAMELSH,2,1,16,43.24,-103.588,166.86055823343855,23.0892690090982
CAMELSH__06400875,218,100,CAMELSH,3,1,16,43.188,-103.227,195.25695810796873,29.820990029801848
CAMELSH__06402000,257,117,CAMELSH,3,1,16,43.431,-103.476,165.52665790670085,14.29533297684206
CAMELSH__06402430,233,107,CAMELSH,3,1,16,43.581,-103.477,159.8205440337479,16.679433980336952
CAMELSH__06402500,242,110,CAMELSH,3,1,16,43.467,-103.306,176.89659854057098,14.29533297684206
CAMELSH__06403300,204,89,CAMELSH,2,1,16,43.717,-103.368,164.67403022255448,17.413889611861265
CAMELSH__06404000,227,99,CAMELSH,3,1,16,43.872,-103.337,164.71930806112786,12.319788524980796
CAMELSH__06406000,236,109,CAMELSH,3,1,16,43.828,-103.196,176.45822687657326,12.319788524980796
CAMELSH__06408700,247,112,CAMELSH,3,1,16,44.137,-103.859,123.35220067816573,13.871791946222832
CAMELSH__06409000,207,95,CAMELSH,2,1,16,44.014,-103.83,124.66452833196372,13.871791946222832
CAMELSH__06422500,183,84,CAMELSH,2,1,16,44.144,-103.455,155.46548743205375,25.717935374927936
CAMELSH__06425100,212,97,CAMELSH,2,1,16,44.24,-103.151,161.73248859618022,26.483775623792173
CAMELSH__06425500,193,90,CAMELSH,2,1,16,44.248,-102.503,156.16210981640754,51.62543945025107
CAMELSH__06425720,66,33,CAMELSH,0,0,84,43.984,-105.388,51.81020652404461,31.730360713761648
CAMELSH__06426130,80,39,CAMELSH,0,0,84,44.267,-105.439,40.10423668916552,0.11119497129649812
CAMELSH__06426160,81,41,CAMELSH,0,0,84,44.268,-105.439,40.08709712508161,0.11119497129649812
CAMELSH__06426500,163,73,CAMELSH,1,1,16,44.322,-104.941,40.08709712508161,40.10423668916552
CAMELSH__06428200,40,20,CAMELSH,0,1,16,44.789,-104.481,70.42389155709347,41.496653595131335
CAMELSH__06428500,181,83,CAMELSH,2,1,16,44.75,-104.047,104.8382126034957,18.302454497714102
CAMELSH__06429500,165,76,CAMELSH,2,1,16,44.154,-104.078,106.35310126448202,7.80583494422998
CAMELSH__06429905,216,99,CAMELSH,3,1,16,44.52,-104.084,109.99706445550494,6.251816448842985
CAMELSH__06430500,253,115,CAMELSH,3,1,16,44.572,-104.054,109.91290811334986,3.8038260463116282
CAMELSH__06430532,101,50,CAMELSH,1,1,16,44.571,-104.006,113.49818209804812,3.8038260463116282
CAMELSH__06430770,250,114,CAMELSH,3,1,16,44.299,-103.869,125.02352321891316,19.065686533185957
CAMELSH__06430800,167,77,CAMELSH,2,1,16,44.327,-103.894,123.13155913675087,17.421672809812684
CAMELSH__06430850,247,113,CAMELSH,3,1,16,44.349,-103.936,119.930500030572,15.914031359700006
CAMELSH__06430900,99,50,CAMELSH,0,1,16,44.402,-103.895,123.69916227288118,9.27335334070533
CAMELSH__06431500,194,90,CAMELSH,2,1,16,44.482,-103.862,127.57608576121389,9.27335334070533
CAMELSH__06433000,232,105,CAMELSH,3,1,16,44.667,-103.839,122.90827702253205,0.6326586413184904
CAMELSH__06433500,26,16,CAMELSH,0,1,16,44.667,-103.847,122.29486895938588,0.6326586413184904
CAMELSH__06436180,186,85,CAMELSH,2,1,16,44.442,-103.629,145.19903631649416,11.796300694994855
CAMELSH__06436190,249,114,CAMELSH,3,1,16,44.542,-103.572,143.1492067476359,11.05557827074913
CAMELSH__06436198,194,89,CAMELSH,2,1,16,44.618,-103.482,132.2664515942797,9.853618004073779
CAMELSH__06436760,139,66,CAMELSH,1,1,16,44.652,-103.367,124.62436949388574,9.853618004073779
CAMELSH__06437020,211,96,CAMELSH,2,1,16,44.336,-103.635,143.7560221491285,11.796300694994855
CAMELSH__06439000,21,12,CAMELSH,0,1,16,44.743,-102.054,110.7451581121784,51.238406239973195
CAMELSH__06440200,199,92,CAMELSH,2,1,16,43.969,-101.767,191.2652169400446,48.1049185681556
CAMELSH__06441500,167,77,CAMELSH,2,1,16,44.327,-100.384,152.2584599594784,85.87761916545834
CAMELSH__06445685,188,84,CAMELSH,2,1,16,43.013,-102.836,216.779487325094,26.923972168508673
CAMELSH__06446000,166,76,CAMELSH,2,1,16,43.255,-102.825,221.65733357981603,26.923972168508673
CAMELSH__06446700,164,71,CAMELSH,1,1,16,43.537,-101.799,172.83687038993878,43.35195577593044
CAMELSH__06447230,137,66,CAMELSH,1,1,16,43.755,-101.228,142.07866144874134,42.08216017345105
CAMELSH__06447500,180,82,CAMELSH,2,1,16,43.167,-101.63,150.90487819434065,9.161486124001224
CAMELSH__06448000,73,36,CAMELSH,0,1,16,43.087,-101.603,148.16773098026874,9.161486124001224
CAMELSH__06449000,217,100,CAMELSH,3,1,16,43.147,-101.515,141.41904755437648,9.589623594951737
CAMELSH__06449100,191,87,CAMELSH,2,1,16,43.101,-101.231,118.06353738705478,23.6097317136415
CAMELSH__06449400,32,20,CAMELSH,0,1,16,43.237,-100.858,90.4027346511504,33.81923219757264
CAMELSH__06449500,161,76,CAMELSH,2,1,16,43.326,-100.884,95.34090802067627,32.43467110340302
CAMELSH__06450500,149,71,CAMELSH,1,1,16,43.601,-100.75,100.95137359588155,32.43467110340302
CAMELSH__06452320,179,82,CAMELSH,2,0,55,43.327,-98.971,94.63498399056391,73.56519420509964
CAMELSH__06453255,69,35,CAMELSH,0,0,55,42.923,-98.106,75.18080688077228,13.698314599541304
CAMELSH__06453600,123,57,CAMELSH,1,0,55,42.811,-98.176,61.729456426667525,13.698314599541304
CAMELSH__06463500,232,103,CAMELSH,3,0,55,42.69,-99.679,59.98229952012428,38.60102049718762
CAMELSH__06464100,177,81,CAMELSH,2,1,16,43.129,-100.107,28.717239862765336,28.717239862765336
CAMELSH__06464500,180,80,CAMELSH,2,0,55,43.029,-99.781,28.717239862765336,28.717239862765336
CAMELSH__06465700,96,46,CAMELSH,0,0,55,42.654,-98.043,49.21667413240453,14.143620837692382
CAMELSH__06466400,131,57,CAMELSH,1,0,55,42.616,-97.878,54.03451477515539,14.143620837692382
CAMELSH__06466500,149,68,CAMELSH,1,0,55,42.757,-97.947,63.06190559527202,16.662004862529177
CAMELSH__06468170,147,68,CAMELSH,1,3,38,47.558,-98.863,293.94651408194954,29.69100102727925
CAMELSH__06468250,144,65,CAMELSH,1,3,38,47.4,-98.798,276.0685308472871,28.941725344492752
CAMELSH__06469400,150,69,CAMELSH,1,3,38,47.167,-98.969,260.0132328892854,11.850861313406238
CAMELSH__06469500,6,8,CAMELSH,0,3,38,47.066,-98.919,248.52462095051956,11.850861313406238
CAMELSH__06470000,141,68,CAMELSH,1,3,38,46.89,-98.682,222.35873838339919,26.576012795033066
CAMELSH__06470800,115,54,CAMELSH,1,3,38,46.225,-98.072,134.94297848262758,43.29969799839384
CAMELSH__06471200,169,79,CAMELSH,2,3,38,45.939,-98.453,129.74385012014264,31.6525002969269
CAMELSH__06471500,179,81,CAMELSH,2,3,38,45.656,-98.497,115.1494998955839,16.456613903902717
CAMELSH__06471800,122,58,CAMELSH,1,3,38,45.519,-98.577,115.01180142257213,16.456613903902717
CAMELSH__06477500,205,92,CAMELSH,2,0,55,43.776,-98.246,166.5556447478026,70.5106044144943
CAMELSH__06478540,94,47,CAMELSH,0,0,55,43.794,-97.368,173.62259141958552,43.101442051009684
CAMELSH__06478600,147,68,CAMELSH,1,0,55,43.445,-97.11,131.43907510340185,8.36528484532675
CAMELSH__06478690,180,82,CAMELSH,2,0,55,43.415,-97.205,129.59241547115454,8.36528484532675
CAMELSH__06479010,186,84,CAMELSH,2,0,55,42.817,-96.924,60.259681150902196,52.364411894203435
CAMELSH__06479215,167,77,CAMELSH,2,0,55,45.181,-97.186,52.74722451037066,19.52881128713417
CAMELSH__06479438,170,78,CAMELSH,2,0,55,45.006,-97.165,70.01689115105857,7.271726312567434
CAMELSH__06479500,116,54,CAMELSH,1,0,55,44.942,-97.146,76.34983699232384,7.271726312567434
CAMELSH__06479525,163,74,CAMELSH,2,0,55,44.732,-97.045,97.57551991207801,24.671620285549363
CAMELSH__06479770,115,53,CAMELSH,1,0,55,44.468,-96.888,125.99012443898306,31.878731507299538
CAMELSH__06480000,178,81,CAMELSH,2,0,55,44.18,-96.749,158.3047482464555,33.87931751211016
CAMELSH__06481000,167,77,CAMELSH,2,0,55,43.79,-96.745,164.5640120598482,9.741551774158276
CAMELSH__06481480,119,56,CAMELSH,1,0,55,43.848,-96.836,172.02033836186027,9.741551774158276
CAMELSH__06481500,170,78,CAMELSH,2,0,55,43.534,-96.791,137.0072694269983,4.993410139376617
CAMELSH__06482000,101,49,CAMELSH,0,0,55,43.501,-96.749,132.81058600243134,4.993410139376617
CAMELSH__06482610,119,56,CAMELSH,1,0,55,43.616,-96.565,144.02254355517846,19.579273800214384
CAMELSH__06483290,137,64,CAMELSH,1,0,55,43.423,-96.165,125.22294658539607,25.47542439857659
CAMELSH__06483500,166,76,CAMELSH,2,0,55,43.214,-96.294,100.44202613597807,25.47542439857659
CAMELSH__06600000,82,35,CAMELSH,0,0,55,42.535,-96.411,24.513180669070092,24.513180669070092
CAMELSH__06600100,177,81,CAMELSH,2,0,55,42.982,-96.001,83.4989870278991,15.708708236327135
CAMELSH__06600300,11,10,CAMELSH,0,0,55,42.924,-96.177,71.61253237853852,15.708708236327135
CAMELSH__06600500,180,82,CAMELSH,2,0,55,42.577,-96.311,31.857327469899484,31.857327469899484
CAMELSH__06600900,124,54,CAMELSH,1,4,20,42.148,-96.483,43.43740574508139,16.136778838000346
CAMELSH__06601000,170,75,CAMELSH,2,4,20,42.322,-96.488,24.513180669070092,19.352295696040567
CAMELSH__06605000,207,91,CAMELSH,2,0,55,43.128,-95.211,87.92002635032505,42.164268531594445
CAMELSH__06605850,202,92,CAMELSH,2,0,55,42.896,-95.243,63.69677825417661,62.44024955907573
CAMELSH__06606600,201,91,CAMELSH,2,0,55,42.471,-95.798,34.92914605917361,34.92914605917361
CAMELSH__06607200,188,85,CAMELSH,2,4,20,42.157,-95.81,34.92914605917361,25.330524504649244
CAMELSH__06607500,180,82,CAMELSH,2,4,20,41.964,-95.973,58.188640041926575,15.191982358494535
CAMELSH__06608500,192,87,CAMELSH,2,4,20,41.831,-95.931,72.00438398311391,15.191982358494535
CAMELSH__06609500,190,87,CAMELSH,2,4,20,41.642,-95.783,67.38579578127322,24.34074185243594
CAMELSH__06610732,81,40,CAMELSH,0,4,20,41.307,-96.104,85.8664556075976,25.188833848632907
CAMELSH__06610750,57,29,CAMELSH,0,4,20,41.336,-96.053,81.48775831487286,26.07866842050584
CAMELSH__06610795,58,30,CAMELSH,0,4,20,41.118,-95.938,76.33278939451866,25.188833848632907
CAMELSH__06614800,203,91,CAMELSH,2,4,23,40.496,-105.865,220.57637442716913,5.123711898847882
CAMELSH__06620000,165,73,CAMELSH,2,4,23,40.937,-106.338,184.89165396541534,37.431269419881055
CAMELSH__06622700,223,102,CAMELSH,3,4,23,41.37,-106.521,134.4657382053103,17.82828887992181
CAMELSH__06622900,78,34,CAMELSH,0,4,23,41.344,-106.526,136.99903195991848,16.428015809041234
CAMELSH__06623800,197,89,CAMELSH,2,4,23,41.024,-106.825,165.01414782623704,32.36111387128457
CAMELSH__06625000,194,88,CAMELSH,2,4,23,41.303,-106.715,136.46785896660901,16.428015809041234
CAMELSH__06627800,73,34,CAMELSH,0,4,23,41.439,-106.972,117.63085222244347,26.241212695712715
CAMELSH__06628900,79,37,CAMELSH,0,4,23,41.586,-106.611,109.40612416821718,25.161188214730927
CAMELSH__06632400,195,89,CAMELSH,2,4,23,41.585,-106.223,118.05886244304853,32.270137721486805
CAMELSH__06634620,215,99,CAMELSH,3,4,23,41.961,-106.209,77.87287425167699,25.710384606521373
CAMELSH__06635000,188,82,CAMELSH,2,4,23,42.01,-106.513,73.9004105903053,25.710384606521373
CAMELSH__06637750,13,11,CAMELSH,0,2,74,42.55,-108.775,63.84375858509861,63.84375858509861
CAMELSH__06639000,75,32,CAMELSH,0,0,84,42.49,-107.134,73.9004105903053,73.9004105903053
CAMELSH__06647500,146,67,CAMELSH,1,0,84,42.612,-105.86,75.06459462459519,75.06459462459519
CAMELSH__06653500,29,19,CAMELSH,0,1,16,42.452,-104.97,61.53167252267768,61.53167252267768
CAMELSH__06659500,14,10,CAMELSH,0,4,23,41.138,-105.981,164.20715946205905,0.0837439109989543
CAMELSH__06659502,72,35,CAMELSH,0,4,23,41.138,-105.98,164.20212979641386,0.0837439109989543
CAMELSH__06659580,87,41,CAMELSH,0,4,23,40.994,-105.76,174.87555456185052,24.424620037077695
CAMELSH__06660000,47,25,CAMELSH,0,4,23,41.327,-105.608,135.78424149185037,26.111872167367476
CAMELSH__06661000,80,34,CAMELSH,0,4,23,41.295,-106.035,147.15690724671003,18.032441846098912
CAMELSH__06661585,101,43,CAMELSH,0,4,23,41.555,-105.683,115.84093123677935,26.111872167367476
CAMELSH__06664400,71,34,CAMELSH,0,4,23,41.844,-105.221,70.70232694602926,10.773628302453705
CAMELSH__06665790,76,36,CAMELSH,0,4,23,41.911,-105.127,61.53167252267768,10.773628302453705
CAMELSH__06696980,75,36,CAMELSH,0,4,23,39.339,-105.912,145.20279277859558,15.137494855047262
CAMELSH__06700000,82,39,CAMELSH,0,4,23,39.163,-105.31,192.13282522693018,13.184008490032811
CAMELSH__06701620,64,31,CAMELSH,0,4,23,39.167,-105.122,201.52384273958327,13.45967479441195
CAMELSH__06701900,163,77,CAMELSH,2,4,23,39.26,-105.222,201.65355772205044,13.184008490032811
CAMELSH__06708800,170,80,CAMELSH,2,4,23,39.423,-104.905,231.6014825154822,6.903658862193611
CAMELSH__06709000,224,99,CAMELSH,3,4,23,39.438,-104.983,225.3844281444937,6.903658862193611
CAMELSH__06709530,236,106,CAMELSH,3,4,23,39.507,-105.024,223.71874468336574,8.44105472710627
CAMELSH__06710150,155,74,CAMELSH,1,4,23,39.563,-104.928,233.26864597974807,10.322410791738323
CAMELSH__06710247,221,102,CAMELSH,3,4,23,39.632,-105.015,228.29178657591208,13.794842284502085
CAMELSH__06710385,186,85,CAMELSH,2,4,23,39.633,-105.337,202.24395504967939,14.115800992903552
CAMELSH__06710605,156,74,CAMELSH,1,4,23,39.652,-105.174,216.08941003239647,13.794842284502085
CAMELSH__06712000,201,91,CAMELSH,2,4,23,39.356,-104.763,237.01130866340247,18.183475177523196
CAMELSH__06713500,285,128,CAMELSH,4,4,23,39.742,-105.0,233.49564369164557,8.70016770181514
CAMELSH__06717400,63,31,CAMELSH,0,4,23,39.716,-105.571,187.32813279934877,10.525676918939597
CAMELSH__06720820,268,119,CAMELSH,4,4,23,39.906,-105.035,237.7499264409319,12.719249083725
CAMELSH__06720990,228,105,CAMELSH,3,4,23,40.069,-104.832,261.20542033763877,25.05225057374745
CAMELSH__06727000,7,4,CAMELSH,0,4,23,40.006,-105.331,220.52158503298753,27.571262381352582
CAMELSH__06746095,117,52,CAMELSH,1,4,23,40.54,-105.883,223.32937461695064,2.9259672328288144
CAMELSH__06746110,182,82,CAMELSH,2,4,23,40.562,-105.864,222.95018503648026,2.9259672328288144
CAMELSH__06751150,205,95,CAMELSH,2,4,23,40.878,-105.338,177.66975200888248,12.439458110859249
CAMELSH__06751490,237,106,CAMELSH,3,4,23,40.787,-105.252,186.61734022189495,12.439458110859249
CAMELSH__06755960,146,66,CAMELSH,1,4,23,41.131,-104.829,147.35282257992066,51.14443276332849
CAMELSH__06762500,85,41,CAMELSH,0,4,23,41.228,-103.893,162.7360418249861,79.07336697324911
CAMELSH__06769000,148,67,CAMELSH,1,4,115,40.734,-99.506,217.9706689833286,9.11713521651523
CAMELSH__06769525,142,64,CAMELSH,1,4,115,40.729,-99.398,219.29691068568454,9.11713521651523
CAMELSH__06771500,6,5,CAMELSH,0,4,20,40.771,-98.798,218.55497070474522,33.9117437032826
CAMELSH__06772000,4,8,CAMELSH,0,4,20,40.852,-98.474,202.2847712166845,8.468385307909028
CAMELSH__06772100,84,42,CAMELSH,0,4,20,40.875,-98.378,197.98362779872303,8.468385307909028
CAMELSH__06772775,127,56,CAMELSH,1,4,20,41.091,-98.078,170.37925076892,34.36481318153194
CAMELSH__06772898,166,76,CAMELSH,2,4,20,41.297,-97.714,147.29163680096505,4.823997740447636
CAMELSH__06773500,152,70,CAMELSH,1,4,20,41.329,-97.675,144.08835929873885,4.823997740447636
CAMELSH__06775500,226,102,CAMELSH,3,4,115,41.831,-100.101,101.63351694205898,1.004178684078716
CAMELSH__06776500,9,9,CAMELSH,0,4,115,41.822,-100.1,102.54760448540519,1.004178684078716
CAMELSH__06783500,6,8,CAMELSH,0,4,20,41.038,-98.993,192.2754471702501,21.14709457336133
CAMELSH__06784000,205,93,CAMELSH,2,4,20,41.032,-98.741,189.39775655291535,20.684908715686777
CAMELSH__06784800,8,9,CAMELSH,0,4,20,41.156,-98.557,171.79814209263745,20.684908715686777
CAMELSH__06786000,202,92,CAMELSH,2,4,20,41.777,-99.381,104.44326856222399,42.542296694724676
CAMELSH__06787500,12,11,CAMELSH,0,4,20,41.81,-99.183,106.02587593825281,31.287911852159603
CAMELSH__06788500,11,10,CAMELSH,0,4,20,41.607,-98.922,135.63281111436308,31.287911852159603
CAMELSH__06791500,8,10,CAMELSH,0,4,20,41.712,-98.447,109.90742910730235,41.15141178760217
CAMELSH__06792000,4,5,CAMELSH,0,4,20,41.395,-98.004,136.1675333920746,22.868896838870477
CAMELSH__06794000,190,82,CAMELSH,2,4,20,41.442,-97.737,131.06124053390337,13.588026022134521
CAMELSH__06794650,200,92,CAMELSH,2,4,20,41.352,-97.403,145.93018221349732,21.819179369958096
CAMELSH__06795500,186,80,CAMELSH,2,4,20,41.526,-97.282,130.8048523814456,21.819179369958096
CAMELSH__06797500,97,47,CAMELSH,0,4,20,42.269,-98.339,49.21667413240453,30.002308390619483
CAMELSH__06798500,6,7,CAMELSH,0,4,20,42.125,-98.031,56.02481478034517,30.002308390619483
CAMELSH__06799000,182,80,CAMELSH,2,4,20,42.003,-97.426,77.63736560057548,54.367979973199624
CAMELSH__06799100,190,82,CAMELSH,2,4,20,42.148,-97.479,61.498621505284504,61.498621505284504
CAMELSH__06799445,143,62,CAMELSH,1,4,20,42.277,-96.862,46.841943356897154,22.41068166788294
CAMELSH__06799450,6,7,CAMELSH,0,4,20,42.114,-96.702,52.5717184304942,18.451003238086187
CAMELSH__06799460,30,18,CAMELSH,0,4,20,42.003,-96.491,59.52081788569046,16.136778838000346
CAMELSH__06799500,155,67,CAMELSH,1,4,20,41.713,-96.522,91.85949578171757,32.34856885324186
CAMELSH__06800000,192,84,CAMELSH,2,4,20,41.56,-96.541,108.94512994465175,45.81299409292833
CAMELSH__06803000,158,69,CAMELSH,1,4,20,40.658,-96.666,114.04255404319821,13.230720757779837
CAMELSH__06803080,203,88,CAMELSH,2,4,20,40.77,-96.719,125.31175602078358,6.379409488181421
CAMELSH__06803093,193,83,CAMELSH,2,4,20,40.766,-96.797,130.1186511702581,4.72670684219181
CAMELSH__06803170,201,86,CAMELSH,2,4,20,40.806,-96.778,131.6893784841839,4.72670684219181
CAMELSH__06803486,156,72,CAMELSH,1,4,20,40.855,-96.779,135.33058770418134,5.449200967497322
CAMELSH__06803495,125,60,CAMELSH,1,4,20,40.839,-96.691,128.68633053701447,1.168109022493936
CAMELSH__06803500,184,80,CAMELSH,2,4,20,40.847,-96.682,128.75644569460746,1.168109022493936
CAMELSH__06803510,202,87,CAMELSH,2,4,20,40.893,-96.682,132.36721077848574,5.114966625866646
CAMELSH__06803513,229,99,CAMELSH,3,4,20,40.886,-96.624,128.43945429514667,4.042802643991203
CAMELSH__06803520,205,90,CAMELSH,2,4,20,40.857,-96.595,124.4183799735364,4.042802643991203
CAMELSH__06803530,194,84,CAMELSH,2,4,20,41.016,-96.544,128.1362030406966,9.37928357863875
CAMELSH__06803555,175,75,CAMELSH,2,4,20,40.966,-96.454,122.78155137256884,9.37928357863875
CAMELSH__06804000,146,65,CAMELSH,1,4,20,41.148,-96.538,124.1130835248235,12.645551965658916
CAMELSH__06804700,202,90,CAMELSH,2,4,20,41.054,-96.368,112.78449654831161,10.35307563715208
CAMELSH__06804900,104,52,CAMELSH,1,4,20,41.146,-96.387,111.75754795685663,10.35307563715208
CAMELSH__06806500,142,62,CAMELSH,1,4,20,40.794,-95.911,75.87293656063865,29.200159853802795
CAMELSH__06807410,198,85,CAMELSH,2,4,20,41.39,-95.372,25.09909270786528,25.09909270786528
CAMELSH__06808500,218,100,CAMELSH,3,4,20,40.873,-95.58,49.99424858366307,27.07665765356362
CAMELSH__06809210,192,88,CAMELSH,2,3,103,41.346,-95.077,25.09909270786528,25.09909270786528
CAMELSH__06809500,217,99,CAMELSH,3,4,20,41.009,-95.242,35.66630907628704,35.66630907628704
CAMELSH__06810000,175,81,CAMELSH,2,4,20,40.632,-95.626,53.03914304845685,27.07665765356362
CAMELSH__06811500,158,69,CAMELSH,1,4,20,40.393,-95.813,43.76448441052517,28.53148902538215
CAMELSH__06813000,120,54,CAMELSH,1,4,20,40.339,-95.406,32.32189753769142,29.319929467133267
CAMELSH__06814000,185,79,CAMELSH,2,4,20,39.948,-96.109,44.271999852809095,41.09308205086158
CAMELSH__06814500,91,45,CAMELSH,0,4,20,40.157,-95.945,32.592540132486626,28.53148902538215
CAMELSH__06815000,191,83,CAMELSH,2,1,75,40.036,-95.596,32.592540132486626,32.592540132486626
CAMELSH__06817000,238,107,CAMELSH,3,3,103,40.739,-95.013,33.31519442907746,26.417343217306396
CAMELSH__06817500,52,29,CAMELSH,0,4,20,40.445,-95.089,27.068333639619393,27.068333639619393
CAMELSH__06817700,183,79,CAMELSH,2,1,75,40.202,-95.07,27.068333639619393,22.01068140090062
CAMELSH__06819185,245,110,CAMELSH,3,3,103,40.661,-94.717,39.55557575916798,26.417343217306396
CAMELSH__06820410,111,54,CAMELSH,1,1,75,40.114,-94.838,42.520719034632215,22.01068140090062
CAMELSH__06820500,208,89,CAMELSH,2,1,75,39.688,-94.703,88.94825516023165,28.647454498188793
CAMELSH__06821080,159,74,CAMELSH,1,1,75,39.568,-94.407,86.1212186227474,24.870292704944788
CAMELSH__06821150,196,91,CAMELSH,2,1,75,39.388,-94.579,110.49707260210374,12.799648955354515
CAMELSH__06821190,219,94,CAMELSH,2,1,75,39.401,-94.727,116.22061659358205,12.799648955354515
CAMELSH__06821500,138,63,CAMELSH,1,4,115,40.029,-101.968,339.5777270603252,8.670516500879046
CAMELSH__06823500,171,76,CAMELSH,2,4,115,40.039,-101.867,339.63255577447694,8.670516500879046
CAMELSH__06827000,153,70,CAMELSH,1,4,115,39.672,-102.014,357.2619681158427,39.890339892649585
CAMELSH__06827500,119,52,CAMELSH,1,4,115,40.01,-101.542,336.1146909309613,27.860873219756698
CAMELSH__06831500,8,9,CAMELSH,0,4,115,40.432,-101.627,295.2292377341884,9.810817735083631
CAMELSH__06832500,6,7,CAMELSH,0,4,115,40.421,-101.512,294.80105595543387,9.810817735083631
CAMELSH__06834000,113,54,CAMELSH,1,4,115,40.352,-101.124,286.44638203138004,2.4092344411236946
CAMELSH__06835000,5,8,CAMELSH,0,4,115,40.373,-101.117,284.07484735870884,2.4092344411236946
CAMELSH__06835500,201,92,CAMELSH,2,4,115,40.235,-100.878,290.68347307797126,20.028849276274745
CAMELSH__06836500,210,94,CAMELSH,2,4,115,40.146,-100.673,294.7662442606727,20.028849276274745
CAMELSH__06837300,6,3,CAMELSH,0,4,115,40.401,-100.784,270.62111098674325,20.10532915137837
CAMELSH__06844000,3,5,CAMELSH,0,4,115,40.306,-99.912,265.79764471323625,20.74508780363564
CAMELSH__06844900,85,37,CAMELSH,0,4,115,39.677,-100.722,337.6908917504878,27.970979054630078
CAMELSH__06845000,69,34,CAMELSH,0,4,115,39.813,-100.534,327.7901387116454,19.25370428214015
CAMELSH__06845110,183,84,CAMELSH,2,4,115,40.002,-99.993,300.0384251574092,27.393594778235848
CAMELSH__06846000,105,49,CAMELSH,1,4,115,39.848,-100.962,333.70055031144324,27.970979054630078
CAMELSH__06846500,249,114,CAMELSH,3,4,115,39.985,-100.56,309.6396588820261,19.25370428214015
CAMELSH__06847000,77,35,CAMELSH,0,4,115,40.12,-99.893,286.32746519855584,20.74508780363564
CAMELSH__06847500,190,83,CAMELSH,2,4,115,40.132,-99.555,278.1902460090067,28.768673245640993
CAMELSH__06847900,237,108,CAMELSH,3,4,115,39.77,-100.101,310.09746676802985,27.393594778235848
CAMELSH__06851500,2,5,CAMELSH,0,4,115,40.089,-98.761,215.601166213171,48.38680993708228
CAMELSH__06852000,6,6,CAMELSH,0,4,20,40.089,-98.435,192.08766183475026,26.35754171200145
CAMELSH__06853800,197,91,CAMELSH,2,4,20,39.899,-98.25,167.38022593874274,26.35754171200145
CAMELSH__06854000,9,10,CAMELSH,0,4,20,39.884,-98.022,150.18006364733006,41.924773275604124
CAMELSH__06860000,246,111,CAMELSH,3,4,115,38.795,-100.858,241.11030102217802,92.17003406010929
CAMELSH__06863500,211,96,CAMELSH,2,4,112,38.852,-99.319,237.09607581510966,42.1015222596849
CAMELSH__06866900,181,84,CAMELSH,2,4,115,39.106,-99.87,279.2139972828198,38.716461383149856
CAMELSH__06867000,116,56,CAMELSH,1,4,112,38.966,-98.855,195.7830716918887,31.660246234340306
CAMELSH__06868200,210,97,CAMELSH,2,4,112,38.976,-98.489,164.17503093972448,31.660246234340306
CAMELSH__06869500,231,107,CAMELSH,3,4,112,39.004,-97.874,110.97690100137812,15.347374532564308
CAMELSH__06869950,167,79,CAMELSH,2,4,112,38.844,-97.668,97.09265621424635,25.181282137128505
CAMELSH__06870300,147,69,CAMELSH,1,4,112,38.653,-97.42,80.41632719189741,30.225881625371724
CAMELSH__06871000,183,82,CAMELSH,2,4,115,39.673,-99.31,241.7987711970852,12.841838225607201
CAMELSH__06871500,203,93,CAMELSH,2,4,115,39.559,-99.286,236.95445978197117,12.841838225607201
CAMELSH__06871800,42,25,CAMELSH,0,4,115,39.66,-99.116,225.37313373763607,16.668195491174018
CAMELSH__06872500,225,97,CAMELSH,3,4,115,39.555,-98.692,187.26360943933682,14.012925598007474
CAMELSH__06873000,156,73,CAMELSH,1,4,115,39.374,-99.583,259.09527874015123,14.898798334657165
CAMELSH__06873200,55,31,CAMELSH,0,4,115,39.41,-99.416,245.28341718522705,14.898798334657165
CAMELSH__06873460,240,110,CAMELSH,3,4,115,39.44,-99.102,219.04994022938195,20.59937431202218
CAMELSH__06874000,233,100,CAMELSH,3,4,115,39.429,-98.695,184.40350370486723,14.012925598007474
CAMELSH__06876700,206,94,CAMELSH,2,4,112,39.139,-97.837,107.2221409834617,15.347374532564308
CAMELSH__06878000,250,114,CAMELSH,3,4,112,39.031,-97.04,39.22111662709973,39.22111662709973
CAMELSH__06879650,319,141,CAMELSH,4,1,75,39.102,-96.595,39.22111662709973,39.22111662709973
CAMELSH__06879900,11,11,CAMELSH,0,4,20,41.102,-97.311,174.7740009819927,24.93524617278862
CAMELSH__06880000,11,11,CAMELSH,0,4,20,40.916,-97.145,163.52252995378376,3.1272922578350135
CAMELSH__06880500,7,8,CAMELSH,0,4,20,40.903,-97.112,160.43216141096403,3.1272922578350135
CAMELSH__06880800,196,85,CAMELSH,2,4,20,40.731,-97.178,154.67979658909005,19.91565517965606
CAMELSH__06881000,207,90,CAMELSH,2,4,20,40.597,-96.96,131.39483155910318,13.731876919505126
CAMELSH__06881200,9,5,CAMELSH,0,4,20,40.48,-97.012,129.9035407449223,13.731876919505126
CAMELSH__06881380,125,54,CAMELSH,1,4,20,40.367,-96.889,115.81487582260387,16.318318640732652
CAMELSH__06883000,174,77,CAMELSH,2,4,20,40.332,-98.067,185.89089777108853,41.31131553004068
CAMELSH__06884000,195,84,CAMELSH,2,4,20,40.115,-97.171,117.9613142598141,20.61549010212214
CAMELSH__06884025,200,87,CAMELSH,2,4,20,39.98,-97.005,97.34759305130002,18.659131201017463
CAMELSH__06884200,178,82,CAMELSH,2,4,20,39.814,-97.037,87.24300117018923,18.659131201017463
CAMELSH__06884400,224,102,CAMELSH,3,4,20,39.726,-96.805,65.57866247749831,22.11124767151942
CAMELSH__06885500,236,107,CAMELSH,3,4,20,39.682,-96.443,41.85496781892519,31.352582486038184
CAMELSH__06888000,151,72,CAMELSH,1,1,75,39.348,-96.218,41.85496781892519,30.84144100074828
CAMELSH__06888500,199,92,CAMELSH,2,1,75,39.063,-96.15,73.29270652318472,29.75203717752196
CAMELSH__06889140,15,11,CAMELSH,0,1,75,39.566,-95.963,43.08671431099623,11.499244939340642
CAMELSH__06889160,16,13,CAMELSH,0,1,75,39.463,-95.951,48.695933421265885,11.499244939340642
CAMELSH__06889200,203,92,CAMELSH,2,1,75,39.238,-95.889,68.55256209615288,20.94705568595879
CAMELSH__06889500,256,115,CAMELSH,3,1,75,39.099,-95.725,89.49578280336803,20.94705568595879
CAMELSH__06890100,242,108,CAMELSH,3,1,75,39.521,-95.533,68.41267005802115,36.443989031703474
CAMELSH__06890900,143,67,CAMELSH,1,1,75,39.075,-95.404,111.93864265312791,26.148997505428387
CAMELSH__06891260,153,69,CAMELSH,1,1,75,38.892,-95.594,103.64269511106595,25.65080887943795
CAMELSH__06891500,258,117,CAMELSH,3,1,75,38.911,-95.261,129.82760351391715,28.893437104495334
CAMELSH__06891810,59,31,CAMELSH,0,1,75,39.448,-95.162,98.26163086452897,37.72751938903894
CAMELSH__06892000,229,103,CAMELSH,3,1,75,39.116,-95.011,132.0056491911328,17.96648549625338
CAMELSH__06892360,158,71,CAMELSH,1,1,75,38.957,-94.974,147.10025358735632,4.989335088948881
CAMELSH__06892495,157,74,CAMELSH,1,1,75,38.978,-94.923,148.31970660145473,4.989335088948881
CAMELSH__06892513,165,78,CAMELSH,2,1,75,39.029,-94.817,150.77865576506133,10.77293177271031
CAMELSH__06893080,247,112,CAMELSH,3,1,75,38.813,-94.676,142.4809364775208,6.413602892339245
CAMELSH__06893100,159,75,CAMELSH,1,1,75,38.842,-94.612,142.81719532127326,5.875057346917952
CAMELSH__06893150,134,65,CAMELSH,1,1,75,38.889,-94.581,146.01623098651868,5.875057346917952
CAMELSH__06893300,266,121,CAMELSH,4,1,75,38.941,-94.671,153.57677345846665,5.7956347635013925
CAMELSH__06893390,163,77,CAMELSH,2,1,75,38.938,-94.608,150.80180262703698,0.5634816295727328
CAMELSH__06893400,35,22,CAMELSH,0,1,75,38.942,-94.604,150.2402128423142,0.5634816295727328
CAMELSH__06893500,225,97,CAMELSH,3,1,75,38.957,-94.559,146.73302867956727,4.233820430067291
CAMELSH__06893557,195,90,CAMELSH,2,1,75,39.033,-94.605,141.92861892906643,2.342649456308311
CAMELSH__06893562,66,35,CAMELSH,0,1,75,39.039,-94.579,140.0902521569222,2.342649456308311
CAMELSH__06893578,165,76,CAMELSH,2,1,75,39.058,-94.512,135.09453787859357,6.159476421885555
CAMELSH__06893620,141,68,CAMELSH,1,1,75,39.112,-94.472,128.18200381324058,6.926298525747807
CAMELSH__06893793,7,9,CAMELSH,0,1,75,38.926,-94.469,145.3291258496648,8.512862638280597
CAMELSH__06893890,128,61,CAMELSH,1,1,75,39.026,-94.344,130.8225158246477,2.391905933678307
CAMELSH__06893910,16,13,CAMELSH,0,1,75,39.047,-94.338,128.51171501444793,2.391905933678307
CAMELSH__06893970,130,62,CAMELSH,1,1,75,39.088,-94.344,124.73860167289214,3.982471254591638
CAMELSH__06894000,219,94,CAMELSH,2,1,75,39.101,-94.301,121.71070341659922,3.982471254591638
CAMELSH__06894200,125,61,CAMELSH,1,1,75,39.332,-94.337,101.44920897860153,25.872583995074287
CAMELSH__06895000,117,57,CAMELSH,1,1,75,39.333,-93.98,86.91225019953526,30.7047311104267
CAMELSH__06896000,115,56,CAMELSH,1,1,75,39.347,-93.496,50.853537912047265,41.652042466476075
CAMELSH__06897000,183,82,CAMELSH,2,3,103,40.297,-94.026,41.5834168452697,41.5834168452697
CAMELSH__06897500,183,79,CAMELSH,2,1,75,39.927,-93.943,30.40248414636349,30.40248414636349
CAMELSH__06898000,201,92,CAMELSH,2,3,103,40.64,-93.808,65.10588679986695,42.36420529209451
CAMELSH__06899500,193,83,CAMELSH,2,2,26,40.069,-93.638,30.40248414636349,17.81726070817355
CAMELSH__06899700,123,60,CAMELSH,1,1,75,39.668,-93.767,45.92819074055874,32.48835436421964
CAMELSH__06900050,175,81,CAMELSH,2,2,26,40.027,-93.436,44.60893653646479,17.81726070817355
CAMELSH__06901500,168,78,CAMELSH,2,2,26,39.896,-93.237,51.90237432781025,22.35708936959861
CAMELSH__06903400,182,83,CAMELSH,2,3,103,40.952,-93.26,50.155417125759435,17.73711749858556
CAMELSH__06903700,188,86,CAMELSH,2,3,103,40.801,-93.192,37.363751438110114,17.73711749858556
CAMELSH__06903900,121,58,CAMELSH,1,3,103,40.822,-92.891,17.4990642593579,17.4990642593579
CAMELSH__06904010,93,46,CAMELSH,0,2,26,40.693,-92.772,17.4990642593579,17.4990642593579
CAMELSH__06904050,149,65,CAMELSH,1,2,26,40.484,-92.686,41.37175418295738,24.34792961998448
CAMELSH__06904500,210,90,CAMELSH,2,2,26,40.234,-92.686,67.6392991563891,40.913910172718296
CAMELSH__06905500,212,91,CAMELSH,2,2,26,39.54,-92.791,64.22973425560876,13.751605305020039
CAMELSH__06906000,159,73,CAMELSH,1,2,26,39.524,-92.95,50.853537912047265,13.751605305020039
CAMELSH__06906150,214,96,CAMELSH,2,2,26,39.897,-92.493,105.4511663375471,16.385596357605706
CAMELSH__06906200,225,96,CAMELSH,3,2,26,39.751,-92.519,95.05265086036061,16.385596357605706
CAMELSH__06906300,109,47,CAMELSH,1,2,26,39.455,-92.568,74.74111018060155,21.341307315054497
CAMELSH__06906800,211,97,CAMELSH,2,1,75,38.702,-92.979,58.663489286757816,37.36650280466633
CAMELSH__06907700,126,61,CAMELSH,1,1,75,38.87,-93.622,92.96074669255889,39.18511724240169
CAMELSH__06908000,214,92,CAMELSH,2,1,75,38.992,-93.197,56.25704015652537,37.36650280466633
CAMELSH__06909500,132,57,CAMELSH,1,2,26,39.121,-92.567,56.25704015652537,29.07031444281384
CAMELSH__06910230,142,61,CAMELSH,1,2,26,38.928,-92.34,60.79938954625153,29.07031444281384
CAMELSH__06910750,180,84,CAMELSH,2,2,26,38.529,-92.192,35.937307048512736,39.92875321996057
CAMELSH__06910800,253,116,CAMELSH,3,1,75,38.567,-95.962,58.788535667088276,19.39454249202138
CAMELSH__06911000,109,54,CAMELSH,1,1,75,38.516,-95.692,80.1023822968097,11.357067538454114
CAMELSH__06911490,177,83,CAMELSH,2,1,75,38.601,-95.685,82.86057820473188,4.179823496220354
CAMELSH__06911500,11,12,CAMELSH,0,1,75,38.609,-95.638,87.03020604687372,4.179823496220354
CAMELSH__06911900,256,116,CAMELSH,3,1,75,38.711,-95.836,75.349312406362,17.931198745497323
CAMELSH__06912500,252,114,CAMELSH,3,1,75,38.645,-95.56,94.67243262485121,7.869862767977128
CAMELSH__06913000,253,116,CAMELSH,3,1,75,38.584,-95.454,101.868548838281,11.437890773451095
CAMELSH__06913500,258,117,CAMELSH,3,1,75,38.618,-95.268,118.46525313174378,16.599636618914854
CAMELSH__06914000,36,22,CAMELSH,0,1,75,38.334,-95.249,101.17864321446304,4.344717560472978
CAMELSH__06914100,102,48,CAMELSH,0,1,75,38.349,-95.203,104.27866532575318,4.344717560472978
CAMELSH__06914950,233,107,CAMELSH,3,1,75,38.753,-94.977,140.30404227733968,8.659382281352345
CAMELSH__06914990,230,105,CAMELSH,3,1,75,38.768,-94.879,139.94674807587703,8.659382281352345
CAMELSH__06915000,234,108,CAMELSH,3,1,75,38.637,-94.892,125.97493332895607,14.610152622717086
CAMELSH__06915800,203,94,CAMELSH,2,1,75,38.345,-94.772,92.00214046572933,36.602309511553386
CAMELSH__06916600,244,111,CAMELSH,3,1,75,38.223,-94.668,77.10886352020759,23.037917380922
CAMELSH__06917000,221,102,CAMELSH,3,1,75,38.019,-94.714,55.5373035518451,17.61585230469162
CAMELSH__06917060,185,79,CAMELSH,2,1,75,37.995,-94.369,53.78008055020403,15.021176724288523
CAMELSH__06917240,175,81,CAMELSH,2,1,75,37.836,-94.981,50.05743991671059,26.68570927154266
CAMELSH__06917380,126,61,CAMELSH,1,1,75,37.818,-94.792,37.60783931700176,11.113105221798623
CAMELSH__06917500,112,56,CAMELSH,1,1,75,37.863,-94.679,37.99385176993403,8.518052769349431
CAMELSH__06917560,140,67,CAMELSH,1,1,75,37.865,-94.582,36.75502730213789,8.518052769349431
CAMELSH__06917630,156,73,CAMELSH,1,0,50,37.535,-94.558,36.75502730213789,32.14310497398509
CAMELSH__06918060,151,71,CAMELSH,1,1,75,37.862,-94.399,38.95891619479008,15.021176724288523
CAMELSH__06918440,225,101,CAMELSH,3,0,50,37.443,-93.685,46.584979722898595,18.118267984607698
CAMELSH__06918460,238,102,CAMELSH,3,0,50,37.402,-93.802,48.464595757488595,29.315841885757827
CAMELSH__06918493,197,91,CAMELSH,2,0,50,37.266,-93.249,54.61573013188871,10.776886591283267
CAMELSH__06918740,224,96,CAMELSH,3,0,50,37.483,-93.486,49.02198550690823,18.118267984607698
CAMELSH__06919020,229,98,CAMELSH,3,0,50,37.736,-93.78,13.72750666942835,15.036519216500771
CAMELSH__06919500,220,95,CAMELSH,3,1,75,37.834,-93.875,13.72750666942835,7.482390502529123
CAMELSH__06919900,224,97,CAMELSH,3,1,75,37.87,-93.803,15.036519216500771,7.482390502529123
CAMELSH__06920580,6,7,CAMELSH,0,1,75,38.012,-93.627,33.49938212970575,22.079906516625975
CAMELSH__06921070,232,105,CAMELSH,3,0,50,37.683,-93.37,25.056803136284685,11.797762751538551
CAMELSH__06921200,231,102,CAMELSH,3,0,50,37.75,-93.266,18.20751708834407,11.797762751538551
CAMELSH__06921350,228,102,CAMELSH,3,1,75,37.906,-93.329,18.20751708834407,18.20751708834407
CAMELSH__06921590,125,60,CAMELSH,1,1,75,38.479,-94.335,95.83114652461703,33.28132519975398
CAMELSH__06921720,123,59,CAMELSH,1,1,75,38.555,-93.965,92.49439497101604,33.28132519975398
CAMELSH__06923250,153,71,CAMELSH,1,1,39,37.684,-92.924,30.964509016817114,20.03464724112708
CAMELSH__06923940,120,59,CAMELSH,1,1,39,37.863,-92.898,34.68590637661925,20.03464724112708
CAMELSH__06923950,215,99,CAMELSH,3,1,39,37.937,-92.851,41.955967721149555,28.85399568609058
CAMELSH__06927000,166,78,CAMELSH,2,2,26,38.432,-91.989,15.481816750551312,38.702416090511605
CAMELSH__06927240,101,48,CAMELSH,0,2,26,38.76,-91.84,41.28993902941453,38.702416090511605
CAMELSH__06928000,181,84,CAMELSH,2,1,39,37.759,-92.452,71.5698435467554,23.925561076866654
CAMELSH__06928300,189,88,CAMELSH,2,1,39,37.601,-92.234,92.32365683333468,17.741787814707468
CAMELSH__06928420,97,48,CAMELSH,0,1,39,37.792,-92.183,73.16071608311911,11.548076961245165
CAMELSH__06930000,189,88,CAMELSH,2,1,39,37.666,-92.05,85.34262484462245,10.475985654725578
CAMELSH__06930060,185,86,CAMELSH,2,1,39,37.76,-92.058,74.9665405239235,10.475985654725578
CAMELSH__06932000,228,99,CAMELSH,3,1,39,37.91,-91.903,58.52858835574121,6.861545210052866
CAMELSH__06933500,226,102,CAMELSH,3,1,39,37.93,-91.977,55.829706459746866,6.861545210052866
CAMELSH__06934000,230,99,CAMELSH,3,1,39,38.389,-91.82,15.481816750551312,34.05074728810322
CAMELSH__06935755,194,89,CAMELSH,2,0,94,38.61,-90.672,62.921140662296004,7.048424266234161
CAMELSH__06935770,190,88,CAMELSH,2,0,94,38.658,-90.619,69.9579311978856,2.1105135581236505
CAMELSH__06935830,208,96,CAMELSH,2,0,94,38.655,-90.595,70.99195681702258,2.1105135581236505
CAMELSH__06935850,201,93,CAMELSH,2,0,94,38.646,-90.527,74.13225309437298,5.273702756922118
CAMELSH__06935890,163,77,CAMELSH,2,0,94,38.683,-90.489,79.39050827349304,5.273702756922118
CAMELSH__06935955,206,95,CAMELSH,2,0,94,38.728,-90.447,85.53894179465736,4.183094068258452
CAMELSH__06935980,209,96,CAMELSH,2,0,94,38.764,-90.433,89.32861355630416,4.183094068258452
CAMELSH__06935997,200,92,CAMELSH,2,0,94,38.848,-90.286,104.8128528317086,8.94165459803665
CAMELSH__06936475,216,99,CAMELSH,3,0,94,38.818,-90.251,104.56102153397696,4.6086177521637435
CAMELSH__07001910,122,59,CAMELSH,1,0,94,38.779,-90.233,102.74034352491641,3.648820641827942
CAMELSH__07001985,168,79,CAMELSH,2,0,94,38.762,-90.197,103.86195239568583,3.648820641827942
CAMELSH__07005000,188,87,CAMELSH,2,0,94,38.737,-90.226,100.15051499478102,3.748638082147469
CAMELSH__07010022,204,94,CAMELSH,2,0,94,38.668,-90.324,88.70799058833565,1.2696334788209274
CAMELSH__07010030,199,92,CAMELSH,2,0,94,38.677,-90.315,89.94736829002522,1.2369922787621277
CAMELSH__07010035,198,90,CAMELSH,2,0,94,38.683,-90.303,91.17544930055328,1.2369922787621277
CAMELSH__07010055,170,80,CAMELSH,2,0,94,38.622,-90.375,82.04637441855986,0.7831980442150406
CAMELSH__07010061,125,61,CAMELSH,1,0,94,38.621,-90.385,81.29964954681382,0.87583797535579
CAMELSH__07010070,165,78,CAMELSH,2,0,94,38.615,-90.376,81.49439368770885,0.7831980442150406
CAMELSH__07010075,176,83,CAMELSH,2,0,94,38.616,-90.364,82.38394062820231,1.0485009503919918
CAMELSH__07010082,152,72,CAMELSH,1,0,94,38.617,-90.337,84.3154206306922,2.0196046143672617
CAMELSH__07010086,204,94,CAMELSH,2,0,94,38.601,-90.326,84.03476701563459,2.0196046143672617
CAMELSH__07010090,158,73,CAMELSH,1,0,94,38.577,-90.324,82.65588636140309,1.8657410084190529
CAMELSH__07010094,132,64,CAMELSH,1,0,94,38.565,-90.309,83.01214670864175,1.8657410084190529
CAMELSH__07010097,120,57,CAMELSH,1,0,94,38.559,-90.283,84.57319560881277,2.357019089671895
CAMELSH__07010180,204,93,CAMELSH,2,0,94,38.527,-90.3,81.48567881304521,3.853179448708096
CAMELSH__07010208,198,92,CAMELSH,2,0,94,38.491,-90.293,80.10782068670618,4.049089316888331
CAMELSH__07010350,122,59,CAMELSH,1,1,39,37.829,-91.437,73.87760840670647,19.9396163542436
CAMELSH__07013000,237,102,CAMELSH,3,1,39,37.998,-91.361,59.00610110868391,13.908820808993838
CAMELSH__07014000,130,63,CAMELSH,1,1,39,37.975,-91.205,48.28465125056838,13.908820808993838
CAMELSH__07014500,256,111,CAMELSH,3,1,39,38.159,-91.108,33.189165789850186,22.152063376590533
CAMELSH__07015720,209,92,CAMELSH,2,1,39,38.147,-91.581,47.66810467012512,25.404087718112518
CAMELSH__07016500,219,95,CAMELSH,3,0,94,38.444,-90.995,33.189165789850186,33.189165789850186
CAMELSH__07017200,211,97,CAMELSH,2,1,39,37.83,-90.691,36.717860261981734,33.54447214966267
CAMELSH__07018100,217,97,CAMELSH,3,0,94,38.16,-90.706,35.147765766847655,26.47132352458579
CAMELSH__07018500,211,96,CAMELSH,2,0,94,38.392,-90.638,48.52312713694467,13.294111169352373
CAMELSH__07019000,231,100,CAMELSH,3,0,94,38.506,-90.592,59.28267929270292,6.605282686824963
CAMELSH__07019072,210,95,CAMELSH,2,0,94,38.556,-90.551,65.63115597690013,4.04210170537216
CAMELSH__07019090,200,93,CAMELSH,2,0,94,38.534,-90.514,66.49846270383321,2.018442753851028
CAMELSH__07019120,199,92,CAMELSH,2,0,94,38.552,-90.511,67.9666530513818,2.018442753851028
CAMELSH__07019150,204,94,CAMELSH,2,0,94,38.593,-90.493,72.13137590505053,3.085285172291288
CAMELSH__07019175,202,94,CAMELSH,2,0,94,38.577,-90.464,72.88705345559491,3.085285172291288
CAMELSH__07019195,191,89,CAMELSH,2,0,94,38.527,-90.447,70.69316801501877,5.752926958918893
CAMELSH__07019220,203,94,CAMELSH,2,0,94,38.511,-90.444,69.90038087872469,6.6048801244201485
CAMELSH__07019317,200,92,CAMELSH,2,0,94,38.483,-90.341,75.99367916952222,4.2714672637184385
CAMELSH__07020550,171,80,CAMELSH,2,1,39,37.737,-89.928,82.86129899826426,39.25162036887251
CAMELSH__07021000,173,80,CAMELSH,2,1,39,37.147,-90.076,125.5535405225405,29.570734950353916
CAMELSH__07024000,246,112,CAMELSH,3,1,39,36.629,-88.964,80.24617140168658,25.613902762572838
CAMELSH__07024200,120,59,CAMELSH,1,4,46,36.065,-88.405,36.95368981088615,7.788404689196532
CAMELSH__07024300,2,8,CAMELSH,0,4,46,35.999,-88.434,36.38086209867701,7.788404689196532
CAMELSH__07024500,167,77,CAMELSH,2,1,39,36.118,-88.811,36.38086209867701,18.50288372442286
CAMELSH__07025400,175,82,CAMELSH,2,1,39,36.405,-88.855,55.30153915833417,26.744618921788923
CAMELSH__07025500,18,11,CAMELSH,0,1,39,36.4,-88.995,64.71428673370413,25.613902762572838
CAMELSH__07027720,181,83,CAMELSH,2,1,39,35.719,-89.212,53.759096521957986,33.153311092960266
CAMELSH__07028500,26,19,CAMELSH,0,1,39,35.98,-88.926,44.315857655520155,18.50288372442286
CAMELSH__07028960,206,96,CAMELSH,2,1,39,35.744,-88.846,46.71312610553464,27.21425980481301
CAMELSH__07029270,84,43,CAMELSH,0,3,22,34.942,-88.788,89.33335780287128,40.82449735225133
CAMELSH__07029500,265,116,CAMELSH,3,3,22,35.275,-88.977,53.48142895065328,36.42310637877872
CAMELSH__07030050,161,77,CAMELSH,2,1,39,35.637,-89.609,65.1193629016403,36.99986602858432
CAMELSH__07030392,215,99,CAMELSH,3,3,22,35.033,-89.247,74.75940295244104,26.866567365488958
CAMELSH__07030500,171,79,CAMELSH,2,3,22,35.054,-89.541,65.1193629016403,26.866567365488958
CAMELSH__07035000,180,81,CAMELSH,2,1,39,37.559,-90.313,75.20858842108294,14.270913554397627
CAMELSH__07035800,210,96,CAMELSH,2,1,39,37.502,-90.458,76.33920590380878,13.196816370186873
CAMELSH__07036100,197,89,CAMELSH,2,1,39,37.384,-90.474,88.66390598036263,13.196816370186873
CAMELSH__07037300,140,67,CAMELSH,1,1,39,37.261,-90.507,101.48534690259683,7.3474052033789885
CAMELSH__07037500,208,95,CAMELSH,2,1,39,37.195,-90.503,108.78008263749942,7.3474052033789885
CAMELSH__07039500,225,102,CAMELSH,3,1,39,36.928,-90.265,142.40222548354544,16.336529629731004
CAMELSH__07040000,77,40,CAMELSH,0,1,39,36.79,-90.202,158.6960689843514,16.336529629731004
CAMELSH__07040100,7,11,CAMELSH,0,1,39,36.456,-90.137,160.9839790851244,37.58938455307572
CAMELSH__07040450,8,11,CAMELSH,0,1,39,35.821,-90.432,117.42814919840116,65.35556589675996
CAMELSH__07047800,85,44,CAMELSH,0,1,39,35.273,-90.559,95.68934993522248,50.081012564747574
CAMELSH__07048480,90,44,CAMELSH,0,0,50,36.057,-94.175,178.99329149744253,1.538612429797747
CAMELSH__07048490,91,45,CAMELSH,0,0,50,36.048,-94.162,178.27279280963845,1.538612429797747
CAMELSH__07048550,159,74,CAMELSH,1,0,50,36.054,-94.083,171.43883326131134,7.133397156844077
CAMELSH__07048600,258,118,CAMELSH,3,0,50,36.073,-94.081,170.47990563130836,7.204571496053084
CAMELSH__07048700,30,16,CAMELSH,0,0,50,36.106,-94.012,163.36653234618797,0.42260265288026183
CAMELSH__07048800,45,26,CAMELSH,0,0,50,36.104,-94.008,163.11269674512215,0.42260265288026183
CAMELSH__07049000,197,92,CAMELSH,2,0,50,36.2,-93.855,146.51585531522542,17.39703673130104
CAMELSH__07050152,123,59,CAMELSH,1,0,50,36.581,-93.834,136.4907392890906,25.54851512459014
CAMELSH__07050500,238,109,CAMELSH,3,0,50,36.426,-93.623,119.78204595104978,25.54851512459014
CAMELSH__07050690,187,87,CAMELSH,2,0,50,37.178,-93.198,61.245694290392926,3.1448249412319176
CAMELSH__07050700,216,100,CAMELSH,3,0,50,37.15,-93.203,64.28737630229857,3.1448249412319176
CAMELSH__07052000,198,92,CAMELSH,2,0,50,37.187,-93.331,65.91975863428253,3.993083878006696
CAMELSH__07052100,178,83,CAMELSH,2,0,50,37.169,-93.37,69.50069463549279,1.7795366000425634
CAMELSH__07052120,199,90,CAMELSH,2,0,50,37.154,-93.363,70.54184528175595,1.3179391148037287
CAMELSH__07052152,178,84,CAMELSH,2,0,50,37.147,-93.375,71.77702138600677,1.3179391148037287
CAMELSH__07052250,174,81,CAMELSH,2,0,50,37.007,-93.365,84.77395238989152,4.843532048270462
CAMELSH__07052345,172,81,CAMELSH,2,0,50,36.975,-93.328,86.55192685656303,4.843532048270462
CAMELSH__07052500,218,94,CAMELSH,2,0,50,36.805,-93.462,104.92288218233188,15.217580879576564
CAMELSH__07052820,112,55,CAMELSH,1,0,50,36.751,-93.619,117.88330757135623,15.217580879576564
CAMELSH__07053250,229,106,CAMELSH,3,0,50,36.454,-93.356,95.75652260804013,32.22927360263824
CAMELSH__07053810,220,100,CAMELSH,3,0,50,36.718,-93.207,80.99020197861906,24.69002862763141
CAMELSH__07054080,235,105,CAMELSH,3,0,50,36.78,-92.907,56.21480255023086,27.603708698530884
CAMELSH__07055646,214,99,CAMELSH,2,0,105,35.939,-93.405,124.72404420925368,45.705781543268024
CAMELSH__07055875,223,102,CAMELSH,3,0,105,35.797,-92.929,107.89655063287772,25.13287212859036
CAMELSH__07056000,257,117,CAMELSH,3,0,105,35.983,-92.748,81.83288728030118,5.725788902147794
CAMELSH__07056515,146,70,CAMELSH,1,0,105,35.94,-92.713,84.65457430463223,5.725788902147794
CAMELSH__07056700,165,78,CAMELSH,2,0,105,36.068,-92.578,66.76100638135237,17.973739786307817
CAMELSH__07057500,230,105,CAMELSH,3,1,39,36.623,-92.248,61.28964641102896,5.195012283672667
CAMELSH__07058000,205,94,CAMELSH,2,1,39,36.627,-92.306,56.21480255023086,5.195012283672667
CAMELSH__07060710,251,114,CAMELSH,3,0,105,35.995,-92.213,69.9008011436,33.81058886064086
CAMELSH__07061270,158,74,CAMELSH,1,1,39,37.553,-90.842,68.54325396842194,6.5699776326450285
CAMELSH__07061290,123,60,CAMELSH,1,1,39,37.494,-90.838,74.95777651825796,4.987951637259331
CAMELSH__07061300,18,12,CAMELSH,0,1,39,37.45,-90.827,79.66086088420361,4.987951637259331
CAMELSH__07061500,235,101,CAMELSH,3,1,39,37.338,-90.789,91.69306815490246,2.6410959321107326
CAMELSH__07061600,131,60,CAMELSH,1,1,39,37.325,-90.764,92.98771469175294,2.6410959321107326
CAMELSH__07061900,209,94,CAMELSH,2,1,39,37.247,-90.965,104.04646355537321,19.784687616022403
CAMELSH__07062500,120,59,CAMELSH,1,1,39,37.059,-90.687,122.43705287694614,12.547410967444783
CAMELSH__07062575,102,51,CAMELSH,1,1,39,36.972,-90.597,132.4484237858008,12.547410967444783
CAMELSH__07063000,230,105,CAMELSH,3,1,39,36.76,-90.388,158.18265937040746,21.65108391947661
CAMELSH__07064000,257,118,CAMELSH,3,1,39,36.402,-90.542,152.4602198862239,25.74429954897077
CAMELSH__07064440,130,63,CAMELSH,1,1,39,37.448,-91.671,112.91341666135239,13.141971383082444
CAMELSH__07064533,164,78,CAMELSH,2,1,39,37.376,-91.553,114.64040877269848,13.141971383082444
CAMELSH__07065200,139,67,CAMELSH,1,1,39,37.056,-91.668,114.34153166879715,22.423597553363486
CAMELSH__07065495,238,109,CAMELSH,3,1,39,37.148,-91.443,129.89272046412515,7.562826618182681
CAMELSH__07066000,223,100,CAMELSH,3,1,39,37.154,-91.358,125.72672105602285,7.562826618182681
CAMELSH__07067000,225,102,CAMELSH,3,1,39,36.991,-91.014,132.79033550621838,29.997986262083522
CAMELSH__07068000,227,104,CAMELSH,3,1,39,36.622,-90.848,140.78420192408157,24.387322920891524
CAMELSH__07068510,131,63,CAMELSH,1,1,39,36.632,-90.575,162.95914775163317,21.921460269704806
CAMELSH__07069305,174,82,CAMELSH,2,1,39,36.313,-91.483,74.47107108915988,30.360937273121337
CAMELSH__07069500,196,91,CAMELSH,2,1,39,36.205,-91.172,96.39835628802862,16.651925176063394
CAMELSH__07071500,232,106,CAMELSH,3,1,39,36.649,-91.201,116.2249318831276,31.64027398958642
CAMELSH__07072000,237,104,CAMELSH,3,1,39,36.347,-91.113,106.21336625458255,16.651925176063394
CAMELSH__07075000,125,61,CAMELSH,1,0,105,35.657,-92.293,103.11240415372275,16.459513373366118
CAMELSH__07075300,228,105,CAMELSH,3,0,105,35.591,-92.456,115.98332673258227,16.459513373366118
CAMELSH__07076517,215,99,CAMELSH,3,0,105,35.438,-91.746,61.28057944179464,55.15495182621607
CAMELSH__07077700,39,23,CAMELSH,0,1,39,35.252,-91.11,61.28057944179464,50.081012564747574
CAMELSH__07079300,199,91,CAMELSH,2,4,23,39.272,-106.306,110.5599495920086,3.672102815049923
CAMELSH__07081200,182,83,CAMELSH,2,4,23,39.257,-106.344,106.95061560766422,3.672102815049923
CAMELSH__07083000,164,73,CAMELSH,2,4,23,39.172,-106.389,100.90025935892695,10.215775514167866
CAMELSH__07083200,48,23,CAMELSH,0,4,23,39.186,-106.383,101.73285787363231,8.579940800122982
CAMELSH__07086000,7,6,CAMELSH,0,4,23,39.043,-106.266,109.59087553254264,6.6543302162577955
CAMELSH__07087050,98,46,CAMELSH,0,4,23,38.995,-106.22,113.40272805733599,6.6543302162577955
CAMELSH__07093700,53,23,CAMELSH,0,4,23,38.503,-105.94,101.34612697409388,59.95485123061879
CAMELSH__07096000,52,25,CAMELSH,0,4,23,38.434,-105.257,134.06351515194768,25.69887458835301
CAMELSH__07096250,212,96,CAMELSH,2,4,23,38.664,-105.228,152.8693244248126,25.69887458835301
CAMELSH__07099060,186,84,CAMELSH,2,4,23,38.489,-104.997,155.97373346883643,27.523189433790918
CAMELSH__07099215,98,47,CAMELSH,0,4,23,38.612,-104.895,171.123262240786,11.355985241720289
CAMELSH__07103980,233,107,CAMELSH,3,4,23,38.939,-104.741,204.53635430105533,6.092261707957099
CAMELSH__07103990,251,113,CAMELSH,3,4,23,38.928,-104.81,199.3227590202882,6.092261707957099
CAMELSH__07105600,114,52,CAMELSH,1,4,23,38.788,-104.774,191.4144794495093,11.009099999308962
CAMELSH__07105900,282,126,CAMELSH,4,4,23,38.684,-104.689,190.32560192939837,9.266097581892247
CAMELSH__07105945,242,110,CAMELSH,3,4,23,38.707,-104.847,180.84209333273785,11.009099999308962
CAMELSH__07106000,255,116,CAMELSH,3,4,23,38.602,-104.67,186.63940316925343,9.266097581892247
CAMELSH__07106300,292,126,CAMELSH,4,4,23,38.44,-104.594,183.53930192864914,16.91264398854986
CAMELSH__07106500,278,126,CAMELSH,4,4,23,38.288,-104.601,176.08250602938836,11.072881903189508
CAMELSH__07108900,266,121,CAMELSH,4,4,23,38.246,-104.486,183.87171336219583,11.072881903189508
CAMELSH__07116500,250,111,CAMELSH,3,4,23,38.225,-104.261,201.8752677590742,19.789893899908293
CAMELSH__07119500,275,123,CAMELSH,4,4,23,38.091,-103.982,222.07984360324537,28.5846019887557
CAMELSH__07121500,276,125,CAMELSH,4,4,47,38.003,-103.656,248.7496502308989,5.593380853133923
CAMELSH__07122400,19,8,CAMELSH,0,4,47,37.982,-103.598,253.51733130112285,5.593380853133923
CAMELSH__07126200,236,106,CAMELSH,3,4,47,37.346,-103.958,224.01822759034025,77.49468398715601
CAMELSH__07126300,246,108,CAMELSH,3,4,47,37.356,-103.9,228.86269760209586,74.51047318779388
CAMELSH__07126485,196,89,CAMELSH,2,4,47,37.618,-103.594,252.51049319175092,40.47647905753645
CAMELSH__07128500,261,119,CAMELSH,3,4,115,38.034,-103.2,250.16754783276494,35.346183880931626
CAMELSH__07134100,136,65,CAMELSH,1,4,115,38.114,-102.484,214.1554457070548,30.938268025714496
CAMELSH__07134990,141,64,CAMELSH,1,4,115,38.057,-102.138,192.46715297106655,30.938268025714496
CAMELSH__07140850,246,113,CAMELSH,3,4,112,38.207,-99.643,182.53679109826174,4.892576772848767
CAMELSH__07141175,102,51,CAMELSH,1,4,112,38.163,-99.643,177.64920074164073,4.892576772848767
CAMELSH__07141200,220,94,CAMELSH,3,4,112,38.207,-99.406,182.81523187056231,20.707845141841805
CAMELSH__07141770,109,51,CAMELSH,1,4,112,38.465,-99.623,211.1408282919566,16.160737414318852
CAMELSH__07141780,154,72,CAMELSH,1,4,112,38.477,-99.438,212.62007828478215,16.160737414318852
CAMELSH__07141900,240,110,CAMELSH,3,4,112,38.462,-99.015,215.97050337889348,22.29227210885952
CAMELSH__07142020,104,52,CAMELSH,1,4,112,38.419,-98.765,199.40548175269942,22.29227210885952
CAMELSH__07142300,244,111,CAMELSH,3,4,112,37.872,-98.876,156.96898676573048,29.371903209979823
CAMELSH__07142575,217,93,CAMELSH,2,4,112,38.094,-98.546,189.8328067647902,18.72370954482174
CAMELSH__07142620,26,18,CAMELSH,0,4,112,38.229,-98.418,174.45226649453784,18.72370954482174
CAMELSH__07143300,249,107,CAMELSH,3,4,112,38.308,-98.192,153.05473914385587,39.026893904548864
CAMELSH__07143665,242,111,CAMELSH,3,4,112,38.112,-97.592,112.51099891460089,29.412713550163897
CAMELSH__07143672,221,101,CAMELSH,3,4,112,38.029,-97.541,111.36313297092865,19.203759307030047
CAMELSH__07144100,233,107,CAMELSH,3,4,112,37.883,-97.424,109.55781922822517,6.492194428583814
CAMELSH__07144200,113,55,CAMELSH,1,4,112,37.832,-97.388,110.05473056997762,6.492194428583814
CAMELSH__07144480,115,55,CAMELSH,1,4,112,37.702,-97.481,119.79591171558944,3.2613629456899105
CAMELSH__07144485,31,20,CAMELSH,0,4,112,37.679,-97.458,117.12005154955472,3.2613629456899105
CAMELSH__07144780,235,106,CAMELSH,3,4,112,37.863,-98.014,156.74403817163426,24.96042114298618
CAMELSH__07144795,169,78,CAMELSH,2,4,112,37.721,-97.794,146.6857621379695,18.558998581422056
CAMELSH__07144910,263,119,CAMELSH,3,4,112,37.638,-98.721,140.0468217516359,29.371903209979823
CAMELSH__07145200,248,112,CAMELSH,3,4,112,37.561,-97.854,148.63607372672206,18.558998581422056
CAMELSH__07145500,246,112,CAMELSH,3,4,112,37.457,-97.424,109.70404017198415,23.08513538671932
CAMELSH__07145700,248,110,CAMELSH,3,4,112,37.25,-97.404,100.17498230448139,22.03528025886967
CAMELSH__07147070,257,117,CAMELSH,3,4,112,37.796,-97.013,86.55161426769611,33.18401992029257
CAMELSH__07147800,256,117,CAMELSH,3,4,112,37.224,-96.996,64.98732724234479,36.234366138613126
CAMELSH__07148400,253,108,CAMELSH,3,4,112,36.815,-98.648,85.19037213662423,29.508242883909382
CAMELSH__07149000,231,99,CAMELSH,3,4,112,37.039,-98.47,109.70267265186729,29.508242883909382
CAMELSH__07151500,234,107,CAMELSH,3,4,112,37.129,-97.601,112.81176211908526,22.03528025886967
CAMELSH__07152000,231,105,CAMELSH,3,4,112,36.811,-97.277,67.21859680323358,50.099452043852935
CAMELSH__07153000,231,106,CAMELSH,3,0,50,36.344,-96.799,62.686792771306145,26.09693148122044
CAMELSH__07154500,238,108,CAMELSH,3,4,47,36.927,-102.959,172.68311630217178,130.16543899845138
CAMELSH__07157500,219,100,CAMELSH,3,4,112,37.032,-100.208,50.3619605041386,50.3619605041386
CAMELSH__07157960,10,11,CAMELSH,0,4,112,36.771,-99.367,28.05001207299553,64.210159422367
CAMELSH__07159750,139,64,CAMELSH,1,2,76,35.814,-97.478,64.3549220697657,21.40742066930462
CAMELSH__07160350,207,96,CAMELSH,2,4,112,36.376,-97.8,40.08310586096007,67.22888041800691
CAMELSH__07160500,194,83,CAMELSH,2,2,76,36.06,-97.585,40.08310586096007,29.000652812353852
CAMELSH__07163000,6,9,CAMELSH,0,0,50,36.116,-96.868,37.16048083472605,26.09693148122044
CAMELSH__07164600,246,106,CAMELSH,3,0,50,36.076,-95.961,86.79659654425865,12.018040620050181
CAMELSH__07165562,238,103,CAMELSH,3,0,50,36.017,-95.849,94.21896452146396,1.0849764222371028
CAMELSH__07165565,218,100,CAMELSH,3,0,50,36.018,-95.861,93.21168638450055,1.0849764222371028
CAMELSH__07166500,232,106,CAMELSH,3,0,50,37.49,-95.68,49.681273383830806,13.732223367058944
CAMELSH__07167500,258,117,CAMELSH,3,4,112,37.708,-96.224,37.0684324172254,37.0684324172254
CAMELSH__07169500,265,121,CAMELSH,4,0,50,37.508,-95.834,40.92452344582221,13.732223367058944
CAMELSH__07169800,248,112,CAMELSH,3,0,50,37.376,-96.186,37.0684324172254,37.0684324172254
CAMELSH__07170060,58,31,CAMELSH,0,0,50,37.28,-95.782,61.52666747755631,25.02960886333139
CAMELSH__07170500,252,115,CAMELSH,3,0,50,37.224,-95.678,72.2390820529553,19.10787376778567
CAMELSH__07170700,118,56,CAMELSH,1,0,50,37.267,-95.469,69.4663923131705,19.10787376778567
CAMELSH__07170990,150,72,CAMELSH,1,0,50,37.005,-95.593,96.02557842998608,25.491382339796036
CAMELSH__07171000,265,115,CAMELSH,3,0,50,36.851,-95.586,110.75727904764013,35.9536297579401
CAMELSH__07172000,261,119,CAMELSH,3,0,50,37.004,-96.317,64.98732724234479,35.610928498695664
CAMELSH__07174400,260,113,CAMELSH,3,0,50,36.756,-95.972,104.7822529412624,14.80878139501047
CAMELSH__07174600,16,10,CAMELSH,0,0,50,36.72,-96.132,95.03648667901996,14.80878139501047
CAMELSH__07175500,245,112,CAMELSH,3,0,50,36.509,-95.842,121.62179126109102,19.99415068005816
CAMELSH__07176500,262,117,CAMELSH,3,0,50,36.487,-96.064,105.72841138279038,19.99415068005816
CAMELSH__07176950,70,37,CAMELSH,0,0,50,36.474,-96.379,87.98131669026009,28.20036291590029
CAMELSH__07177500,269,119,CAMELSH,4,0,50,36.278,-95.954,97.9369242710236,8.27500620191195
CAMELSH__07177800,249,109,CAMELSH,3,0,50,36.195,-95.914,96.2366502918512,7.235285636319986
CAMELSH__07178000,264,118,CAMELSH,3,0,50,36.249,-95.869,102.6881004892203,7.235285636319986
CAMELSH__07178200,259,117,CAMELSH,3,0,50,36.223,-95.819,105.2274715990521,9.074209135389832
CAMELSH__07179500,268,115,CAMELSH,3,1,75,38.666,-96.494,32.29134621910042,30.593793257838605
CAMELSH__07179730,261,119,CAMELSH,3,1,75,38.467,-96.251,31.42542050528179,11.937898803621739
CAMELSH__07179795,253,116,CAMELSH,3,4,112,38.367,-97.084,61.15760542799991,23.204718181722004
CAMELSH__07180400,120,58,CAMELSH,1,4,112,38.236,-96.877,48.89269219514501,6.357761782101012
CAMELSH__07180500,249,114,CAMELSH,3,4,112,38.196,-96.825,46.686347023669235,6.357761782101012
CAMELSH__07182000,20,15,CAMELSH,0,4,112,38.387,-96.597,21.039156933672302,21.039156933672302
CAMELSH__07182250,257,117,CAMELSH,3,1,75,38.398,-96.356,21.039156933672302,11.937898803621739
CAMELSH__07182510,266,121,CAMELSH,4,1,75,38.195,-95.735,69.07051599307806,35.889960453405955
CAMELSH__07183000,241,110,CAMELSH,3,1,75,37.891,-95.431,49.681273383830806,39.974095311037985
CAMELSH__07184000,219,101,CAMELSH,3,0,50,37.281,-95.033,61.88317047361165,40.73028885480507
CAMELSH__07185090,111,54,CAMELSH,1,0,50,36.944,-94.853,97.33370070860445,5.07102936889271
CAMELSH__07185095,174,81,CAMELSH,2,0,50,36.9,-94.868,102.29769935094068,5.07102936889271
CAMELSH__07185700,124,60,CAMELSH,1,0,50,37.15,-94.061,77.80745276271908,35.271049101740765
CAMELSH__07185765,178,84,CAMELSH,2,0,50,37.189,-94.326,75.11056593520189,12.39871841841952
CAMELSH__07185910,128,61,CAMELSH,1,0,50,37.259,-94.435,67.1255850039002,12.39871841841952
CAMELSH__07186000,226,104,CAMELSH,3,0,50,37.246,-94.566,66.65237680862933,22.17688431754311
CAMELSH__07187000,215,99,CAMELSH,3,0,50,37.023,-94.517,91.675026052539,25.05202199342761
CAMELSH__07188000,272,121,CAMELSH,4,0,50,36.935,-94.747,98.26559956844494,11.43933592210192
CAMELSH__07188653,185,86,CAMELSH,2,0,50,36.616,-94.182,138.13594060084554,17.417745641289734
CAMELSH__07188838,146,69,CAMELSH,1,0,50,36.584,-94.373,142.1257599712909,7.073934680452765
CAMELSH__07188885,183,84,CAMELSH,2,0,50,36.599,-94.45,138.88889704486428,7.073934680452765
CAMELSH__07189000,270,120,CAMELSH,4,0,50,36.631,-94.587,133.2304672491705,4.699243817784254
CAMELSH__07189100,176,82,CAMELSH,2,0,50,36.671,-94.604,128.62157314745437,4.699243817784254
CAMELSH__07189540,199,92,CAMELSH,2,0,50,36.547,-94.618,142.16681922176005,5.899930665761287
CAMELSH__07189542,205,95,CAMELSH,2,0,50,36.549,-94.684,141.43031949881677,5.899930665761287
CAMELSH__07191000,260,116,CAMELSH,3,0,50,36.568,-95.152,141.80615309481905,28.482249920506412
CAMELSH__07191160,170,79,CAMELSH,2,0,50,36.365,-94.551,162.97396803936226,17.235552401255546
CAMELSH__07191179,166,78,CAMELSH,2,0,50,36.342,-94.588,165.11827343397073,14.083778643394771
CAMELSH__07191220,258,116,CAMELSH,3,0,50,36.335,-94.641,165.4452131277306,12.293877611653826
CAMELSH__071912213,174,79,CAMELSH,2,0,50,36.323,-94.685,166.50721722615637,8.893715939725585
CAMELSH__07191222,196,89,CAMELSH,2,0,50,36.355,-94.776,162.68436761228872,8.893715939725585
CAMELSH__07191288,174,81,CAMELSH,2,0,50,36.379,-94.937,160.52536741953853,23.41152522051355
CAMELSH__07194800,238,102,CAMELSH,3,0,50,36.103,-94.345,191.64015673980785,14.219775851515317
CAMELSH__07195000,223,102,CAMELSH,3,0,50,36.222,-94.287,182.6303631245058,13.684932825885324
CAMELSH__07195400,163,77,CAMELSH,2,0,50,36.145,-94.495,187.89004175685903,5.260429641060545
CAMELSH__07195430,226,104,CAMELSH,3,0,50,36.109,-94.533,191.4200231235235,5.260429641060545
CAMELSH__07195500,258,117,CAMELSH,3,0,50,36.13,-94.572,188.7115660646124,7.113032588404354
CAMELSH__07195800,252,115,CAMELSH,3,0,50,36.255,-94.434,176.67827934464216,13.400283793788361
CAMELSH__07195855,280,127,CAMELSH,4,0,50,36.216,-94.604,178.9144338643868,1.5593122527538623
CAMELSH__07195865,212,98,CAMELSH,2,0,50,36.202,-94.605,180.45638276006235,1.5593122527538623
CAMELSH__07196000,242,111,CAMELSH,3,0,50,36.186,-94.707,181.62700474882962,9.324452712196852
CAMELSH__07196500,266,121,CAMELSH,4,0,50,35.923,-94.924,174.64646959276473,7.65726554570946
CAMELSH__07196900,262,120,CAMELSH,3,0,50,35.88,-94.487,207.94940551139507,25.79773302682271
CAMELSH__07197000,260,118,CAMELSH,3,0,50,35.921,-94.839,182.2604897626227,7.65726554570946
CAMELSH__07197360,180,82,CAMELSH,2,0,50,35.785,-94.856,175.73410887399268,15.199926461002306
CAMELSH__07198000,263,120,CAMELSH,3,0,50,35.573,-95.069,147.49743312031637,41.05920639400447
CAMELSH__07203000,193,87,CAMELSH,2,4,47,36.681,-104.786,185.95357419904508,18.654110699619057
CAMELSH__07204000,72,34,CAMELSH,0,4,47,36.554,-105.268,158.94637226087838,3.9417515351872594
CAMELSH__07204500,72,35,CAMELSH,0,4,47,36.485,-105.265,161.6209077172247,6.137187236452851
CAMELSH__07205000,74,34,CAMELSH,0,4,47,36.519,-105.275,159.54021710938346,3.9417515351872594
CAMELSH__07206000,229,105,CAMELSH,3,4,47,36.532,-105.229,163.00116038064334,4.257120335813012
CAMELSH__07207000,161,75,CAMELSH,1,4,47,36.52,-104.979,184.77445225554374,6.650247470185773
CAMELSH__07207500,207,95,CAMELSH,2,4,47,36.574,-104.947,182.71238643542807,6.650247470185773
CAMELSH__07208500,207,93,CAMELSH,2,4,47,36.372,-104.97,190.72955244899953,16.476527130430988
CAMELSH__07211000,81,41,CAMELSH,0,4,47,36.36,-104.599,221.7167289964162,11.728153235169945
CAMELSH__07211500,209,96,CAMELSH,2,4,47,36.297,-104.494,233.3896402111709,11.728153235169945
CAMELSH__07215500,241,110,CAMELSH,3,4,47,35.941,-105.25,191.76440020236265,8.190362924535641
CAMELSH__07216500,229,103,CAMELSH,3,4,47,35.891,-105.164,201.29619282192954,2.8910680938535163
CAMELSH__07218000,203,93,CAMELSH,2,4,47,35.917,-105.164,199.57754586024697,2.8910680938535163
CAMELSH__07221000,28,18,CAMELSH,0,4,47,35.8,-104.783,235.16429026908898,35.800947134306185
CAMELSH__07222500,29,19,CAMELSH,0,4,47,35.403,-104.444,215.25971360238302,47.48242747797633
CAMELSH__07226500,195,88,CAMELSH,2,4,47,35.438,-103.526,139.12695418275058,16.042272667947977
CAMELSH__07227100,221,101,CAMELSH,3,4,47,35.341,-103.395,123.66228720527089,16.042272667947977
CAMELSH__07229300,85,40,CAMELSH,0,2,76,34.999,-97.367,132.1523971727729,20.102849182042682
CAMELSH__07230500,202,92,CAMELSH,2,2,76,35.173,-96.932,96.01157141420249,44.05626599030718
CAMELSH__07231000,211,96,CAMELSH,2,2,9,34.965,-96.513,88.53251449589533,44.59844641340955
CAMELSH__07233650,111,54,CAMELSH,1,2,76,36.544,-101.081,94.80569818219553,52.896439746668
CAMELSH__07234100,7,10,CAMELSH,0,2,76,36.645,-100.502,50.3619605041386,50.3619605041386
CAMELSH__07235000,121,58,CAMELSH,1,2,76,36.239,-100.276,88.38607474171755,74.35468318202477
CAMELSH__07237000,8,10,CAMELSH,0,2,76,36.567,-99.552,28.05001207299553,74.35468318202477
CAMELSH__07242350,14,12,CAMELSH,0,2,76,35.647,-97.36,68.44290672284833,21.40742066930462
CAMELSH__07242380,218,94,CAMELSH,2,2,76,35.681,-97.008,49.986566948805006,17.870531744167398
CAMELSH__07243000,15,12,CAMELSH,0,2,76,35.782,-96.854,37.16048083472605,17.870531744167398
CAMELSH__07243500,257,116,CAMELSH,3,0,50,35.674,-96.069,71.87046172768274,42.59838638279352
CAMELSH__07247000,282,128,CAMELSH,4,0,105,34.919,-94.299,140.86939109729266,17.41991481750518
CAMELSH__07247015,223,102,CAMELSH,3,0,105,34.88,-94.484,124.3346519268679,12.060571804661508
CAMELSH__07247250,231,106,CAMELSH,3,0,105,34.774,-94.512,115.91856242382416,12.060571804661508
CAMELSH__07247500,250,111,CAMELSH,3,0,105,34.913,-95.156,84.50448735316802,41.21007753613923
CAMELSH__07249400,262,118,CAMELSH,3,0,105,35.163,-94.407,149.40220670444705,22.36438982983952
CAMELSH__07249413,255,111,CAMELSH,3,0,105,35.166,-94.653,134.05014132243937,22.36438982983952
CAMELSH__07249800,185,86,CAMELSH,2,0,50,35.566,-94.532,176.1201508048287,8.218309717208815
CAMELSH__07249920,180,82,CAMELSH,2,0,50,35.573,-94.556,175.5638538909328,10.395099664583235
CAMELSH__07249985,248,112,CAMELSH,3,0,50,35.517,-94.464,175.2439873360645,2.7550464898166886
CAMELSH__07250000,25,17,CAMELSH,0,0,50,35.495,-94.45,174.06043187726422,2.7550464898166886
CAMELSH__07250085,234,105,CAMELSH,3,0,50,35.484,-94.393,176.30651241894128,5.3035997434910165
CAMELSH__07250935,169,79,CAMELSH,2,0,50,35.737,-94.103,189.2179889802896,1.1690982118791782
CAMELSH__07250965,177,83,CAMELSH,2,0,50,35.727,-94.107,190.11572830411157,1.1690982118791782
CAMELSH__07250974,144,65,CAMELSH,1,0,50,35.705,-94.089,190.0712013383124,2.9368633451253383
CAMELSH__07252000,158,74,CAMELSH,1,0,105,35.577,-94.016,192.95465579819074,15.687378626051464
CAMELSH__07257000,20,9,CAMELSH,0,0,105,35.55,-93.159,142.1837718480294,5.282126267240722
CAMELSH__07257006,221,102,CAMELSH,3,0,105,35.506,-93.181,147.38504360079378,5.282126267240722
CAMELSH__07257500,187,87,CAMELSH,2,0,105,35.466,-93.041,145.02533260243015,13.433475739438043
CAMELSH__07258500,190,88,CAMELSH,2,0,105,35.107,-93.924,180.91106406365674,31.25077642082476
CAMELSH__07260000,165,78,CAMELSH,2,0,105,34.988,-93.613,199.94445812950093,21.27865908660883
CAMELSH__07260500,262,118,CAMELSH,3,0,105,35.059,-93.396,200.126340056422,21.27865908660883
CAMELSH__07261000,270,121,CAMELSH,4,0,105,35.299,-92.404,117.58186815079186,32.80883741812392
CAMELSH__07261500,254,116,CAMELSH,3,0,105,34.873,-93.657,191.39626736643754,31.51816807043327
CAMELSH__07263012,167,75,CAMELSH,2,0,105,34.956,-92.985,173.711705269586,21.11305709856752
CAMELSH__07263295,266,118,CAMELSH,3,0,105,34.876,-92.775,157.19817570682847,6.718136141661377
CAMELSH__07263296,126,61,CAMELSH,1,0,105,34.884,-92.702,150.55302647543743,5.060783402171822
CAMELSH__072632971,132,61,CAMELSH,1,0,105,34.89,-92.647,145.55160674754154,5.060783402171822
CAMELSH__072632982,127,59,CAMELSH,1,0,105,34.93,-92.593,139.59760372877741,6.635427967615289
CAMELSH__07263300,260,118,CAMELSH,3,0,105,34.863,-92.485,132.41694481009225,15.07997487335549
CAMELSH__07263580,207,96,CAMELSH,2,0,105,34.724,-92.359,128.03531838521658,19.268396009631118
CAMELSH__07264000,256,117,CAMELSH,3,0,105,34.737,-91.916,93.1111472751335,40.50911635011096
CAMELSH__07280400,64,35,CAMELSH,0,3,22,34.0,-90.065,73.81890805203395,33.31159670234815
CAMELSH__07281960,81,40,CAMELSH,0,3,22,33.866,-89.173,107.81793416912959,10.008149770405208
CAMELSH__07281977,74,38,CAMELSH,0,3,22,33.838,-89.276,98.15979730341685,10.008149770405208
CAMELSH__07285500,188,85,CAMELSH,2,3,22,33.788,-89.81,58.99005169222385,33.31159670234815
CAMELSH__07287150,119,58,CAMELSH,1,4,59,33.34,-90.151,58.99005169222385,7.991963853579603
CAMELSH__07287160,148,69,CAMELSH,1,4,59,33.342,-90.237,63.4404966268482,7.991963853579603
CAMELSH__0728875070,53,30,CAMELSH,0,4,59,33.401,-90.892,101.43529794560209,61.17681961539251
CAMELSH__07289730,220,102,CAMELSH,3,4,59,32.603,-90.364,141.4897592212383,67.60883595663792
CAMELSH__07290650,190,85,CAMELSH,2,4,59,32.018,-90.877,193.3771734419981,65.14366510448266
CAMELSH__07291000,301,130,CAMELSH,4,4,59,31.503,-90.778,188.84600968846325,37.12654289643268
CAMELSH__07292500,287,124,CAMELSH,4,4,59,31.325,-91.109,153.33886210676474,37.12654289643268
CAMELSH__07295000,260,114,CAMELSH,3,4,59,31.227,-91.296,133.6769771567927,57.07961558125038
CAMELSH__07295500,165,78,CAMELSH,2,2,76,34.849,-102.176,86.18845272208442,69.55026628240651
CAMELSH__07297910,114,55,CAMELSH,1,2,76,34.838,-101.414,77.91535753553525,66.29990189831838
CAMELSH__07299670,235,101,CAMELSH,3,2,76,34.355,-99.74,79.25932002123632,33.77734409078376
CAMELSH__07299890,201,93,CAMELSH,2,2,76,34.936,-100.697,124.78772128221702,66.29990189831838
CAMELSH__07300000,235,102,CAMELSH,3,2,76,34.958,-100.221,151.11723752571277,56.44816760762607
CAMELSH__07300500,215,99,CAMELSH,3,2,76,34.858,-99.509,137.63246293904194,18.767956987601202
CAMELSH__07301110,233,104,CAMELSH,3,2,76,34.479,-99.382,100.55050677174152,34.69853935423583
CAMELSH__07301300,120,58,CAMELSH,1,2,76,35.264,-100.242,179.95420178398646,25.699392057969828
CAMELSH__07301410,120,58,CAMELSH,1,2,76,35.473,-100.121,159.42837564056043,14.89097622194909
CAMELSH__07301420,242,111,CAMELSH,3,2,76,35.422,-99.969,159.45474837449737,14.89097622194909
CAMELSH__07301500,253,115,CAMELSH,3,2,76,35.168,-99.507,171.59383543147712,34.47090847426849
CAMELSH__07303000,263,120,CAMELSH,3,2,76,34.89,-99.307,145.79560283564496,17.801706061204786
CAMELSH__07303400,220,101,CAMELSH,3,2,76,35.012,-99.904,152.40838973623818,39.871765059278275
CAMELSH__07304500,5,8,CAMELSH,0,2,76,34.914,-99.114,154.68161511661813,17.801706061204786
CAMELSH__07307800,109,53,CAMELSH,1,2,76,34.228,-100.074,69.65065078060422,30.812143049715367
CAMELSH__07308200,112,55,CAMELSH,1,2,76,34.179,-99.278,76.60436632666679,34.69853935423583
CAMELSH__07309435,52,30,CAMELSH,0,2,76,34.797,-98.584,170.16746731692038,19.43409389085366
CAMELSH__07311000,258,114,CAMELSH,3,2,76,34.362,-98.283,158.45781299437175,22.129587516807256
CAMELSH__07311200,82,41,CAMELSH,0,2,76,34.623,-98.564,157.51847165928524,19.43409389085366
CAMELSH__07311500,224,102,CAMELSH,3,2,76,34.221,-98.453,136.33266131332752,22.129587516807256
CAMELSH__07311600,103,51,CAMELSH,1,2,76,33.951,-100.065,41.9573477039297,29.533459109825895
CAMELSH__07311700,255,109,CAMELSH,3,2,76,33.821,-99.786,19.730321714703535,19.730321714703535
CAMELSH__07311800,119,58,CAMELSH,1,1,61,33.644,-99.801,19.730321714703535,19.730321714703535
CAMELSH__07311900,203,94,CAMELSH,2,2,76,33.7,-99.389,38.631284724243564,38.631284724243564
CAMELSH__07312200,120,58,CAMELSH,1,2,76,33.906,-98.905,82.49422091935719,45.854470430236844
CAMELSH__07312700,183,82,CAMELSH,2,2,76,34.053,-98.297,134.75150136579444,23.560779365373094
CAMELSH__07314500,122,60,CAMELSH,1,2,76,33.663,-98.613,87.29794302961665,51.59351971058137
CAMELSH__07315200,224,100,CAMELSH,3,2,76,33.813,-98.085,138.71757377733599,33.08656339610192
CAMELSH__07315700,124,60,CAMELSH,1,2,9,34.004,-97.567,191.01033160567525,52.30858286978547
CAMELSH__07316500,247,112,CAMELSH,3,2,76,35.626,-99.668,130.15127964598284,32.882240305435545
CAMELSH__07324200,248,113,CAMELSH,3,2,76,35.656,-99.306,124.10305429894977,17.90136942096863
CAMELSH__07324400,257,115,CAMELSH,3,2,76,35.539,-99.17,138.12909033545625,17.90136942096863
CAMELSH__07325000,253,115,CAMELSH,3,2,76,35.531,-98.967,140.93234225993845,33.656490566145244
CAMELSH__07325800,250,112,CAMELSH,3,2,76,35.291,-98.594,140.2801190974066,5.899429239237895
CAMELSH__07325840,115,54,CAMELSH,1,2,76,35.392,-98.518,127.1050875078518,11.274920474744324
CAMELSH__07325850,139,66,CAMELSH,1,2,76,35.291,-98.529,137.38296938070997,5.899429239237895
CAMELSH__07325860,111,55,CAMELSH,1,2,76,35.233,-98.466,140.57132500224918,8.62040805192236
CAMELSH__07326000,245,109,CAMELSH,3,2,76,35.144,-98.443,148.77062258095302,18.116709453889023
CAMELSH__07326500,247,112,CAMELSH,3,2,76,35.084,-98.243,149.12456908936838,18.806065332574438
CAMELSH__073274406,120,57,CAMELSH,1,2,76,34.915,-98.251,167.48866221170573,2.945966985173074
CAMELSH__07327442,218,100,CAMELSH,3,2,76,34.893,-98.233,169.48089349978488,2.945966985173074
CAMELSH__07327447,232,105,CAMELSH,3,2,76,34.838,-98.124,173.50771340538776,11.674648743291375
CAMELSH__07327550,215,98,CAMELSH,2,2,76,34.963,-97.899,157.3727096542628,28.62620592854572
CAMELSH__07328180,192,88,CAMELSH,2,2,76,34.971,-97.585,142.89113520425855,20.102849182042682
CAMELSH__07329780,139,67,CAMELSH,1,2,9,34.432,-97.147,166.2523038959596,16.09024955417282
CAMELSH__07329852,254,113,CAMELSH,3,2,9,34.495,-96.989,151.21723828543966,15.285014911420472
CAMELSH__07331200,118,58,CAMELSH,1,2,9,34.405,-96.863,140.7643349839909,15.285014911420472
CAMELSH__07331295,64,34,CAMELSH,0,2,9,34.42,-96.759,131.08434300931816,9.27359639307807
CAMELSH__07331300,155,73,CAMELSH,1,2,9,34.348,-96.708,127.84328272314201,9.27359639307807
CAMELSH__07332390,152,72,CAMELSH,1,2,9,34.383,-96.601,117.44959942018136,15.068526520857793
CAMELSH__07332500,248,111,CAMELSH,3,2,9,33.997,-96.241,104.72581863712978,28.64763368558509
CAMELSH__07332620,91,45,CAMELSH,0,2,9,33.682,-95.984,110.06416320341205,43.3082688752917
CAMELSH__07334000,261,115,CAMELSH,3,2,9,34.271,-95.912,62.33512958518476,27.092470558455133
CAMELSH__07335000,36,19,CAMELSH,0,2,9,34.253,-96.206,87.05277359298213,27.092470558455133
CAMELSH__07335300,266,118,CAMELSH,3,2,9,34.027,-95.75,71.58553024888803,28.061578856406825
CAMELSH__07335700,261,119,CAMELSH,3,0,105,34.638,-94.613,100.72661964131473,17.71808721721931
CAMELSH__07335790,254,115,CAMELSH,3,0,105,34.575,-95.341,43.59521115748379,41.21007753613923
CAMELSH__07336200,252,114,CAMELSH,3,2,9,34.249,-95.605,43.59521115748379,28.061578856406825
CAMELSH__07337900,259,116,CAMELSH,3,0,105,34.098,-94.902,66.81708741865266,21.873822223573878
CAMELSH__07338500,260,116,CAMELSH,3,0,105,33.941,-94.759,67.27931578864018,17.039705273148993
CAMELSH__07338750,254,116,CAMELSH,3,0,105,34.462,-94.635,92.13891929267712,19.6737513872723
CAMELSH__07339000,269,119,CAMELSH,4,0,105,34.042,-94.62,81.82483210824039,17.039705273148993
CAMELSH__07340000,281,128,CAMELSH,4,0,105,33.919,-94.387,73.68941015699929,25.468029208471496
CAMELSH__07340300,280,126,CAMELSH,4,0,105,34.38,-94.236,126.50190699272116,37.71711638636777
CAMELSH__07341200,281,127,CAMELSH,4,0,105,33.962,-94.061,93.54095027369262,41.64364043590108
CAMELSH__07342465,202,94,CAMELSH,2,2,9,33.212,-95.914,134.2375143276196,6.118548877992407
CAMELSH__07342480,252,115,CAMELSH,3,2,9,33.267,-95.916,130.75944034318573,6.118548877992407
CAMELSH__07342500,126,61,CAMELSH,1,2,9,33.356,-95.595,101.09151079239204,13.248136769528104
CAMELSH__07343000,124,60,CAMELSH,1,2,9,33.475,-95.588,92.54805114356509,13.248136769528104
CAMELSH__07343200,125,60,CAMELSH,1,2,9,33.391,-95.062,67.27931578864018,35.017746715010155
CAMELSH__07343450,116,56,CAMELSH,1,2,9,33.309,-94.698,70.50178516780053,35.017746715010155
CAMELSH__07344450,16,14,CAMELSH,0,3,31,32.517,-93.972,46.27740330612915,70.1227257807398
CAMELSH__07344486,56,29,CAMELSH,0,2,9,32.976,-95.184,76.36044266690145,35.21238401037218
CAMELSH__07346045,125,61,CAMELSH,1,2,9,32.778,-94.357,46.27740330612915,52.008264250238014
CAMELSH__07348700,202,93,CAMELSH,2,0,105,32.995,-93.397,75.6056291162776,71.58001570867299
CAMELSH__07351500,221,101,CAMELSH,3,3,31,32.3,-93.828,72.69136455205198,49.867697486129046
CAMELSH__07351750,179,81,CAMELSH,2,3,31,31.895,-93.342,69.89275163101219,30.012598253512696
CAMELSH__07352000,226,104,CAMELSH,3,3,31,32.25,-92.977,49.680373148076896,49.680373148076896
CAMELSH__07356000,284,129,CAMELSH,4,0,105,34.61,-93.697,171.61022185586583,38.005006002012024
CAMELSH__07359001,79,41,CAMELSH,0,0,105,34.431,-92.881,185.6198020070212,22.78248707961324
CAMELSH__07359002,169,79,CAMELSH,2,0,105,34.426,-92.891,186.69207100575176,23.53685047496339
CAMELSH__07359500,7,7,CAMELSH,0,0,105,34.386,-92.839,184.88547126518253,27.26493755594397
CAMELSH__07359610,257,117,CAMELSH,3,0,105,34.383,-93.606,156.30560616030778,28.121864421707546
CAMELSH__07360200,197,92,CAMELSH,2,0,105,34.312,-93.9,133.6934911216138,28.121864421707546
CAMELSH__07361500,280,126,CAMELSH,4,0,105,34.039,-93.418,143.59009891002825,41.97619635795676
CAMELSH__07362100,255,117,CAMELSH,3,0,105,33.376,-92.777,126.5927635164404,51.480176355408474
CAMELSH__07362500,122,60,CAMELSH,1,0,105,33.792,-92.333,140.36731372075488,36.65093101603307
CAMELSH__07362587,266,120,CAMELSH,4,0,105,34.798,-92.934,173.5886048705803,10.306126972659168
CAMELSH__07362641,23,17,CAMELSH,0,0,105,34.699,-93.062,188.17788631015074,6.6877613055589356
CAMELSH__07362656,7,10,CAMELSH,0,0,105,34.719,-92.993,181.4901622886422,6.6877613055589356
CAMELSH__07362693,34,22,CAMELSH,0,0,105,34.631,-92.827,171.0584765149167,18.06050509288631
CAMELSH__07363000,185,86,CAMELSH,2,0,105,34.568,-92.611,156.57941014186233,28.849800334849537
CAMELSH__07363200,156,74,CAMELSH,1,0,105,34.116,-92.406,160.96497620063968,36.65093101603307
CAMELSH__07366200,216,100,CAMELSH,3,0,105,32.929,-92.633,82.09202690810656,51.480176355408474
CAMELSH__07369500,219,100,CAMELSH,3,4,59,32.432,-91.367,130.74044810830736,65.14366510448266
CAMELSH__07372050,167,79,CAMELSH,2,4,59,31.935,-92.603,49.680373148076896,48.04665754356904
CAMELSH__07372200,187,85,CAMELSH,2,4,59,31.754,-92.345,81.19961330651465,24.96331686793592
CAMELSH__07373000,223,103,CAMELSH,3,4,59,31.536,-92.408,65.1506801241204,24.96331686793592
CAMELSH__07375000,192,89,CAMELSH,2,4,59,30.616,-90.249,215.19904342616465,16.24693184959796
CAMELSH__07375280,215,99,CAMELSH,3,4,59,31.012,-90.461,202.71304704290992,22.128259056363635
CAMELSH__07375500,225,104,CAMELSH,3,4,59,30.507,-90.362,204.0018317445299,16.24693184959796
CAMELSH__07375800,173,81,CAMELSH,2,4,59,30.931,-90.673,180.80378314561986,17.06087267406712
CAMELSH__07375960,125,61,CAMELSH,1,4,59,30.686,-90.643,178.33280294974597,20.49746314426976
CAMELSH__07376000,222,102,CAMELSH,3,4,59,30.504,-90.677,173.82257421413445,12.550434790162186
CAMELSH__07376500,218,101,CAMELSH,3,4,59,30.504,-90.546,186.37287307174697,12.550434790162186
CAMELSH__07377000,202,94,CAMELSH,2,4,59,30.889,-90.845,163.7431955774083,17.06087267406712
CAMELSH__07377500,150,71,CAMELSH,1,4,59,30.756,-91.044,141.75201529456683,24.07912715630567
CAMELSH__07377782,53,30,CAMELSH,0,4,59,30.637,-91.128,131.6245319953578,14.725462221445586
CAMELSH__07378000,173,81,CAMELSH,2,4,59,30.513,-91.074,135.80393084762824,9.719636231481275
CAMELSH__07378500,222,103,CAMELSH,3,4,59,30.464,-90.99,143.86261435780318,9.719636231481275
CAMELSH__07380120,189,85,CAMELSH,2,4,59,30.333,-90.852,158.05996650184966,19.6814456593304
CAMELSH__07381450,50,28,CAMELSH,0,4,59,30.155,-91.332,117.07368177682258,46.88016692927205
CAMELSH__07382000,227,104,CAMELSH,3,4,59,31.0,-92.38,28.026029756581572,28.026029756581572
CAMELSH__07382500,195,88,CAMELSH,2,4,59,30.618,-92.056,44.27740956216615,52.55197522504874
CAMELSH__07385700,126,61,CAMELSH,1,4,59,30.071,-91.829,74.46700631533984,34.196527043111736
CAMELSH__07386980,134,63,CAMELSH,1,4,59,29.951,-92.156,49.583136250864115,34.196527043111736
CAMELSH__08010000,216,100,CAMELSH,3,3,31,30.483,-92.491,44.27740956216615,13.513367989473943
CAMELSH__08012000,212,98,CAMELSH,2,3,31,30.481,-92.632,57.222675416960136,13.513367989473943
CAMELSH__08012150,128,60,CAMELSH,1,3,31,30.19,-92.591,49.583136250864115,33.964168325881715
CAMELSH__08013000,225,101,CAMELSH,3,3,31,30.996,-92.674,28.026029756581572,28.026029756581572
CAMELSH__08013500,214,97,CAMELSH,2,3,31,30.64,-92.814,57.61918648409502,10.00641466870196
CAMELSH__08014500,218,99,CAMELSH,3,3,31,30.699,-92.893,59.31693520530689,10.00641466870196
CAMELSH__08014800,126,62,CAMELSH,1,3,31,30.819,-93.231,83.64512459054205,18.908995968949366
CAMELSH__08015500,162,76,CAMELSH,2,3,31,30.503,-92.915,75.28472713243615,18.043453125319818
CAMELSH__08017200,251,115,CAMELSH,3,2,9,33.133,-96.077,150.5723759271573,17.53061615422367
CAMELSH__08017300,188,88,CAMELSH,2,2,9,32.898,-96.253,135.9012994724017,30.856302950161975
CAMELSH__08017410,228,105,CAMELSH,3,2,9,32.806,-95.919,111.49196947791648,38.21458674875468
CAMELSH__08018500,258,118,CAMELSH,3,2,9,32.614,-95.486,75.98705271751352,45.79318633326274
CAMELSH__08019000,231,107,CAMELSH,3,2,9,32.763,-95.463,80.35497178339843,35.21238401037218
CAMELSH__08019200,209,97,CAMELSH,2,2,9,32.56,-95.207,49.25234466487779,23.441631829221954
CAMELSH__08019500,246,113,CAMELSH,3,2,9,32.604,-95.092,41.41791154422537,15.04413618789725
CAMELSH__08020000,257,117,CAMELSH,3,2,9,32.527,-94.96,26.45047675173164,15.04413618789725
CAMELSH__08020900,225,104,CAMELSH,3,3,31,32.417,-94.71,26.45047675173164,24.50150965088956
CAMELSH__08022040,242,111,CAMELSH,3,3,31,32.327,-94.354,50.14970016560172,34.89903484881362
CAMELSH__08022070,22,17,CAMELSH,0,3,31,32.296,-94.492,50.89041389971801,24.50150965088956
CAMELSH__08023080,223,103,CAMELSH,3,3,31,31.979,-93.934,97.32025209771976,28.41262004989338
CAMELSH__08023400,220,97,CAMELSH,3,3,31,31.875,-93.659,99.90501870886354,28.41262004989338
CAMELSH__08025500,224,100,CAMELSH,3,3,31,31.307,-93.516,108.17583041530868,42.31018404451552
CAMELSH__08028000,206,96,CAMELSH,2,3,31,30.953,-93.353,92.90886331954911,18.908995968949366
CAMELSH__08029500,279,121,CAMELSH,4,3,31,30.819,-93.786,135.63711976228385,52.99861422485212
CAMELSH__08031000,166,78,CAMELSH,2,3,31,30.186,-93.909,170.70309235072003,26.92486104504139
CAMELSH__08032000,261,119,CAMELSH,3,3,31,31.892,-95.431,77.20890207808634,42.88784532100836
CAMELSH__08032500,19,10,CAMELSH,0,3,31,31.579,-95.166,107.18559606624034,22.22569120076854
CAMELSH__08033000,88,39,CAMELSH,0,3,31,31.133,-94.81,155.65208104255143,36.58370337154591
CAMELSH__08033500,260,118,CAMELSH,3,3,31,31.025,-94.399,175.23071733212208,40.94182806749335
CAMELSH__08033900,59,33,CAMELSH,0,3,31,31.86,-94.823,75.27904702909481,32.13014930825214
CAMELSH__08034500,126,61,CAMELSH,1,3,31,31.977,-95.161,64.01151796400596,34.4520331466846
CAMELSH__08036500,255,116,CAMELSH,3,3,31,31.67,-94.957,95.29447112489338,22.22569120076854
CAMELSH__08037050,47,27,CAMELSH,0,3,31,31.616,-94.641,105.66376122172323,30.510484775926937
CAMELSH__08038000,14,7,CAMELSH,0,3,31,31.504,-94.304,129.4786969954772,54.02231691298187
CAMELSH__08041500,262,119,CAMELSH,3,3,31,30.398,-94.264,192.1653891590738,25.39414117655214
CAMELSH__08041700,127,61,CAMELSH,1,3,31,30.106,-94.335,210.47581362270745,16.21693872945391
CAMELSH__08041749,106,51,CAMELSH,1,3,31,30.179,-94.189,195.7452283425085,16.21693872945391
CAMELSH__08042800,125,61,CAMELSH,1,2,9,33.292,-98.081,112.06137955441524,36.504338890885606
CAMELSH__08043950,46,27,CAMELSH,0,2,9,33.274,-97.679,141.94852089615213,4.90144861606219
CAMELSH__08044000,123,60,CAMELSH,1,2,9,33.232,-97.695,138.4235324350368,4.90144861606219
CAMELSH__08044500,125,61,CAMELSH,1,2,9,33.085,-97.559,136.30979812209782,15.617246231147341
CAMELSH__08044800,222,101,CAMELSH,3,2,9,32.946,-97.583,123.67443996917004,15.617246231147341
CAMELSH__08047000,126,61,CAMELSH,1,2,9,32.665,-97.442,116.05014269269662,3.3685115900157196
CAMELSH__08047050,191,89,CAMELSH,2,2,9,32.695,-97.447,117.23328130778151,3.3685115900157196
CAMELSH__08047500,294,128,CAMELSH,4,2,9,32.732,-97.359,126.42728852254895,6.91434049312188
CAMELSH__08048000,126,61,CAMELSH,1,2,9,32.761,-97.333,130.12959335555598,4.2345024836777165
CAMELSH__08048543,121,59,CAMELSH,1,2,9,32.752,-97.289,133.2360598652281,4.2345024836777165
CAMELSH__08048970,272,123,CAMELSH,4,2,9,32.603,-97.265,128.26077176929627,16.71962575820102
CAMELSH__08049500,126,61,CAMELSH,1,2,9,32.799,-97.03,157.1707604810337,11.256322221626059
CAMELSH__08049580,256,116,CAMELSH,3,2,9,32.491,-97.123,132.1885987702543,10.199330616856647
CAMELSH__08049700,126,61,CAMELSH,1,2,9,32.581,-97.102,141.79724140556712,10.199330616856647
CAMELSH__08050100,123,60,CAMELSH,1,2,9,32.748,-96.926,163.41530143918337,11.256322221626059
CAMELSH__08050400,124,61,CAMELSH,1,2,9,33.624,-97.156,197.75955177988314,20.824169018906836
CAMELSH__08050800,124,61,CAMELSH,1,2,9,33.555,-96.947,186.40515165916148,13.369961379275558
CAMELSH__08050840,247,113,CAMELSH,3,2,9,33.526,-96.807,178.45462941783737,13.369961379275558
CAMELSH__08051500,171,80,CAMELSH,2,2,9,33.336,-97.179,180.90191157028462,20.747189500899236
CAMELSH__08052700,234,107,CAMELSH,3,2,9,33.283,-96.893,196.821542543424,7.117082819229648
CAMELSH__08052745,149,70,CAMELSH,1,2,9,33.219,-96.892,192.5617518897445,7.117082819229648
CAMELSH__08052780,121,58,CAMELSH,1,2,9,33.152,-97.142,169.64764663902866,14.35080781668601
CAMELSH__08053000,250,112,CAMELSH,3,2,9,33.046,-96.961,176.29739866601255,4.613710543551205
CAMELSH__08053009,131,64,CAMELSH,1,2,9,33.027,-96.917,178.63646604673772,4.613710543551205
CAMELSH__08053500,121,59,CAMELSH,1,2,9,33.119,-97.291,156.7264060217105,14.35080781668601
CAMELSH__08055000,159,75,CAMELSH,1,2,9,32.987,-97.013,168.68474105634223,6.846863124720387
CAMELSH__08055500,281,127,CAMELSH,4,2,9,32.966,-96.944,172.9919051830916,6.846863124720387
CAMELSH__08056500,110,54,CAMELSH,1,2,9,32.807,-96.802,162.22440781548295,10.04036752244842
CAMELSH__08057200,246,113,CAMELSH,3,2,9,32.889,-96.757,166.70502839683743,10.04036752244842
CAMELSH__08057445,121,58,CAMELSH,1,2,9,32.705,-96.67,146.113282848206,16.76321631262681
CAMELSH__08059000,106,53,CAMELSH,1,2,9,33.204,-96.596,182.22458137466288,14.587914306129006
CAMELSH__08059350,128,62,CAMELSH,1,2,9,33.225,-96.373,167.20240177334065,12.852754011227725
CAMELSH__08059400,88,38,CAMELSH,0,2,9,33.295,-96.483,171.3598374729539,12.852754011227725
CAMELSH__08061000,3,8,CAMELSH,0,2,9,33.024,-96.476,159.55036088667222,14.706919549068422
CAMELSH__08061540,239,107,CAMELSH,3,2,9,32.96,-96.614,162.57506200062394,14.706919549068422
CAMELSH__08061750,123,60,CAMELSH,1,2,9,32.774,-96.504,140.64595391169473,15.116213599407043
CAMELSH__08062000,125,61,CAMELSH,1,2,9,32.639,-96.485,129.30662204636073,15.116213599407043
CAMELSH__08062800,161,75,CAMELSH,1,2,9,32.505,-96.116,93.81037878035727,21.66152401614419
CAMELSH__08062895,113,56,CAMELSH,1,2,9,32.556,-96.339,112.90080792959051,16.49975214745208
CAMELSH__08063048,82,42,CAMELSH,0,2,9,31.978,-96.873,103.57601146913599,32.47893928031015
CAMELSH__08063100,124,60,CAMELSH,1,2,9,31.938,-96.681,85.41763563351407,32.64935082079283
CAMELSH__08063800,122,59,CAMELSH,1,2,9,32.243,-96.64,103.14480760680954,34.133683316814675
CAMELSH__08064100,124,61,CAMELSH,1,2,9,32.198,-96.52,91.85286773565547,32.64935082079283
CAMELSH__08064700,232,106,CAMELSH,3,2,9,31.848,-96.29,49.0068860956068,38.24620870320458
CAMELSH__08065200,126,60,CAMELSH,1,3,31,31.57,-95.888,49.0068860956068,49.0068860956068
CAMELSH__08065800,263,120,CAMELSH,3,3,31,30.885,-95.778,104.21301292383161,39.54520818058291
CAMELSH__08066170,118,54,CAMELSH,1,3,31,30.907,-95.089,154.74818626545732,36.58370337154591
CAMELSH__08066200,251,115,CAMELSH,3,3,31,30.716,-94.959,176.63012026136468,31.24638706159014
CAMELSH__08066300,210,97,CAMELSH,2,3,31,30.481,-94.78,184.7525663984782,31.24638706159014
CAMELSH__08067650,29,14,CAMELSH,0,3,31,30.342,-95.543,112.70696888914794,17.51737516731651
CAMELSH__08068000,263,120,CAMELSH,3,3,31,30.245,-95.457,114.76454537438661,6.835714273665942
CAMELSH__08068090,229,104,CAMELSH,3,3,31,30.086,-95.3,122.92143735890173,18.155394396125672
CAMELSH__08068275,192,89,CAMELSH,2,3,31,30.12,-95.646,92.51674089772241,12.562602676618317
CAMELSH__08068390,197,91,CAMELSH,2,3,31,30.191,-95.491,109.31624737644977,0.6819059648602457
CAMELSH__08068400,198,92,CAMELSH,2,3,31,30.192,-95.484,109.97844390472221,0.6819059648602457
CAMELSH__08068450,184,85,CAMELSH,2,3,31,30.131,-95.481,107.7643767379777,6.789019876887817
CAMELSH__08068500,225,103,CAMELSH,3,3,31,30.11,-95.436,111.10857586563944,10.219493028624303
CAMELSH__08068780,232,105,CAMELSH,3,3,31,30.016,-95.697,84.02232586236278,12.562602676618317
CAMELSH__08070000,259,118,CAMELSH,3,3,31,30.337,-95.104,149.87377983718355,13.095676855505548
CAMELSH__08070200,264,120,CAMELSH,3,3,31,30.145,-95.124,140.97548127968759,7.282288059576147
CAMELSH__08070500,263,120,CAMELSH,3,3,31,30.26,-95.302,129.02915030112737,13.217205105881717
CAMELSH__08071000,195,91,CAMELSH,2,3,31,30.233,-95.168,139.9134505760483,10.659910456208731
CAMELSH__08071280,167,73,CAMELSH,2,3,31,30.11,-95.06,145.96926128917096,7.282288059576147
CAMELSH__08074020,191,89,CAMELSH,2,3,31,29.871,-95.48,101.78809812390197,2.35390565813314
CAMELSH__08074150,9,4,CAMELSH,0,3,31,29.851,-95.488,100.87703932159839,2.35390565813314
CAMELSH__08075500,34,15,CAMELSH,0,3,31,29.674,-95.289,119.1447442009929,6.097639834157747
CAMELSH__08075605,134,65,CAMELSH,1,3,31,29.657,-95.229,122.13047528949949,6.097639834157747
CAMELSH__08078000,257,117,CAMELSH,3,3,31,29.369,-95.321,96.01255795544883,33.23853656224357
CAMELSH__08079600,158,71,CAMELSH,1,1,61,33.038,-101.198,146.0960424249265,58.280172275567814
CAMELSH__08080700,169,79,CAMELSH,2,1,61,34.179,-101.703,77.91535753553525,77.91535753553525
CAMELSH__08082700,235,104,CAMELSH,3,1,61,33.329,-99.465,41.85068215534667,41.85068215534667
CAMELSH__08083100,222,97,CAMELSH,3,1,61,32.788,-100.389,127.804242050762,54.089415444199695
CAMELSH__08083230,139,67,CAMELSH,1,1,61,32.675,-100.073,130.1940643207258,37.633453805557544
CAMELSH__08083240,53,30,CAMELSH,0,1,61,32.598,-99.815,128.79462749278494,15.011292080433615
CAMELSH__08083420,177,83,CAMELSH,2,1,61,32.475,-99.749,140.28167179164925,15.011292080433615
CAMELSH__08084000,217,99,CAMELSH,3,1,61,32.69,-99.67,115.31023748822085,16.999125423603157
CAMELSH__08084800,236,104,CAMELSH,3,1,61,32.931,-99.643,88.70627816977385,26.916512221615914
CAMELSH__08086050,167,78,CAMELSH,2,1,61,32.559,-99.17,124.7451312087119,18.352812478440693
CAMELSH__08086212,215,98,CAMELSH,3,1,61,32.733,-99.141,109.97251013821531,15.852803659574699
CAMELSH__08086290,209,97,CAMELSH,2,1,61,32.648,-99.005,112.06137955441524,15.852803659574699
CAMELSH__08091500,126,61,CAMELSH,1,2,9,32.232,-97.777,71.10307025141978,36.32804592705569
CAMELSH__08092000,139,67,CAMELSH,1,2,9,32.151,-97.403,86.74846551833436,34.144063224244725
CAMELSH__08093360,183,82,CAMELSH,2,2,9,31.895,-97.203,73.74286102531981,32.47893928031015
CAMELSH__08094800,105,52,CAMELSH,1,2,9,31.978,-98.035,40.058326412984364,22.529965993988682
CAMELSH__08095000,230,105,CAMELSH,3,2,9,31.786,-97.568,43.33833520721219,15.93871894012811
CAMELSH__08095200,254,115,CAMELSH,3,2,9,31.67,-97.469,38.27945754358437,15.93871894012811
CAMELSH__08095300,126,60,CAMELSH,1,2,9,31.509,-97.366,38.495136019995364,5.311404614591571
CAMELSH__08095400,146,68,CAMELSH,1,2,9,31.556,-97.356,40.8522733451846,5.311404614591571
CAMELSH__08098300,164,78,CAMELSH,2,4,82,31.027,-96.988,64.52305611935829,46.288161182987146
CAMELSH__08099100,122,57,CAMELSH,1,1,61,32.174,-98.533,51.73616168794071,25.00985681312793
CAMELSH__08099300,202,87,CAMELSH,2,1,61,32.114,-98.606,55.90173136276164,22.201328094537637
CAMELSH__08099500,128,60,CAMELSH,1,1,61,31.958,-98.459,37.038077225661034,22.201328094537637
CAMELSH__08100000,123,60,CAMELSH,1,2,9,31.789,-98.121,37.038077225661034,22.529965993988682
CAMELSH__08100500,126,61,CAMELSH,1,4,82,31.433,-97.762,38.27945754358437,20.179912044649072
CAMELSH__08101000,121,59,CAMELSH,1,4,82,31.285,-97.885,55.19910674329536,20.179912044649072
CAMELSH__08102500,125,61,CAMELSH,1,4,82,31.07,-97.441,49.33205052124528,9.03982914485833
CAMELSH__08103800,126,61,CAMELSH,1,4,82,31.082,-98.017,77.97703855160545,18.999016617410998
CAMELSH__08103900,236,108,CAMELSH,3,4,82,30.912,-98.037,92.08031228151776,18.999016617410998
CAMELSH__08104100,124,60,CAMELSH,1,4,82,31.002,-97.493,57.653870882130384,9.03982914485833
CAMELSH__0810464660,117,57,CAMELSH,1,4,82,30.698,-97.849,101.22697102802823,17.102182783550354
CAMELSH__08104900,124,60,CAMELSH,1,4,82,30.626,-97.691,102.9488647514247,8.889636911434865
CAMELSH__08105095,157,75,CAMELSH,1,4,82,30.703,-97.666,94.06412195966796,8.889636911434865
CAMELSH__08105700,126,61,CAMELSH,1,4,82,30.694,-97.279,91.00162966147877,37.01562578861504
CAMELSH__08109700,125,60,CAMELSH,1,4,82,30.339,-96.905,84.42348619692092,53.30792004059995
CAMELSH__08110325,125,61,CAMELSH,1,2,9,31.574,-96.521,59.96956527353164,43.20960960867984
CAMELSH__08111000,3,6,CAMELSH,0,3,31,30.87,-96.192,77.89118305606836,39.54520818058291
CAMELSH__08111700,124,61,CAMELSH,1,3,31,29.881,-96.205,32.83148555245579,32.83148555245579
CAMELSH__08115000,264,120,CAMELSH,3,3,31,29.477,-95.813,70.24270547573997,7.479965467611044
CAMELSH__08116400,124,60,CAMELSH,1,3,31,29.512,-95.747,76.87648747302214,7.479965467611044
CAMELSH__08117500,260,118,CAMELSH,3,3,31,29.314,-95.894,50.658111199073275,19.75058597817152
CAMELSH__08120500,176,82,CAMELSH,2,1,61,32.574,-100.908,172.008852626389,54.089415444199695
CAMELSH__08127000,228,104,CAMELSH,3,1,61,31.749,-99.948,130.89853986713788,67.47159484601559
CAMELSH__08128000,174,82,CAMELSH,2,1,61,31.187,-100.502,99.82254694275038,14.572949776809498
CAMELSH__08128400,180,84,CAMELSH,2,1,61,31.427,-100.711,132.97865528419985,19.626398009055567
CAMELSH__08131400,176,83,CAMELSH,2,1,61,31.309,-100.446,107.16039694239113,14.572949776809498
CAMELSH__08133250,178,83,CAMELSH,2,1,61,31.897,-101.105,196.9959057564484,55.68724493374166
CAMELSH__08134000,208,96,CAMELSH,2,1,61,31.593,-100.637,143.46028044801693,9.553191265213112
CAMELSH__08134250,177,83,CAMELSH,2,1,61,31.543,-100.555,134.56789450526946,9.553191265213112
CAMELSH__08143600,214,99,CAMELSH,3,1,61,31.517,-98.741,33.86773294672939,33.86773294672939
CAMELSH__08144500,207,90,CAMELSH,2,1,61,30.919,-99.786,44.74122747489052,44.74122747489052
CAMELSH__08144600,111,49,CAMELSH,1,1,61,31.004,-99.269,41.08559890344192,41.08559890344192
CAMELSH__08146000,210,90,CAMELSH,2,4,82,31.213,-98.719,33.86773294672939,33.86773294672939
CAMELSH__08148500,167,79,CAMELSH,2,4,82,30.517,-99.806,44.74122747489052,44.74122747489052
CAMELSH__08150000,210,90,CAMELSH,2,4,82,30.504,-99.735,46.40274510183574,46.40274510183574
CAMELSH__08150700,209,90,CAMELSH,2,4,82,30.661,-99.109,41.08559890344192,2.262679917307769
CAMELSH__08150800,215,96,CAMELSH,2,4,82,30.644,-99.096,43.30479152915333,2.262679917307769
CAMELSH__08152000,215,99,CAMELSH,3,4,82,30.558,-98.472,90.86464599427367,30.39475381046725
CAMELSH__08152900,208,92,CAMELSH,2,4,82,30.22,-98.87,95.17215379886025,34.61954108702362
CAMELSH__08153500,126,61,CAMELSH,1,4,82,30.292,-98.399,114.86711254743128,30.39475381046725
CAMELSH__08154700,124,60,CAMELSH,1,4,82,30.372,-97.785,132.59321868756953,4.846042594898768
CAMELSH__08155240,275,125,CAMELSH,4,4,82,30.274,-97.845,144.73175944297364,4.5696681126027325
CAMELSH__08155300,117,57,CAMELSH,1,4,82,30.245,-97.802,146.5798116654173,2.777145499759362
CAMELSH__08155400,197,91,CAMELSH,2,4,82,30.264,-97.772,143.75632907667224,1.9121491403768827
CAMELSH__08155541,127,62,CAMELSH,1,4,82,30.247,-97.769,145.50256782798442,1.9121491403768827
CAMELSH__08156675,122,59,CAMELSH,1,4,82,30.354,-97.739,133.2664367337662,3.7735661634031805
CAMELSH__08156800,122,60,CAMELSH,1,4,82,30.277,-97.75,141.80729208988427,2.5599374773776886
CAMELSH__08156910,127,62,CAMELSH,1,4,82,30.323,-97.723,136.2033531593156,3.7735661634031805
CAMELSH__08158030,125,61,CAMELSH,1,4,82,30.286,-97.709,139.87370197855316,2.767383087757151
CAMELSH__08158035,126,61,CAMELSH,1,4,82,30.263,-97.712,142.42843716128274,3.9674795469373385
CAMELSH__08158045,25,17,CAMELSH,0,4,82,30.301,-97.686,137.74914746053472,2.767383087757151
CAMELSH__08158200,124,60,CAMELSH,1,4,82,30.375,-97.661,129.19538185084846,4.2490141975852085
CAMELSH__08158380,123,60,CAMELSH,1,4,82,30.354,-97.698,132.2762168221012,3.9340438039687298
CAMELSH__08158600,121,59,CAMELSH,1,4,82,30.283,-97.655,139.0857280372778,5.195819921906961
CAMELSH__08158700,262,120,CAMELSH,3,4,82,30.083,-98.008,158.33602859509648,10.117448486324736
CAMELSH__08158810,122,60,CAMELSH,1,4,82,30.155,-97.94,158.4228221983366,6.978734746479481
CAMELSH__08158819,41,24,CAMELSH,0,4,82,30.144,-97.861,158.96946148912568,3.432308586440482
CAMELSH__08158827,161,75,CAMELSH,1,4,82,30.126,-97.821,157.97666401212066,4.140404347280325
CAMELSH__08158840,122,59,CAMELSH,1,4,82,30.209,-97.903,153.3716865187694,5.042578661430311
CAMELSH__08158860,155,73,CAMELSH,1,4,82,30.162,-97.832,156.24748671313557,3.432308586440482
CAMELSH__08158920,107,53,CAMELSH,1,4,82,30.235,-97.86,149.30142144928544,4.5696681126027325
CAMELSH__08158930,179,84,CAMELSH,2,4,82,30.221,-97.794,148.93083834716742,2.777145499759362
CAMELSH__08158970,126,62,CAMELSH,1,4,82,30.189,-97.733,150.9003494774822,6.857397775591482
CAMELSH__08159000,250,115,CAMELSH,3,4,82,30.178,-97.689,146.62931511383138,9.70648460901563
CAMELSH__08160800,227,102,CAMELSH,3,4,82,29.799,-96.532,32.83148555245579,32.83148555245579
CAMELSH__08162600,258,118,CAMELSH,3,4,82,28.928,-96.171,50.658111199073275,28.7265549813839
CAMELSH__08163500,69,35,CAMELSH,0,4,82,29.443,-96.945,86.5127001803855,13.056166478409693
CAMELSH__08164000,256,117,CAMELSH,3,4,82,28.96,-96.686,86.40847846934669,15.047042758619524
CAMELSH__08164300,255,114,CAMELSH,3,4,82,29.467,-96.813,74.62964561238796,13.056166478409693
CAMELSH__08164390,213,99,CAMELSH,2,4,82,29.066,-96.674,80.58279065361732,20.129031577488433
CAMELSH__08164450,211,94,CAMELSH,2,4,82,29.16,-96.546,65.53968316695156,12.435641161839309
CAMELSH__08164503,254,116,CAMELSH,3,4,82,29.072,-96.467,61.788903702805825,4.860568312847105
CAMELSH__08164504,216,98,CAMELSH,3,4,82,29.071,-96.417,57.51107753302823,4.860568312847105
CAMELSH__08164600,256,114,CAMELSH,3,4,82,28.891,-96.819,101.43384811461112,15.047042758619524
CAMELSH__08164800,257,118,CAMELSH,3,4,82,28.725,-96.769,107.36845309713212,27.352782228244497
CAMELSH__08165300,219,94,CAMELSH,3,4,82,30.064,-99.387,102.47037197934655,6.290595224035205
CAMELSH__08165500,257,114,CAMELSH,3,4,82,30.07,-99.322,103.98002423413635,5.020785404387824
CAMELSH__08166000,195,91,CAMELSH,2,4,82,30.1,-99.283,100.52915251985942,5.020785404387824
CAMELSH__08166140,193,90,CAMELSH,2,4,82,30.07,-99.195,104.09758382444267,3.6134887058751395
CAMELSH__08166200,220,96,CAMELSH,3,4,82,30.053,-99.163,106.23261959774797,3.6134887058751395
CAMELSH__08166250,117,57,CAMELSH,1,4,82,29.988,-99.11,113.99650911248357,8.847426780794844
CAMELSH__08167000,277,119,CAMELSH,4,4,82,29.97,-98.893,120.48812392849902,20.99661811392791
CAMELSH__08167500,278,124,CAMELSH,4,4,82,29.86,-98.384,152.90722132323276,19.672781781590928
CAMELSH__08167800,284,126,CAMELSH,4,4,82,29.859,-98.18,164.6522856470489,17.378716786727953
CAMELSH__08168500,242,106,CAMELSH,3,4,82,29.715,-98.11,181.4066765947132,1.605553622312719
CAMELSH__08168797,137,66,CAMELSH,1,4,82,29.688,-98.155,181.21704827056595,3.6823410611632488
CAMELSH__08169000,264,118,CAMELSH,3,4,82,29.706,-98.123,181.44292468379606,1.605553622312719
CAMELSH__08169792,148,70,CAMELSH,1,4,82,29.536,-97.881,166.34876495068343,26.52242448748371
CAMELSH__08170500,232,107,CAMELSH,3,4,82,29.889,-97.934,166.6920132245724,10.271290340701208
CAMELSH__08171000,241,103,CAMELSH,3,4,82,29.994,-98.089,159.35368440936503,12.598894687680296
CAMELSH__08171290,77,39,CAMELSH,0,4,82,30.006,-97.952,168.02887269457258,5.03726504810697
CAMELSH__08171300,244,112,CAMELSH,3,4,82,29.979,-97.91,164.66257380331086,5.03726504810697
CAMELSH__08172000,276,120,CAMELSH,4,4,82,29.666,-97.651,141.59483774958937,5.908313078244524
CAMELSH__08172400,255,116,CAMELSH,3,4,82,29.923,-97.679,142.15842407955907,23.11042345123521
CAMELSH__08173000,190,89,CAMELSH,2,4,82,29.7,-97.604,136.49492062623523,5.908313078244524
CAMELSH__08173900,217,99,CAMELSH,3,4,82,29.484,-97.45,128.1167202792719,12.922223031980753
CAMELSH__08174600,186,86,CAMELSH,2,4,82,29.474,-97.317,116.57185208565072,12.922223031980753
CAMELSH__08175000,252,115,CAMELSH,3,4,82,29.215,-97.449,141.296117784822,29.911592296414003
CAMELSH__08176900,252,116,CAMELSH,3,4,82,28.862,-97.226,138.84558381336606,15.10706260514104
CAMELSH__08177300,188,81,CAMELSH,2,4,82,28.752,-97.317,151.80453006752677,15.10706260514104
CAMELSH__08177500,253,116,CAMELSH,3,4,82,28.731,-97.139,137.31779205361013,16.853909261012873
CAMELSH__08177700,174,82,CAMELSH,2,4,82,29.499,-98.51,182.53719218772704,7.875219851308515
CAMELSH__08178000,95,48,CAMELSH,0,4,82,29.41,-98.495,192.2162726369477,9.89213834834825
CAMELSH__08178565,264,116,CAMELSH,3,4,82,29.322,-98.45,202.92586087964474,7.576433952255143
CAMELSH__08178700,223,102,CAMELSH,3,4,82,29.516,-98.431,183.99310540752657,7.875219851308515
CAMELSH__08178800,282,122,CAMELSH,4,4,82,29.357,-98.413,200.77012282824396,9.89213834834825
CAMELSH__08178880,272,117,CAMELSH,4,4,82,29.724,-99.07,143.60425843297423,17.541554226945767
CAMELSH__08180700,254,109,CAMELSH,3,4,82,29.335,-98.69,193.7504251314032,13.327081988709335
CAMELSH__08180800,44,26,CAMELSH,0,4,82,29.262,-98.581,204.68818310308444,7.566849545080026
CAMELSH__08181400,243,112,CAMELSH,3,4,82,29.579,-98.692,167.8573563361985,19.726592114918976
CAMELSH__08181480,276,119,CAMELSH,4,4,82,29.33,-98.584,197.44402696000265,7.566849545080026
CAMELSH__08181500,264,120,CAMELSH,3,4,82,29.264,-98.491,207.43930424165825,7.576433952255143
CAMELSH__08181800,276,118,CAMELSH,4,4,82,29.222,-98.356,216.73517283630926,13.905886453916224
CAMELSH__08183200,140,67,CAMELSH,1,4,82,29.11,-98.174,208.95822124272988,20.56788935884268
CAMELSH__08183500,277,120,CAMELSH,4,4,82,28.952,-98.064,207.58285683974225,14.745021004665048
CAMELSH__08183890,47,28,CAMELSH,0,4,82,29.782,-98.713,145.96951854118046,1.6991490692613718
CAMELSH__08183900,123,60,CAMELSH,1,4,82,29.774,-98.698,147.3274794506035,1.6991490692613718
CAMELSH__08185000,256,117,CAMELSH,3,4,82,29.594,-98.311,181.76846938058412,14.489690704862783
CAMELSH__08185065,138,67,CAMELSH,1,4,82,29.501,-98.186,195.96345868734693,6.548278415549697
CAMELSH__08185100,141,67,CAMELSH,1,4,82,29.444,-98.169,195.887882435326,6.548278415549697
CAMELSH__08185500,142,68,CAMELSH,1,4,82,29.28,-98.053,190.78890951514023,27.747460083751687
CAMELSH__08186000,258,117,CAMELSH,3,4,82,29.014,-97.93,192.85162841218227,14.745021004665048
CAMELSH__08186500,156,74,CAMELSH,1,4,82,28.92,-97.772,185.63688029010314,18.588063880640995
CAMELSH__08189200,220,101,CAMELSH,3,4,82,28.304,-97.112,163.38674527714048,16.404733335271622
CAMELSH__08189300,175,82,CAMELSH,2,4,82,28.483,-97.657,194.91570784182306,22.516118968110753
CAMELSH__08189500,262,113,CAMELSH,3,4,82,28.292,-97.279,176.42324381663005,16.404733335271622
CAMELSH__08189700,224,103,CAMELSH,3,4,82,28.283,-97.621,203.6170948815459,22.516118968110753
CAMELSH__08190000,256,117,CAMELSH,3,4,82,29.429,-99.997,166.91723991447705,23.652934912317566
CAMELSH__08190500,260,117,CAMELSH,3,4,82,29.473,-100.236,166.5020490618574,23.652934912317566
CAMELSH__08192000,253,114,CAMELSH,3,4,82,29.124,-99.895,199.87053545809454,15.134776854454884
CAMELSH__08194200,230,106,CAMELSH,3,4,82,27.965,-98.967,335.29866875192397,80.51830961176881
CAMELSH__08195000,251,115,CAMELSH,3,4,82,29.489,-99.705,159.19913853788313,7.567538980861989
CAMELSH__08196000,246,113,CAMELSH,3,4,82,29.505,-99.781,157.2303602784818,7.567538980861989
CAMELSH__08197500,250,109,CAMELSH,3,4,82,29.246,-99.674,186.34093464984244,20.278234754254413
CAMELSH__08198000,253,113,CAMELSH,3,4,82,29.491,-99.493,161.26321797024823,19.721750733863757
CAMELSH__08198500,240,110,CAMELSH,3,4,82,29.314,-99.48,180.87821645529382,19.721750733863757
CAMELSH__08200000,242,111,CAMELSH,3,4,82,29.57,-99.247,158.6855168907619,14.508672603441326
CAMELSH__08200720,136,65,CAMELSH,1,4,82,29.376,-99.117,181.61379848569368,21.43703645007705
CAMELSH__08200977,135,64,CAMELSH,1,4,82,29.568,-99.097,160.5276373376847,14.508672603441326
CAMELSH__08201500,247,113,CAMELSH,3,4,82,29.573,-99.403,154.12337654666237,15.090560707880917
CAMELSH__08204005,163,77,CAMELSH,2,4,82,29.154,-99.743,196.3026842129653,15.134776854454884
CAMELSH__08205500,267,115,CAMELSH,3,4,82,28.737,-99.145,250.38065747949113,60.777539776713446
CAMELSH__08206700,272,117,CAMELSH,4,4,82,28.587,-98.546,268.87839312812855,26.16120730586366
CAMELSH__08207500,168,79,CAMELSH,2,4,82,28.865,-98.338,235.54151685926553,27.585900871369397
CAMELSH__08208000,256,117,CAMELSH,3,4,82,28.622,-98.281,244.6256868214515,26.16120730586366
CAMELSH__08211520,224,103,CAMELSH,3,4,82,27.711,-97.502,237.598846674647,52.80781100911493
CAMELSH__08211900,194,90,CAMELSH,2,4,82,27.773,-98.034,270.27875412220664,52.80781100911493
CAMELSH__08212400,184,86,CAMELSH,2,4,82,27.264,-98.136,316.45091530218247,79.88498242633719
CAMELSH__08220000,28,15,CAMELSH,0,0,81,37.689,-106.461,101.34612697409388,47.201017141153756
CAMELSH__08252500,119,54,CAMELSH,1,4,47,36.898,-105.255,138.26331136591546,2.7874262717294105
CAMELSH__08253000,120,55,CAMELSH,1,4,47,36.897,-105.26,137.99382204963445,2.3616497460050385
CAMELSH__08253500,118,54,CAMELSH,1,4,47,36.884,-105.281,137.51222143480155,1.2519121830442195
CAMELSH__08254000,123,57,CAMELSH,1,4,47,36.873,-105.284,138.1170234801569,1.2519121830442195
CAMELSH__08255500,204,92,CAMELSH,2,4,47,36.967,-105.507,116.4487929370191,3.3039441185622147
CAMELSH__08261000,129,59,CAMELSH,1,4,47,36.989,-105.532,113.15273050762731,3.3039441185622147
CAMELSH__08265000,226,104,CAMELSH,3,4,47,36.703,-105.568,128.75016557917365,3.354221674407626
CAMELSH__08266000,32,20,CAMELSH,0,4,47,36.731,-105.554,129.2878927087219,3.354221674407626
CAMELSH__08266820,263,117,CAMELSH,3,4,47,36.682,-105.656,121.72143332550931,8.18636070269537
CAMELSH__08267500,227,103,CAMELSH,3,4,47,36.542,-105.556,135.02225400186614,4.391292070027726
CAMELSH__08269000,229,98,CAMELSH,3,4,47,36.439,-105.504,143.7019486887154,8.043315379538663
CAMELSH__08271000,216,99,CAMELSH,3,4,47,36.508,-105.531,138.47401249406477,4.391292070027726
CAMELSH__08275500,210,96,CAMELSH,2,4,47,36.298,-105.583,144.72886307333025,14.566218798320959
CAMELSH__08276300,249,111,CAMELSH,3,4,47,36.378,-105.669,133.5901617940085,16.249288165283577
CAMELSH__08277470,200,91,CAMELSH,2,4,47,36.168,-105.603,151.24172881161493,14.566218798320959
CAMELSH__08279000,248,111,CAMELSH,3,4,47,36.211,-105.914,126.48270333404807,23.41320126991976
CAMELSH__08284100,204,92,CAMELSH,2,4,47,36.663,-106.633,45.262056647195614,38.48963286075866
CAMELSH__08285500,261,119,CAMELSH,3,4,47,36.58,-106.724,48.125783089129044,31.236930623112148
CAMELSH__08286500,245,110,CAMELSH,3,4,47,36.318,-106.598,79.23017695529772,18.557296361104825
CAMELSH__08287000,258,117,CAMELSH,3,4,47,36.237,-106.417,94.90488985015679,18.557296361104825
CAMELSH__08289000,257,116,CAMELSH,3,4,47,36.35,-106.044,107.57534178045559,31.290288060119153
CAMELSH__08290000,238,102,CAMELSH,3,4,47,36.074,-106.112,125.45334279545919,22.28997021631931
CAMELSH__08291000,220,101,CAMELSH,3,4,47,35.965,-105.904,146.6767746829093,12.819094110768571
CAMELSH__08294195,78,39,CAMELSH,0,4,47,35.85,-105.894,157.15979304667906,1.086645582944935
CAMELSH__08294210,233,106,CAMELSH,3,4,47,35.846,-105.905,156.9071378105568,1.086645582944935
CAMELSH__08302500,154,69,CAMELSH,1,4,47,35.74,-105.898,166.78536359627867,1.542177023569935
CAMELSH__08305030,56,31,CAMELSH,0,4,47,35.731,-105.911,166.93572720769572,1.542177023569935
CAMELSH__08315480,102,48,CAMELSH,0,4,47,35.689,-105.824,175.28061465983637,8.763258169521322
CAMELSH__08316000,234,108,CAMELSH,3,4,47,35.687,-105.844,174.41146629606874,7.648555007450438
CAMELSH__08317200,187,87,CAMELSH,2,4,47,35.547,-106.229,171.0733613503411,9.083334038374707
CAMELSH__08317950,194,88,CAMELSH,2,4,47,35.466,-106.216,179.84484085957467,9.083334038374707
CAMELSH__08323000,20,15,CAMELSH,0,4,47,35.731,-106.763,138.22858794957102,7.882155681711629
CAMELSH__08324000,240,109,CAMELSH,3,4,47,35.662,-106.743,146.07876369345368,7.882155681711629
CAMELSH__08329000,91,46,CAMELSH,0,4,47,35.39,-106.535,179.26317708407012,26.31500958290631
CAMELSH__08329700,174,81,CAMELSH,2,4,47,35.094,-106.624,176.55065222814434,4.714455892401311
CAMELSH__08329840,124,60,CAMELSH,1,4,47,35.126,-106.59,179.20227880685925,3.740837519288545
CAMELSH__08329882,51,28,CAMELSH,0,4,47,35.159,-106.598,178.12150019076566,3.740837519288545
CAMELSH__08334000,139,63,CAMELSH,1,4,47,35.601,-107.166,130.52877357994598,38.82653747262665
CAMELSH__08340500,85,42,CAMELSH,0,4,47,35.593,-107.189,128.2884343787057,41.033827026897455
CAMELSH__08341500,9,11,CAMELSH,0,4,47,35.304,-108.1,41.179437809057106,41.179437809057106
CAMELSH__08351500,14,13,CAMELSH,0,4,47,34.968,-107.187,129.0737542925292,53.14180280886452
CAMELSH__08377900,193,87,CAMELSH,2,4,47,35.777,-105.658,176.99942574076863,7.9973314223654
CAMELSH__08378500,205,93,CAMELSH,2,4,47,35.708,-105.683,181.3762746964211,7.9973314223654
CAMELSH__08379500,247,113,CAMELSH,3,4,47,35.179,-105.109,259.8431913226157,18.99771830571596
CAMELSH__08380500,221,100,CAMELSH,3,4,47,35.652,-105.319,208.12155748784727,30.030147218075022
CAMELSH__08382500,232,107,CAMELSH,3,4,47,35.182,-104.9,250.80981357373614,13.543708815170923
CAMELSH__08382600,247,109,CAMELSH,3,4,47,35.091,-104.801,240.68885061361564,4.947514464866699
CAMELSH__08382650,237,108,CAMELSH,3,4,47,35.06,-104.762,236.83624352069612,4.947514464866699
CAMELSH__08382830,193,90,CAMELSH,2,4,47,35.031,-104.686,229.67932879797698,12.412496572103535
CAMELSH__08386505,185,85,CAMELSH,2,4,47,33.337,-105.726,191.98023111992768,6.233145439881082
CAMELSH__08387000,257,115,CAMELSH,3,4,47,33.327,-105.628,184.31544090608855,9.172186161629117
CAMELSH__08387600,208,96,CAMELSH,2,4,47,33.393,-105.723,195.78889232607432,6.233145439881082
CAMELSH__08390500,257,117,CAMELSH,3,4,47,33.349,-104.852,140.7246492928605,13.290166738090786
CAMELSH__08390800,251,115,CAMELSH,3,4,47,33.301,-104.721,130.5727666051935,13.290166738090786
CAMELSH__08393610,208,96,CAMELSH,2,4,47,33.409,-104.472,134.5948739513697,35.90943892372903
CAMELSH__08397600,161,76,CAMELSH,2,4,47,32.882,-105.178,120.56818075040543,11.344228152822682
CAMELSH__08397620,179,83,CAMELSH,2,4,47,32.837,-105.069,109.43778871396064,11.344228152822682
CAMELSH__08405500,254,115,CAMELSH,3,1,61,32.229,-104.151,109.43778871396064,8.198148752239135
CAMELSH__08406000,177,83,CAMELSH,2,1,61,32.241,-104.065,115.10610107359565,8.198148752239135
CAMELSH__08408500,235,108,CAMELSH,3,1,61,32.023,-104.055,131.33557996074848,24.625537567459393
CAMELSH__08447020,167,79,CAMELSH,2,1,61,30.452,-101.733,180.68275416628623,143.16881016026193
CAMELSH__08477110,243,111,CAMELSH,3,3,78,32.855,-107.974,196.2628843717529,71.9495089136786
CAMELSH__08481500,209,97,CAMELSH,2,4,47,33.145,-105.898,192.6204473375307,32.01814398885445
CAMELSH__09010500,151,69,CAMELSH,1,4,23,40.326,-105.857,207.10722425590623,17.599735459901318
CAMELSH__09019000,32,21,CAMELSH,0,4,23,40.144,-105.867,192.5190831674054,6.208918164707805
CAMELSH__09019500,112,48,CAMELSH,1,4,23,40.121,-105.901,188.6595962827411,4.3267085439565625
CAMELSH__09021000,38,24,CAMELSH,0,4,23,40.146,-105.94,188.0789275321575,4.3267085439565625
CAMELSH__09022000,184,79,CAMELSH,2,4,23,39.846,-105.752,180.58387521305312,6.372283063269053
CAMELSH__09024000,230,104,CAMELSH,3,4,23,39.9,-105.777,182.01765275167378,6.372283063269053
CAMELSH__09034900,198,85,CAMELSH,2,4,23,39.76,-105.906,164.37244433442248,11.222182651400871
CAMELSH__09035800,81,38,CAMELSH,0,4,23,39.801,-106.026,158.24382686085454,0.701120244023596
CAMELSH__09035900,182,81,CAMELSH,2,4,23,39.796,-106.031,157.57645164879722,0.701120244023596
CAMELSH__09041000,16,11,CAMELSH,0,4,23,40.294,-106.484,171.27580783725088,11.465322649099809
CAMELSH__09041090,147,65,CAMELSH,1,4,23,40.202,-106.423,165.6261051044963,10.369376225136566
CAMELSH__09041400,221,101,CAMELSH,3,4,23,40.109,-106.414,157.77468194409184,10.369376225136566
CAMELSH__09047700,204,91,CAMELSH,2,4,23,39.594,-105.973,150.43843580282606,19.199235718120363
CAMELSH__09052000,15,11,CAMELSH,0,4,23,39.723,-106.129,146.0840337739981,3.8038058105634716
CAMELSH__09052400,14,6,CAMELSH,0,4,23,39.728,-106.173,143.29377300167906,3.8038058105634716
CAMELSH__09052800,16,10,CAMELSH,0,4,23,39.763,-106.193,144.18167531818753,4.250902160790028
CAMELSH__09058700,58,27,CAMELSH,0,4,23,39.698,-106.446,122.72156040283551,4.115129237321128
CAMELSH__09058800,36,16,CAMELSH,0,4,23,39.732,-106.427,126.41318975737961,4.115129237321128
CAMELSH__09063200,75,33,CAMELSH,0,4,23,39.522,-106.324,120.10158214121007,1.0352643805119937
CAMELSH__09063400,102,45,CAMELSH,0,4,23,39.523,-106.336,119.26327303297371,1.0352643805119937
CAMELSH__09064500,79,38,CAMELSH,0,4,23,39.473,-106.368,114.16235577339569,6.200779046152877
CAMELSH__09065500,181,78,CAMELSH,2,4,23,39.626,-106.278,129.49560482689685,2.018281610222136
CAMELSH__09066000,149,68,CAMELSH,1,4,23,39.596,-106.265,128.64766622416096,3.516822965734885
CAMELSH__09066100,87,37,CAMELSH,0,4,23,39.64,-106.293,129.28794159303558,0.9648814485159241
CAMELSH__09066150,89,43,CAMELSH,0,4,23,39.644,-106.303,128.83069367794468,0.9648814485159241
CAMELSH__09066200,206,92,CAMELSH,2,4,23,39.648,-106.323,127.67747242819702,2.7183522791333172
CAMELSH__09066300,198,89,CAMELSH,2,4,23,39.646,-106.382,123.44604026816322,5.056413400800138
CAMELSH__09066400,105,47,CAMELSH,1,4,23,39.683,-106.401,124.64991812981,5.8850260255532625
CAMELSH__09071300,35,21,CAMELSH,0,4,23,39.717,-107.31,77.663819817862,14.172501750477542
CAMELSH__09072550,35,18,CAMELSH,0,4,23,39.12,-106.625,79.81026672305819,4.515091984725388
CAMELSH__09073005,110,54,CAMELSH,1,4,23,39.08,-106.616,79.86768859812842,4.515091984725388
CAMELSH__09073300,232,100,CAMELSH,3,4,23,39.141,-106.774,67.79118274493561,6.841245200699371
CAMELSH__09073400,268,116,CAMELSH,3,4,23,39.18,-106.802,66.74588491625032,10.37703531898468
CAMELSH__09074000,154,66,CAMELSH,1,4,23,39.206,-106.798,68.06482661463245,12.97050395630474
CAMELSH__09074800,39,20,CAMELSH,0,4,23,39.087,-106.812,63.27454957170078,6.841245200699371
CAMELSH__09075700,22,14,CAMELSH,0,4,23,39.124,-106.905,56.39671196636602,9.017784786380052
CAMELSH__09080400,251,115,CAMELSH,3,4,23,39.366,-106.826,74.34301146095687,17.95364887633485
CAMELSH__09081000,190,87,CAMELSH,2,4,23,39.373,-107.084,58.15049505014772,19.930136343644183
CAMELSH__09081600,289,124,CAMELSH,4,4,23,39.232,-107.227,38.279599181826555,19.572008539405708
CAMELSH__09083800,56,30,CAMELSH,0,4,23,39.408,-107.23,54.04743140445568,19.572008539405708
CAMELSH__09097900,36,22,CAMELSH,0,0,81,39.24,-107.971,64.08353078533108,30.06911789436962
CAMELSH__09107000,187,84,CAMELSH,2,4,23,38.86,-106.567,84.5777914593421,24.82694679438627
CAMELSH__09126000,210,94,CAMELSH,2,0,81,38.257,-107.547,83.93522659288692,51.6746837540959
CAMELSH__09132940,42,21,CAMELSH,0,0,81,38.982,-107.532,38.279599181826555,3.5676074344219404
CAMELSH__09132985,40,21,CAMELSH,0,0,81,38.965,-107.567,41.74053417755394,3.5676074344219404
CAMELSH__09132995,66,33,CAMELSH,0,0,81,38.904,-107.562,46.54699913393177,6.796663655749566
CAMELSH__09135900,29,13,CAMELSH,0,0,81,38.798,-107.732,65.05729501772481,1.3103989114750991
CAMELSH__09135950,43,21,CAMELSH,0,0,81,38.788,-107.74,66.3481357042684,1.3103989114750991
CAMELSH__09143000,176,77,CAMELSH,2,0,81,38.985,-107.855,60.74812700579153,23.359996465868335
CAMELSH__09149500,289,131,CAMELSH,4,0,81,38.742,-108.081,91.74257494513348,30.890615397951034
CAMELSH__09153290,95,48,CAMELSH,0,0,81,39.211,-108.804,83.78731636838403,71.82562910901522
CAMELSH__09168730,117,53,CAMELSH,1,0,81,38.044,-108.905,192.2660074200546,35.36810183017133
CAMELSH__09169500,201,86,CAMELSH,2,0,81,38.31,-108.885,176.54879838565623,6.91984950088956
CAMELSH__09171100,248,109,CAMELSH,3,0,81,38.357,-108.833,169.81477167088602,6.91984950088956
CAMELSH__09174600,194,89,CAMELSH,2,0,81,38.244,-108.502,150.71752240684867,22.291160399508993
CAMELSH__09177000,204,87,CAMELSH,2,0,81,38.357,-108.713,161.40175299045788,10.463344935687806
CAMELSH__09182400,151,66,CAMELSH,1,0,81,38.674,-109.45,162.05839331349975,21.61137664373393
CAMELSH__09183000,5,6,CAMELSH,0,0,81,38.613,-109.58,172.30707804451833,21.05279195750895
CAMELSH__09183500,221,95,CAMELSH,3,0,81,38.483,-109.404,178.7917678137513,0.6946276471665903
CAMELSH__09183600,154,73,CAMELSH,1,0,81,38.486,-109.411,178.76479271228237,0.6946276471665903
CAMELSH__09186500,2,4,CAMELSH,0,0,81,37.972,-109.519,181.74000696703757,12.352605260108058
CAMELSH__09188500,158,71,CAMELSH,1,2,74,43.019,-110.118,91.92081434780805,26.216696016411923
CAMELSH__09196500,211,96,CAMELSH,2,2,74,43.031,-109.77,82.71831621004824,16.2772493299629
CAMELSH__09197000,97,42,CAMELSH,0,2,74,42.895,-109.844,70.63396199316472,16.2772493299629
CAMELSH__09205000,171,78,CAMELSH,2,2,74,42.567,-109.93,45.779258042195494,37.14219279021602
CAMELSH__09209400,174,80,CAMELSH,2,0,27,42.193,-110.163,45.779258042195494,23.555737409038038
CAMELSH__09210500,177,80,CAMELSH,2,0,27,42.096,-110.417,60.64598734929027,23.555737409038038
CAMELSH__09213500,120,54,CAMELSH,1,0,27,42.317,-109.486,45.82751650753994,44.38625102636948
CAMELSH__09216050,74,36,CAMELSH,0,0,27,41.947,-109.688,71.75996474279317,44.38625102636948
CAMELSH__09217900,147,67,CAMELSH,1,0,27,40.959,-110.58,164.78138418208508,8.117663495125592
CAMELSH__09218500,68,37,CAMELSH,0,0,27,41.032,-110.579,156.89715992168578,8.117663495125592
CAMELSH__09220000,153,66,CAMELSH,1,0,27,41.054,-110.398,158.7958339685379,15.375434971729854
CAMELSH__09223000,154,70,CAMELSH,1,0,27,42.11,-110.71,41.68707043999573,21.774405746899003
CAMELSH__09223385,5,8,CAMELSH,0,0,27,41.963,-110.66,57.473052869016605,24.930820235237956
CAMELSH__09224700,187,85,CAMELSH,2,0,27,41.546,-109.693,115.20369671571054,44.59109500560658
CAMELSH__09229500,136,62,CAMELSH,1,0,27,41.012,-109.673,142.5552048684585,39.796541391302064
CAMELSH__09230300,19,14,CAMELSH,0,0,27,40.99,-109.655,139.81745395204726,37.68149874236247
CAMELSH__09235600,20,11,CAMELSH,0,0,27,40.768,-109.319,102.30643721564145,36.199387710029264
CAMELSH__09240020,40,19,CAMELSH,0,4,23,40.489,-106.842,150.02867319391862,16.995329848200477
CAMELSH__09243800,77,35,CAMELSH,0,4,23,40.346,-107.085,126.92760910241476,9.059475180183702
CAMELSH__09243900,41,19,CAMELSH,0,4,23,40.39,-106.995,135.20293089213652,9.059475180183702
CAMELSH__09244490,101,50,CAMELSH,1,4,23,40.518,-107.4,105.63679724616848,10.594918363513049
CAMELSH__09245000,30,16,CAMELSH,0,4,23,40.67,-107.285,121.27558872165203,9.189869804890058
CAMELSH__09246200,147,68,CAMELSH,1,4,23,40.592,-107.321,114.89019742324955,9.189869804890058
CAMELSH__09246500,71,35,CAMELSH,0,4,23,40.531,-107.436,103.32018174648628,11.848338083720813
CAMELSH__09256000,1,3,CAMELSH,0,4,23,41.098,-107.382,142.76798673340295,16.019332606094878
CAMELSH__09257000,60,30,CAMELSH,0,4,23,41.028,-107.549,127.4664283186045,8.260043190590311
CAMELSH__09258980,148,71,CAMELSH,1,4,23,41.068,-107.632,126.29205736368965,8.260043190590311
CAMELSH__09268500,2,8,CAMELSH,0,0,27,40.643,-109.811,130.50159218891096,5.365321992493259
CAMELSH__09268900,5,6,CAMELSH,0,0,27,40.659,-109.751,126.61392500950546,5.365321992493259
CAMELSH__09270500,4,7,CAMELSH,0,0,27,40.526,-109.606,109.56107564425066,19.19923402582003
CAMELSH__09277800,15,14,CAMELSH,0,0,27,40.557,-110.698,162.75815107101516,33.990241389136614
CAMELSH__09295000,238,108,CAMELSH,3,0,27,40.2,-110.064,138.9339128049535,17.34234757721875
CAMELSH__09295100,155,73,CAMELSH,1,0,27,40.207,-109.86,122.27158855527695,5.623195535318158
CAMELSH__09301500,154,72,CAMELSH,1,0,27,40.234,-109.804,118.5057307872701,2.6804268990995155
CAMELSH__09302000,222,99,CAMELSH,3,0,27,40.216,-109.783,116.23106876635738,2.6804268990995155
CAMELSH__09303300,18,12,CAMELSH,0,4,23,39.843,-107.335,86.4287442144055,14.172501750477542
CAMELSH__09303500,7,8,CAMELSH,0,4,23,39.922,-107.552,83.90658677836882,20.493981815052024
CAMELSH__09306007,45,26,CAMELSH,0,4,23,39.826,-108.183,51.06973864115413,14.418721986288084
CAMELSH__09306200,200,91,CAMELSH,2,4,23,39.921,-108.298,36.68639989673077,14.418721986288084
CAMELSH__09306222,193,83,CAMELSH,2,4,23,40.077,-108.236,30.22541918789321,18.132552780817928
CAMELSH__09306224,26,15,CAMELSH,0,4,23,40.162,-108.345,18.799488131386145,18.799488131386145
CAMELSH__09306242,280,123,CAMELSH,4,4,23,39.92,-108.473,29.952449435507177,14.924297651468315
CAMELSH__09306255,206,92,CAMELSH,2,4,23,40.169,-108.401,13.987377412534736,13.987377412534736
CAMELSH__09306290,205,93,CAMELSH,2,0,27,40.18,-108.565,13.987377412534736,13.987377412534736
CAMELSH__09308500,4,5,CAMELSH,0,0,27,39.799,-110.566,105.67972922820441,19.46470349910359
CAMELSH__09312600,138,62,CAMELSH,1,0,27,39.876,-111.037,82.90524538711934,17.418081959574025
CAMELSH__09312700,5,5,CAMELSH,0,0,27,39.831,-110.969,82.4018684529792,16.268726239656427
CAMELSH__09312800,4,5,CAMELSH,0,0,27,39.777,-110.792,88.80537650750057,9.034304003534919
CAMELSH__09313000,49,26,CAMELSH,0,0,27,39.719,-110.866,79.81475178217798,9.034304003534919
CAMELSH__09314500,146,63,CAMELSH,1,0,27,39.264,-110.347,106.15504373790912,45.18879429484542
CAMELSH__09328500,180,78,CAMELSH,2,0,81,38.858,-110.37,100.58246305342078,45.18879429484542
CAMELSH__09329050,143,62,CAMELSH,1,3,4,38.628,-111.648,93.19171890898262,33.19500172930678
CAMELSH__09337500,235,102,CAMELSH,3,3,4,37.778,-111.575,159.59985181967593,64.82835024656018
CAMELSH__09339900,13,10,CAMELSH,0,0,81,37.39,-106.841,82.92065488555924,47.201017141153756
CAMELSH__09346050,5,7,CAMELSH,0,0,81,36.962,-106.978,45.262056647195614,30.22352400238595
CAMELSH__09346400,173,80,CAMELSH,2,0,81,37.014,-107.312,71.2039003746447,11.222964566497161
CAMELSH__09349800,203,87,CAMELSH,2,0,81,37.088,-107.398,82.39442792643155,11.222964566497161
CAMELSH__09352900,190,86,CAMELSH,2,0,81,37.478,-107.544,121.42943887847235,27.290919359518817
CAMELSH__09353800,169,79,CAMELSH,2,0,81,37.166,-107.582,100.3523269074526,17.28649316693037
CAMELSH__09354500,178,83,CAMELSH,2,0,81,37.009,-107.6,91.43178874304189,0.3470076045394344
CAMELSH__09355000,84,36,CAMELSH,0,0,81,37.011,-107.597,91.31965264957833,0.3470076045394344
CAMELSH__09355500,249,114,CAMELSH,3,0,81,36.801,-107.698,90.25544462526692,24.715531182599737
CAMELSH__09358000,150,69,CAMELSH,1,0,81,37.811,-107.659,131.1139733266785,1.5179162967984263
CAMELSH__09358550,198,90,CAMELSH,2,0,81,37.82,-107.664,130.4362686889071,2.0489945357352357
CAMELSH__09359010,147,68,CAMELSH,1,0,81,37.803,-107.673,132.47608603189056,1.5108199289970499
CAMELSH__09359020,174,78,CAMELSH,2,0,81,37.79,-107.668,133.5489681365304,1.5108199289970499
CAMELSH__09359500,97,46,CAMELSH,0,0,81,37.57,-107.781,143.29042743573567,17.398482789881932
CAMELSH__09361000,17,13,CAMELSH,0,0,81,37.422,-107.845,136.65688011745772,17.398482789881932
CAMELSH__09363500,226,102,CAMELSH,3,0,81,37.038,-107.874,114.34659758964531,24.537633161253364
CAMELSH__09364010,150,71,CAMELSH,1,0,81,36.818,-108.024,118.88282871638391,19.05182304211468
CAMELSH__09364500,253,116,CAMELSH,3,0,81,36.721,-108.202,132.78100408062747,4.611813580565384
CAMELSH__09367000,126,58,CAMELSH,1,0,81,36.931,-108.185,135.8829915450138,19.05182304211468
CAMELSH__09367500,173,80,CAMELSH,2,0,81,36.74,-108.248,137.0981605174656,4.611813580565384
CAMELSH__09370600,45,24,CAMELSH,0,0,81,37.252,-108.358,163.35433635948516,27.65216586054142
CAMELSH__09371000,201,86,CAMELSH,2,0,81,37.027,-108.741,186.32720844965874,32.58215277144134
CAMELSH__09371492,217,99,CAMELSH,3,0,81,37.313,-108.661,190.45068541328462,3.8645738139207286
CAMELSH__09371520,206,90,CAMELSH,2,0,81,37.327,-108.701,194.31469792096178,3.8645738139207286
CAMELSH__09372000,223,96,CAMELSH,3,0,81,37.324,-109.016,219.8204881726651,27.85510906031719
CAMELSH__09372400,36,21,CAMELSH,0,0,81,37.877,-109.446,187.30654869115892,7.4593153928782145
CAMELSH__09378170,172,74,CAMELSH,2,0,81,37.847,-109.37,193.84858914247522,7.4593153928782145
CAMELSH__09378630,192,84,CAMELSH,2,0,81,37.756,-109.477,184.42753631497177,13.727384917979862
CAMELSH__09379200,240,109,CAMELSH,3,0,81,36.944,-109.711,162.25593312120932,74.70704616669819
CAMELSH__09381800,135,63,CAMELSH,1,3,4,37.107,-111.906,112.92053773818044,38.02349647698226
CAMELSH__09382000,302,129,CAMELSH,4,3,4,36.872,-111.595,92.2393468840387,38.02349647698226
CAMELSH__09386900,168,79,CAMELSH,2,0,81,35.283,-108.553,27.07924426394247,27.07924426394247
CAMELSH__09386950,242,110,CAMELSH,3,3,78,35.101,-108.751,27.07924426394247,27.07924426394247
CAMELSH__09396100,39,17,CAMELSH,0,3,78,35.182,-109.447,81.97112986870573,63.92329019214925
CAMELSH__09400562,131,63,CAMELSH,1,2,34,35.58,-110.774,128.1854196820624,20.94381295680138
CAMELSH__09400568,186,86,CAMELSH,2,2,34,35.656,-110.562,113.95750256109739,20.94381295680138
CAMELSH__09401110,198,90,CAMELSH,2,2,34,35.781,-110.933,135.0325992630157,26.566376632082882
CAMELSH__09401260,240,109,CAMELSH,3,2,34,36.105,-111.202,92.2393468840387,43.40947620865005
CAMELSH__09403000,2,8,CAMELSH,0,2,34,36.103,-112.096,96.52845995695397,63.79374582634842
CAMELSH__09403600,254,109,CAMELSH,3,3,4,37.101,-112.548,90.41633308374553,26.924928817912846
CAMELSH__09404115,199,92,CAMELSH,2,2,34,36.306,-112.761,90.41633308374553,63.79374582634842
CAMELSH__09404208,223,101,CAMELSH,3,2,34,35.765,-113.368,136.21489704524944,26.55325323457744
CAMELSH__09404222,190,88,CAMELSH,2,2,34,35.801,-113.659,124.87799698813635,26.55325323457744
CAMELSH__09404450,276,121,CAMELSH,4,3,4,37.339,-112.604,115.71127962430258,26.924928817912846
CAMELSH__09404900,215,99,CAMELSH,3,3,4,37.164,-112.959,97.02302751395533,5.413116282176349
CAMELSH__09405500,259,117,CAMELSH,3,3,4,37.21,-112.979,102.37899349814802,5.413116282176349
CAMELSH__09406000,275,119,CAMELSH,4,3,4,37.204,-113.181,106.6331526844082,9.244055498658964
CAMELSH__09406100,139,66,CAMELSH,1,3,4,37.197,-113.285,109.52243466708649,6.048809827992791
CAMELSH__09408135,165,75,CAMELSH,2,3,4,37.192,-113.353,111.74895071900193,3.673231969801557
CAMELSH__09408150,265,117,CAMELSH,3,3,4,37.172,-113.386,111.23931240529899,3.673231969801557
CAMELSH__09408195,185,81,CAMELSH,2,3,4,37.002,-113.469,99.89143501073484,12.698698230006762
CAMELSH__09409880,146,65,CAMELSH,1,3,4,37.282,-113.767,140.71837741160158,10.341507108287596
CAMELSH__09410100,162,73,CAMELSH,1,3,4,37.189,-113.768,133.00318073419368,10.341507108287596
CAMELSH__09413000,261,114,CAMELSH,3,3,4,37.075,-113.593,113.2029099583182,0.9924379225121426
CAMELSH__09413200,257,112,CAMELSH,3,3,4,37.071,-113.583,112.28455892501543,0.9924379225121426
CAMELSH__09413900,238,108,CAMELSH,3,3,4,37.47,-114.047,168.23533782595308,39.809977400946394
CAMELSH__09414900,94,47,CAMELSH,0,3,4,36.902,-113.934,122.68946237028754,35.149486263295245
CAMELSH__09415460,92,47,CAMELSH,0,3,4,38.935,-115.298,120.49896444083569,11.508807141113806
CAMELSH__09415515,34,19,CAMELSH,0,3,4,38.988,-114.958,150.38796287356982,29.981865883423538
CAMELSH__09417500,126,60,CAMELSH,1,3,4,38.004,-114.207,218.2391205256929,58.63700468969491
CAMELSH__09418500,230,105,CAMELSH,3,3,4,37.558,-114.563,162.550132957346,46.551342015067114
CAMELSH__094196783,182,85,CAMELSH,2,2,34,36.14,-115.048,111.15165197167052,10.427439808479319
CAMELSH__09419696,157,74,CAMELSH,1,2,34,36.091,-115.024,111.81660739343924,7.3462944395717775
CAMELSH__09419700,189,84,CAMELSH,2,2,34,36.087,-114.986,115.03832986030814,4.125189396812107
CAMELSH__09419753,211,97,CAMELSH,2,2,34,36.1,-114.943,119.12860918536899,4.125189396812107
CAMELSH__09419800,168,79,CAMELSH,2,2,34,36.122,-114.905,122.68946237028754,4.199648516038513
CAMELSH__09423350,189,88,CAMELSH,2,2,34,35.245,-115.299,107.72723848589943,97.29567717777681
CAMELSH__09424447,146,68,CAMELSH,1,2,34,34.542,-113.445,198.94291837037295,18.60694003149237
CAMELSH__09424450,252,115,CAMELSH,3,2,34,34.463,-113.624,209.94688428818827,18.60694003149237
CAMELSH__09424900,255,114,CAMELSH,3,2,34,34.306,-113.347,179.76774329005735,27.738787929989293
CAMELSH__09430500,258,118,CAMELSH,3,3,78,33.061,-108.537,245.85245764575902,15.801449810786504
CAMELSH__09430600,238,109,CAMELSH,3,3,78,33.167,-108.65,235.45737150501154,15.801449810786504
CAMELSH__09442692,30,20,CAMELSH,0,3,78,33.891,-108.516,154.82038845778712,79.15328363350307
CAMELSH__09444000,255,116,CAMELSH,3,3,78,33.247,-108.88,228.37799742601882,29.783288863954546
CAMELSH__09444200,192,90,CAMELSH,2,3,78,33.291,-109.196,229.24057240621596,29.783288863954546
CAMELSH__09447800,264,120,CAMELSH,3,3,78,32.956,-109.531,241.0018386352155,37.12323698326697
CAMELSH__09460150,171,75,CAMELSH,2,3,78,32.744,-109.838,233.3223240088286,37.12323698326697
CAMELSH__09468500,258,117,CAMELSH,3,3,78,33.296,-110.451,149.80966468834194,52.66940730463731
CAMELSH__09470700,178,84,CAMELSH,2,3,78,31.503,-110.005,321.7504811067386,29.2164875498025
CAMELSH__09470750,182,85,CAMELSH,2,3,78,31.447,-110.306,310.2362626281987,4.922201959583738
CAMELSH__09470800,231,106,CAMELSH,3,3,78,31.473,-110.348,305.35777129476014,4.922201959583738
CAMELSH__09471310,168,78,CAMELSH,2,3,78,31.518,-110.387,299.23023070242846,6.221816785159231
CAMELSH__09471380,180,84,CAMELSH,2,3,78,31.635,-110.425,287.75709519164695,13.498652524773103
CAMELSH__09471400,158,75,CAMELSH,1,3,78,31.7,-110.226,291.92446239457223,20.17243273342912
CAMELSH__09473000,273,121,CAMELSH,4,3,78,32.844,-110.62,169.69659712144153,52.66940730463731
CAMELSH__09480000,258,117,CAMELSH,3,3,78,31.355,-110.59,298.8500646340423,26.446718371931336
CAMELSH__09484000,273,123,CAMELSH,4,3,78,32.317,-110.81,204.52472776344032,6.47488695101786
CAMELSH__09484500,235,106,CAMELSH,3,3,78,32.265,-110.841,208.04308434424382,6.47488695101786
CAMELSH__09484550,173,82,CAMELSH,2,3,78,31.866,-110.57,259.2331565790537,29.116077576434172
CAMELSH__09484600,251,113,CAMELSH,3,3,78,32.036,-110.678,237.76398314195427,11.543486795824954
CAMELSH__09485000,269,122,CAMELSH,4,3,78,32.13,-110.626,231.30208247026064,11.543486795824954
CAMELSH__09485700,228,102,CAMELSH,3,3,78,32.271,-110.915,204.10481915689837,6.989542065198291
CAMELSH__09486590,84,43,CAMELSH,0,3,78,31.572,-111.332,236.76547425887424,74.3973234233011
CAMELSH__09492400,271,122,CAMELSH,4,3,78,33.822,-109.815,177.1932421932423,33.90951800484848
CAMELSH__09494000,276,125,CAMELSH,4,3,78,33.736,-110.167,148.47853230130335,33.90951800484848
CAMELSH__09497700,11,10,CAMELSH,0,3,78,34.157,-110.511,108.75832568525314,56.55387457572474
CAMELSH__09497800,262,118,CAMELSH,3,3,78,33.843,-110.558,110.44008448612423,37.48719415294833
CAMELSH__09497980,285,129,CAMELSH,4,3,78,33.828,-110.856,85.58751237137807,10.207939969588955
CAMELSH__09498503,256,112,CAMELSH,3,3,78,33.797,-110.96,78.78021664869492,10.207939969588955
CAMELSH__09505200,285,129,CAMELSH,4,2,34,34.675,-111.672,109.73566010920514,15.255960237615117
CAMELSH__09505350,284,129,CAMELSH,4,2,34,34.729,-111.776,117.08085761469684,22.419535818944375
CAMELSH__09505800,276,125,CAMELSH,4,2,34,34.539,-111.694,94.99588803107446,15.255960237615117
CAMELSH__09508300,275,122,CAMELSH,4,2,34,34.161,-111.693,53.764412257778424,38.817875006188885
CAMELSH__09510200,256,115,CAMELSH,3,3,78,33.694,-111.542,43.70523744231193,43.70523744231193
CAMELSH__09512280,269,122,CAMELSH,4,2,34,33.887,-111.954,43.70523744231193,16.50904960181096
CAMELSH__09513780,277,126,CAMELSH,4,2,34,33.974,-112.099,60.134363658970955,16.50904960181096
CAMELSH__09516500,186,80,CAMELSH,2,2,34,33.885,-112.662,105.65802814989372,52.87732368452503
CAMELSH__09517000,224,102,CAMELSH,3,2,34,33.347,-112.726,116.34263827285045,60.11569696442105
CAMELSH__09537200,271,123,CAMELSH,4,3,78,31.59,-109.509,342.8047727944508,27.428368449106618
CAMELSH__09537500,167,78,CAMELSH,2,3,78,31.352,-109.585,358.6958591360833,27.428368449106618
CAMELSH__10015700,53,24,CAMELSH,0,0,27,41.129,-110.807,142.82182663321186,3.809338012046803
CAMELSH__10015900,13,8,CAMELSH,0,0,27,41.156,-110.835,139.56150472380213,3.809338012046803
CAMELSH__10020100,197,88,CAMELSH,2,0,27,41.434,-111.018,107.74991688160844,8.009935695504723
CAMELSH__10020300,282,124,CAMELSH,4,0,27,41.506,-111.015,99.74599660072424,8.009935695504723
CAMELSH__10023000,133,61,CAMELSH,1,0,27,41.61,-111.254,88.47661916294197,23.004104763308998
CAMELSH__10026500,26,14,CAMELSH,0,0,27,41.8,-111.073,67.16256600442213,17.087612013325455
CAMELSH__10028500,107,50,CAMELSH,1,0,27,41.939,-110.985,51.704965067369166,17.087612013325455
CAMELSH__10038000,212,94,CAMELSH,2,0,27,42.127,-110.973,30.998140774159225,11.480654543127208
CAMELSH__10039500,191,86,CAMELSH,2,0,27,42.211,-111.054,21.47323277609014,11.480654543127208
CAMELSH__10041000,15,10,CAMELSH,0,2,74,42.403,-111.026,21.47323277609014,27.178360702077285
CAMELSH__10068500,197,90,CAMELSH,2,2,74,42.402,-111.357,32.74023365365888,27.178360702077285
CAMELSH__10093000,20,15,CAMELSH,0,0,27,42.141,-111.689,39.85584179394762,39.85584179394762
CAMELSH__10104700,15,13,CAMELSH,0,0,27,41.512,-111.812,105.87362076254365,7.86642170519114
CAMELSH__10105900,237,109,CAMELSH,3,0,27,41.575,-111.855,100.74859859811274,7.86642170519114
CAMELSH__10109001,42,26,CAMELSH,0,0,27,41.744,-111.784,81.21209684517807,19.69586146999867
CAMELSH__10125500,6,9,CAMELSH,0,0,27,42.03,-112.23,66.71776624508097,48.728154078082106
CAMELSH__10129900,172,80,CAMELSH,2,0,27,40.735,-111.476,164.36259769820626,27.809111263949738
CAMELSH__10143500,64,34,CAMELSH,0,0,27,40.916,-111.863,170.4978524503093,58.40548776884685
CAMELSH__10148200,9,5,CAMELSH,0,0,27,39.95,-111.217,82.89041872965159,17.418081959574025
CAMELSH__10149000,170,79,CAMELSH,2,0,27,40.118,-111.315,98.1709476607117,7.4340793613743354
CAMELSH__10149400,164,77,CAMELSH,2,0,27,40.076,-111.383,92.39779326169237,2.32134807262239
CAMELSH__10149500,24,17,CAMELSH,0,0,27,40.079,-111.41,92.33348212192264,2.32134807262239
CAMELSH__10153100,117,57,CAMELSH,1,0,27,40.179,-111.639,102.42371041342297,22.42095609514955
CAMELSH__10153800,34,19,CAMELSH,0,0,27,40.597,-111.097,154.37334572510437,33.46103915105381
CAMELSH__10155500,251,115,CAMELSH,3,0,27,40.484,-111.464,136.57299658713052,0.27701509922467255
CAMELSH__10156000,234,107,CAMELSH,3,0,27,40.485,-111.467,136.66559237402228,0.27701509922467255
CAMELSH__10157500,149,71,CAMELSH,1,0,27,40.461,-111.473,133.96793749079745,2.668386312164175
CAMELSH__10166430,206,92,CAMELSH,2,0,27,40.405,-112.1,117.19421714191492,41.36448665179413
CAMELSH__10172200,266,121,CAMELSH,4,0,27,40.78,-111.806,162.45653109234817,43.52413835144557
CAMELSH__10172700,254,114,CAMELSH,3,0,27,39.979,-112.38,70.40778638134614,59.79976797657148
CAMELSH__10172800,263,118,CAMELSH,3,0,27,40.496,-112.574,130.05420980767894,41.36448665179413
CAMELSH__10172860,89,45,CAMELSH,0,3,4,39.46,-114.024,151.9889600952488,33.60141147903787
CAMELSH__10172870,195,88,CAMELSH,2,3,4,39.744,-113.89,131.5032409635028,4.474526233839857
CAMELSH__10172875,52,28,CAMELSH,0,3,4,39.778,-113.862,128.41969731667757,4.474526233839857
CAMELSH__10172952,240,106,CAMELSH,3,0,92,41.859,-113.327,123.95069514543113,24.994595579819116
CAMELSH__10173450,201,89,CAMELSH,2,3,4,37.623,-112.517,148.03937665875864,8.269275491300037
CAMELSH__10174500,267,120,CAMELSH,4,3,4,37.651,-112.43,152.41964514200484,8.269275491300037
CAMELSH__10180000,41,24,CAMELSH,0,3,4,38.104,-112.336,166.86891272260868,19.362412789269914
CAMELSH__10183500,277,125,CAMELSH,4,3,4,38.206,-112.208,153.20283394373917,5.359543142089056
CAMELSH__10183900,24,12,CAMELSH,0,3,4,37.576,-112.266,147.91041798131067,16.68001593641715
CAMELSH__10189000,240,109,CAMELSH,3,3,4,38.196,-112.148,152.6556039677145,5.359543142089056
CAMELSH__10191500,101,50,CAMELSH,1,3,4,38.328,-112.188,139.57970207575207,13.677687151380066
CAMELSH__10194000,34,21,CAMELSH,0,3,4,38.572,-112.258,115.06568423821217,2.8886288316183246
CAMELSH__10194200,259,117,CAMELSH,3,3,4,38.579,-112.29,115.25073820491122,2.8886288316183246
CAMELSH__10205000,104,51,CAMELSH,1,3,4,38.873,-111.954,76.25339757206109,11.99582443742524
CAMELSH__10205030,196,86,CAMELSH,2,3,4,38.912,-111.53,60.28370841298165,33.19500172930678
CAMELSH__10206000,34,19,CAMELSH,0,3,4,38.957,-111.867,66.23763713377681,11.99582443742524
CAMELSH__10215700,26,18,CAMELSH,0,0,27,39.448,-111.425,24.88527082253278,24.88527082253278
CAMELSH__10215900,244,109,CAMELSH,3,3,4,39.259,-111.58,24.88527082253278,24.88527082253278
CAMELSH__10219200,35,15,CAMELSH,0,0,27,39.552,-111.83,39.023347128458255,39.023347128458255
CAMELSH__10224100,45,23,CAMELSH,0,3,4,39.356,-112.233,40.89231430240307,54.44525612599282
CAMELSH__10234500,235,104,CAMELSH,3,3,4,38.281,-112.568,155.08070299950683,24.795426491322132
CAMELSH__10237000,110,52,CAMELSH,1,3,4,38.254,-112.766,165.50145779221523,7.661580867590575
CAMELSH__10239000,104,47,CAMELSH,1,3,4,38.217,-112.84,172.2711276531511,7.661580867590575
CAMELSH__10242000,223,97,CAMELSH,3,3,4,37.672,-113.035,153.82919174445072,45.93017346844176
CAMELSH__10243260,161,75,CAMELSH,1,3,4,39.012,-114.214,190.58859294840332,46.10964772530627
CAMELSH__10243700,235,107,CAMELSH,3,3,4,39.217,-114.53,182.69698274460242,13.800323026648151
CAMELSH__10244950,244,109,CAMELSH,3,3,4,39.202,-114.689,177.5832581955289,13.800323026648151
CAMELSH__10245445,55,29,CAMELSH,0,3,4,39.318,-115.395,124.69838297728806,43.401821071280516
CAMELSH__10245900,93,46,CAMELSH,0,1,36,38.794,-116.855,128.95730238142272,15.223811403718866
CAMELSH__10245910,105,46,CAMELSH,1,1,36,38.806,-116.68,113.7439835185124,15.223811403718866
CAMELSH__10246846,18,10,CAMELSH,0,3,4,38.847,-115.368,113.7439835185124,11.508807141113806
CAMELSH__10249280,262,118,CAMELSH,3,1,36,39.212,-117.113,148.36944397046398,37.893415882694605
CAMELSH__10249300,246,111,CAMELSH,3,1,36,38.887,-117.245,162.56281424017018,35.325072487795055
CAMELSH__10251300,188,87,CAMELSH,2,4,24,35.849,-116.23,107.72723848589943,107.72723848589943
CAMELSH__10256500,266,121,CAMELSH,4,4,24,33.871,-116.681,198.38525675334716,0.8601760298433184
CAMELSH__10257500,230,103,CAMELSH,3,4,24,33.869,-116.672,198.03330395708832,0.8601760298433184
CAMELSH__10257548,198,92,CAMELSH,2,4,24,33.899,-116.621,192.4833506374901,5.7698855930064425
CAMELSH__10257600,219,100,CAMELSH,3,4,24,34.011,-116.628,183.33821433808507,12.47055613971167
CAMELSH__10257720,272,123,CAMELSH,4,4,24,33.844,-116.605,196.40464069819797,6.071421811741914
CAMELSH__10258000,279,125,CAMELSH,4,4,24,33.805,-116.559,197.3850720978115,5.072434453311611
CAMELSH__10258500,270,123,CAMELSH,4,4,24,33.745,-116.536,201.66586411056537,2.111225580666593
CAMELSH__10259000,284,129,CAMELSH,4,4,24,33.76,-116.55,201.0116261707146,2.111225580666593
CAMELSH__10259200,279,124,CAMELSH,4,4,24,33.631,-116.392,205.55883465323586,18.39003056235657
CAMELSH__10260470,7,10,CAMELSH,0,4,24,34.249,-117.202,145.90741057646076,2.2235791890559162
CAMELSH__10260500,237,107,CAMELSH,3,4,24,34.341,-117.228,141.6810079598611,2.7633883183324754
CAMELSH__10260865,19,15,CAMELSH,0,4,24,34.264,-117.218,144.11703937880316,2.2235791890559162
CAMELSH__10260950,123,60,CAMELSH,1,4,24,34.339,-117.258,138.99264144297013,2.7633883183324754
CAMELSH__10261500,225,102,CAMELSH,3,4,24,34.573,-117.321,131.63363617121428,26.653059004643218
CAMELSH__10263500,202,94,CAMELSH,2,4,24,34.421,-117.84,84.82224439799904,36.376777114730686
CAMELSH__10289000,22,15,CAMELSH,0,1,36,38.192,-119.21,275.2681256484126,2.8993680370565467
CAMELSH__10289500,81,40,CAMELSH,0,1,36,38.174,-119.234,274.91561093531527,2.8993680370565467
CAMELSH__10290500,198,89,CAMELSH,2,1,36,38.172,-119.325,268.98142687112625,7.450572458872494
CAMELSH__10291500,156,69,CAMELSH,1,1,36,38.239,-119.326,264.1148945504558,7.450572458872494
CAMELSH__10293000,249,113,CAMELSH,3,1,36,38.328,-119.215,265.6459454653881,13.849295316952908
CAMELSH__10293048,74,39,CAMELSH,0,1,36,38.442,-119.131,264.3610155235884,14.638682563521282
CAMELSH__10293500,244,108,CAMELSH,3,1,36,38.814,-119.048,250.4987886537557,15.515620123427743
CAMELSH__10295500,74,39,CAMELSH,0,1,36,38.361,-119.445,247.5059566859701,2.1572013935628043
CAMELSH__10296000,234,106,CAMELSH,3,1,36,38.38,-119.45,245.85281487346305,2.1572013935628043
CAMELSH__10296500,256,115,CAMELSH,3,1,36,38.513,-119.45,236.99102008970556,14.788925243325547
CAMELSH__10297500,265,119,CAMELSH,3,1,36,38.728,-119.428,225.64026478291808,12.471598081642988
CAMELSH__10299100,61,33,CAMELSH,0,1,36,38.649,-119.326,237.73151416978448,12.471598081642988
CAMELSH__10300000,244,108,CAMELSH,3,1,36,38.81,-119.227,236.68955465934604,15.515620123427743
CAMELSH__10301500,252,113,CAMELSH,3,1,36,39.152,-119.099,233.03661297582417,23.996901966314745
CAMELSH__10301600,220,101,CAMELSH,3,1,36,39.103,-118.929,248.65105792177891,11.506967115442542
CAMELSH__10301745,195,88,CAMELSH,2,1,36,39.014,-118.861,257.28591365204727,11.506967115442542
CAMELSH__10308200,246,111,CAMELSH,3,1,36,38.715,-119.765,201.6909020547181,8.556478242165506
CAMELSH__10308783,119,56,CAMELSH,1,1,36,38.701,-119.657,210.33292160330103,1.7980610384056661
CAMELSH__10308789,180,81,CAMELSH,2,1,36,38.717,-119.66,209.13925227402956,1.304685999876716
CAMELSH__103087891,107,52,CAMELSH,1,1,36,38.709,-119.649,210.42464562195437,1.304685999876716
CAMELSH__10308794,117,57,CAMELSH,1,1,36,38.736,-119.645,209.09064443359313,2.481265746117665
CAMELSH__10308800,164,78,CAMELSH,2,1,36,38.794,-119.673,203.62682188914718,6.312311768024215
CAMELSH__10309000,248,112,CAMELSH,3,1,36,38.845,-119.705,198.34575144447277,6.312311768024215
CAMELSH__10310000,232,106,CAMELSH,3,1,36,38.77,-119.834,193.3032900047856,8.556478242165506
CAMELSH__10310500,268,121,CAMELSH,4,1,36,39.113,-119.798,177.7391009453737,7.354807298959544
CAMELSH__10311000,266,120,CAMELSH,4,1,36,39.108,-119.713,184.71488943943638,6.385466385583402
CAMELSH__10311300,239,107,CAMELSH,3,1,36,39.165,-119.722,181.6603923605103,2.9295788027223075
CAMELSH__10311400,259,116,CAMELSH,3,1,36,39.181,-119.695,183.22472577028805,2.9295788027223075
CAMELSH__10311700,113,56,CAMELSH,1,1,36,39.238,-119.588,189.94064032143558,14.114228651322097
CAMELSH__10312000,271,119,CAMELSH,4,1,36,39.292,-119.311,211.30060636782537,23.996901966314745
CAMELSH__10312150,268,121,CAMELSH,4,1,36,39.464,-119.046,230.0181970164495,29.74186334733001
CAMELSH__10313400,115,53,CAMELSH,1,0,92,41.55,-115.307,130.9836535914525,33.29771343590251
CAMELSH__10315500,271,121,CAMELSH,4,0,92,41.253,-115.256,158.59175047699566,11.079593903502099
CAMELSH__10315600,96,45,CAMELSH,0,0,92,41.154,-115.271,169.23738316494064,11.079593903502099
CAMELSH__10316500,213,98,CAMELSH,2,0,92,40.691,-115.477,152.83028507675297,28.337971991371305
CAMELSH__10317500,138,65,CAMELSH,1,0,92,41.179,-115.493,174.57557487710363,18.789838872674807
CAMELSH__10318500,237,102,CAMELSH,3,0,92,40.936,-115.625,180.97277561952836,29.19922607233084
CAMELSH__10319900,227,103,CAMELSH,3,0,92,40.628,-115.731,148.45224111590335,9.381836625272197
CAMELSH__10320000,247,112,CAMELSH,3,0,92,40.685,-115.813,156.1170996960629,9.381836625272197
CAMELSH__10321590,179,81,CAMELSH,2,0,92,40.726,-116.078,167.01427413392102,1.7477343361077733
CAMELSH__10321940,193,90,CAMELSH,2,0,92,40.825,-116.223,181.77729150728658,3.119431066852626
CAMELSH__10321950,236,101,CAMELSH,3,0,92,40.803,-116.2,178.7701404248948,3.119431066852626
CAMELSH__10322000,249,112,CAMELSH,3,0,92,40.716,-116.094,166.45617955252538,1.7477343361077733
CAMELSH__10322150,259,115,CAMELSH,3,0,92,40.71,-116.126,166.8317313000565,2.77838799235745
CAMELSH__10324500,238,107,CAMELSH,3,0,92,40.83,-116.588,185.38345206726945,18.65355489696535
CAMELSH__10324700,112,49,CAMELSH,1,0,92,40.955,-116.44,202.09118176549626,18.65355489696535
CAMELSH__10329000,260,118,CAMELSH,3,0,92,41.416,-117.374,171.2880750228151,13.730565403781565
CAMELSH__10329500,252,115,CAMELSH,3,0,92,41.535,-117.418,171.57169509811865,13.730565403781565
CAMELSH__10336580,145,67,CAMELSH,1,1,36,38.796,-120.019,178.50015202527362,9.133661789727789
CAMELSH__10336645,257,112,CAMELSH,3,1,36,39.052,-120.119,155.84088459054362,7.153908489492103
CAMELSH__10336660,250,112,CAMELSH,3,1,36,39.107,-120.162,149.65672502355224,7.153908489492103
CAMELSH__10336676,232,104,CAMELSH,3,1,36,39.132,-120.158,148.68524223378762,9.511051838234476
CAMELSH__103366993,140,64,CAMELSH,1,1,36,39.259,-119.923,161.81148938133458,11.912576136723613
CAMELSH__103367592,132,63,CAMELSH,1,1,36,38.957,-119.928,175.40704201484817,10.769814027210849
CAMELSH__10336770,134,62,CAMELSH,1,1,36,38.863,-119.958,178.6368218565441,9.133661789727789
CAMELSH__10343500,282,125,CAMELSH,4,1,36,39.432,-120.238,130.23721654702737,33.222975660257696
CAMELSH__10348850,194,89,CAMELSH,2,1,36,39.354,-119.859,163.94057031573496,10.21159621393283
CAMELSH__10349300,255,117,CAMELSH,3,1,36,39.377,-119.744,172.88116472632163,2.7798731680627777
CAMELSH__10349495,47,27,CAMELSH,0,1,36,39.402,-119.744,172.2488783047194,2.7798731680627777
CAMELSH__10349849,176,83,CAMELSH,2,1,36,39.466,-119.729,172.0925118713898,5.425952228542109
CAMELSH__10349980,232,107,CAMELSH,3,1,36,39.513,-119.712,172.67729415023467,5.425952228542109
CAMELSH__10350400,64,28,CAMELSH,0,1,36,39.564,-119.52,188.28424553290424,17.413870983077523
CAMELSH__10352500,227,101,CAMELSH,3,0,92,41.967,-117.832,164.8789013192939,40.03442330245321
CAMELSH__10353600,34,20,CAMELSH,0,0,92,41.906,-118.309,131.6244710926011,30.332981923060526
CAMELSH__10353750,131,63,CAMELSH,1,0,92,41.543,-119.007,65.20736301972174,65.20736301972174
CAMELSH__10353770,58,32,CAMELSH,0,1,36,41.017,-119.352,65.20736301972174,65.20736301972174
CAMELSH__10353800,126,60,CAMELSH,1,1,36,40.509,-119.874,132.43588769500568,71.57870010666414
CAMELSH__10378500,6,4,CAMELSH,0,4,79,42.425,-119.923,95.45074709190011,60.36806973182126
CAMELSH__10384000,3,8,CAMELSH,0,4,79,42.685,-120.57,134.8505630949167,37.4327635863256
CAMELSH__10388000,13,10,CAMELSH,0,4,79,42.995,-120.749,98.35068618020496,37.4327635863256
CAMELSH__10396000,130,62,CAMELSH,1,0,92,42.791,-118.868,95.45074709190011,108.60125665271929
CAMELSH__10406500,2,7,CAMELSH,0,0,92,42.155,-118.459,124.10743393118057,30.332981923060526
CAMELSH__11014000,273,123,CAMELSH,4,4,24,32.638,-116.884,263.44601594287883,22.06739820252047
CAMELSH__11015000,279,126,CAMELSH,4,4,24,32.835,-116.623,269.34231568925827,22.273768156143806
CAMELSH__11016200,142,68,CAMELSH,1,4,24,32.774,-116.85,256.2402101947023,8.328627254633009
CAMELSH__11022200,273,122,CAMELSH,4,4,24,32.836,-116.9,248.3195329557219,8.328627254633009
CAMELSH__11023000,283,127,CAMELSH,4,4,24,32.765,-117.169,234.1661665581141,20.273757886265354
CAMELSH__11023340,279,126,CAMELSH,4,4,24,32.943,-117.122,224.65350260186713,20.273757886265354
CAMELSH__11025500,271,121,CAMELSH,4,4,24,33.107,-116.866,233.89188069142455,8.164560251668455
CAMELSH__11027000,148,70,CAMELSH,1,4,24,33.116,-116.953,226.46792301399466,7.146295914731615
CAMELSH__11028500,281,126,CAMELSH,4,4,24,33.052,-116.946,230.86588613119744,7.146295914731615
CAMELSH__11042000,246,112,CAMELSH,3,4,24,33.218,-117.36,188.60432240436663,13.368474595029507
CAMELSH__11042400,268,121,CAMELSH,4,4,24,33.459,-116.924,206.28470901072563,26.32235459346279
CAMELSH__11044250,269,122,CAMELSH,4,4,24,33.408,-117.201,189.63462848852976,4.797168204642641
CAMELSH__11044350,267,121,CAMELSH,4,4,24,33.424,-117.249,185.1188899826002,4.797168204642641
CAMELSH__11044800,230,104,CAMELSH,3,4,24,33.42,-117.322,179.78259208103637,6.789519814973182
CAMELSH__11045300,237,109,CAMELSH,3,4,24,33.347,-117.318,184.11055909469223,8.125721535899986
CAMELSH__11046090,64,35,CAMELSH,0,4,24,33.319,-117.438,176.29884338114735,3.482999599579693
CAMELSH__11046100,233,104,CAMELSH,3,4,24,33.292,-117.457,176.5047587115564,3.482999599579693
CAMELSH__11046300,240,110,CAMELSH,3,4,24,33.471,-117.473,164.77090220031062,10.297079659582245
CAMELSH__11046360,192,90,CAMELSH,2,4,24,33.426,-117.57,159.55691746860137,10.297079659582245
CAMELSH__11046530,121,59,CAMELSH,1,4,24,33.503,-117.648,148.92077296766044,1.7591861124394783
CAMELSH__11047300,242,104,CAMELSH,3,4,24,33.498,-117.666,147.7753916600381,1.7591861124394783
CAMELSH__11048553,87,44,CAMELSH,0,4,24,33.657,-117.828,125.99979490358407,3.333267621658166
CAMELSH__11048600,176,83,CAMELSH,2,4,24,33.645,-117.861,123.94554766711633,3.333267621658166
CAMELSH__11051499,228,105,CAMELSH,3,4,24,34.108,-117.101,158.93285668729848,3.9349188314141186
CAMELSH__11055500,264,120,CAMELSH,3,4,24,34.118,-117.142,154.99845592337476,3.9349188314141186
CAMELSH__11055800,270,122,CAMELSH,4,4,24,34.144,-117.189,150.01484452678474,8.083273099336518
CAMELSH__11057500,255,116,CAMELSH,3,4,24,34.064,-117.273,145.5665059921863,2.489581772760272
CAMELSH__11058000,56,29,CAMELSH,0,4,24,34.155,-117.227,146.3139649179817,4.471740995256979
CAMELSH__11058500,255,115,CAMELSH,3,4,24,34.179,-117.266,142.11958585356743,1.72188682280445
CAMELSH__11058600,120,58,CAMELSH,1,4,24,34.193,-117.274,140.98837037173544,1.72188682280445
CAMELSH__11059300,231,105,CAMELSH,3,4,24,34.065,-117.3,143.2060011625575,1.4455340469769833
CAMELSH__11060400,281,128,CAMELSH,4,4,24,34.078,-117.3,142.68866292083305,0.5636734211823995
CAMELSH__11062000,230,104,CAMELSH,3,4,24,34.212,-117.458,124.14026055649822,5.7309737159214205
CAMELSH__11063510,257,118,CAMELSH,3,4,24,34.263,-117.467,121.8439338305533,5.7309737159214205
CAMELSH__11063680,272,124,CAMELSH,4,4,24,34.208,-117.331,135.49139769882686,5.501050133183083
CAMELSH__11065000,258,117,CAMELSH,3,4,24,34.079,-117.306,142.1324610829042,0.5636734211823995
CAMELSH__11069500,217,100,CAMELSH,3,4,24,33.738,-116.834,197.3463480314174,20.886273525762302
CAMELSH__11070465,185,85,CAMELSH,2,4,24,33.694,-117.206,169.9606910542051,30.28586722765525
CAMELSH__11073300,193,88,CAMELSH,2,4,24,34.019,-117.731,109.67683322608323,15.67194801445662
CAMELSH__11073360,284,129,CAMELSH,4,4,24,34.004,-117.727,110.85921945970532,14.7258282194176
CAMELSH__11073495,257,117,CAMELSH,3,4,24,33.983,-117.599,122.19928098651238,11.901818983105665
CAMELSH__11074000,281,128,CAMELSH,4,4,24,33.883,-117.645,124.58713135581897,11.901818983105665
CAMELSH__11075720,280,125,CAMELSH,4,4,24,33.913,-117.843,107.99667385943602,14.7258282194176
CAMELSH__11077500,269,123,CAMELSH,4,4,24,33.77,-117.884,115.89272361311204,3.0636478355238763
CAMELSH__11078000,264,118,CAMELSH,3,4,24,33.751,-117.908,114.7312847469458,3.0636478355238763
CAMELSH__11085000,284,128,CAMELSH,4,4,24,34.112,-117.97,85.5131333536568,10.788579312786174
CAMELSH__11087020,276,124,CAMELSH,4,4,24,34.033,-118.038,85.63252624030441,4.18818483061545
CAMELSH__11088500,273,123,CAMELSH,4,4,24,33.888,-117.926,104.04517904172397,13.68252438320796
CAMELSH__11089500,275,124,CAMELSH,4,4,24,33.896,-117.886,106.18703378340417,14.011778557450645
CAMELSH__11092450,167,78,CAMELSH,2,4,24,34.162,-118.467,48.16877413111356,12.493997079756516
CAMELSH__11097000,284,128,CAMELSH,4,4,24,34.254,-118.389,45.11063937021312,12.493997079756516
CAMELSH__11098000,268,121,CAMELSH,4,4,24,34.222,-118.178,62.80154163242388,20.681373364977244
CAMELSH__11101250,291,126,CAMELSH,4,4,24,34.058,-118.072,81.44670989262737,4.18818483061545
CAMELSH__11102300,60,32,CAMELSH,0,4,24,34.017,-118.088,83.3354675316229,4.93941657214863
CAMELSH__11105510,23,17,CAMELSH,0,4,24,34.043,-118.684,36.09539736331635,23.96430549530174
CAMELSH__11106550,133,64,CAMELSH,1,1,64,34.179,-119.04,36.09539736331635,24.35491308068205
CAMELSH__11109000,209,92,CAMELSH,2,4,24,34.404,-118.739,13.334700365480446,6.340031307684273
CAMELSH__11109600,251,114,CAMELSH,3,1,64,34.523,-118.757,7.020251918464365,7.020251918464365
CAMELSH__11109800,110,54,CAMELSH,1,4,24,34.46,-118.752,7.020251918464365,6.340031307684273
CAMELSH__11111500,224,101,CAMELSH,3,1,64,34.578,-119.258,48.17959037726109,12.319680194475607
CAMELSH__11113000,246,112,CAMELSH,3,1,64,34.451,-118.926,15.98498716477718,15.056411252540723
CAMELSH__11113500,189,87,CAMELSH,2,1,64,34.396,-119.076,30.556769173663046,15.056411252540723
CAMELSH__11114495,170,74,CAMELSH,2,1,64,34.503,-119.357,55.65934959562586,12.319680194475607
CAMELSH__11118500,265,119,CAMELSH,3,1,64,34.352,-119.308,52.402988026143795,17.307570854435614
CAMELSH__11119500,269,121,CAMELSH,4,1,64,34.401,-119.487,67.72884336501137,16.453623330791437
CAMELSH__11119745,178,77,CAMELSH,2,1,64,34.441,-119.712,88.05032739716826,1.9034372882687054
CAMELSH__11119750,251,115,CAMELSH,3,1,64,34.426,-119.722,89.03018883389535,1.9034372882687054
CAMELSH__11119940,264,119,CAMELSH,3,1,64,34.445,-119.804,96.47274175615219,1.6228332708353808
CAMELSH__11120000,265,118,CAMELSH,3,1,64,34.425,-119.812,97.28135148086567,2.341796641443313
CAMELSH__11120500,243,110,CAMELSH,3,1,64,34.459,-119.809,96.90871039543136,1.6228332708353808
CAMELSH__11120520,66,36,CAMELSH,0,1,64,34.449,-119.84,99.76425570424753,3.052125256594797
CAMELSH__11123000,260,119,CAMELSH,3,1,64,34.524,-119.687,85.98504492835737,9.509388565187978
CAMELSH__11123500,265,120,CAMELSH,4,1,64,34.544,-119.865,102.41764021613506,7.138744546623601
CAMELSH__11124500,242,110,CAMELSH,3,1,64,34.597,-119.909,107.07818677496739,7.138744546623601
CAMELSH__11125600,105,51,CAMELSH,1,1,64,34.582,-119.983,113.59097397667011,11.601983155455816
CAMELSH__11128250,229,101,CAMELSH,3,1,64,34.618,-120.121,126.61833416350596,4.276679868838172
CAMELSH__11128500,234,107,CAMELSH,3,1,64,34.585,-120.145,128.37179798850715,4.276679868838172
CAMELSH__11129800,222,101,CAMELSH,3,1,64,34.649,-120.184,132.8127368626257,6.716062804369701
CAMELSH__11132500,264,118,CAMELSH,3,1,64,34.589,-120.408,152.38384175394003,5.719265677198238
CAMELSH__11133000,240,110,CAMELSH,3,1,64,34.638,-120.427,154.67415996244554,3.5400567393395552
CAMELSH__11134000,176,78,CAMELSH,2,1,64,34.668,-120.458,157.91625155303416,4.053905544743552
CAMELSH__11134800,118,57,CAMELSH,1,1,64,34.632,-120.465,158.04977249105494,3.5400567393395552
CAMELSH__11135800,193,88,CAMELSH,2,1,64,34.743,-120.271,142.5445997059995,13.134439727930344
CAMELSH__11136100,56,32,CAMELSH,0,1,64,34.782,-120.531,166.67667823386472,11.808238594244068
CAMELSH__11136800,240,109,CAMELSH,3,1,64,35.022,-120.228,148.6387127671647,14.512130783794943
CAMELSH__11137900,157,74,CAMELSH,1,1,64,35.078,-120.372,163.1487830100031,12.573745825118955
CAMELSH__11138500,153,71,CAMELSH,1,1,64,34.84,-120.168,136.24269276903246,14.031147681307903
CAMELSH__11140000,169,78,CAMELSH,2,1,64,34.894,-120.307,150.15870789266376,12.078949917722086
CAMELSH__11140585,102,47,CAMELSH,0,1,64,34.968,-120.404,161.21450838273114,12.078949917722086
CAMELSH__11141050,234,106,CAMELSH,3,1,64,34.884,-120.495,166.21956576458575,11.808238594244068
CAMELSH__11141280,264,119,CAMELSH,3,1,64,35.236,-120.472,179.1079492860601,19.78154773433083
CAMELSH__11143000,262,119,CAMELSH,3,1,64,36.246,-121.773,338.3519411503032,25.65677624948259
CAMELSH__11143200,276,124,CAMELSH,4,1,86,36.474,-121.729,328.76399201862176,15.388334949332574
CAMELSH__11143250,274,124,CAMELSH,4,1,86,36.539,-121.881,317.0319585491427,15.388334949332574
CAMELSH__11147500,269,122,CAMELSH,4,1,64,35.629,-120.684,218.69448003666793,37.39962022078268
CAMELSH__11148900,270,119,CAMELSH,4,1,64,35.789,-121.094,259.2278019595587,21.78490521039311
CAMELSH__11149400,276,125,CAMELSH,4,1,64,35.761,-120.855,239.82479623999626,18.83426272918443
CAMELSH__11149900,268,118,CAMELSH,4,1,64,35.897,-121.088,265.7061892478871,20.060962687715563
CAMELSH__11150500,272,121,CAMELSH,4,1,64,35.93,-120.869,252.42192324432463,18.83426272918443
CAMELSH__11151300,265,120,CAMELSH,4,1,64,36.268,-121.066,290.5765850946027,23.083915086321674
CAMELSH__11151870,16,11,CAMELSH,0,1,64,36.237,-121.482,316.7532856530146,15.072462395111842
CAMELSH__11152000,266,121,CAMELSH,4,1,64,36.281,-121.323,308.7538825560296,13.232499410893528
CAMELSH__11152050,198,89,CAMELSH,2,1,64,36.4,-121.324,317.526693136098,13.232499410893528
CAMELSH__11152600,194,89,CAMELSH,2,1,86,36.756,-121.611,304.5819307649042,19.329753473497856
CAMELSH__11153000,134,65,CAMELSH,1,1,86,36.98,-121.38,292.91459214331604,13.080230485571334
CAMELSH__11153650,166,78,CAMELSH,2,1,86,36.987,-121.527,285.4989892796714,10.534209847659131
CAMELSH__11154700,147,70,CAMELSH,1,1,64,36.365,-120.756,279.00538996880994,29.205891339993386
CAMELSH__11156500,258,118,CAMELSH,3,1,86,36.609,-121.203,325.99281806937273,25.632945840307805
CAMELSH__11157500,203,93,CAMELSH,2,1,86,36.765,-121.297,317.15391379187395,15.290068140096873
CAMELSH__11158600,260,118,CAMELSH,3,1,86,36.852,-121.43,302.81067683902194,14.910931444386264
CAMELSH__11159000,277,125,CAMELSH,4,1,86,36.9,-121.598,290.88366208699625,11.549839672662287
CAMELSH__11162500,282,126,CAMELSH,4,1,86,37.261,-122.329,227.96374902745114,8.863590689034728
CAMELSH__11162570,218,99,CAMELSH,3,1,86,37.326,-122.387,219.46779714836097,8.863590689034728
CAMELSH__11162620,204,94,CAMELSH,2,1,86,37.525,-122.399,198.23448557809166,22.153148296074097
CAMELSH__11166000,214,93,CAMELSH,2,1,86,37.422,-122.136,217.66595765409218,18.456563961452254
CAMELSH__11167800,13,13,CAMELSH,0,1,86,37.281,-121.88,241.73595062677592,11.353417193521668
CAMELSH__11169025,170,80,CAMELSH,2,1,86,37.374,-121.933,230.4039322346918,5.363608760589972
CAMELSH__11169800,151,72,CAMELSH,1,1,86,37.078,-121.494,278.31583495921046,10.534209847659131
CAMELSH__11170000,6,10,CAMELSH,0,1,86,37.168,-121.65,262.61556346067476,17.07184108186129
CAMELSH__11172175,198,91,CAMELSH,2,1,86,37.422,-121.927,225.95954124000178,5.363608760589972
CAMELSH__11172945,229,105,CAMELSH,3,1,86,37.497,-121.774,225.687258862516,3.8832643714386883
CAMELSH__11173200,232,106,CAMELSH,3,1,86,37.462,-121.769,229.20777058082012,3.9167517200857844
CAMELSH__11173500,171,80,CAMELSH,2,1,86,37.498,-121.818,223.5199546869485,0.9090839172506219
CAMELSH__11173510,205,93,CAMELSH,2,1,86,37.504,-121.825,222.62733210754618,0.9090839172506219
CAMELSH__11173575,191,88,CAMELSH,2,1,86,37.54,-121.856,217.78443848003025,4.847519877928882
CAMELSH__11176400,288,130,CAMELSH,4,1,86,37.561,-121.684,224.2246400652645,9.549630673965
CAMELSH__11176500,291,130,CAMELSH,4,1,86,37.623,-121.759,214.78323357819733,9.549630673965
CAMELSH__11176900,156,74,CAMELSH,1,1,86,37.627,-121.883,208.33260671171794,9.96222937528991
CAMELSH__11179000,288,129,CAMELSH,4,1,86,37.587,-121.961,208.5245683981964,5.938960852899182
CAMELSH__11180500,292,130,CAMELSH,4,1,86,37.606,-122.024,203.92146133355735,5.938960852899182
CAMELSH__11180700,265,118,CAMELSH,3,1,86,37.586,-122.048,204.8381156790851,7.6667738840257265
CAMELSH__11180825,260,116,CAMELSH,3,1,86,37.695,-122.045,194.42357629604447,2.0078598372710728
CAMELSH__11180900,201,92,CAMELSH,2,1,86,37.705,-122.044,193.51053601809502,1.6921516746542375
CAMELSH__11180960,126,61,CAMELSH,1,1,86,37.718,-122.054,191.8185079112684,1.6921516746542375
CAMELSH__11181000,203,92,CAMELSH,2,1,86,37.685,-122.064,194.54532239009444,2.0078598372710728
CAMELSH__11181008,293,129,CAMELSH,4,1,86,37.68,-122.081,194.28881444688736,3.580087294248228
CAMELSH__11181040,250,112,CAMELSH,3,1,86,37.684,-122.14,191.39886675540453,5.211098758055792
CAMELSH__11182500,283,127,CAMELSH,4,1,86,37.773,-121.995,189.34840755096232,8.019575566872577
CAMELSH__11200800,278,126,CAMELSH,4,1,64,35.942,-118.823,164.9170885252416,19.237612199879504
CAMELSH__11203580,179,84,CAMELSH,2,1,64,36.048,-118.654,176.80158671692723,14.543818149574271
CAMELSH__11204100,182,84,CAMELSH,2,1,64,36.024,-118.813,173.99706130791253,14.543818149574271
CAMELSH__11224500,271,120,CAMELSH,4,1,64,36.215,-120.471,249.78072256206735,21.07039728130594
CAMELSH__11253310,278,123,CAMELSH,4,1,64,36.402,-120.433,264.23602175679076,21.07039728130594
CAMELSH__11255575,107,48,CAMELSH,1,1,64,36.652,-120.632,297.19113225777704,32.999169987851346
CAMELSH__11264500,280,125,CAMELSH,4,1,36,37.732,-119.559,289.70973219726943,9.557417113598001
CAMELSH__11266500,281,126,CAMELSH,4,1,36,37.717,-119.666,285.14198890342635,9.557417113598001
CAMELSH__11274500,275,122,CAMELSH,4,1,86,37.315,-121.125,272.86066989017445,14.628000694831481
CAMELSH__11274538,178,82,CAMELSH,2,1,86,37.414,-121.016,264.0451237464026,14.628000694831481
CAMELSH__11274630,272,121,CAMELSH,4,1,86,37.487,-121.209,252.72652242092445,20.51444693715442
CAMELSH__11274790,130,63,CAMELSH,1,1,36,37.917,-119.66,268.25843498756575,22.245229717536443
CAMELSH__11284400,284,126,CAMELSH,4,1,36,37.842,-120.185,247.65136791332378,46.826003839462125
CAMELSH__11299600,265,118,CAMELSH,3,1,86,37.961,-120.615,217.92727929590734,70.31772875690127
CAMELSH__11335655,43,24,CAMELSH,0,1,86,38.624,-120.994,137.1625856548561,20.36326186877082
CAMELSH__11336580,145,69,CAMELSH,1,1,86,38.499,-121.453,138.2121809532955,12.133696857347898
CAMELSH__11336585,160,76,CAMELSH,1,1,86,38.423,-121.353,148.1098396700778,12.133696857347898
CAMELSH__11337600,88,45,CAMELSH,0,1,86,37.963,-121.687,189.33895125260517,34.311981542810535
CAMELSH__11355500,50,29,CAMELSH,0,2,17,40.687,-121.425,85.89515760636569,71.15926768128392
CAMELSH__11374000,283,129,CAMELSH,4,2,17,40.505,-122.233,122.04989154143851,13.130821129954318
CAMELSH__11376000,280,127,CAMELSH,4,2,17,40.387,-122.239,117.1969622366677,13.130821129954318
CAMELSH__11379500,273,124,CAMELSH,4,2,17,40.025,-122.51,96.09096543339479,46.367120104080534
CAMELSH__11381500,280,127,CAMELSH,4,2,17,40.055,-122.024,91.2869005507233,7.915227761409207
CAMELSH__11383500,279,127,CAMELSH,4,2,17,40.014,-121.948,84.66702965607303,7.915227761409207
CAMELSH__11390000,275,125,CAMELSH,4,2,17,39.726,-121.709,63.16478238381465,37.9680320170578
CAMELSH__11402000,294,131,CAMELSH,4,1,36,40.003,-120.954,71.42111748432043,53.168765707474634
CAMELSH__11413000,293,127,CAMELSH,4,1,36,39.525,-120.938,69.71238210803848,43.92819646930223
CAMELSH__11418500,274,123,CAMELSH,4,1,86,39.224,-121.269,67.39502001770784,22.695995434518462
CAMELSH__11421000,259,116,CAMELSH,3,1,86,39.176,-121.525,63.16478238381465,22.061626937823206
CAMELSH__11424000,287,127,CAMELSH,4,1,86,39.0,-121.407,84.7996007578208,22.061626937823206
CAMELSH__11427000,280,126,CAMELSH,4,1,36,38.936,-121.024,105.77096970640028,33.005075438466534
CAMELSH__11431800,140,65,CAMELSH,1,1,36,38.895,-120.568,134.81114905360963,7.169028847026917
CAMELSH__11433040,159,72,CAMELSH,1,1,36,38.924,-120.642,127.96770076168437,7.169028847026917
CAMELSH__11446500,275,122,CAMELSH,4,1,86,38.635,-121.228,128.20184456208625,12.649255449028605
CAMELSH__11447293,101,44,CAMELSH,0,1,86,38.733,-121.302,115.84763762358163,12.649255449028605
CAMELSH__11447360,215,99,CAMELSH,3,1,86,38.642,-121.383,123.76660582812805,13.484925101745828
CAMELSH__11449500,123,59,CAMELSH,1,1,86,38.927,-122.844,42.23123566961443,17.365045260537325
CAMELSH__11451000,126,61,CAMELSH,1,1,86,38.924,-122.566,60.494368852565685,16.672261626724996
CAMELSH__11451100,273,124,CAMELSH,4,1,86,39.165,-122.62,44.87883027967702,11.909670627126545
CAMELSH__11451300,244,112,CAMELSH,3,1,86,39.08,-122.536,54.47413361244141,11.909670627126545
CAMELSH__11451715,199,91,CAMELSH,2,1,86,38.958,-122.343,75.12890897763141,19.653583204510404
CAMELSH__11452500,289,128,CAMELSH,4,1,86,38.725,-121.807,111.62574788608717,33.40734448603229
CAMELSH__11453500,201,94,CAMELSH,2,1,86,38.779,-122.517,74.24989761564402,16.672261626724996
CAMELSH__11454000,274,123,CAMELSH,4,1,86,38.515,-122.082,121.876303621791,25.25163908864862
CAMELSH__11456000,252,112,CAMELSH,3,1,86,38.511,-122.456,99.17762614384786,13.836081163942813
CAMELSH__11458000,294,127,CAMELSH,4,1,86,38.368,-122.303,119.92320341587731,17.39214461456635
CAMELSH__11458433,118,58,CAMELSH,1,1,86,38.419,-122.563,102.0616844419398,12.25287011018521
CAMELSH__11458500,175,82,CAMELSH,2,1,86,38.323,-122.494,114.30472953677418,12.25287011018521
CAMELSH__11459500,279,125,CAMELSH,4,1,86,38.108,-122.58,132.09991174098442,16.35921446966379
CAMELSH__11460000,104,49,CAMELSH,1,1,86,37.962,-122.557,147.87345148478997,17.270752850167362
CAMELSH__11460400,283,127,CAMELSH,4,1,86,38.027,-122.736,135.86044583459807,7.238444482287266
CAMELSH__11460600,122,59,CAMELSH,1,1,86,38.08,-122.784,129.0187076587075,7.238444482287266
CAMELSH__11460750,126,61,CAMELSH,1,1,86,38.176,-122.818,117.93772596863784,18.054978650596368
CAMELSH__11461000,260,117,CAMELSH,3,2,17,39.195,-123.195,19.47976209834858,0.6429120997765793
CAMELSH__11461500,288,130,CAMELSH,4,2,17,39.247,-123.13,24.463035898658315,7.474869357095532
CAMELSH__11462000,180,85,CAMELSH,2,2,17,39.197,-123.188,19.532373506830435,0.6429120997765793
CAMELSH__11462500,282,127,CAMELSH,4,1,86,39.027,-123.131,19.47976209834858,17.752786154789362
CAMELSH__11463000,271,123,CAMELSH,4,1,86,38.879,-123.054,37.188111067333644,7.687284851359383
CAMELSH__11463170,284,128,CAMELSH,4,1,86,38.798,-122.802,55.507673231648205,17.18001804250777
CAMELSH__11463200,197,90,CAMELSH,2,1,86,38.826,-122.997,44.43159405902038,7.687284851359383
CAMELSH__11463900,81,41,CAMELSH,0,1,86,38.64,-122.764,71.98298660866122,6.937810541850201
CAMELSH__11463980,85,42,CAMELSH,0,1,86,38.633,-122.856,68.97892464631856,2.8221462899160334
CAMELSH__11464000,284,128,CAMELSH,4,1,86,38.613,-122.836,71.72610734463048,2.8221462899160334
CAMELSH__11465200,106,52,CAMELSH,1,1,86,38.699,-122.958,58.8377487784057,11.501449164814945
CAMELSH__11465350,228,102,CAMELSH,3,1,86,38.587,-122.862,73.46274553468578,3.669236076485013
CAMELSH__11465660,78,38,CAMELSH,0,1,86,38.343,-122.702,103.8876321088575,3.7969098858082804
CAMELSH__11465680,195,90,CAMELSH,2,1,86,38.352,-122.744,101.53735380249685,3.2191404036614553
CAMELSH__11465690,77,37,CAMELSH,0,1,86,38.402,-122.733,96.7945842925115,3.9537357529754744
CAMELSH__11465700,188,86,CAMELSH,2,1,86,38.374,-122.768,98.4879931302712,3.2191404036614553
CAMELSH__11465750,189,87,CAMELSH,2,1,86,38.425,-122.829,91.30410356727923,2.935573466101789
CAMELSH__11466065,12,10,CAMELSH,0,1,86,38.455,-122.68,93.50842123331162,2.6145573391402452
CAMELSH__11466170,87,42,CAMELSH,0,1,86,38.439,-122.702,94.21713820052838,2.015535488740693
CAMELSH__11466200,96,46,CAMELSH,0,1,86,38.437,-122.725,93.54479530888847,2.015535488740693
CAMELSH__11466320,192,89,CAMELSH,2,1,86,38.445,-122.807,89.89711178191709,2.935573466101789
CAMELSH__11466800,128,62,CAMELSH,1,1,86,38.494,-122.853,83.37997282512463,6.736275570903496
CAMELSH__11467000,290,129,CAMELSH,4,1,86,38.509,-122.928,79.70666705510759,6.736275570903496
CAMELSH__11467200,159,75,CAMELSH,1,1,86,38.507,-123.07,77.26408874523808,12.357759480698736
CAMELSH__11467510,125,61,CAMELSH,1,1,86,38.709,-123.427,55.574992256555554,37.44750386105572
CAMELSH__11468000,266,118,CAMELSH,3,2,17,39.172,-123.669,49.14561201563201,29.078485085781274
CAMELSH__11468500,283,125,CAMELSH,4,2,17,39.428,-123.738,68.71560355204669,29.078485085781274
CAMELSH__11468900,176,82,CAMELSH,2,2,17,40.139,-123.991,143.94516050800854,18.885908627815187
CAMELSH__11469000,279,126,CAMELSH,4,2,17,40.313,-124.284,165.3794127139995,24.10728874637965
CAMELSH__11472160,23,17,CAMELSH,0,2,17,39.449,-123.398,52.25556919545454,29.2539496097718
CAMELSH__11473900,259,115,CAMELSH,3,2,17,39.706,-123.325,77.32125196759839,15.278231720674013
CAMELSH__11475000,280,122,CAMELSH,4,2,17,40.218,-123.633,139.23715582888326,12.787717868367093
CAMELSH__11475560,282,124,CAMELSH,4,2,17,39.73,-123.644,89.74761602037768,14.057335329819509
CAMELSH__11475610,65,35,CAMELSH,0,2,17,39.672,-123.498,78.35604944396248,14.057335329819509
CAMELSH__11475800,232,102,CAMELSH,3,2,17,39.875,-123.721,107.03886434052411,17.413419679194636
CAMELSH__11476500,279,121,CAMELSH,4,2,17,40.182,-123.776,139.8121542475043,12.787717868367093
CAMELSH__11476600,260,114,CAMELSH,3,2,17,40.351,-124.004,160.34550627887467,17.241611690607975
CAMELSH__11477000,283,128,CAMELSH,4,2,17,40.492,-124.1,144.5673726808833,17.65945910806492
CAMELSH__11478500,262,118,CAMELSH,3,2,17,40.48,-123.891,146.7079933453752,17.241611690607975
CAMELSH__11480390,213,98,CAMELSH,2,2,17,40.284,-123.335,138.63950706901568,26.333449226762024
CAMELSH__11481000,217,100,CAMELSH,3,2,17,40.91,-124.061,98.08191679832728,11.368281573074752
CAMELSH__11481200,226,104,CAMELSH,3,2,17,41.011,-124.082,86.84467953106304,11.368281573074752
CAMELSH__11481500,223,98,CAMELSH,3,2,17,40.906,-123.815,100.89878082205215,20.677855932074337
CAMELSH__11482500,285,125,CAMELSH,4,2,17,41.299,-124.051,54.858564945543314,32.12913735086208
CAMELSH__11493500,237,107,CAMELSH,3,4,79,42.74,-121.834,71.0903149384017,17.28479699947914
CAMELSH__11495800,125,61,CAMELSH,1,4,79,42.502,-120.988,134.13181225270355,21.47497534021788
CAMELSH__11497500,5,6,CAMELSH,0,4,79,42.447,-121.239,124.68192344566772,21.47497534021788
CAMELSH__11501000,267,121,CAMELSH,4,4,79,42.585,-121.85,86.65332422005875,3.2533822159936974
CAMELSH__11502500,273,124,CAMELSH,4,4,79,42.565,-121.879,88.04042850105103,3.2533822159936974
CAMELSH__11507500,274,124,CAMELSH,4,4,79,42.223,-121.794,126.53131045325578,38.663968221146426
CAMELSH__11517000,172,81,CAMELSH,2,4,79,41.709,-122.538,67.95450576018958,13.558246979883316
CAMELSH__11517500,283,129,CAMELSH,4,4,79,41.823,-122.596,79.69953539185695,13.558246979883316
CAMELSH__11519500,279,127,CAMELSH,4,4,79,41.641,-123.015,48.38956522768887,37.385486758558535
CAMELSH__11521500,281,126,CAMELSH,4,4,79,41.835,-123.383,51.42626400163347,33.97625380921293
CAMELSH__11522500,275,121,CAMELSH,4,2,17,41.378,-123.478,48.38956522768887,39.91905364796615
CAMELSH__11523200,281,128,CAMELSH,4,2,17,41.111,-122.706,64.32627140998865,44.2687030270659
CAMELSH__11525500,284,128,CAMELSH,4,2,17,40.719,-122.804,104.03128918086915,2.696303536140278
CAMELSH__11525530,151,72,CAMELSH,1,2,17,40.725,-122.835,102.96234640216746,2.696303536140278
CAMELSH__11525630,105,52,CAMELSH,1,2,17,40.687,-122.861,106.86035163184741,4.759964932010482
CAMELSH__11525655,177,83,CAMELSH,2,2,17,40.673,-122.921,107.92397013310618,4.1321085878151225
CAMELSH__11525670,151,72,CAMELSH,1,2,17,40.652,-122.914,110.29645787129029,3.586665121908555
CAMELSH__11525854,149,71,CAMELSH,1,2,17,40.647,-122.956,110.6381083357144,3.586665121908555
CAMELSH__11526250,149,71,CAMELSH,1,2,17,40.728,-123.062,101.59712456201851,6.164006058704533
CAMELSH__11526400,146,70,CAMELSH,1,2,17,40.767,-123.114,97.53662434067377,2.0424859219593356
CAMELSH__11526500,48,27,CAMELSH,0,2,17,40.782,-123.128,95.9829880890196,2.0424859219593356
CAMELSH__11527000,266,118,CAMELSH,3,2,17,40.789,-123.44,101.18784816829765,16.112155809256866
CAMELSH__11528700,277,121,CAMELSH,4,2,17,40.65,-123.494,117.26607257746622,16.112155809256866
CAMELSH__11530000,274,122,CAMELSH,4,2,17,41.05,-123.672,85.5951397101892,34.66352546237868
CAMELSH__11532500,284,128,CAMELSH,4,4,79,41.792,-124.076,54.858564945543314,37.932706540034744
CAMELSH__12010000,288,131,CAMELSH,4,4,83,46.374,-123.743,184.8128264201199,31.56158683614559
CAMELSH__12013500,286,130,CAMELSH,4,4,83,46.651,-123.653,185.95831779045136,22.992252665076556
CAMELSH__12017000,17,15,CAMELSH,0,4,83,46.807,-123.851,182.96745505947166,22.992252665076556
CAMELSH__12020000,269,122,CAMELSH,4,4,83,46.617,-123.278,172.45508361464982,25.43489550042442
CAMELSH__12020800,112,51,CAMELSH,1,4,83,46.445,-123.084,179.7727366585322,22.174658083655583
CAMELSH__12024000,117,53,CAMELSH,1,4,83,46.576,-122.685,150.16364082841278,9.039227689306689
CAMELSH__12024400,114,51,CAMELSH,1,4,83,46.667,-122.77,145.56598663027592,16.557096588363823
CAMELSH__12025000,276,126,CAMELSH,4,4,83,46.62,-122.945,157.94784346390105,16.977339989213256
CAMELSH__12025700,289,131,CAMELSH,4,4,83,46.773,-122.594,128.12696078204033,10.901490042326033
CAMELSH__12026150,280,127,CAMELSH,4,4,83,46.79,-122.735,133.17564427032607,8.529200220761412
CAMELSH__12026400,122,60,CAMELSH,1,4,83,46.772,-122.924,144.21791582543023,8.540941648726726
CAMELSH__12027500,292,132,CAMELSH,4,4,83,46.776,-123.036,147.88556951145108,8.540941648726726
CAMELSH__12031000,273,124,CAMELSH,4,4,83,46.939,-123.314,144.83259216044857,15.367023461399057
CAMELSH__12035000,291,132,CAMELSH,4,4,83,47.001,-123.495,149.02965404324132,3.2326723457414204
CAMELSH__12035002,13,13,CAMELSH,0,4,83,46.972,-123.492,151.15585144905745,3.2326723457414204
CAMELSH__12035400,265,121,CAMELSH,4,4,83,47.38,-123.61,125.02178276384124,2.1397181814909416
CAMELSH__12035450,35,17,CAMELSH,0,4,83,47.374,-123.637,127.03385804236288,2.1397181814909416
CAMELSH__12036000,271,122,CAMELSH,4,4,83,47.299,-123.653,133.2370827623036,8.426324769884259
CAMELSH__12037400,279,127,CAMELSH,4,4,83,47.011,-123.655,156.0197579458215,12.183046442307724
CAMELSH__12039005,153,73,CAMELSH,1,4,83,47.231,-123.974,156.87744036549316,25.37468803327749
CAMELSH__12039500,267,122,CAMELSH,4,4,83,47.458,-123.889,137.54922953084258,22.71261688406439
CAMELSH__12040500,278,126,CAMELSH,4,4,83,47.538,-124.316,162.52123380256336,30.304789334095545
CAMELSH__12041200,260,119,CAMELSH,3,4,83,47.807,-124.251,149.07941998012504,20.039133680793164
CAMELSH__12043000,260,119,CAMELSH,3,4,83,47.96,-124.393,157.03265662649315,20.039133680793164
CAMELSH__12043300,246,109,CAMELSH,3,4,83,48.241,-124.384,148.22610583971422,31.252921104777823
CAMELSH__12044900,78,41,CAMELSH,0,4,83,47.97,-123.591,97.52213108270409,49.99650630034567
CAMELSH__12045500,270,122,CAMELSH,4,4,83,48.055,-123.583,96.10978472904863,54.0415919395783
CAMELSH__12048000,265,120,CAMELSH,4,4,83,48.014,-123.133,63.10732001409674,27.90146848706009
CAMELSH__12052210,225,104,CAMELSH,3,4,83,47.785,-122.98,60.404648538451035,11.48283587359643
CAMELSH__12054000,263,119,CAMELSH,3,4,83,47.684,-123.012,68.83953545562909,11.48283587359643
CAMELSH__12056500,281,128,CAMELSH,4,4,83,47.514,-123.33,99.26703038659089,16.182466284443816
CAMELSH__12058790,119,58,CAMELSH,1,4,83,47.397,-123.202,101.18946151049485,8.06468795187765
CAMELSH__12059500,273,123,CAMELSH,4,4,83,47.33,-123.243,108.81922883603238,3.0017899458419355
CAMELSH__12060500,222,102,CAMELSH,3,4,83,47.34,-123.28,109.8305048344955,3.0017899458419355
CAMELSH__12073500,270,123,CAMELSH,4,4,83,47.389,-122.699,76.70565819312397,23.541624970642292
CAMELSH__12076800,141,68,CAMELSH,1,4,83,47.212,-123.113,112.02444674868813,16.381858946994544
CAMELSH__12079000,282,128,CAMELSH,4,4,83,46.852,-122.669,124.66417411235601,8.529200220761412
CAMELSH__12080010,254,116,CAMELSH,3,4,83,47.012,-122.903,120.10295535295954,25.144058973418748
CAMELSH__12082500,274,124,CAMELSH,4,4,83,46.753,-122.084,112.19805984070038,4.7541732850934935
CAMELSH__12083000,239,110,CAMELSH,3,4,83,46.744,-122.145,114.71635642045592,4.7541732850934935
CAMELSH__12086500,290,132,CAMELSH,4,4,83,46.843,-122.331,110.77484325683635,2.6376958291422286
CAMELSH__12087000,249,114,CAMELSH,3,4,83,46.857,-122.303,108.3749223163215,2.6376958291422286
CAMELSH__12088000,223,103,CAMELSH,3,4,83,46.881,-122.279,105.156494775053,3.232740918819513
CAMELSH__12089500,292,132,CAMELSH,4,4,83,46.933,-122.561,112.4910156835758,12.184858182166277
CAMELSH__12090400,194,90,CAMELSH,2,4,83,47.135,-122.415,88.34569342034023,5.782018980353921
CAMELSH__12090500,223,103,CAMELSH,3,4,83,47.146,-122.51,92.61438914691016,4.950634563502072
CAMELSH__12091100,239,106,CAMELSH,3,4,83,47.19,-122.52,89.371880953973,0.8927626286931386
CAMELSH__12091200,280,124,CAMELSH,4,4,83,47.221,-122.509,85.86501319893995,2.7133667908201375
CAMELSH__12091290,83,39,CAMELSH,0,4,83,47.198,-122.521,88.57544380620223,0.6044261953839063
CAMELSH__12091300,99,46,CAMELSH,0,4,83,47.198,-122.523,88.63249023288819,0.45331965640434196
CAMELSH__12091500,180,85,CAMELSH,2,4,83,47.198,-122.529,88.80493080866785,0.45331965640434196
CAMELSH__12092000,274,124,CAMELSH,4,4,83,46.904,-122.035,95.12262299075384,17.199279998427734
CAMELSH__12093500,275,125,CAMELSH,4,4,83,47.039,-122.208,87.2546292102373,14.210181459930947
CAMELSH__12094000,247,113,CAMELSH,3,4,83,47.028,-122.033,82.24233807083608,13.256548638877845
CAMELSH__12095000,270,123,CAMELSH,4,4,83,47.14,-122.093,73.14739596012926,6.6902666006229365
CAMELSH__12096500,132,64,CAMELSH,1,4,83,47.185,-122.23,74.92293216136356,7.762288047180681
CAMELSH__12097500,261,115,CAMELSH,3,4,83,47.153,-121.636,61.66147998007656,8.760846142247303
CAMELSH__12097850,174,80,CAMELSH,2,4,83,47.147,-121.86,65.2685610719435,11.585543616663356
CAMELSH__12098500,88,45,CAMELSH,0,4,83,47.151,-121.95,67.19678339956177,5.076330074999439
CAMELSH__12099200,157,73,CAMELSH,1,4,83,47.174,-122.008,66.73885791152836,0.7878971109341038
CAMELSH__12099600,288,129,CAMELSH,4,4,83,47.176,-122.018,66.89128879792437,0.2689056182475268
CAMELSH__12100000,106,51,CAMELSH,1,4,83,47.174,-122.02,67.15856183139165,0.2689056182475268
CAMELSH__12100496,91,44,CAMELSH,0,4,83,47.266,-122.23,68.15832012458537,7.0850347489755245
CAMELSH__12101500,282,125,CAMELSH,4,4,83,47.208,-122.327,77.8852940718383,5.6715705646385475
CAMELSH__12102190,138,65,CAMELSH,1,4,83,47.185,-122.394,83.27076939550892,5.6715705646385475
CAMELSH__12104500,12,12,CAMELSH,0,4,83,47.208,-121.553,55.59866863536315,8.760846142247303
CAMELSH__12105900,127,61,CAMELSH,1,4,83,47.284,-121.798,49.331621273392344,4.629141450937851
CAMELSH__12106700,289,131,CAMELSH,4,4,83,47.305,-121.851,48.51361042751091,4.629141450937851
CAMELSH__12108500,262,119,CAMELSH,3,4,83,47.276,-122.06,59.08719183458872,8.873015657115868
CAMELSH__12112600,271,124,CAMELSH,4,4,83,47.312,-122.165,61.07328538209092,2.9402410903532488
CAMELSH__12113000,293,132,CAMELSH,4,4,83,47.312,-122.204,63.14373883108739,2.9402410903532488
CAMELSH__12113347,232,104,CAMELSH,3,4,83,47.383,-122.225,59.14871445463127,5.3988629785942175
CAMELSH__12113349,231,105,CAMELSH,3,4,83,47.43,-122.243,57.234735380658606,5.3988629785942175
CAMELSH__12114500,281,128,CAMELSH,4,4,83,47.342,-121.549,40.76640581339396,6.516780069101418
CAMELSH__12115000,261,119,CAMELSH,3,4,83,47.37,-121.625,37.51965336406054,3.5575019938243475
CAMELSH__12115500,265,119,CAMELSH,3,4,83,47.351,-121.663,39.86698851680047,2.808623143541212
CAMELSH__12115700,228,104,CAMELSH,3,4,83,47.366,-121.693,38.55483495169723,2.808623143541212
CAMELSH__12116400,140,68,CAMELSH,1,4,83,47.419,-121.782,34.8141520974024,2.741666443615247
CAMELSH__12116500,280,125,CAMELSH,4,4,83,47.417,-121.792,35.318287988087796,3.495771192298796
CAMELSH__12117000,264,119,CAMELSH,3,4,83,47.386,-121.846,40.18624720324557,8.253538258424445
CAMELSH__12117500,293,133,CAMELSH,4,4,83,47.394,-121.955,43.830862110178856,2.6204648922085103
CAMELSH__12117600,256,117,CAMELSH,3,4,83,47.38,-121.983,46.35230915340842,2.559987151877085
CAMELSH__12118500,146,70,CAMELSH,1,4,83,47.38,-122.017,47.97685516605483,2.559987151877085
CAMELSH__12119000,302,133,CAMELSH,4,4,83,47.483,-122.203,51.19267053015439,6.616318053036889
CAMELSH__12120000,243,111,CAMELSH,3,4,83,47.603,-122.181,37.788791876538454,11.475625576281981
CAMELSH__12120600,279,127,CAMELSH,4,4,83,47.457,-122.005,41.17668419850928,7.951248569237324
CAMELSH__12121600,294,133,CAMELSH,4,4,83,47.552,-122.048,37.73727500518601,10.517816184340708
CAMELSH__12125200,115,57,CAMELSH,1,4,83,47.704,-122.143,26.212361020318305,9.992803536724505
CAMELSH__12128000,122,60,CAMELSH,1,4,83,47.696,-122.276,30.59449601121945,9.992803536724505
CAMELSH__12134500,289,131,CAMELSH,4,1,10,47.837,-121.667,16.62256942315902,3.230944277573162
CAMELSH__12135000,32,20,CAMELSH,0,1,10,47.864,-121.683,18.66489127987005,3.230944277573162
CAMELSH__12137290,254,116,CAMELSH,3,1,10,47.947,-121.627,28.79347237154471,10.129267662061615
CAMELSH__12137800,283,127,CAMELSH,4,1,10,47.959,-121.797,23.510974382704656,5.935604752097888
CAMELSH__12138160,256,117,CAMELSH,3,1,10,47.907,-121.815,19.32571872170671,5.935604752097888
CAMELSH__12141300,280,127,CAMELSH,4,4,83,47.486,-121.648,24.83625881808241,7.536277534367186
CAMELSH__12142000,279,127,CAMELSH,4,4,83,47.615,-121.713,13.276652016038378,8.228424571424522
CAMELSH__12143400,274,124,CAMELSH,4,4,83,47.415,-121.587,32.48356774920656,5.763687730183631
CAMELSH__12143600,276,124,CAMELSH,4,4,83,47.453,-121.718,29.597868757755318,1.142798969486407
CAMELSH__12143700,269,121,CAMELSH,4,4,83,47.433,-121.752,32.53149397926984,2.3297372837494987
CAMELSH__12143900,267,116,CAMELSH,3,4,83,47.449,-121.732,30.348884297387787,1.142798969486407
CAMELSH__12144000,270,122,CAMELSH,4,4,83,47.493,-121.79,27.734160494068067,6.977224041929787
CAMELSH__12144500,289,131,CAMELSH,4,4,83,47.545,-121.842,25.561662462031112,5.059750273933555
CAMELSH__12145500,284,129,CAMELSH,4,4,83,47.54,-121.909,29.683726204129695,5.059750273933555
CAMELSH__12147500,200,92,CAMELSH,2,4,83,47.712,-121.789,14.152268058451805,1.674624652877736
CAMELSH__12147600,283,128,CAMELSH,4,1,10,47.707,-121.6,8.690371163414639,8.690371163414639
CAMELSH__12148000,284,129,CAMELSH,4,4,83,47.689,-121.713,8.690371163414639,5.6095578963305375
CAMELSH__12148300,279,123,CAMELSH,4,4,83,47.697,-121.787,14.03782115934117,1.674624652877736
CAMELSH__12148500,290,132,CAMELSH,4,4,83,47.696,-121.824,16.807247127463736,2.7713338559188854
CAMELSH__12149000,289,131,CAMELSH,4,4,83,47.666,-121.925,24.751326911827626,8.264309824504839
CAMELSH__12150800,264,119,CAMELSH,3,4,83,47.831,-122.048,11.713584142061551,11.713584142061551
CAMELSH__12155300,247,113,CAMELSH,3,1,10,47.935,-122.073,11.713584142061551,11.713584142061551
CAMELSH__12157250,167,79,CAMELSH,2,1,10,48.058,-122.267,30.05327898132576,1.916199554129657
CAMELSH__12158010,137,66,CAMELSH,1,1,10,48.099,-122.291,34.86239843800731,3.454238816490155
CAMELSH__12158040,179,84,CAMELSH,2,1,10,48.068,-122.288,31.843105576755573,1.916199554129657
CAMELSH__12167000,270,123,CAMELSH,4,1,10,48.261,-122.048,47.81381845703772,25.47742821145586
CAMELSH__12175500,257,114,CAMELSH,3,1,10,48.673,-121.073,118.22247589356171,12.264248013690825
CAMELSH__12178100,238,108,CAMELSH,3,1,10,48.656,-121.238,109.60379576487436,12.264248013690825
CAMELSH__12179900,193,90,CAMELSH,2,1,10,48.605,-121.4,98.54902120447154,8.853472703455278
CAMELSH__12181100,27,16,CAMELSH,0,1,10,48.37,-121.074,89.39689543037422,0.3157025338036614
CAMELSH__12181200,95,48,CAMELSH,0,1,10,48.371,-121.078,89.33329061266923,0.3157025338036614
CAMELSH__12182500,136,66,CAMELSH,1,1,10,48.526,-121.415,90.41558644563105,8.853472703455278
CAMELSH__12186000,291,127,CAMELSH,4,1,10,48.169,-121.471,56.06574466774653,27.272362423832913
CAMELSH__12189500,270,123,CAMELSH,4,1,10,48.425,-121.568,75.04445500534615,15.916418540129632
CAMELSH__12193500,161,76,CAMELSH,2,1,10,48.54,-121.743,82.01555959301884,18.162809720576888
CAMELSH__12201500,214,98,CAMELSH,2,1,10,48.546,-122.338,82.35950515377147,14.326356168297098
CAMELSH__12201950,122,60,CAMELSH,1,1,10,48.674,-122.267,95.12925214970915,1.1046987391685397
CAMELSH__12201960,154,73,CAMELSH,1,1,10,48.669,-122.28,94.75135140186705,1.1046987391685397
CAMELSH__12202300,175,81,CAMELSH,2,1,10,48.751,-122.354,100.1265295653965,9.183955267642334
CAMELSH__12202310,158,75,CAMELSH,1,1,10,48.754,-122.354,100.39876160214197,8.852852629354793
CAMELSH__12205000,283,129,CAMELSH,4,1,10,48.906,-121.844,120.48058172819087,17.813432864157946
CAMELSH__12206900,75,38,CAMELSH,0,1,10,48.885,-122.133,117.36758000570849,9.864394068322328
CAMELSH__12207750,69,37,CAMELSH,0,1,10,48.767,-121.965,104.25936566115726,4.849238803847257
CAMELSH__12207850,72,36,CAMELSH,0,1,10,48.788,-122.023,106.42960401883201,4.849238803847257
CAMELSH__12208000,222,102,CAMELSH,3,1,10,48.779,-122.107,105.50306730552401,6.235263144612574
CAMELSH__12209000,117,54,CAMELSH,1,1,10,48.664,-122.133,92.83894746045584,1.0274053052504133
CAMELSH__12209490,192,86,CAMELSH,2,1,10,48.672,-122.14,93.76267047889829,1.0274053052504133
CAMELSH__12210000,117,57,CAMELSH,1,1,10,48.678,-122.167,94.59325112963005,2.0917342672811707
CAMELSH__12210500,100,49,CAMELSH,0,1,10,48.81,-122.205,109.47697754026818,7.963309559965981
CAMELSH__12210700,153,69,CAMELSH,1,1,10,48.842,-122.294,110.94447577364456,3.442155236034605
CAMELSH__12210900,175,83,CAMELSH,2,1,10,48.833,-122.339,108.28661620839746,3.442155236034605
CAMELSH__12213100,271,123,CAMELSH,4,1,10,48.845,-122.589,100.74322766910309,18.34507302808477
CAMELSH__12301300,124,60,CAMELSH,1,1,119,48.894,-115.088,193.08341412334494,62.105748584100255
CAMELSH__12302055,243,110,CAMELSH,3,1,119,48.356,-115.315,152.05271511941496,42.70456077096746
CAMELSH__12303500,14,11,CAMELSH,0,1,119,48.447,-115.877,187.80142050679757,39.81210137599465
CAMELSH__12323240,205,95,CAMELSH,2,4,41,45.995,-112.537,149.45441713486792,2.0207246067533844
CAMELSH__12323250,264,120,CAMELSH,3,4,41,45.997,-112.563,149.86582851008296,2.0207246067533844
CAMELSH__12323600,190,82,CAMELSH,2,4,41,46.108,-112.806,164.9899787737201,0.5132416801566111
CAMELSH__12323670,133,63,CAMELSH,1,4,41,46.083,-112.917,164.30655873291306,2.674662837646982
CAMELSH__12323700,131,62,CAMELSH,1,4,41,46.114,-112.822,165.90325616840659,1.1771083007568375
CAMELSH__12323710,117,56,CAMELSH,1,4,41,46.065,-112.894,161.91357092926492,2.674662837646982
CAMELSH__12323720,162,77,CAMELSH,2,4,41,46.106,-112.812,164.86972523472022,0.5132416801566111
CAMELSH__12323750,239,104,CAMELSH,3,4,41,46.179,-112.781,170.96850808582292,0.40069522859189377
CAMELSH__12323760,197,92,CAMELSH,2,4,41,46.134,-112.914,168.1833053191502,5.67565518471925
CAMELSH__12323770,211,95,CAMELSH,2,4,41,46.18,-112.786,170.62846534567078,0.40069522859189377
CAMELSH__12323800,203,94,CAMELSH,2,4,41,46.208,-112.767,169.3180099224259,1.3364802721963631
CAMELSH__12323840,139,66,CAMELSH,1,4,41,46.162,-112.893,166.775438993685,7.642903829362445
CAMELSH__12323850,145,69,CAMELSH,1,4,41,46.219,-112.774,168.05654159176697,1.3364802721963631
CAMELSH__12324200,221,101,CAMELSH,3,4,41,46.398,-112.743,155.87608796609558,14.096063205805963
CAMELSH__12324590,190,86,CAMELSH,2,4,41,46.52,-112.793,142.9536802451864,12.98948108902439
CAMELSH__12324680,209,95,CAMELSH,2,4,41,46.59,-112.929,130.31340174813346,12.98948108902439
CAMELSH__12325500,168,79,CAMELSH,2,4,41,46.233,-113.3,142.02440725197403,16.471339141012535
CAMELSH__12329500,205,94,CAMELSH,2,4,41,46.464,-113.24,123.91513373801821,1.001236272106813
CAMELSH__12330000,209,95,CAMELSH,2,4,41,46.472,-113.234,123.5335862248543,1.001236272106813
CAMELSH__12331500,172,80,CAMELSH,2,4,41,46.629,-113.151,115.50578524215138,16.547087156994035
CAMELSH__12331800,244,107,CAMELSH,3,4,41,46.712,-113.331,99.12649886999145,16.547087156994035
CAMELSH__12332000,165,75,CAMELSH,2,4,41,46.184,-113.502,138.6836873720406,16.471339141012535
CAMELSH__12334510,237,102,CAMELSH,3,4,41,46.722,-113.683,80.48399939328368,20.557582765364838
CAMELSH__12334550,245,112,CAMELSH,3,4,41,46.826,-113.814,65.29982150649286,9.335536900861692
CAMELSH__12335100,146,69,CAMELSH,1,4,41,46.919,-113.016,99.45945342212258,8.855372024450478
CAMELSH__12335500,174,80,CAMELSH,2,4,41,46.778,-112.768,123.98449859376323,24.245347717966958
CAMELSH__12338300,200,93,CAMELSH,2,4,41,46.98,-113.091,90.7462068131191,8.855372024450478
CAMELSH__12340000,216,99,CAMELSH,3,4,41,46.9,-113.756,61.49338602544528,9.335536900861692
CAMELSH__12342500,253,112,CAMELSH,3,4,41,45.725,-114.281,116.31779930724731,53.845238945535556
CAMELSH__12343400,10,10,CAMELSH,0,4,41,45.883,-114.066,132.44149757257887,32.205153316210975
CAMELSH__12344000,236,106,CAMELSH,3,4,41,45.972,-114.141,142.30532498792505,25.71150303767164
CAMELSH__12346500,6,8,CAMELSH,0,4,41,46.161,-113.949,127.73503932098812,25.71150303767164
CAMELSH__12350250,120,55,CAMELSH,1,4,41,46.443,-114.124,94.00938725254848,21.85242330268298
CAMELSH__12351200,31,19,CAMELSH,0,4,41,46.633,-114.051,75.39519037010191,21.85242330268298
CAMELSH__12352500,228,104,CAMELSH,3,4,41,46.832,-114.054,55.17405810297273,18.270688903504272
CAMELSH__12354000,166,78,CAMELSH,2,1,119,47.297,-115.123,68.8126121804128,33.775003162299456
CAMELSH__12358500,186,87,CAMELSH,2,1,119,48.495,-114.01,130.33963270074358,15.483362142608971
CAMELSH__12359800,137,63,CAMELSH,1,1,119,47.979,-113.561,79.40913154352425,54.936541775907266
CAMELSH__12362500,200,92,CAMELSH,2,1,119,48.357,-114.038,115.0570039049504,15.483362142608971
CAMELSH__12365000,48,21,CAMELSH,0,1,119,48.319,-114.387,114.84282317251936,8.060442200078043
CAMELSH__12365700,91,44,CAMELSH,0,1,119,48.217,-114.313,102.47582657837425,1.9122709400072015
CAMELSH__12366000,45,19,CAMELSH,0,1,119,48.32,-114.278,113.07163867403641,8.060442200078043
CAMELSH__12366080,75,38,CAMELSH,0,1,119,48.227,-114.292,103.188438087209,1.9122709400072015
CAMELSH__12370000,256,116,CAMELSH,3,1,119,48.024,-113.98,77.9476435779155,32.33863392788765
CAMELSH__12374250,139,66,CAMELSH,1,1,119,47.83,-114.698,77.96748823587919,53.481046340583184
CAMELSH__12375900,163,76,CAMELSH,2,1,119,47.492,-114.027,19.121902315433147,28.576250994101617
CAMELSH__12377150,240,109,CAMELSH,3,4,41,47.323,-113.98,19.121902315433147,17.243841304675644
CAMELSH__12381400,202,91,CAMELSH,2,4,41,47.195,-113.851,35.58781220041206,10.720823451326831
CAMELSH__12383500,118,56,CAMELSH,1,4,41,47.147,-113.974,30.580032865343583,10.720823451326831
CAMELSH__12387450,15,11,CAMELSH,0,4,41,47.17,-114.231,16.580016192936146,17.048054297102933
CAMELSH__12388200,43,24,CAMELSH,0,1,119,47.312,-114.298,16.580016192936146,9.682486034091117
CAMELSH__12388400,104,50,CAMELSH,1,1,119,47.266,-114.407,17.048054297102933,9.682486034091117
CAMELSH__12389500,205,95,CAMELSH,2,1,119,47.592,-115.23,88.65265005207362,33.775003162299456
CAMELSH__12390700,230,99,CAMELSH,3,1,119,47.586,-115.355,96.44821970499407,36.56639024536164
CAMELSH__12392155,249,109,CAMELSH,3,1,119,48.152,-116.182,149.17058007162615,38.061101363770604
CAMELSH__12392300,61,32,CAMELSH,0,1,119,48.42,-116.502,170.69158915425572,29.576425529475863
CAMELSH__12394000,109,49,CAMELSH,1,1,119,48.452,-116.9,157.09170563956764,27.043111352527134
CAMELSH__12395000,265,114,CAMELSH,3,1,119,48.209,-116.915,137.6424167423542,27.043111352527134
CAMELSH__12396900,53,29,CAMELSH,0,1,119,48.846,-117.287,177.39362610143536,5.8448669789082714
CAMELSH__12397100,194,85,CAMELSH,2,1,119,48.845,-117.288,177.26161742525346,5.805395290937903
CAMELSH__12398000,64,34,CAMELSH,0,1,119,48.86,-117.364,176.4230787789126,5.805395290937903
CAMELSH__12409000,265,119,CAMELSH,3,1,119,48.594,-118.062,133.36606245283468,50.87511412217836
CAMELSH__12411000,217,98,CAMELSH,3,1,119,47.706,-115.979,114.48100878599436,25.196174190508913
CAMELSH__12413000,245,111,CAMELSH,3,1,119,47.569,-116.253,89.80396742598002,2.2804504933623
CAMELSH__12413125,167,78,CAMELSH,2,1,119,47.472,-115.915,99.81703366638826,0.8344034223821786
CAMELSH__12413130,149,71,CAMELSH,1,1,119,47.479,-115.919,100.0621380455156,0.8344034223821786
CAMELSH__12413140,45,25,CAMELSH,0,1,119,47.463,-115.937,97.89794687074848,1.9329433924706665
CAMELSH__12413210,267,116,CAMELSH,3,1,119,47.531,-116.092,94.33749137994393,9.792584777300146
CAMELSH__12413355,117,58,CAMELSH,1,1,119,47.548,-116.22,89.44563547346597,1.2805365802356399
CAMELSH__12413360,91,46,CAMELSH,0,1,119,47.44,-116.175,82.75163278926577,5.423338403599614
CAMELSH__12413370,165,78,CAMELSH,2,1,119,47.477,-116.222,83.30014464122483,4.380007706516619
CAMELSH__12413445,130,63,CAMELSH,1,1,119,47.514,-116.242,85.46261213191221,4.125687554530258
CAMELSH__12413470,264,116,CAMELSH,3,1,119,47.552,-116.236,89.05738746583675,1.2805365802356399
CAMELSH__12413500,263,114,CAMELSH,3,1,119,47.555,-116.324,85.47088751507658,5.550164334139913
CAMELSH__12413860,19,12,CAMELSH,0,1,119,47.479,-116.733,64.84072339244494,13.604278511424715
CAMELSH__12413875,146,69,CAMELSH,1,1,119,47.056,-115.353,85.84673796392413,31.475771669832998
CAMELSH__12414500,229,104,CAMELSH,3,1,119,47.275,-116.189,70.21180742238323,18.3774449844399
CAMELSH__12414900,225,99,CAMELSH,3,1,119,47.176,-116.493,45.23865642996457,25.33382763645026
CAMELSH__12415140,17,11,CAMELSH,0,1,119,47.36,-116.691,53.246546260854075,13.604278511424715
CAMELSH__12416000,28,16,CAMELSH,0,1,119,47.823,-116.655,103.39631209070807,38.69469446261062
CAMELSH__12422990,124,59,CAMELSH,1,1,119,47.203,-117.041,32.74178572103518,31.651707453206505
CAMELSH__12424000,258,118,CAMELSH,3,1,119,47.653,-117.45,70.74552075635484,14.643070077444813
CAMELSH__12431000,289,130,CAMELSH,4,1,119,47.785,-117.404,80.46119122143402,15.075724688343815
CAMELSH__12431500,208,97,CAMELSH,2,1,119,47.781,-117.496,74.41833639881408,14.643070077444813
CAMELSH__12433200,249,114,CAMELSH,3,1,119,47.862,-117.859,61.2184962703573,18.482276854197853
CAMELSH__12433542,82,40,CAMELSH,0,1,119,47.924,-118.089,60.01238503616618,18.482276854197853
CAMELSH__12433890,14,13,CAMELSH,0,1,10,48.477,-118.73,122.85361548211421,2.576211347290072
CAMELSH__12434110,9,10,CAMELSH,0,1,10,48.459,-118.752,121.3429791476977,2.576211347290072
CAMELSH__12434590,117,56,CAMELSH,1,1,10,48.084,-118.691,80.25289712281747,41.94178741246851
CAMELSH__12447383,213,94,CAMELSH,2,1,10,48.574,-120.385,139.27033496537146,18.196227990866266
CAMELSH__12447390,228,105,CAMELSH,3,1,10,48.823,-120.146,171.33594733482732,32.775976337572125
CAMELSH__12448000,212,97,CAMELSH,2,1,10,48.477,-120.186,143.32815282611327,0.7987432174761164
CAMELSH__12448500,271,123,CAMELSH,4,1,10,48.473,-120.177,143.59084883027447,0.7987432174761164
CAMELSH__12448998,236,106,CAMELSH,3,1,10,48.37,-120.149,138.7762146938503,2.500384124408359
CAMELSH__12449500,246,112,CAMELSH,3,1,10,48.365,-120.116,140.54559335469378,2.500384124408359
CAMELSH__12449950,270,122,CAMELSH,4,1,10,48.077,-119.985,112.4816742924048,33.46241533132084
CAMELSH__12451000,280,126,CAMELSH,4,1,10,48.33,-120.692,104.15691886761186,28.88625469409775
CAMELSH__12452500,126,61,CAMELSH,1,1,10,47.835,-120.013,91.14409670183929,26.123077705855746
CAMELSH__12452800,252,114,CAMELSH,3,1,10,47.818,-120.423,80.06219153898206,9.869364247501721
CAMELSH__12452890,146,70,CAMELSH,1,1,10,47.737,-120.369,74.65830397476905,9.869364247501721
CAMELSH__12452990,212,97,CAMELSH,2,1,10,47.663,-120.251,74.1337419425473,21.505250893449812
CAMELSH__12456500,213,98,CAMELSH,2,1,10,47.837,-120.662,74.95290963158057,8.23384679305238
CAMELSH__12457000,272,123,CAMELSH,4,1,10,47.763,-120.666,67.0177752177112,8.23384679305238
CAMELSH__12458000,236,108,CAMELSH,3,1,10,47.541,-120.72,42.50769917332584,8.83803192608166
CAMELSH__12459000,264,121,CAMELSH,4,1,10,47.583,-120.62,50.05969685261438,8.83803192608166
CAMELSH__12462500,282,127,CAMELSH,4,1,10,47.499,-120.425,52.15082348095931,22.425002030846517
CAMELSH__12464770,78,39,CAMELSH,0,3,71,47.303,-118.369,58.188928012549475,12.162182657658493
CAMELSH__12464800,163,72,CAMELSH,1,3,71,47.407,-118.319,54.04760604888751,12.162182657658493
CAMELSH__12465000,268,120,CAMELSH,4,3,71,47.36,-118.85,34.23688749729836,34.23688749729836
CAMELSH__12465400,177,83,CAMELSH,2,1,10,47.663,-118.931,34.23688749729836,34.23688749729836
CAMELSH__12467000,268,122,CAMELSH,4,3,71,47.189,-119.266,58.42137084769054,58.42137084769054
CAMELSH__12479500,4,8,CAMELSH,0,4,83,47.191,-120.947,42.50769917332584,29.042835225137008
CAMELSH__12484500,285,129,CAMELSH,4,4,83,46.863,-120.48,70.8420249290103,36.36465934256485
CAMELSH__12488500,275,121,CAMELSH,4,4,83,46.978,-121.169,71.184194940291,29.042835225137008
CAMELSH__12500450,277,125,CAMELSH,4,4,83,46.534,-120.467,107.35033044346021,0.5099956548200448
CAMELSH__12502500,271,123,CAMELSH,4,4,83,46.536,-120.473,107.1425191826789,0.5099956548200448
CAMELSH__12513000,141,66,CAMELSH,1,3,71,46.663,-118.863,111.31369496829547,55.453923353912394
CAMELSH__13010065,180,81,CAMELSH,2,2,74,44.099,-110.668,143.08599919166997,27.58952824067932
CAMELSH__13011000,234,104,CAMELSH,3,2,74,43.858,-110.586,140.6207384792035,5.5245663704148145
CAMELSH__13011500,145,63,CAMELSH,1,2,74,43.85,-110.518,135.0973409388286,5.5245663704148145
CAMELSH__13011900,125,55,CAMELSH,1,2,74,43.838,-110.441,128.79644724987477,6.3176832039598025
CAMELSH__13013650,216,100,CAMELSH,3,2,74,43.654,-110.715,149.62824192442244,6.866401917464869
CAMELSH__13014500,121,56,CAMELSH,1,2,74,43.622,-110.625,142.50760347327488,8.069469423316843
CAMELSH__13015000,127,55,CAMELSH,1,2,74,43.557,-110.763,151.53439143215272,6.484325062823711
CAMELSH__13016240,19,11,CAMELSH,0,2,74,43.614,-110.78,155.0133525641972,2.299524765384435
CAMELSH__13016305,181,84,CAMELSH,2,2,74,43.604,-110.805,156.21624493845476,2.299524765384435
CAMELSH__13016450,230,103,CAMELSH,3,2,74,43.501,-110.872,144.20647232469358,10.770073096846168
CAMELSH__13018300,229,101,CAMELSH,3,2,74,43.452,-110.704,140.91313147963163,9.334040271287309
CAMELSH__13018350,184,82,CAMELSH,2,2,74,43.458,-110.796,140.24670613802965,10.613339652816876
CAMELSH__13018750,191,82,CAMELSH,2,2,74,43.372,-110.739,131.63092767221846,9.334040271287309
CAMELSH__13022500,169,72,CAMELSH,2,2,74,43.196,-110.889,110.35368261943641,9.255424790622918
CAMELSH__13023000,141,62,CAMELSH,1,2,74,43.143,-110.977,103.82464898537387,8.532043492889596
CAMELSH__13027500,222,96,CAMELSH,3,2,74,43.08,-111.037,96.63839393626661,8.532043492889596
CAMELSH__13039500,168,77,CAMELSH,2,2,74,44.595,-111.349,91.15193644362593,20.126048177944266
CAMELSH__13042500,262,114,CAMELSH,3,2,74,44.417,-111.395,104.39981132973402,20.126048177944266
CAMELSH__13046000,188,88,CAMELSH,2,2,74,44.07,-111.511,134.38045595517775,7.312125495517168
CAMELSH__13046680,79,39,CAMELSH,0,2,74,44.185,-111.008,143.43464045355458,17.865446156173242
CAMELSH__13046995,189,87,CAMELSH,2,2,74,44.062,-111.152,148.07144665980317,7.153446263506285
CAMELSH__13047500,219,95,CAMELSH,3,2,74,44.069,-111.241,143.79051148911833,7.153446263506285
CAMELSH__13047600,196,91,CAMELSH,2,2,74,44.056,-111.359,140.69658237949423,9.538677050452405
CAMELSH__13049500,192,84,CAMELSH,2,2,74,44.018,-111.567,138.2508529789054,7.312125495517168
CAMELSH__13050500,224,98,CAMELSH,3,2,74,43.967,-111.672,141.20788758214974,6.3152660201978135
CAMELSH__13052200,190,82,CAMELSH,2,2,74,43.781,-111.209,173.4738728077022,31.577524760899536
CAMELSH__13055000,229,99,CAMELSH,3,2,74,43.927,-111.616,146.70430316598322,5.9215272037282425
CAMELSH__13055198,65,30,CAMELSH,0,2,74,43.898,-111.678,148.50977253410144,5.9215272037282425
CAMELSH__13055250,128,59,CAMELSH,1,2,74,43.888,-111.758,148.15717494852288,6.5062070286467595
CAMELSH__13055340,192,83,CAMELSH,2,2,74,43.835,-111.778,150.3024181282227,10.236352720226723
CAMELSH__13056500,213,92,CAMELSH,2,2,74,43.826,-111.905,140.2543325617382,10.236352720226723
CAMELSH__13057940,177,77,CAMELSH,2,2,74,43.442,-111.728,144.6995924231082,15.745534375870365
CAMELSH__13058000,232,101,CAMELSH,3,2,74,43.583,-111.746,157.78858980445082,15.745534375870365
CAMELSH__13063000,102,48,CAMELSH,0,2,74,42.815,-111.507,76.41716358995514,47.5359104139851
CAMELSH__13066000,212,92,CAMELSH,2,2,74,43.263,-112.048,128.1629493801395,37.746011793158765
CAMELSH__13068500,196,89,CAMELSH,2,2,74,43.131,-112.477,124.08452669813363,0.11119489024324562
CAMELSH__13068501,4,9,CAMELSH,0,2,74,43.13,-112.477,123.97484646615577,0.11119489024324562
CAMELSH__13073000,236,107,CAMELSH,3,2,74,42.626,-112.088,63.10579844435914,41.36431863493867
CAMELSH__13075000,254,110,CAMELSH,3,2,74,42.63,-112.226,66.71776624508097,33.38482659056669
CAMELSH__13075500,233,102,CAMELSH,3,2,74,42.872,-112.468,95.64061164737744,10.207945966768259
CAMELSH__13075910,231,100,CAMELSH,3,2,74,42.945,-112.544,104.95039731943476,10.207945966768259
CAMELSH__13075983,260,115,CAMELSH,3,2,74,43.042,-112.55,115.54309257088535,10.796941303173801
CAMELSH__13078000,236,107,CAMELSH,3,0,92,42.064,-113.451,102.15366370682963,24.994595579819116
CAMELSH__13082500,236,101,CAMELSH,3,0,92,42.126,-113.936,66.7908244088384,58.433908007501564
CAMELSH__13083000,282,122,CAMELSH,4,0,92,42.166,-113.984,60.84003814790996,60.84003814790996
CAMELSH__13092747,241,105,CAMELSH,3,1,30,42.562,-114.495,60.84003814790996,33.00686796877681
CAMELSH__13105000,233,105,CAMELSH,3,0,92,41.945,-114.689,70.44070340445427,63.18069421810875
CAMELSH__13108150,264,117,CAMELSH,3,1,30,42.696,-114.855,84.61525156513183,18.961594913353835
CAMELSH__13112000,245,106,CAMELSH,3,2,74,44.003,-112.221,114.41721636983658,32.06352612524649
CAMELSH__13113000,33,15,CAMELSH,0,2,74,44.355,-112.18,93.11847545577155,36.73745829738544
CAMELSH__13116500,189,84,CAMELSH,2,2,74,44.259,-112.41,99.03338188798406,32.21546910629853
CAMELSH__13118700,193,83,CAMELSH,2,2,74,44.139,-113.245,39.14432910435742,61.97064255129012
CAMELSH__13119000,75,34,CAMELSH,0,2,74,43.886,-113.101,44.21178662196328,36.45841119261922
CAMELSH__13120500,179,78,CAMELSH,2,1,30,43.998,-114.021,63.94959347139175,40.04669353705967
CAMELSH__13127000,256,113,CAMELSH,3,1,30,43.939,-113.648,39.14432910435742,49.9246944107669
CAMELSH__13132500,236,103,CAMELSH,3,2,74,43.582,-113.271,49.9246944107669,16.90774422498267
CAMELSH__13132520,196,86,CAMELSH,2,2,74,43.516,-113.082,65.42723583975065,12.926825786714472
CAMELSH__13132535,203,89,CAMELSH,2,2,74,43.574,-112.943,69.66486633610327,12.926825786714472
CAMELSH__13132565,165,76,CAMELSH,2,2,74,43.723,-112.875,66.49463978365198,17.448048661365636
CAMELSH__13135500,91,46,CAMELSH,0,1,30,43.786,-114.425,95.52652705313889,31.0381392545558
CAMELSH__13139500,108,53,CAMELSH,1,1,30,43.517,-114.322,85.00920711226769,20.90605016765051
CAMELSH__13140800,212,98,CAMELSH,2,1,30,43.329,-114.319,89.14630532247455,1.8637140604731193
CAMELSH__13141000,37,23,CAMELSH,0,1,30,43.328,-114.342,90.94493455902386,1.8637140604731193
CAMELSH__13141500,266,118,CAMELSH,3,1,30,43.333,-114.542,106.25776084622805,16.186353749765374
CAMELSH__13142500,257,113,CAMELSH,3,1,30,43.248,-114.356,95.18069847451679,8.967478189238294
CAMELSH__13147900,157,72,CAMELSH,1,1,30,43.492,-114.059,64.30275871473256,19.29673245806706
CAMELSH__13148500,187,83,CAMELSH,2,1,30,43.39,-114.0,62.56808757075869,11.489629709461997
CAMELSH__13150430,255,114,CAMELSH,3,1,30,43.322,-114.107,73.41526176787714,11.489629709461997
CAMELSH__13152500,244,106,CAMELSH,3,1,30,42.886,-114.803,104.46926832720187,21.54891775168025
CAMELSH__13153500,101,45,CAMELSH,0,1,30,42.863,-114.902,103.56417740290371,18.961594913353835
CAMELSH__13159800,232,104,CAMELSH,3,1,30,43.261,-115.702,147.6833975523289,41.19218088157115
CAMELSH__13161500,212,97,CAMELSH,2,0,92,41.933,-115.675,93.25469013431551,20.910187654600758
CAMELSH__13162225,186,86,CAMELSH,2,0,92,41.89,-115.429,100.84086287170233,20.910187654600758
CAMELSH__13168500,264,119,CAMELSH,3,1,30,42.771,-115.72,93.25469013431551,21.602789136675845
CAMELSH__13169500,99,45,CAMELSH,0,1,30,42.785,-115.984,98.08098312103415,21.602789136675845
CAMELSH__13174500,191,89,CAMELSH,2,0,92,41.689,-115.845,120.75225529902345,30.571755340411865
CAMELSH__13175100,183,84,CAMELSH,2,0,92,41.86,-115.989,102.85612851553302,27.227333704639246
CAMELSH__13185000,217,100,CAMELSH,3,1,30,43.659,-115.727,170.2944964791988,21.194348573715846
CAMELSH__13186000,237,106,CAMELSH,3,1,30,43.496,-115.308,164.46815922047543,21.999436951120014
CAMELSH__13190500,262,117,CAMELSH,3,1,30,43.342,-115.479,157.49172662011375,21.999436951120014
CAMELSH__13200000,202,91,CAMELSH,2,1,30,43.648,-115.99,161.16053570864594,9.96375820011356
CAMELSH__13202000,67,35,CAMELSH,0,1,30,43.528,-116.06,171.10265007716532,11.958497456124551
CAMELSH__13204640,138,66,CAMELSH,1,1,30,43.629,-116.111,159.1513132590505,9.96375820011356
CAMELSH__13206000,210,93,CAMELSH,2,1,30,43.661,-116.279,151.15754077609247,13.978409723025546
CAMELSH__13215000,71,38,CAMELSH,0,1,30,43.574,-118.21,91.96611812396617,37.42033128883845
CAMELSH__13216500,8,7,CAMELSH,0,1,30,43.948,-118.174,55.740621460749125,41.68727426597982
CAMELSH__13217500,73,37,CAMELSH,0,1,30,43.908,-118.153,60.360476417806225,37.42033128883845
CAMELSH__13235000,186,81,CAMELSH,2,1,30,44.085,-115.622,138.3712812647881,23.072522248223052
CAMELSH__13236500,236,105,CAMELSH,3,1,30,44.292,-115.642,122.03496814337274,23.072522248223052
CAMELSH__13237920,181,83,CAMELSH,2,1,30,44.109,-115.982,117.4130048112379,10.074746374233772
CAMELSH__13239000,213,97,CAMELSH,2,1,30,44.907,-116.119,58.537019823622266,9.638906009271967
CAMELSH__13240000,163,74,CAMELSH,2,1,30,44.914,-115.997,61.15564897847199,9.638906009271967
CAMELSH__13245000,58,32,CAMELSH,0,1,30,44.525,-116.047,80.7527585546126,41.30619795962793
CAMELSH__13246000,255,115,CAMELSH,3,1,30,44.114,-116.108,111.21612502487359,10.074746374233772
CAMELSH__13247500,244,108,CAMELSH,3,1,30,43.943,-116.197,124.40123795939553,19.742803425979858
CAMELSH__13249500,251,114,CAMELSH,3,1,30,43.931,-116.443,118.57374465356403,15.321653676215288
CAMELSH__13250000,176,79,CAMELSH,2,1,30,43.896,-116.628,119.03565782373732,15.321653676215288
CAMELSH__13251000,252,114,CAMELSH,3,1,30,44.042,-116.925,101.26819485659962,29.944872213729777
CAMELSH__13258500,250,114,CAMELSH,3,1,30,44.579,-116.643,45.30800989887254,33.872488172782994
CAMELSH__13265500,168,79,CAMELSH,2,1,30,44.291,-116.782,73.85961148097776,2.4670634471303017
CAMELSH__13266000,236,105,CAMELSH,3,1,30,44.27,-116.772,76.26354034239255,2.4670634471303017
CAMELSH__13275300,9,10,CAMELSH,0,3,71,44.672,-117.996,81.7414081918102,57.74015935917395
CAMELSH__13290190,23,16,CAMELSH,0,3,71,44.952,-116.874,45.30800989887254,45.30800989887254
CAMELSH__13292000,189,86,CAMELSH,2,3,71,45.562,-116.834,91.86426210590905,45.160523312652856
CAMELSH__13295000,204,90,CAMELSH,2,1,30,44.222,-114.931,122.10012569250421,33.4060850453545
CAMELSH__13296500,210,95,CAMELSH,2,1,30,44.268,-114.733,114.3869584638653,17.20008884059355
CAMELSH__13297330,246,110,CAMELSH,3,1,30,44.27,-114.517,101.88969735570814,4.231538662701414
CAMELSH__13297350,122,59,CAMELSH,1,1,30,44.298,-114.481,97.65816442639546,1.0577979666982145
CAMELSH__13297355,201,87,CAMELSH,2,1,30,44.291,-114.472,97.74939195037956,1.0577979666982145
CAMELSH__13302005,237,105,CAMELSH,3,1,30,44.692,-114.047,42.38115324671154,42.38115324671154
CAMELSH__13302500,235,108,CAMELSH,3,4,41,45.184,-113.895,56.00082900578335,9.42438746858911
CAMELSH__13305000,230,104,CAMELSH,3,4,41,44.94,-113.639,42.38115324671154,24.872055502468047
CAMELSH__13305310,198,90,CAMELSH,2,4,41,45.133,-113.799,52.7826160991258,9.42438746858911
CAMELSH__13306385,212,94,CAMELSH,2,4,41,45.206,-114.134,57.56280463985218,18.88680255308939
CAMELSH__13309220,172,75,CAMELSH,2,1,30,44.722,-115.016,71.66305914027267,63.17972427946954
CAMELSH__13310199,208,94,CAMELSH,2,4,41,45.294,-114.596,71.66305914027267,53.845238945535556
CAMELSH__13310700,218,96,CAMELSH,3,1,30,44.987,-115.725,66.7368960287434,17.91585040377157
CAMELSH__13313000,255,116,CAMELSH,3,1,30,44.962,-115.5,79.95197510675129,17.91585040377157
CAMELSH__13316500,250,113,CAMELSH,3,3,71,45.413,-116.325,58.537019823622266,61.15564897847199
CAMELSH__13324300,135,63,CAMELSH,1,3,71,45.732,-117.865,160.05439041538855,16.43328489125054
CAMELSH__13329770,81,42,CAMELSH,0,3,71,45.488,-117.404,117.43976605807877,5.736214999964035
CAMELSH__13330000,109,54,CAMELSH,1,3,71,45.439,-117.427,113.76746150909943,5.736214999964035
CAMELSH__13330300,61,33,CAMELSH,0,3,71,45.538,-117.481,125.31278720511997,5.664016853147522
CAMELSH__13330500,75,38,CAMELSH,0,3,71,45.527,-117.552,127.31882716694192,5.664016853147522
CAMELSH__13331450,32,21,CAMELSH,0,3,71,45.608,-117.616,137.56766902499268,10.292849749132111
CAMELSH__13331500,256,115,CAMELSH,3,3,71,45.62,-117.727,143.65656717278262,16.43328489125054
CAMELSH__13333000,275,122,CAMELSH,4,3,71,45.946,-117.451,143.24167687005018,38.50107670023867
CAMELSH__13334450,142,68,CAMELSH,1,3,71,46.274,-117.291,105.04201104996994,12.075814421186466
CAMELSH__13334700,32,21,CAMELSH,0,3,71,46.326,-117.153,97.89034672591495,7.631726432359994
CAMELSH__13335050,249,111,CAMELSH,3,3,71,46.341,-117.056,95.85683347803126,7.631726432359994
CAMELSH__13336500,252,114,CAMELSH,3,4,41,46.087,-115.514,35.7074427290266,9.072067271189669
CAMELSH__13337000,245,111,CAMELSH,3,4,41,46.151,-115.587,30.916659705776755,9.072067271189669
CAMELSH__13337500,72,35,CAMELSH,0,4,41,45.825,-115.527,45.30338935357364,29.15039847653089
CAMELSH__13338500,250,108,CAMELSH,3,3,71,46.086,-115.977,30.916659705776755,30.916659705776755
CAMELSH__13339500,247,107,CAMELSH,3,3,71,46.372,-116.162,50.57534025555412,34.84048529453235
CAMELSH__13340600,261,118,CAMELSH,3,1,119,46.84,-115.621,66.45337256335351,31.475771669832998
CAMELSH__13341570,153,73,CAMELSH,1,3,71,46.499,-116.762,78.010090126591,8.657014099855633
CAMELSH__13342295,119,58,CAMELSH,1,3,71,46.327,-116.832,97.72905105215347,5.426403653267737
CAMELSH__13342340,113,55,CAMELSH,1,3,71,46.369,-116.796,92.65359744875207,5.426403653267737
CAMELSH__13342450,251,110,CAMELSH,3,3,71,46.427,-116.805,86.60445945871565,6.486129216786612
CAMELSH__13344500,240,109,CAMELSH,3,3,71,46.505,-118.066,109.99364115402001,28.83733139993008
CAMELSH__13345000,249,108,CAMELSH,3,3,71,46.915,-116.951,32.74178572103518,21.093066150118023
CAMELSH__13346800,265,115,CAMELSH,3,3,71,46.732,-117.024,52.388694084784234,11.965645110322267
CAMELSH__13348000,171,80,CAMELSH,2,3,71,46.732,-117.181,53.439343186639974,11.965645110322267
CAMELSH__13351000,276,125,CAMELSH,4,3,71,46.758,-118.149,97.53720631501032,28.83733139993008
CAMELSH__14010000,8,10,CAMELSH,0,3,71,45.83,-118.17,175.4130420010575,17.041464475649367
CAMELSH__14010800,8,11,CAMELSH,0,3,71,45.885,-118.203,171.38971375187023,15.140671923490968
CAMELSH__14013000,278,126,CAMELSH,4,3,71,46.008,-118.119,156.32384655186596,14.152655228108006
CAMELSH__14013700,183,80,CAMELSH,2,3,71,46.086,-118.228,153.74085740471983,3.718114339753351
CAMELSH__14015000,278,127,CAMELSH,4,3,71,46.076,-118.274,156.72881363339613,3.718114339753351
CAMELSH__14018500,248,111,CAMELSH,3,3,71,46.028,-118.73,144.85623737553777,35.5918745453436
CAMELSH__14020000,269,121,CAMELSH,4,3,71,45.72,-118.323,182.89720128116542,4.341997966904009
CAMELSH__14020300,266,118,CAMELSH,3,3,71,45.689,-118.357,182.50499922408983,4.341997966904009
CAMELSH__14020850,222,102,CAMELSH,3,3,71,45.672,-118.737,157.94242313595848,4.351150517171399
CAMELSH__14021000,4,8,CAMELSH,0,3,71,45.672,-118.793,154.26368108939923,4.351150517171399
CAMELSH__14026000,13,8,CAMELSH,0,3,71,45.678,-119.034,139.30048960365752,18.736358715755202
CAMELSH__14033500,281,127,CAMELSH,4,3,71,45.903,-119.327,112.3175227549608,33.79391750031106
CAMELSH__14034470,256,117,CAMELSH,3,3,71,45.341,-119.516,86.96599372435487,2.1954436064277685
CAMELSH__14034480,94,46,CAMELSH,0,3,71,45.332,-119.541,84.78289812400767,2.1215162480120786
CAMELSH__14034500,272,124,CAMELSH,4,3,71,45.35,-119.55,85.31828303377972,1.4514220186451183
CAMELSH__14034608,114,56,CAMELSH,1,3,71,45.361,-119.56,85.38395450312231,1.4514220186451183
CAMELSH__14036860,122,59,CAMELSH,1,3,71,44.358,-118.576,55.740621460749125,27.057868912802846
CAMELSH__14038530,261,117,CAMELSH,3,3,71,44.418,-118.906,78.34656891855745,27.057868912802846
CAMELSH__14044000,253,115,CAMELSH,3,3,71,44.889,-119.141,93.34468532639602,55.57375496733221
CAMELSH__14046000,165,78,CAMELSH,2,3,71,44.814,-119.432,69.35629933856764,58.23145705218137
CAMELSH__14046778,126,61,CAMELSH,1,4,40,44.727,-120.302,69.35629933856764,23.114285212738018
CAMELSH__14046890,136,65,CAMELSH,1,4,40,44.91,-120.441,80.23787237018733,23.114285212738018
CAMELSH__14050000,9,10,CAMELSH,0,0,113,43.814,-121.777,75.54876691806743,1.5880170643540306
CAMELSH__14050500,12,9,CAMELSH,0,0,113,43.818,-121.796,75.10314288808439,1.5880170643540306
CAMELSH__14051000,10,9,CAMELSH,0,0,113,43.821,-121.824,74.22607822751002,2.2710693526011605
CAMELSH__14052000,7,8,CAMELSH,0,0,113,43.805,-121.839,72.08278613320087,3.7409172992144626
CAMELSH__14054000,9,7,CAMELSH,0,0,113,43.753,-121.784,69.63761080628457,6.80612877620861
CAMELSH__14054500,9,10,CAMELSH,0,0,113,43.713,-121.804,65.10315674482104,9.796719735231587
CAMELSH__14056500,10,10,CAMELSH,0,0,113,43.686,-121.688,67.5889274507057,9.796719735231587
CAMELSH__14057500,10,8,CAMELSH,0,0,113,43.797,-121.573,83.00000963423246,13.260414638732446
CAMELSH__14060000,8,9,CAMELSH,0,0,113,43.503,-121.973,38.38658083279506,26.898498741234096
CAMELSH__14063000,29,18,CAMELSH,0,0,113,43.689,-121.503,77.33920253890916,13.260414638732446
CAMELSH__14064500,12,10,CAMELSH,0,0,113,43.93,-121.412,77.60363891454672,18.937281737644938
CAMELSH__14070500,1,5,CAMELSH,0,0,113,44.083,-121.308,61.97912694056277,18.937281737644938
CAMELSH__14075000,27,16,CAMELSH,0,0,113,44.234,-121.567,44.08384204299733,24.814176422749437
CAMELSH__14076500,283,129,CAMELSH,4,0,113,44.499,-121.321,19.135978798045567,19.135978798045567
CAMELSH__14080500,15,14,CAMELSH,0,0,113,44.113,-120.796,78.74290413061712,41.02139985748539
CAMELSH__14088000,9,7,CAMELSH,0,0,113,44.426,-121.726,29.37026814791811,17.639971095154376
CAMELSH__14090350,153,73,CAMELSH,1,0,113,44.572,-121.639,13.662337771317018,13.662337771317018
CAMELSH__14090400,127,62,CAMELSH,1,4,40,44.719,-121.64,16.345845662046933,3.4911082107994607
CAMELSH__14091500,300,136,CAMELSH,4,4,40,44.626,-121.484,13.662337771317018,13.662337771317018
CAMELSH__14092750,277,126,CAMELSH,4,4,40,44.75,-121.633,19.798384850926457,3.4911082107994607
CAMELSH__14092885,47,27,CAMELSH,0,4,40,44.772,-121.305,30.382602645882784,5.519322011791613
CAMELSH__14093000,163,76,CAMELSH,2,4,40,44.764,-121.236,30.224560754025113,5.519322011791613
CAMELSH__14095500,162,76,CAMELSH,2,4,40,44.969,-121.477,45.959421225734715,6.624108803677144
CAMELSH__14096300,137,66,CAMELSH,1,4,40,44.862,-121.628,32.25823986026678,12.46007730416592
CAMELSH__14096850,295,134,CAMELSH,4,4,40,44.959,-121.394,47.17950944474888,6.624108803677144
CAMELSH__14097100,297,135,CAMELSH,4,4,40,44.857,-121.15,42.041187947079656,15.453802741022006
CAMELSH__14101500,26,18,CAMELSH,0,4,40,45.242,-121.095,84.51553230271234,42.664903495333824
CAMELSH__14107000,229,106,CAMELSH,3,4,83,46.265,-121.245,147.38327378864903,51.02283891896939
CAMELSH__14111400,215,100,CAMELSH,3,4,40,45.962,-121.102,137.2054086772654,24.280762916770612
CAMELSH__14113000,257,117,CAMELSH,3,4,40,45.757,-121.21,135.7961414078966,17.67486084563803
CAMELSH__14113200,142,68,CAMELSH,1,4,40,45.649,-121.377,121.50886518616596,13.308027864804805
CAMELSH__14118500,19,16,CAMELSH,0,4,40,45.598,-121.636,114.08623783596828,9.327344621642252
CAMELSH__14120000,292,132,CAMELSH,4,4,40,45.655,-121.548,120.63561120372198,9.327344621642252
CAMELSH__14123500,285,129,CAMELSH,4,4,40,45.752,-121.527,131.50348685732445,16.336168211131174
CAMELSH__14134000,2,7,CAMELSH,0,4,40,45.267,-121.718,77.53038774088444,18.633763310337418
CAMELSH__14137000,282,126,CAMELSH,4,4,40,45.4,-122.137,90.50598946970386,0.0
CAMELSH__14137002,28,19,CAMELSH,0,4,40,45.4,-122.137,90.50598946970386,0.0
CAMELSH__14138720,248,113,CAMELSH,3,4,40,45.471,-121.865,101.53002403041897,2.849171951808209
CAMELSH__14138800,267,121,CAMELSH,4,4,40,45.453,-121.891,99.94541311763585,2.849171951808209
CAMELSH__14138850,257,117,CAMELSH,3,4,40,45.498,-122.012,103.93730727493089,2.279705586671964
CAMELSH__14138870,274,125,CAMELSH,4,4,40,45.48,-122.026,101.68248860572487,1.7410088475614938
CAMELSH__14138900,268,120,CAMELSH,4,4,40,45.494,-122.036,102.88593586865898,1.7410088475614938
CAMELSH__14139700,87,44,CAMELSH,0,4,40,45.458,-122.032,99.22468827396892,4.015148691150917
CAMELSH__14139800,289,131,CAMELSH,4,4,40,45.445,-122.11,95.90629316809317,5.429369941741044
CAMELSH__14140000,272,123,CAMELSH,4,4,40,45.437,-122.179,93.60405121373489,5.260490487821124
CAMELSH__14141500,273,122,CAMELSH,4,4,40,45.415,-122.171,91.3903301469302,3.134786998000464
CAMELSH__14142500,266,121,CAMELSH,4,4,40,45.449,-122.245,93.80202410508186,5.3191652990395415
CAMELSH__14142800,190,88,CAMELSH,2,4,40,45.519,-122.389,100.14694780357434,4.390355475013086
CAMELSH__14144800,71,38,CAMELSH,0,0,113,43.597,-122.457,32.75604651330595,13.974586844704477
CAMELSH__14145500,299,135,CAMELSH,4,0,113,43.722,-122.439,46.730633056467205,6.920586957165933
CAMELSH__14146500,35,22,CAMELSH,0,0,113,43.762,-122.373,51.93030992905935,6.920586957165933
CAMELSH__14147500,37,23,CAMELSH,0,0,113,43.758,-122.51,50.49028460400496,6.294937969958071
CAMELSH__14148000,293,133,CAMELSH,4,0,113,43.801,-122.561,55.43139749830215,6.294937969958071
CAMELSH__14150000,292,132,CAMELSH,4,0,113,43.946,-122.837,75.64796719610564,4.968764103378996
CAMELSH__14150300,80,40,CAMELSH,0,0,113,43.971,-122.639,74.79433691251187,11.292423028056382
CAMELSH__14150800,179,82,CAMELSH,2,0,113,43.914,-122.689,69.13559813746515,7.6524544621220105
CAMELSH__14151000,289,131,CAMELSH,4,0,113,43.944,-122.775,73.95371925863775,4.968764103378996
CAMELSH__14152000,295,134,CAMELSH,4,0,113,43.998,-122.906,79.12791247064754,5.200677988234172
CAMELSH__14152500,50,29,CAMELSH,0,0,113,43.642,-123.086,43.52517598291398,18.444766951353696
CAMELSH__14153500,276,125,CAMELSH,4,0,113,43.721,-123.05,52.075232412860586,9.303230833737741
CAMELSH__14154500,279,127,CAMELSH,4,0,113,43.736,-122.873,55.106935366151625,14.31978005855196
CAMELSH__14155500,277,124,CAMELSH,4,0,113,43.793,-122.991,60.111533777618895,9.303230833737741
CAMELSH__14157500,280,127,CAMELSH,4,0,113,43.98,-122.966,80.95182038493468,5.200677988234172
CAMELSH__14158500,288,131,CAMELSH,4,0,113,44.361,-121.996,34.188277286240854,4.980360456462306
CAMELSH__14158790,277,126,CAMELSH,4,0,113,44.335,-122.047,35.98221689268481,4.980360456462306
CAMELSH__14158850,290,132,CAMELSH,4,0,113,44.268,-122.05,43.29000376546747,7.4538842983479
CAMELSH__14159000,13,13,CAMELSH,0,0,113,44.179,-122.13,52.706455070703456,10.231389867329886
CAMELSH__14159110,13,13,CAMELSH,0,0,113,44.166,-122.257,55.069046716500196,3.41225338196266
CAMELSH__14159200,182,85,CAMELSH,2,0,113,44.047,-122.218,67.73826825535347,10.182242704025823
CAMELSH__14159500,289,131,CAMELSH,4,0,113,44.136,-122.248,58.23451129983081,3.41225338196266
CAMELSH__14161100,72,37,CAMELSH,0,0,113,44.218,-122.265,49.52604121504926,1.0944533109942114
CAMELSH__14161500,276,125,CAMELSH,4,0,113,44.21,-122.257,50.26507054726289,1.0944533109942114
CAMELSH__14162200,285,130,CAMELSH,4,0,113,44.162,-122.333,56.9057810471268,6.078473654299948
CAMELSH__14162500,290,132,CAMELSH,4,0,113,44.125,-122.471,64.62854964603295,8.391638986740919
CAMELSH__14163000,17,14,CAMELSH,0,0,113,44.146,-122.572,64.87040293264293,5.094787446149413
CAMELSH__14163150,274,125,CAMELSH,4,0,113,44.124,-122.628,66.34810868987698,5.094787446149413
CAMELSH__14163900,274,125,CAMELSH,4,0,113,44.07,-122.771,71.38718712458291,12.901833753168644
CAMELSH__14164700,175,82,CAMELSH,2,0,113,44.059,-122.92,72.28830525463687,3.835080168629548
CAMELSH__14164900,131,63,CAMELSH,1,0,113,44.071,-122.965,70.83402058141282,3.835080168629548
CAMELSH__14165000,274,125,CAMELSH,4,0,113,44.093,-122.957,68.39669206443853,4.798900099067632
CAMELSH__14165500,93,47,CAMELSH,0,0,113,44.112,-123.047,66.53232885528007,7.490494812512936
CAMELSH__14166000,282,128,CAMELSH,4,0,113,44.27,-123.174,51.12297001706291,20.277816329486917
CAMELSH__14166500,280,127,CAMELSH,4,0,113,44.05,-123.426,80.93326143338248,12.929283802092886
CAMELSH__14169000,291,132,CAMELSH,4,0,113,44.123,-123.3,69.68786812082212,12.929283802092886
CAMELSH__14170000,291,132,CAMELSH,4,0,113,44.313,-123.296,50.05197486506862,23.886188430800736
CAMELSH__14171000,182,85,CAMELSH,2,0,113,44.526,-123.335,29.651595685076337,23.886188430800736
CAMELSH__14172000,2,5,CAMELSH,0,0,113,44.351,-122.787,40.163980170346726,10.327766239719343
CAMELSH__14178000,277,125,CAMELSH,4,4,40,44.707,-122.101,30.444625353481847,6.456037487271999
CAMELSH__14179000,197,92,CAMELSH,2,4,40,44.753,-122.129,30.47120597256456,11.12061608342001
CAMELSH__14180300,198,89,CAMELSH,2,4,40,44.653,-122.131,26.75928047464995,6.456037487271999
CAMELSH__14181500,282,127,CAMELSH,4,4,40,44.753,-122.298,19.87728585711241,17.258170705562456
CAMELSH__14182500,281,126,CAMELSH,4,4,40,44.792,-122.579,21.107714393819684,17.510423586839455
CAMELSH__14183000,284,128,CAMELSH,4,4,40,44.789,-122.618,22.303418084557876,14.743959639497344
CAMELSH__14184100,143,69,CAMELSH,1,4,40,44.708,-122.973,26.19716680189509,3.178616440647747
CAMELSH__14185000,283,126,CAMELSH,4,0,113,44.392,-122.498,41.09511795439109,10.179662284329103
CAMELSH__14185900,281,124,CAMELSH,4,0,113,44.54,-122.436,26.07952440642405,9.207448087106712
CAMELSH__14187000,280,125,CAMELSH,4,0,113,44.372,-122.623,39.56056991563219,6.876325367974324
CAMELSH__14187200,280,126,CAMELSH,4,0,113,44.412,-122.689,33.97011812877433,6.876325367974324
CAMELSH__14187500,274,123,CAMELSH,4,0,113,44.498,-122.823,24.1628029462163,14.302615417066258
CAMELSH__14188610,229,106,CAMELSH,3,0,113,44.62,-122.466,19.87728585711241,9.207448087106712
CAMELSH__14188800,149,71,CAMELSH,1,4,40,44.712,-122.77,24.1628029462163,14.743959639497344
CAMELSH__14189000,279,126,CAMELSH,4,4,40,44.715,-123.012,28.391687541074997,3.178616440647747
CAMELSH__14190500,277,126,CAMELSH,4,4,40,44.783,-123.235,29.651595685076337,19.165025937035992
CAMELSH__14192500,10,9,CAMELSH,0,4,40,45.047,-123.504,47.68074342702458,10.703535007823636
CAMELSH__14193000,13,13,CAMELSH,0,4,40,45.143,-123.494,56.76370907676323,10.703535007823636
CAMELSH__14194150,229,105,CAMELSH,3,4,40,45.206,-123.183,76.55554601719598,17.526399913355828
CAMELSH__14194300,15,14,CAMELSH,0,4,40,45.365,-123.379,82.56520007590817,6.418113706282258
CAMELSH__14196000,137,66,CAMELSH,1,4,40,45.311,-123.35,78.57393733069127,5.395713368456647
CAMELSH__14198400,235,105,CAMELSH,3,4,40,44.962,-122.384,38.575263280831024,9.246077312742747
CAMELSH__14198500,20,15,CAMELSH,0,4,40,45.01,-122.48,43.38007976000631,9.246077312742747
CAMELSH__14199704,164,77,CAMELSH,2,4,40,45.205,-122.412,65.18786832350519,11.497885323405066
CAMELSH__14200000,180,85,CAMELSH,2,4,40,45.244,-122.687,71.53330346788331,5.082202611679694
CAMELSH__14201300,200,92,CAMELSH,2,4,40,45.1,-122.822,60.29965567024114,5.844126792669063
CAMELSH__14201340,204,95,CAMELSH,2,4,40,45.151,-122.804,64.77136354639921,5.844126792669063
CAMELSH__14201500,71,38,CAMELSH,0,4,40,45.102,-122.746,57.96160069770841,5.969229074828296
CAMELSH__14202000,189,84,CAMELSH,2,4,40,45.233,-122.75,71.73571491384844,5.082202611679694
CAMELSH__14202980,136,66,CAMELSH,1,4,40,45.469,-123.2,99.68720374589992,5.963635417641022
CAMELSH__14203500,285,128,CAMELSH,4,4,40,45.475,-123.124,103.57853541351923,5.963635417641022
CAMELSH__14205400,131,63,CAMELSH,1,4,40,45.681,-123.071,125.00152232271357,21.60858394708763
CAMELSH__14206900,259,118,CAMELSH,3,4,40,45.488,-122.735,98.80302764346887,8.161660412554527
CAMELSH__14206950,199,91,CAMELSH,2,4,40,45.403,-122.755,89.98068332904751,7.117399331760922
CAMELSH__14207500,261,116,CAMELSH,3,4,40,45.351,-122.676,82.94433129517856,8.337442676645932
CAMELSH__14208700,293,133,CAMELSH,4,4,40,45.114,-121.815,61.84441627058126,10.98601726165083
CAMELSH__14209000,280,127,CAMELSH,4,4,40,45.071,-121.941,60.38262671032685,10.98601726165083
CAMELSH__14209500,289,131,CAMELSH,4,4,40,45.125,-122.073,64.12690055241586,11.975127361182397
CAMELSH__14210000,289,130,CAMELSH,4,4,40,45.3,-122.354,76.12431494801226,11.497885323405066
CAMELSH__14211010,176,82,CAMELSH,2,4,40,45.379,-122.577,84.84699322487086,8.337442676645932
CAMELSH__14211315,173,81,CAMELSH,2,4,40,45.431,-122.673,91.63467152042928,3.3856204426298873
CAMELSH__14211400,205,95,CAMELSH,2,4,40,45.487,-122.422,96.46793505451426,4.390355475013086
CAMELSH__14211499,149,71,CAMELSH,1,4,40,45.477,-122.498,95.3272034091318,6.028581952144078
CAMELSH__14211500,276,126,CAMELSH,4,4,40,45.478,-122.508,95.46228061854802,6.778987800924372
CAMELSH__14211550,278,126,CAMELSH,4,4,40,45.453,-122.643,93.66365437675074,3.3856204426298873
CAMELSH__14216000,137,66,CAMELSH,1,4,40,46.06,-121.985,164.473902225432,2.081298686523609
CAMELSH__14216500,195,91,CAMELSH,2,4,40,46.076,-121.999,165.9612496816707,2.081298686523609
CAMELSH__14219000,133,64,CAMELSH,1,4,40,45.94,-122.317,147.23946783525773,7.908690338116224
CAMELSH__14219800,173,81,CAMELSH,2,4,40,46.008,-122.347,154.6187546097594,7.908690338116224
CAMELSH__14220500,194,90,CAMELSH,2,4,40,45.952,-122.564,148.30990701111094,14.867339639924943
CAMELSH__14222500,217,99,CAMELSH,3,4,40,45.837,-122.466,135.32422572644538,14.867339639924943
CAMELSH__14226500,272,124,CAMELSH,4,4,83,46.613,-121.679,121.79378069501173,23.259403079172912
CAMELSH__14231000,242,111,CAMELSH,3,4,83,46.532,-121.957,133.41675941795594,11.833121620526507
CAMELSH__14232500,1,7,CAMELSH,0,4,83,46.447,-121.864,141.52444737595454,11.833121620526507
CAMELSH__14233400,34,22,CAMELSH,0,4,83,46.47,-122.099,142.64106304119113,12.870778335211455
CAMELSH__14236200,288,131,CAMELSH,4,4,83,46.595,-122.46,139.70581070036246,15.219452259140708
CAMELSH__14238000,292,133,CAMELSH,4,4,83,46.51,-122.616,153.71062417609195,9.039227689306689
CAMELSH__14240525,139,67,CAMELSH,1,4,83,46.372,-122.579,165.9474681656032,10.627565336798014
CAMELSH__14241500,105,52,CAMELSH,1,4,83,46.322,-122.697,175.0224552358042,10.627565336798014
CAMELSH__14242580,200,92,CAMELSH,2,4,83,46.334,-122.84,179.28209287543527,8.731084868663904
CAMELSH__14243000,225,100,CAMELSH,3,4,83,46.275,-122.915,187.33036970548295,8.731084868663904
CAMELSH__14299800,173,81,CAMELSH,2,4,40,45.807,-123.283,130.30162644094307,21.60858394708763
CAMELSH__14301000,276,126,CAMELSH,4,4,40,45.704,-123.755,110.4568346979024,28.90130743975762
CAMELSH__14301500,283,128,CAMELSH,4,4,40,45.476,-123.725,85.5694255942104,3.535036462880883
CAMELSH__14302480,213,99,CAMELSH,2,4,40,45.446,-123.71,82.46291222215817,3.535036462880883
CAMELSH__14302900,148,71,CAMELSH,1,4,40,45.311,-123.419,75.79825060939416,5.395713368456647
CAMELSH__14303200,280,127,CAMELSH,4,4,40,45.324,-123.546,72.82882737887216,10.034763018413091
CAMELSH__14303600,130,62,CAMELSH,1,4,40,45.266,-123.847,61.34909799121467,22.69789190886629
CAMELSH__14305500,294,131,CAMELSH,4,0,113,44.715,-123.887,47.68074342702458,36.84181995104543
CAMELSH__14306340,280,127,CAMELSH,4,0,113,44.248,-123.636,67.45259736379896,18.206156474000124
CAMELSH__14306400,6,10,CAMELSH,0,0,113,44.337,-123.828,68.31356546249856,5.457822944106548
CAMELSH__14306500,288,130,CAMELSH,4,0,113,44.386,-123.832,64.68395297738414,5.457822944106548
CAMELSH__14307620,228,105,CAMELSH,3,0,113,44.062,-123.883,95.26575958044363,28.566494547239408
CAMELSH__14308000,272,121,CAMELSH,4,4,79,42.93,-122.948,49.9679788402809,5.074681668707454
CAMELSH__14308500,210,94,CAMELSH,2,4,79,42.89,-122.918,53.40035649604584,5.074681668707454
CAMELSH__14308990,280,124,CAMELSH,4,4,79,42.823,-123.126,66.88270204553717,4.3281525357639685
CAMELSH__14309000,272,121,CAMELSH,4,4,79,42.825,-123.179,66.00163109253536,4.3281525357639685
CAMELSH__14309500,275,122,CAMELSH,4,4,79,42.804,-123.611,69.55883362239715,19.87777965050032
CAMELSH__14310000,284,127,CAMELSH,4,4,79,42.923,-123.429,53.63329343237116,19.87777965050032
CAMELSH__14311500,81,40,CAMELSH,0,4,79,43.13,-123.465,31.43846702422863,5.4471772033368335
CAMELSH__14312000,275,123,CAMELSH,4,4,79,43.133,-123.398,30.1485762565681,5.4471772033368335
CAMELSH__14312500,132,62,CAMELSH,1,4,79,43.187,-122.166,15.206653452690631,11.675573874892251
CAMELSH__14313200,155,69,CAMELSH,1,0,113,43.324,-122.197,11.498031679054627,0.23664549737088494
CAMELSH__14313500,200,91,CAMELSH,2,0,113,43.322,-122.196,11.379162999482212,0.23664549737088494
CAMELSH__14313700,159,76,CAMELSH,1,0,113,43.355,-122.252,12.663454649982832,5.8288721511121215
CAMELSH__14314500,263,118,CAMELSH,3,4,79,43.244,-122.287,11.379162999482212,4.203413635009279
CAMELSH__14314700,158,75,CAMELSH,1,4,79,43.251,-122.338,13.496757614925968,4.203413635009279
CAMELSH__14315500,158,75,CAMELSH,1,4,79,43.264,-122.422,17.075999143699843,4.28873843729073
CAMELSH__14315700,157,74,CAMELSH,1,4,79,43.275,-122.449,18.25262140518361,5.006392645159694
CAMELSH__14315950,159,75,CAMELSH,1,4,79,43.211,-122.428,21.432565780254738,2.6141564713175724
CAMELSH__14316000,104,52,CAMELSH,1,4,79,43.23,-122.447,21.0302482012011,2.6141564713175724
CAMELSH__14316455,159,74,CAMELSH,1,4,79,43.304,-122.499,19.294721374120233,2.5109826170556078
CAMELSH__14316495,209,93,CAMELSH,2,4,79,43.303,-122.53,16.924107981178114,0.962677312909265
CAMELSH__14316500,275,125,CAMELSH,4,4,79,43.296,-122.537,16.651917792438574,0.962677312909265
CAMELSH__14316700,280,123,CAMELSH,4,0,113,43.35,-122.729,16.651917792438574,16.651917792438574
CAMELSH__14318000,195,88,CAMELSH,2,4,79,43.253,-123.026,18.826021465441368,18.826021465441368
CAMELSH__14319500,270,121,CAMELSH,4,4,79,43.272,-123.412,15.074937626807856,15.074937626807856
CAMELSH__14319830,39,23,CAMELSH,0,0,113,43.422,-123.04,18.826021465441368,0.13742893543719645
CAMELSH__14319835,40,24,CAMELSH,0,0,113,43.423,-123.039,18.932352434891932,0.13742893543719645
CAMELSH__14320700,90,44,CAMELSH,0,0,113,43.403,-123.364,15.074937626807856,15.074937626807856
CAMELSH__14320934,126,61,CAMELSH,1,0,113,43.431,-123.587,22.64506033317424,17.427350338593744
CAMELSH__14321000,269,122,CAMELSH,4,0,113,43.586,-123.555,36.775242157311716,17.427350338593744
CAMELSH__14325000,256,114,CAMELSH,3,4,79,42.892,-124.071,71.64586288879826,38.75645725380861
CAMELSH__14328000,140,66,CAMELSH,1,4,79,42.775,-122.5,65.64842003842936,5.171498522609364
CAMELSH__14330000,265,118,CAMELSH,3,4,79,42.73,-122.516,70.78038356264203,2.1322724232322323
CAMELSH__14332000,272,122,CAMELSH,4,4,79,42.708,-122.393,70.12717906231292,9.325052497889796
CAMELSH__14334700,14,12,CAMELSH,0,4,79,42.712,-122.507,72.38811130525718,2.1322724232322323
CAMELSH__14337500,282,127,CAMELSH,4,4,79,42.651,-122.691,77.7866584635094,2.0124998651803794
CAMELSH__14337600,284,121,CAMELSH,4,4,79,42.655,-122.715,77.2888590175813,2.0124998651803794
CAMELSH__14337800,82,40,CAMELSH,0,4,79,42.773,-122.672,64.32636473545918,13.583174767595448
CAMELSH__14337870,76,38,CAMELSH,0,4,79,42.711,-122.75,71.07405734516188,6.852697073731301
CAMELSH__14338000,218,96,CAMELSH,3,4,79,42.679,-122.742,74.61928142556417,3.463415828820999
CAMELSH__14339000,232,99,CAMELSH,3,4,79,42.525,-122.843,92.20399609891375,15.336223490908424
CAMELSH__14353000,164,77,CAMELSH,2,4,79,42.149,-122.717,106.45870490426458,0.7954683346158081
CAMELSH__14353500,163,77,CAMELSH,2,4,79,42.153,-122.709,107.2094014270834,0.7954683346158081
CAMELSH__14354200,262,119,CAMELSH,3,4,79,42.216,-122.722,112.29447342579591,7.086695476556124
CAMELSH__14357500,273,122,CAMELSH,4,4,79,42.324,-122.867,114.63950355818451,15.969707175935257
CAMELSH__14359000,238,102,CAMELSH,3,4,79,42.437,-122.987,103.67359051470109,15.336223490908424
CAMELSH__14361500,250,107,CAMELSH,3,4,79,42.43,-123.318,108.2574858326938,11.173042590645275
CAMELSH__14362000,280,121,CAMELSH,4,4,79,42.064,-123.111,82.1360047520521,10.438877276015443
CAMELSH__14362250,266,118,CAMELSH,3,4,79,42.154,-123.075,92.53417027525236,10.438877276015443
CAMELSH__14366000,245,105,CAMELSH,3,4,79,42.242,-123.14,100.07304584397865,11.1543471071456
CAMELSH__14369500,276,118,CAMELSH,4,4,79,42.354,-123.407,108.68537378686942,11.173042590645275
CAMELSH__14372500,1,3,CAMELSH,0,4,79,42.069,-123.626,77.81121626840786,15.792776453791472
CAMELSH__14375100,136,64,CAMELSH,1,4,79,42.16,-123.479,86.95447218299513,15.792776453791472
CAMELSH__14377100,257,114,CAMELSH,3,4,79,42.232,-123.664,96.20372557603814,17.21502508428013
CAMELSH__14400000,253,115,CAMELSH,3,4,79,42.123,-124.187,92.31742790990435,37.932706540034744
CAMELSH__385106106571000,85,40,CAMELSH,0,4,23,38.852,-106.953,52.13663218142119,28.83414263171908
CAMELSH__392547106023400,3,5,CAMELSH,0,4,23,39.43,-106.043,137.62562610603402,15.137494855047262
CAMELSH__393109104464500,250,112,CAMELSH,3,4,23,39.519,-104.78,244.364955947565,13.60143819772402
CAMELSH__394220106431500,100,48,CAMELSH,0,4,23,39.705,-106.726,106.14590925170037,25.749199079854357
CAMELSH__394308105413800,83,40,CAMELSH,0,4,23,39.719,-105.694,178.01906136250912,10.525676918939597
CAMELSH__394839104570300,100,50,CAMELSH,0,4,23,39.811,-104.952,240.0834781332863,8.70016770181514
CAMELSH__401733105392404,55,30,CAMELSH,0,4,23,40.293,-105.654,217.04315467576362,9.012391481702505
CAMELSH__402114105350101,98,46,CAMELSH,0,4,23,40.354,-105.584,225.98634029009673,9.012391481702505
CAMELSH__402913084285400,103,51,CAMELSH,1,1,77,40.487,-84.482,54.5020076377013,21.667389523155872
Germany__10032009,122,52,Germany,1,3,65,48.465,10.284,74.49633102249082,7.149178537260336
Germany__11401009,293,133,Germany,4,2,99,47.524,10.26,41.4708371484472,0.4510728778753425
Germany__11402001,293,133,Germany,4,2,99,47.73,10.317,26.105709002853025,0.4447797029008833
Germany__11405000,295,133,Germany,4,3,65,48.371,9.988,67.40498598365654,0.33358477883463405
Germany__11411104,293,133,Germany,4,2,99,47.326,10.267,62.32162005045727,4.060009700010937
Germany__11412107,293,133,Germany,4,2,99,47.423,10.271,52.17681443400993,0.4510969438768997
Germany__11416006,292,132,Germany,4,2,99,47.348,10.31,61.01740735270396,4.060009700010937
Germany__11417100,51,29,Germany,0,2,99,47.391,10.294,56.11548087060563,3.9568879526071656
Germany__11418250,40,25,Germany,0,2,99,47.417,10.254,52.37961115874378,0.4510983824017052
Germany__11419004,293,133,Germany,4,2,99,47.462,10.293,48.775715578992944,3.807001504522918
Germany__11425200,293,133,Germany,4,2,99,47.505,10.324,45.52276926507386,0.33358477883463405
Germany__11427603,293,133,Germany,4,2,99,47.53,10.297,42.11122235497303,2.712038625790905
Germany__11432002,293,133,Germany,4,2,99,47.522,10.23,40.792851143513055,2.2636294388853604
Germany__11434008,293,133,Germany,4,2,99,47.558,10.108,34.14020024259078,9.261965446572825
Germany__11438015,293,133,Germany,4,2,99,47.565,10.231,36.41966962715721,4.6900700047233075
Germany__11443009,310,140,Germany,4,2,99,47.649,10.412,37.228712082703936,4.871287597383251
Germany__11445004,293,133,Germany,4,2,99,47.628,10.358,35.88795378101618,5.56902642833826
Germany__11455201,293,133,Germany,4,2,99,47.698,10.343,29.78396145022815,4.055227156275051
Germany__11465001,293,133,Germany,4,2,99,47.768,10.337,25.30822074745364,4.065575862239771
Germany__11495002,293,133,Germany,4,3,65,48.045,10.15,31.554810646721833,8.004622558756603
Germany__11498000,269,122,Germany,4,3,65,48.35,10.012,64.94619401142194,1.2016316280315504
Germany__11548007,333,150,Germany,4,3,65,48.37,10.151,67.35434926276109,10.507803218481678
Germany__11582300,293,132,Germany,4,3,65,48.072,10.3,33.91551803853428,0.33358477883463405
Germany__11583303,293,133,Germany,4,3,65,48.236,10.314,51.38252670964588,12.929124959039584
Germany__11584000,293,133,Germany,4,3,65,48.352,10.302,63.35832436585845,0.34167079212752954
Germany__11609000,293,132,Germany,4,3,65,48.486,10.38,67.13651244001896,0.23428352416862305
Germany__11649004,293,133,Germany,4,3,65,48.133,10.51,35.137283566006275,13.106784438276941
Germany__11689508,268,122,Germany,4,3,65,48.456,10.38,67.72247131971352,3.3358478004043173
Germany__11723504,310,140,Germany,4,3,65,48.547,10.319,69.34619360219267,0.3335847653257578
Germany__11744005,293,133,Germany,4,3,65,48.615,10.427,59.09890167373367,10.740294700830328
Germany__11802509,268,122,Germany,4,4,60,49.176,10.259,23.546001501401246,7.201559887338197
Germany__11805008,268,122,Germany,4,3,65,49.048,10.518,12.328566519960916,0.23402679362579862
Germany__11808006,268,122,Germany,4,3,65,48.812,10.642,33.15949059312223,2.8579830596892983
Germany__11809009,268,122,Germany,4,3,65,48.783,10.692,33.52334551709621,7.224341265475413
Germany__11840508,285,129,Germany,4,4,60,49.226,10.322,24.256634484984247,7.201559887338197
Germany__11864007,268,122,Germany,4,3,65,48.809,10.602,34.313344280429995,0.23413594812633756
Germany__11921701,335,150,Germany,4,3,65,48.359,10.57,57.68197347010717,9.529254791308604
Germany__11942009,335,151,Germany,4,3,65,48.294,10.654,51.5944459630008,9.529254791308604
Germany__11944004,335,151,Germany,4,3,65,48.492,10.827,34.72110611911447,10.233569487814796
Germany__11946000,334,150,Germany,4,3,65,48.635,10.819,34.712535488752145,7.819581514192072
Germany__12002009,293,133,Germany,4,2,99,47.698,10.798,35.0905274930253,5.905337378536158
Germany__12003001,293,133,Germany,4,3,65,48.042,10.875,21.92471449061633,11.445583366039916
Germany__12003500,291,132,Germany,4,3,65,48.317,10.946,37.82651977421811,0.2670733935518994
Germany__12006000,293,133,Germany,4,3,65,48.407,10.888,34.46556828024658,10.467699347898428
Germany__12183005,292,132,Germany,4,2,99,47.581,10.558,50.48888526765992,0.33358479234350974
Germany__12186003,292,132,Germany,4,2,99,47.554,10.516,50.08330182353953,4.588744636957652
Germany__12313009,293,133,Germany,4,2,99,47.587,10.684,49.97181175958363,5.0998389030586
Germany__12314001,292,132,Germany,4,2,99,47.587,10.752,47.7579302763834,5.0998389030586
Germany__12321007,284,129,Germany,4,2,99,47.61,10.825,43.44891828931456,4.131239024813422
Germany__12327003,65,35,Germany,0,2,99,47.647,10.82,39.677566094635175,4.131239024813422
Germany__12335001,292,132,Germany,4,2,99,47.727,10.892,29.539499770784275,7.492548805783063
Germany__12393201,268,122,Germany,4,3,65,48.238,10.924,37.577226392664045,6.017953725713238
Germany__12401004,293,133,Germany,4,2,99,47.585,10.409,41.99407683792881,1.8607549895040953
Germany__12402007,293,133,Germany,4,2,99,47.602,10.423,41.35885208837405,0.3163099243484296
Germany__12404002,291,132,Germany,4,2,99,47.621,10.462,42.09998238146091,3.607019893573581
Germany__12404705,292,132,Germany,4,2,99,47.773,10.595,31.83834186953179,2.921005924528697
Germany__12405005,292,132,Germany,4,2,99,47.826,10.643,25.217840919230643,0.7465453367355962
Germany__12406008,293,133,Germany,4,3,65,48.063,10.652,25.90884613541228,0.34176148203864937
Germany__12412000,300,136,Germany,4,2,99,47.6,10.42,41.35665519700022,0.3163099243484296
Germany__12418007,293,133,Germany,4,2,99,47.706,10.511,40.02051737788444,7.1283134906863985
Germany__12425002,293,133,Germany,4,2,99,47.748,10.583,34.758890928598035,0.45101951650269106
Germany__12433102,60,33,Germany,0,2,99,47.775,10.508,33.77422353142578,6.359348206310248
Germany__12445000,292,132,Germany,4,2,99,47.826,10.653,25.0611083558115,0.4510009519387304
Germany__12465007,293,133,Germany,4,3,65,48.047,10.719,24.610324641124,5.28801802334821
Germany__12483009,293,133,Germany,4,3,65,48.148,10.755,36.150023814825346,0.13367351811497993
Germany__12483100,171,76,Germany,2,3,65,48.147,10.754,36.025834834754775,0.13367351811497993
Germany__13124001,343,154,Germany,4,3,65,48.167,10.927,30.2851976320732,7.897969854595579
Germany__13201000,251,115,Germany,3,3,65,48.273,10.986,37.53485923777806,0.3649480296183608
Germany__13202003,292,132,Germany,4,3,65,48.384,11.051,27.1343546761377,8.386807143224704
Germany__13206004,293,133,Germany,4,2,2,48.574,11.282,12.383785042272116,0.3999899571340012
Germany__13208000,293,133,Germany,4,2,2,48.718,11.494,31.801731261124434,0.3128800836440122
Germany__13217000,335,151,Germany,4,3,65,48.421,11.15,19.59682585966563,8.386807143224704
Germany__13242008,256,117,Germany,3,3,65,48.581,11.114,12.383785042272116,12.383785042272116
Germany__13242507,287,130,Germany,4,2,2,48.709,11.313,20.40417519329211,13.317467923314954
Germany__13321002,334,150,Germany,4,2,2,48.643,11.784,49.73637703959755,12.918108400670913
Germany__13322005,335,151,Germany,4,2,2,48.817,11.831,58.80098761711093,0.31257531557624596
Germany__13325207,18,15,Germany,0,2,2,48.527,11.508,28.903391857882006,11.00649806245053
Germany__13325502,226,104,Germany,3,2,2,48.683,11.617,38.66523696487555,0.3129877981933072
Germany__13400903,326,147,Germany,4,4,60,49.383,10.373,38.516459276383465,7.055852335181353
Germany__13402807,326,147,Germany,4,4,60,49.207,10.545,17.55980822256579,0.1328222854583748
Germany__13405408,326,147,Germany,4,4,60,49.101,10.754,18.032274668709885,14.241783577666576
Germany__13406105,326,147,Germany,4,3,65,48.953,10.914,9.069561149377687,3.309366764133837
Germany__13407200,326,147,Germany,4,2,2,48.883,11.201,20.319833264848448,20.26238470271749
Germany__13407902,260,119,Germany,3,2,2,49.028,11.478,36.04206654327185,0.31192524643279007
Germany__13424901,326,147,Germany,4,4,60,49.157,10.549,12.096639466501811,5.5673427685801595
Germany__13450300,326,147,Germany,4,3,65,48.967,10.954,7.005660229916094,3.144446578472151
Germany__13465002,326,147,Germany,4,2,2,49.03,11.365,27.99764768376489,0.31191909198918
Germany__13483004,320,145,Germany,4,2,2,49.122,11.516,29.23495693460341,10.54280793322776
Germany__13491002,325,147,Germany,4,2,2,49.02,11.615,42.45663044675526,9.833519887444842
Germany__13922002,335,151,Germany,4,2,2,49.171,11.728,33.60921240247701,14.833068335254932
Germany__13926207,336,151,Germany,4,2,2,49.028,11.915,52.50780041542758,10.123781059202667
Germany__14002305,333,150,Germany,4,2,2,49.536,12.154,23.035825559390002,0.3093230065598208
Germany__14006000,336,151,Germany,4,2,2,49.234,12.084,35.56354409400811,0.3657901997614202
Germany__14008006,336,151,Germany,4,2,2,49.118,11.936,42.989748113594864,0.36633145114425625
Germany__14101205,332,149,Germany,4,4,60,49.798,12.165,14.128337728897767,1.556728973841299
Germany__14107008,352,158,Germany,4,4,60,49.809,12.364,20.68373158570723,2.629214866265871
Germany__14108000,333,150,Germany,4,4,60,49.816,12.329,19.719358697514686,2.629214866265871
Germany__14114003,333,150,Germany,4,4,60,49.812,12.165,15.684411713462405,1.4737600204517245
Germany__14116009,161,77,Germany,2,4,60,49.79,12.328,17.390410989395132,3.3375985992884756
Germany__14124007,334,150,Germany,4,4,60,49.836,12.063,19.92026040412527,0.30766656794806746
Germany__14198105,82,43,Germany,0,4,60,49.778,12.028,15.72334487451363,5.383760661021089
Germany__14198309,84,43,Germany,0,4,60,49.731,12.046,11.194983658778227,5.383760661021089
Germany__14201108,335,150,Germany,4,4,60,49.823,11.891,26.275444717676024,11.032583851491257
Germany__14209008,334,150,Germany,4,2,2,49.608,12.128,14.895731413603755,0.36404189967916845
Germany__14244803,334,150,Germany,4,4,60,49.718,11.916,19.07162820219921,9.45599244036464
Germany__14361206,87,45,Germany,0,2,2,49.618,12.493,22.50737527632865,19.846893593281166
Germany__14362005,335,150,Germany,4,2,2,49.572,12.34,24.25586445288772,8.049688167219985
Germany__14364000,334,150,Germany,4,2,2,49.519,12.264,28.324450373116637,7.907927449386186
Germany__14402008,344,154,Germany,4,2,2,49.41,12.704,50.196236892084976,7.184366494270798
Germany__14402507,344,154,Germany,4,2,2,49.389,12.696,51.882928048672134,6.821507506992464
Germany__14405200,337,151,Germany,4,2,2,49.337,12.515,52.14551843894073,0.425084921869416
Germany__14406508,342,154,Germany,4,2,2,49.36,12.448,48.59039043790528,5.485991906439865
Germany__14408004,318,143,Germany,4,2,2,49.404,12.211,31.488547454330337,0.364996109319261
Germany__14426006,336,151,Germany,4,2,2,49.405,12.605,47.23604238015983,6.821507506992464
Germany__14465008,337,151,Germany,4,2,2,49.432,12.459,40.91146277862449,8.045514023117594
Germany__14486008,334,150,Germany,4,2,2,49.411,12.309,38.07328862730754,6.8236120919947885
Germany__14602007,335,151,Germany,4,4,60,49.612,11.802,18.46138210578061,13.124173736023232
Germany__14604002,335,151,Germany,4,2,2,49.448,11.855,6.567090016861284,0.3106293249869892
Germany__14606008,335,151,Germany,4,2,2,49.265,11.926,27.09724423853823,7.1692997187862595
Germany__14608003,335,151,Germany,4,2,2,49.2,11.943,34.337338463897794,0.3659489021984082
Germany__14644801,310,140,Germany,4,4,60,49.494,11.798,6.53704681491073,6.53704681491073
Germany__14685004,335,151,Germany,4,2,2,49.292,11.814,22.49120409864476,8.661626057262623
Germany__15202300,323,146,Germany,4,2,2,49.181,12.746,74.1442994852526,0.489531726123128
Germany__15205501,324,146,Germany,4,2,2,49.19,12.495,60.76593712347688,0.42600641765401454
Germany__15207507,323,145,Germany,4,2,2,49.223,12.175,40.66371070120272,0.36584155618634284
Germany__15210206,335,151,Germany,4,2,2,49.01,13.221,103.00729675816983,0.4908728891336378
Germany__15212008,333,150,Germany,4,2,2,49.042,12.999,96.30051877764184,0.5747704792881284
Germany__15212700,330,148,Germany,4,2,2,49.071,12.92,90.68966931070253,1.2317925171220068
Germany__15213500,334,150,Germany,4,2,2,49.06,12.918,91.70459593184053,1.2317925171220068
Germany__15214003,288,130,Germany,4,2,2,49.018,13.23,104.08222539152734,1.06512030985419
Germany__15214604,339,152,Germany,4,2,2,49.007,13.371,107.44281556065881,6.947652171317729
Germany__15216009,333,150,Germany,4,2,2,49.009,13.235,103.30596301068582,0.6721073005447836
Germany__15217908,333,150,Germany,4,2,2,49.037,12.997,96.70986127858575,0.5747704792881284
Germany__15221009,345,155,Germany,4,2,2,49.172,13.091,88.09342348720918,15.931312260551367
Germany__15228008,344,155,Germany,4,2,2,49.169,12.853,78.78268420982673,7.50514699327531
Germany__15241006,343,154,Germany,4,2,2,49.331,12.976,69.08443136436911,5.996347632413518
Germany__15242304,97,49,Germany,0,2,2,49.3,12.899,68.30669511944512,2.2427246423320364
Germany__15242508,20,16,Germany,0,2,2,49.319,12.865,65.14117076835615,2.17728140654335
Germany__15243001,326,147,Germany,4,2,2,49.302,12.837,65.52115073717091,0.42530444516800475
Germany__15246000,326,147,Germany,4,2,2,49.24,12.734,67.81791839421591,6.471573542326836
Germany__15247002,341,153,Germany,4,2,2,49.282,12.918,70.73473728692767,2.429971541973531
Germany__15247501,321,145,Germany,4,2,2,49.32,12.895,66.36290114702302,2.17728140654335
Germany__15314008,342,154,Germany,4,2,2,49.063,12.275,59.110901277400544,3.1513953957279544
Germany__15315000,341,153,Germany,4,2,2,49.039,12.252,60.372677351066926,3.1513953957279544
Germany__15325004,293,133,Germany,4,2,2,48.941,12.2,68.07050771978629,11.538746276263309
Germany__15408000,324,146,Germany,4,2,2,48.915,12.425,78.86629631958134,15.774171027242055
Germany__15422500,351,157,Germany,4,2,2,48.793,12.301,76.29959226488205,19.79222408820823
Germany__15916000,343,154,Germany,4,2,2,48.81,12.57,73.29897938731692,15.177333673069386
Germany__15935504,325,147,Germany,4,2,2,48.821,12.687,74.056737849366,10.26177102602423
Germany__15993001,350,157,Germany,4,2,2,48.854,12.963,80.43489023806283,10.511068262605907
Germany__16002500,335,151,Germany,4,2,99,47.591,11.548,4.5133916422921505,4.040982201758439
Germany__16003003,335,151,Germany,4,0,58,47.684,11.572,9.623223692180025,8.67352684102373
Germany__16004006,335,151,Germany,4,2,99,47.779,11.54,2.990097225065704,0.4019035243833159
Germany__16004403,335,151,Germany,4,2,99,47.916,11.446,11.099616055824718,9.38851041280048
Germany__16005701,268,122,Germany,4,2,2,48.145,11.597,10.524894916544849,0.4010229591612338
Germany__16006500,268,122,Germany,4,2,2,48.398,11.752,32.897214838621075,0.40041385879993735
Germany__16007004,268,122,Germany,4,2,2,48.528,12.133,55.72639887314375,0.36907684092667714
Germany__16007106,311,140,Germany,4,2,2,48.546,12.137,57.72083754637841,1.7791188246217817
Germany__16008007,268,122,Germany,4,2,2,48.675,12.693,57.82706067206812,7.352093699760814
Germany__16008506,268,122,Germany,4,2,2,48.771,12.884,70.09664441943384,0.4286258789811712
Germany__16124950,335,151,Germany,4,2,99,47.427,11.253,29.24355242738863,2.684861391748625
Germany__16145008,335,151,Germany,4,2,99,47.518,11.442,14.338187603111447,4.614247288725059
Germany__16166008,277,126,Germany,4,0,58,47.583,11.607,4.5133916422921505,4.5133916422921505
Germany__16326002,335,151,Germany,4,2,99,47.611,11.503,8.396816113930777,4.040982201758439
Germany__16345007,334,150,Germany,4,0,58,47.74,11.576,5.103687174960569,2.4746842329344694
Germany__16391004,335,151,Germany,4,0,58,47.762,11.571,2.990097225065704,2.4746842329344694
Germany__16395005,333,150,Germany,4,2,99,47.836,11.536,8.633733917281335,6.0272384571589095
Germany__16401006,335,151,Germany,4,2,99,47.483,11.063,42.32734472339219,0.46948404659439164
Germany__16402009,335,151,Germany,4,2,99,47.502,11.088,39.98439397796969,0.4694666537408814
Germany__16403001,279,127,Germany,4,2,99,47.531,11.117,37.22168163183596,3.4407548770679055
Germany__16404106,99,50,Germany,0,2,99,47.597,11.187,30.42354133123845,9.024627897230632
Germany__16404900,325,146,Germany,4,2,99,47.667,11.325,18.589424590809593,0.4693155430054944
Germany__16407002,335,151,Germany,4,2,99,47.666,11.363,15.775613523072908,0.3656612903508647
Germany__16455005,335,151,Germany,4,2,99,47.729,11.304,20.298073697366178,6.67503825777944
Germany__16495000,334,150,Germany,4,2,99,47.834,11.416,14.076201640511512,0.4691626450792595
Germany__16515005,260,118,Germany,3,2,2,48.147,11.591,10.040770452335071,0.49761786984286616
Germany__16516008,271,123,Germany,4,2,2,48.151,11.587,9.659567092716667,0.5346892518187688
Germany__16518502,191,89,Germany,2,2,2,48.408,11.778,35.115249565548645,1.8677467565731598
Germany__16527503,335,151,Germany,4,2,2,48.318,11.82,31.568748013808023,7.713027769298755
Germany__16602303,335,151,Germany,4,3,65,48.079,11.129,17.28716649640225,0.36517597544204067
Germany__16603000,335,151,Germany,4,3,65,48.123,11.157,22.39067751606598,4.950943127784762
Germany__16605006,335,151,Germany,4,3,65,48.177,11.261,21.69645037192855,0.40094592109392824
Germany__16606009,293,133,Germany,4,2,2,48.297,11.492,10.647874939882172,0.40065704544301245
Germany__16607001,335,151,Germany,4,2,2,48.461,11.866,43.70823499549411,8.768133121372381
Germany__16610709,335,151,Germany,4,2,99,47.595,11.064,39.32604767453038,9.145419707871827
Germany__16612001,335,151,Germany,4,2,99,47.778,11.057,23.038468800053302,0.46921391431633874
Germany__16613004,335,151,Germany,4,2,99,47.847,11.135,17.9476299453745,0.3654485927580412
Germany__16615203,335,151,Germany,4,2,99,47.644,10.966,37.68530208102796,9.07393208946346
Germany__16616002,333,150,Germany,4,2,99,47.693,11.122,33.340177048455466,8.339954866433642
Germany__16618008,335,151,Germany,4,2,99,47.768,11.123,25.4232092071327,5.056016703272215
Germany__16625003,335,151,Germany,4,2,99,47.924,11.111,10.309337038777356,8.747048829337356
Germany__16642002,335,151,Germany,4,3,65,47.982,11.003,10.309337038777356,0.7035394054282365
Germany__16644050,335,151,Germany,4,3,65,48.003,11.015,11.325064610631175,1.7973480072733676
Germany__16646400,57,32,Germany,0,3,65,48.078,11.115,17.126604683239652,0.36517713542178615
Germany__16647458,285,129,Germany,4,3,65,47.988,11.006,10.57270491748187,0.7035394054282365
Germany__16658002,84,43,Germany,0,3,65,48.252,11.365,10.647874939882172,10.958833135676443
Germany__16665008,335,151,Germany,4,3,65,48.029,11.363,13.912037506562175,0.4013021388880084
Germany__16666000,302,137,Germany,4,3,65,48.167,11.459,9.659567092716667,9.659567092716667
Germany__16667604,335,151,Germany,4,2,99,47.819,11.322,19.651820645213814,7.2129527827937325
Germany__16668403,333,150,Germany,4,2,99,47.915,11.286,10.486435317993722,10.486435317993722
Germany__16668800,335,151,Germany,4,3,65,48.0,11.347,10.486435317993722,1.0651499634108694
Germany__16669009,335,151,Germany,4,3,65,47.998,11.361,10.787489129018509,1.0651499634108694
Germany__16683010,80,42,Germany,0,3,65,48.317,11.205,21.342715588679457,13.601873035585506
Germany__16686008,335,151,Germany,4,2,2,48.427,11.526,22.809345670702257,0.31377496174805014
Germany__16802007,335,150,Germany,4,2,2,48.253,11.898,29.14463482536284,9.249178432412444
Germany__16805005,333,150,Germany,4,2,2,48.329,11.923,37.6294978850615,7.713027769298755
Germany__16825002,335,151,Germany,4,2,2,48.413,11.982,44.73091665125557,0.44545674217350356
Germany__16827008,335,151,Germany,4,2,2,48.271,11.972,30.23985974272347,5.731338436180314
Germany__16965001,326,147,Germany,4,2,2,48.737,12.745,64.88205304546956,7.879623486121745
Germany__17125006,351,157,Germany,4,2,2,48.798,13.093,77.65205855518498,15.202195487745012
Germany__17201501,326,147,Germany,4,2,2,48.527,12.472,44.18063541923735,9.686563287886077
Germany__17204204,327,147,Germany,4,2,2,48.606,12.694,50.156742042487956,0.4964089297932886
Germany__17207508,327,147,Germany,4,2,2,48.611,13.146,61.19750810611664,13.528962556851019
Germany__17215007,326,147,Germany,4,2,2,48.453,12.366,40.54972001570149,5.048937101547177
Germany__17225000,325,146,Germany,4,2,2,48.496,12.344,45.41142253908812,4.843160313047616
Germany__17242000,343,154,Germany,4,2,2,48.527,12.731,41.52275151099429,9.19663594586011
Germany__17245507,138,67,Germany,1,2,2,48.61,12.956,54.490080932186856,0.553040605980725
Germany__17325005,342,154,Germany,4,2,88,48.585,13.197,61.1011296505712,13.795496810472642
Germany__17345002,344,154,Germany,4,2,88,48.628,13.373,73.27609375578554,0.6131299481102691
Germany__17404000,335,151,Germany,4,2,88,48.731,13.439,84.97035620674252,0.5594925103021167
Germany__17406005,335,151,Germany,4,2,88,48.689,13.452,82.18409460303263,3.938228181599292
Germany__17413000,335,151,Germany,4,2,2,48.938,13.413,102.35120289221743,2.215249366140399
Germany__17415006,335,151,Germany,4,2,2,48.837,13.354,90.56876816826119,3.282795518831179
Germany__17418004,253,115,Germany,3,2,2,48.956,13.426,104.55198855723194,2.215249366140399
Germany__17425000,335,151,Germany,4,2,2,48.819,13.354,88.90453914226808,4.866948028958749
Germany__17445007,335,151,Germany,4,2,2,48.857,13.387,93.75809876479572,3.282795518831179
Germany__17464001,335,151,Germany,4,2,88,48.719,13.468,85.41117999469978,0.559604945957238
Germany__17466007,335,151,Germany,4,2,88,48.849,13.542,99.84787335630152,11.375485922329428
Germany__17468002,335,151,Germany,4,2,88,48.727,13.523,88.84704008227575,4.1314451525188405
Germany__18000403,326,147,Germany,4,0,58,47.644,12.196,48.926224540160725,3.5101306852849725
Germany__18182005,292,132,Germany,4,0,58,47.614,12.157,45.73148137293806,2.735272748480158
Germany__18193001,323,145,Germany,4,0,58,47.658,12.154,46.02286832079509,3.5101306852849725
Germany__18196000,326,147,Germany,4,0,58,47.746,12.182,47.92852155192668,9.862365967725255
Germany__18199008,326,147,Germany,4,0,58,47.85,12.187,42.410819071868175,4.333753661576013
Germany__18202000,326,147,Germany,4,0,58,47.773,11.769,16.917303659302434,4.823269862953042
Germany__18203003,326,147,Germany,4,0,58,47.895,11.784,19.629015924033297,5.074729182219532
Germany__18204006,324,146,Germany,4,0,58,47.893,11.852,24.410500036100565,0.44745530829994984
Germany__18205985,75,40,Germany,0,0,58,47.858,11.994,34.26532477067567,0.44758965639678744
Germany__18209000,326,147,Germany,4,0,58,47.845,12.125,42.82095633548991,0.4476395508756518
Germany__18212004,326,147,Germany,4,0,58,47.675,11.767,18.8820460006197,0.49827374261285073
Germany__18214000,319,144,Germany,4,0,58,47.627,11.75,15.6633034602829,5.487159684958504
Germany__18216005,325,146,Germany,4,0,58,47.692,11.774,19.964149762116236,1.9616007736928653
Germany__18218000,236,109,Germany,3,0,58,47.708,11.721,15.647440905232592,1.1709169074040184
Germany__18218306,227,105,Germany,3,0,58,47.705,11.736,16.779976379700667,1.1709169074040184
Germany__18226009,325,146,Germany,4,0,58,47.789,11.829,21.38201079914025,4.823269862953042
Germany__18242005,326,147,Germany,4,0,58,47.709,11.934,30.34109287244455,9.503470327949946
Germany__18246006,326,147,Germany,4,0,58,47.887,11.829,22.5824401258154,1.8401415323479378
Germany__18261000,322,145,Germany,4,0,58,47.992,11.862,26.022377934096692,10.684063984986583
Germany__18262002,326,147,Germany,4,0,58,47.922,11.991,35.25476351807551,6.802941001634162
Germany__18263005,326,147,Germany,4,0,58,47.861,12.011,35.55431323737284,1.3114432388614665
Germany__18284504,325,146,Germany,4,0,58,47.785,12.003,34.370762812761825,0.8982394469378183
Germany__18284606,176,83,Germany,2,0,58,47.778,12.009,34.82262063681447,0.8982394469378183
Germany__18285507,171,81,Germany,2,0,58,47.835,12.09,41.27262634906677,2.839020949025218
Germany__18286000,326,147,Germany,4,0,58,47.797,11.973,32.16724655255403,2.6082935487331134
Germany__18322002,327,147,Germany,4,0,58,47.98,12.212,28.336561366835628,6.827208207669386
Germany__18343002,326,147,Germany,4,0,58,47.993,12.011,27.749664371506878,8.034084926090113
Germany__18346000,326,147,Germany,4,0,58,48.024,12.148,22.91817615928654,6.827208207669386
Germany__18381500,326,147,Germany,4,2,2,48.242,12.036,25.40951066848702,5.731338436180314
Germany__18384509,326,147,Germany,4,2,2,48.281,12.613,14.914078418302093,0.44596454180587625
Germany__18387008,326,147,Germany,4,2,2,48.23,12.138,22.596472226866315,7.671355661692606
Germany__18403002,268,122,Germany,4,0,58,47.934,12.48,32.28852178304798,0.5000235295819555
Germany__18405008,268,122,Germany,4,0,58,48.003,12.532,23.82140048812305,1.5277826161592472
Germany__18407003,268,122,Germany,4,0,58,48.027,12.555,20.669041178829474,9.493529796600342e-05
Germany__18408200,296,134,Germany,4,2,88,48.171,12.731,4.046368598351493,4.046368598351493
Germany__18409009,265,121,Germany,4,0,58,48.027,12.555,20.669041178829474,9.493529796600342e-05
Germany__18409508,273,124,Germany,4,0,58,48.155,12.682,4.046368598351493,4.046368598351493
Germany__18454003,270,123,Germany,4,0,58,47.781,12.476,44.42148126837601,0.5358633554352071
Germany__18458503,268,122,Germany,4,0,58,47.666,12.498,51.920590608129054,7.752778619135321
Germany__18460403,268,122,Germany,4,0,58,47.821,12.481,41.41865288631769,4.0037140519621675
Germany__18461257,111,54,Germany,1,0,58,47.818,12.384,46.98311576986167,3.525097984375235
Germany__18462205,144,69,Germany,1,0,58,47.781,12.324,51.80862484500683,6.083675240912681
Germany__18463004,326,147,Germany,4,0,58,47.855,12.341,44.34503657084919,1.7980637927509033
Germany__18465000,325,146,Germany,4,0,58,47.84,12.35,46.141922948590256,1.7980637927509033
Germany__18465600,325,147,Germany,4,0,58,47.81,12.573,36.84556149979009,5.662698237221246
Germany__18481006,268,122,Germany,4,0,58,47.833,12.646,31.16528344872157,0.4979749227889722
Germany__18483500,268,122,Germany,4,0,58,47.991,12.542,24.448546700498458,1.5277826161592472
Germany__18484503,268,122,Germany,4,0,58,47.729,12.664,38.18213991221342,10.878948845492076
Germany__18486000,268,122,Germany,4,0,58,47.826,12.645,31.782622170314767,0.5006028732513952
Germany__18487501,268,122,Germany,4,0,58,47.829,12.649,31.33498925206812,0.07465023929939492
Germany__18602009,326,147,Germany,4,0,58,47.94,12.933,7.394787430721863,0.34180008751094376
Germany__18606000,326,147,Germany,4,2,88,48.159,12.834,11.283704966303988,0.49750923300055155
Germany__18620500,326,147,Germany,4,0,58,47.646,13.032,25.556991591054157,0.5597302809356439
Germany__18622006,331,149,Germany,4,0,58,47.614,12.953,32.15173796387847,3.190278105582287
Germany__18624001,326,147,Germany,4,0,58,47.64,12.971,29.145795463484404,3.190278105582287
Germany__18625004,326,147,Germany,4,0,58,47.616,12.997,29.799358958730355,3.304261941748325
Germany__18642003,326,147,Germany,4,0,58,47.681,12.823,32.258089366449646,0.5013799854979374
Germany__18643006,326,147,Germany,4,0,58,47.747,12.9,23.013599863222463,2.2249641203852564
Germany__18646809,326,147,Germany,4,0,58,47.765,12.913,20.958640814505785,2.2249641203852564
Germany__18662000,326,147,Germany,4,0,58,47.853,12.831,19.588228033831022,4.147210582967661
Germany__18663003,178,84,Germany,2,0,58,47.89,12.838,16.396130094351,3.093420283805954
Germany__18666001,326,147,Germany,4,0,58,47.847,12.946,14.215527196801863,4.3706460878178675
Germany__18668007,326,147,Germany,4,0,58,47.843,12.785,22.805658288420034,6.553146490666607
Germany__18669000,326,147,Germany,4,0,58,47.826,12.908,17.69164214617648,5.513092280514732
Germany__18683000,326,147,Germany,4,0,58,47.917,12.828,15.361337920667598,3.093420283805954
Germany__18719006,325,146,Germany,4,2,88,48.268,13.029,28.618035643657116,3.8360322005975567
Germany__18801005,337,151,Germany,4,2,2,48.369,12.527,26.417533419501073,11.558807380667146
Germany__18803805,337,151,Germany,4,2,2,48.412,12.832,30.656808481216085,0.49554301345854673
Germany__18804706,337,151,Germany,4,2,2,48.42,12.905,33.771460718625676,4.989443687352447
Germany__18806406,337,151,Germany,4,2,88,48.436,13.073,42.57862391528423,0.4307123864696767
Germany__18808004,337,151,Germany,4,2,88,48.428,13.334,56.99330593490081,9.982648661795489
Germany__18825003,337,151,Germany,4,2,2,48.433,12.57,32.0033537501585,11.80761408690974
Germany__18835007,287,130,Germany,4,2,2,48.421,12.729,29.781564340473693,2.726904538004694
Germany__18838005,262,120,Germany,3,2,2,48.405,12.757,28.347329570291194,2.726904538004694
Germany__18859005,304,138,Germany,4,2,88,48.397,13.005,35.992799606192655,6.632595442433905
Germany__19145208,60,33,Germany,0,2,88,48.577,13.58,81.25669155495922,0.5532705284042811
Germany__19168000,294,133,Germany,4,2,88,48.572,13.745,90.12497409198349,12.152043032666306
Germany__21516505,83,43,Germany,0,2,99,47.557,9.699,38.257624727039335,3.297966585669629
Germany__21643004,335,151,Germany,4,2,99,47.649,9.97,22.351305661741858,8.62120947201368
Germany__21645000,335,151,Germany,4,2,99,47.646,10.085,24.339036242016792,8.62120947201368
Germany__24003009,268,122,Germany,4,4,60,50.099,11.373,74.38818595816727,4.6281829602085045
Germany__24006007,293,133,Germany,4,4,60,50.165,11.151,91.37965611221179,10.392856860035785
Germany__24010004,293,133,Germany,4,4,60,49.951,10.874,90.03283851436252,14.178358327044588
Germany__24110508,289,131,Germany,4,4,60,50.038,11.675,54.12694638450512,0.7567121753201321
Germany__24113459,293,133,Germany,4,4,60,50.044,11.67,54.864223840222294,0.7567121753201321
Germany__24114000,293,132,Germany,4,4,60,50.065,11.552,62.349960492454606,6.276930368651178
Germany__24115002,293,133,Germany,4,4,60,50.108,11.609,63.103907261871186,1.4012494098841661
Germany__24117008,293,133,Germany,4,4,60,50.118,11.506,68.84410186034869,6.745375109915984
Germany__24118000,293,133,Germany,4,4,60,50.12,11.615,63.86500350500989,1.4012494098841661
Germany__24118500,293,133,Germany,4,4,60,50.18,11.524,73.13290039948139,5.228103493916942
Germany__24118703,284,129,Germany,4,4,60,50.133,11.526,69.086914661306,5.228103493916942
Germany__24121005,235,108,Germany,3,4,60,49.846,11.623,43.911406004476085,6.3222907066438605
Germany__24122008,293,132,Germany,4,4,60,49.907,11.621,47.40843656819535,3.139915297291175
Germany__24123000,293,133,Germany,4,4,60,49.949,11.566,53.29362586855082,6.108237196590091
Germany__24125006,293,133,Germany,4,4,60,50.075,11.426,69.77374019445891,4.6281829602085045
Germany__24126009,293,133,Germany,4,4,60,49.897,11.662,44.350384766685345,3.139915297291175
Germany__24128004,292,132,Germany,4,4,60,49.97,11.683,48.280881035820265,8.25521396365951
Germany__24134007,293,133,Germany,4,4,60,50.09,11.238,81.48408077887525,9.681965834261597
Germany__24140509,276,125,Germany,4,4,60,50.352,11.511,89.20869048126484,1.8966401184105062
Germany__24141206,200,93,Germany,2,4,60,50.318,11.486,87.02476365858742,2.40149954125824
Germany__24141501,276,125,Germany,4,4,60,50.278,11.431,85.76662880947059,7.213279558027246
Germany__24143008,276,125,Germany,4,4,60,50.182,11.227,88.28801990236585,10.259930936028947
Germany__24143507,276,125,Germany,4,4,60,50.325,11.518,86.41079326713474,2.40149954125824
Germany__24144500,273,124,Germany,4,4,60,50.364,11.492,91.05688903506598,0.5782547966361786
Germany__24145003,274,124,Germany,4,4,60,50.363,11.484,91.26919105862275,0.5782547966361786
Germany__24145502,276,125,Germany,4,4,60,50.268,11.541,80.22988181246416,5.62468899179882
Germany__24145808,276,125,Germany,4,4,60,50.271,11.462,83.79810283157845,5.62468899179882
Germany__24146505,276,125,Germany,4,4,60,50.322,11.285,96.17991657004747,5.405743225806851
Germany__24147600,276,125,Germany,4,4,60,50.369,11.307,99.16680379819294,5.454341778042433
Germany__24148001,276,125,Germany,4,4,60,50.292,11.368,89.80319527854755,3.7029514089167406
Germany__24148500,276,125,Germany,4,4,60,50.325,11.361,92.95291567422458,3.7029514089167406
Germany__24149208,193,90,Germany,2,4,60,50.277,11.159,98.8833761131056,7.920656594801042
Germany__24160903,25,18,Germany,0,4,60,50.347,11.028,111.00148559143985,5.282244464074712
Germany__24162206,25,18,Germany,0,4,60,50.249,10.962,107.74899479775848,6.081095350262638
Germany__24163005,276,125,Germany,4,4,60,50.129,10.871,103.5391667919787,5.723320973067719
Germany__24165102,25,18,Germany,0,4,60,50.297,11.052,106.04676043037468,5.814978584024005
Germany__24165204,201,94,Germany,2,4,60,50.35,10.963,114.67966518577893,3.9560190158732955
Germany__24165306,260,119,Germany,3,4,60,50.315,10.973,111.63078408230567,3.9560190158732955
Germany__24165805,226,104,Germany,3,4,60,50.298,10.924,113.17802610522895,2.7334406743438526
Germany__24165907,25,18,Germany,0,4,60,50.277,10.944,110.63267847488315,2.7334406743438526
Germany__24167006,276,125,Germany,4,4,60,50.177,10.842,108.85219966516777,5.723320973067719
Germany__24168009,276,125,Germany,4,4,60,50.239,10.786,116.64138814601637,10.936557615271774
Germany__24169001,276,125,Germany,4,4,60,50.126,10.855,104.08886336678923,5.746085207896687
Germany__24183002,276,125,Germany,4,4,60,50.145,10.706,113.1710289007221,2.14063532386018
Germany__24186000,275,125,Germany,4,4,60,50.002,10.843,95.32257759461643,13.81475083792179
Germany__24187502,276,125,Germany,4,4,60,50.146,10.736,111.68791487082409,2.14063532386018
Germany__24201501,242,111,Germany,3,4,60,49.546,10.974,61.360881223122185,2.443964554718069
Germany__24208806,235,108,Germany,3,4,60,49.833,10.949,78.03011242293735,4.023412041107766
Germany__24210309,293,133,Germany,4,4,60,49.25,11.084,31.849668854468952,0.7591548579779285
Germany__24211200,292,132,Germany,4,4,60,49.436,10.991,51.666600104503075,5.003662474814481
Germany__24211414,40,25,Germany,0,4,60,49.404,10.465,39.55784038809685,4.554812036010078
Germany__24211505,293,132,Germany,4,4,60,49.367,10.492,35.30331957772754,4.554812036010078
Germany__24211651,291,132,Germany,4,4,60,49.305,10.566,28.55978465952422,8.733700898549893
Germany__24212450,292,132,Germany,4,4,60,49.195,10.887,25.81778345428917,11.836154112621518
Germany__24213602,290,131,Germany,4,4,60,49.03,10.955,7.005660229916094,2.8873743818302997
Germany__24213806,293,133,Germany,4,4,60,49.121,11.004,17.50750945044352,3.617975621229621
Germany__24214004,293,132,Germany,4,4,60,49.153,11.013,21.124300874037996,3.617975621229621
Germany__24214300,293,133,Germany,4,4,60,49.049,10.982,9.343904573090299,2.8873743818302997
Germany__24214900,292,132,Germany,4,4,60,49.248,11.094,31.211506287858015,0.7591548579779285
Germany__24215903,293,133,Germany,4,4,60,49.241,11.054,31.325038315283297,2.396645794900773
Germany__24217104,310,140,Germany,4,4,60,49.369,11.378,29.23495693460341,17.02082477905816
Germany__24217400,310,140,Germany,4,4,60,49.355,11.141,37.582573855715616,12.376289864611511
Germany__24217603,293,133,Germany,4,4,60,49.33,11.022,40.66563340150691,10.1648790329209
Germany__24218504,292,132,Germany,4,4,60,49.394,10.734,41.31520587418293,3.5824476114773014
Germany__24218800,54,31,Germany,0,4,60,49.427,10.896,50.06445668983665,6.942560960312954
Germany__24219008,293,132,Germany,4,4,60,49.367,10.707,37.802028551491006,3.5824476114773014
Germany__24220506,116,57,Germany,1,4,60,49.706,11.559,35.70781411048974,11.779358142944256
Germany__24222002,293,133,Germany,4,4,60,49.606,11.505,30.770092857288656,8.952708413327162
Germany__24223005,284,129,Germany,4,4,60,49.526,11.491,27.686882525761913,8.952708413327162
Germany__24224008,284,129,Germany,4,4,60,49.506,11.273,42.54066786255539,3.6265580561740585
Germany__24225000,284,129,Germany,4,4,60,49.456,11.053,50.06880898483023,5.003662474814481
Germany__24227006,284,129,Germany,4,4,60,49.499,11.526,24.438750397399566,11.993911204176609
Germany__24228009,285,129,Germany,4,4,60,49.558,11.343,38.94262650445551,7.678113908664193
Germany__24228905,80,42,Germany,0,4,60,49.482,11.239,44.6765732436264,3.6265580561740585
Germany__24231309,335,151,Germany,4,4,60,49.452,10.607,45.15437991033384,11.223718220759714
Germany__24232006,335,151,Germany,4,4,60,49.493,10.754,52.12647006680248,6.5970901967438635
Germany__24232301,335,151,Germany,4,4,60,49.508,10.902,58.01267013582829,6.697691110527237
Germany__24235208,292,132,Germany,4,4,60,49.52,11.09,53.96173343541654,7.601784449976768
Germany__24236007,292,132,Germany,4,4,60,49.545,10.71,56.75724749204732,6.5970901967438635
Germany__24237509,293,133,Germany,4,4,60,49.567,10.964,63.62032613118643,2.443964554718069
Germany__24238002,293,132,Germany,4,4,60,49.597,11.215,49.07751889975296,10.197006389893902
Germany__24238501,293,132,Germany,4,4,60,49.602,11.02,62.65408564885901,7.0552223575028234
Germany__24240503,234,107,Germany,3,4,60,49.935,11.291,67.6146055962705,6.9787585227467765
Germany__24241710,72,38,Germany,0,4,60,49.778,11.332,52.595914016163974,5.057208942667475
Germany__24242000,284,129,Germany,4,4,60,49.803,11.258,58.37237302986382,5.344468763405704
Germany__24244504,283,128,Germany,4,4,60,49.879,11.335,60.76498030225241,6.9787585227467765
Germany__24246000,284,129,Germany,4,4,60,49.773,11.402,48.67643718894478,5.057208942667475
Germany__24248403,310,140,Germany,4,4,60,49.824,11.191,63.51756125929529,5.344468763405704
Germany__24249009,276,125,Germany,4,4,60,49.694,11.272,50.15588439238269,10.287652486442479
Germany__24260500,341,152,Germany,4,4,60,49.485,10.392,49.23970133789086,11.424798032600766
Germany__24261106,221,102,Germany,3,4,60,49.573,10.568,58.26332665599083,9.201620029298505
Germany__24262007,343,154,Germany,4,4,60,49.621,10.672,64.45283297777921,8.883763647977373
Germany__24263000,343,154,Germany,4,4,60,49.726,10.932,73.36569372379756,8.239702434445118
Germany__24263203,91,47,Germany,0,4,60,49.759,10.984,71.66182703628742,6.174754914865901
Germany__24268535,116,57,Germany,1,4,60,49.66,10.466,67.93743897794172,12.148439169299856
Germany__24292507,293,133,Germany,4,4,60,49.8,10.926,77.52329621443819,4.023412041107766
Germany__24293500,292,132,Germany,4,4,60,49.855,10.69,90.36127311488056,11.501650369305775
Germany__24295505,293,133,Germany,4,4,60,49.822,10.842,83.97203737754224,6.504954268845947
Germany__24322506,301,136,Germany,4,4,60,50.076,10.519,114.08599473729363,15.384708488912002
Germany__24336806,293,133,Germany,4,4,60,49.908,10.397,95.81148792376389,12.657954385412774
Germany__24338007,293,133,Germany,4,4,60,49.908,10.299,96.72001924855972,10.238969735417436
Germany__24345206,293,133,Germany,4,4,60,49.816,10.293,86.72892955300026,2.964885371642846
Germany__24349003,335,151,Germany,4,4,60,49.792,10.275,84.37303247733368,2.964885371642846
Germany__24369000,100,50,Germany,0,4,60,49.662,10.155,72.97935230959298,16.833216792240556
Germany__24374805,343,154,Germany,4,4,60,49.799,9.948,92.96143569217034,19.599789872238073
Germany__24381503,3,8,Germany,0,4,60,49.981,10.121,107.43542417701161,11.31785207160695
Germany__24382304,275,125,Germany,4,4,60,49.975,9.963,110.40998619919738,11.31785207160695
Germany__24385007,276,125,Germany,4,4,60,50.027,9.749,122.019770598573,6.74614263341227
Germany__24401001,284,129,Germany,4,4,60,50.296,10.469,136.95236165264834,17.07973807452877
Germany__24403007,284,129,Germany,4,4,60,50.31,10.193,142.05500924838054,5.069918515576868
Germany__24406005,284,129,Germany,4,4,60,50.181,10.073,129.80073989106938,8.239225643477017
Germany__24409003,283,128,Germany,4,4,60,50.087,9.735,128.42200891176358,3.7175876846923934
Germany__24412008,197,92,Germany,2,4,60,50.356,10.423,143.90931313595402,11.751953882173899
Germany__24421009,126,61,Germany,1,4,60,50.478,10.183,160.6093397162799,4.902973628245681
Germany__24422001,284,129,Germany,4,4,60,50.371,10.259,148.07314703050454,7.705263733907743
Germany__24424007,282,128,Germany,4,4,60,50.474,10.252,159.49844453187015,4.902973628245681
Germany__24429000,86,44,Germany,0,4,60,50.382,10.228,149.58166908276488,6.28853635060021
Germany__24431002,292,132,Germany,4,4,60,50.399,10.045,153.822165525064,9.637224780100409
Germany__24432504,292,132,Germany,4,4,60,50.349,10.156,146.78209067443936,5.069918515576868
Germany__24441006,284,129,Germany,4,4,60,50.214,10.238,131.00323876791177,12.304684756173307
Germany__24460306,267,122,Germany,4,4,60,50.197,9.96,133.744891810534,2.6055468193392803
Germany__24461003,284,129,Germany,4,4,60,50.22,9.967,136.03492091467783,2.6055468193392803
Germany__24473055,51,29,Germany,0,4,60,50.131,9.728,133.03691593413686,6.9801615678161415
Germany__24481000,293,132,Germany,4,4,60,50.308,9.789,149.4172057499352,17.061470464904332
Germany__24482003,293,133,Germany,4,4,60,50.201,9.617,143.5294525303943,11.094779721812316
Germany__24483006,293,133,Germany,4,4,60,50.074,9.687,128.70598808966608,3.7175876846923934
Germany__24521105,284,129,Germany,4,4,60,50.061,9.475,135.30765135797225,6.129398388342062
Germany__24522006,284,129,Germany,4,4,60,50.025,9.54,129.39782787184615,6.129398388342062
Germany__24562000,100,50,Germany,1,4,60,49.87,9.597,112.93273738026454,11.301634202230602
Germany__24585006,326,147,Germany,4,4,60,49.775,9.653,102.09668207465025,11.301634202230602
Germany__24601000,352,158,Germany,4,4,60,49.326,10.193,38.770682735325536,14.496358987369232
Germany__24623003,352,158,Germany,4,4,60,49.513,10.02,62.93362490203256,29.328793897604875
Germany__24719102,57,32,Germany,0,4,60,49.711,9.272,116.40729378096194,13.511065501856681
Germany__24722005,352,158,Germany,4,4,60,49.68,9.218,117.39867089893013,16.346285693161146
Germany__24751003,265,121,Germany,4,4,60,49.859,9.285,126.67825011558972,6.094439628834801
Germany__24752006,352,158,Germany,4,4,60,49.827,9.216,127.82880571514227,6.094439628834801
Germany__24758002,351,158,Germany,4,4,60,49.995,9.187,142.42363213341352,10.570898989454934
Germany__24772003,302,137,Germany,4,4,60,50.083,9.243,147.17470184997822,10.570898989454934
Germany__24776004,318,144,Germany,4,4,60,50.086,9.065,155.76674837284313,12.704502682011558
Germany__53201505,308,139,Germany,4,4,60,50.13,11.995,52.572058611335166,8.126739776116644
Germany__53202508,344,155,Germany,4,4,60,50.102,12.213,48.01938027562244,11.855669322867069
Germany__53211010,177,83,Germany,2,4,60,50.131,11.881,55.205814153283654,6.046775256160027
Germany__53216003,344,155,Germany,4,4,60,50.021,12.105,39.20489341229476,7.151551413596936
Germany__53216808,345,155,Germany,4,4,60,50.055,12.19,42.72056464935349,7.151551413596936
Germany__53216954,344,155,Germany,4,4,60,50.004,12.103,37.34766269427496,8.41304777120453
Germany__53222006,75,40,Germany,0,4,60,49.933,12.291,30.379364376817158,8.079289810660637
Germany__53224001,76,40,Germany,0,4,60,50.004,12.315,38.44104180327989,8.079289810660637
Germany__56000500,265,121,Germany,4,4,60,50.186,11.846,61.81027118147614,3.851189267285986
Germany__56001003,307,139,Germany,4,4,60,50.263,11.933,67.992670306994,4.2634169996105005
Germany__56001502,310,140,Germany,4,4,60,50.324,11.915,74.88036307119532,6.3107209509632005
Germany__56113404,327,147,Germany,4,4,60,50.184,11.9,60.251183319280365,1.9235331676413667
Germany__56114000,326,147,Germany,4,4,60,50.201,11.905,61.931820760986675,1.9235331676413667
Germany__56143008,308,139,Germany,4,4,60,50.286,11.981,69.72136756086695,4.2634169996105005
Germany__56161509,311,140,Germany,4,4,60,50.368,11.691,84.75074283413653,13.174079023546087
Japan__301031281101030,188,87,Japan,2,2,21,43.679,141.982,328.03426632735193,7.326230120401197
Japan__301031281101040,182,84,Japan,2,2,21,43.636,141.913,322.3384741770854,7.326230120401197
Japan__301031281101050,182,84,Japan,2,2,21,43.56,141.885,313.6275262079874,12.811860560540921
Japan__301031281101070,198,92,Japan,2,2,21,43.429,141.844,298.71337290069937,16.435055494689298
Japan__301031281101080,144,69,Japan,1,2,21,43.33,141.693,286.0319390435852,12.096973302570442
Japan__301031281101090,178,82,Japan,2,2,21,43.223,141.666,273.9529698874676,5.177532599917591
Japan__301031281101150,160,74,Japan,1,2,21,44.013,142.151,367.1073307261794,25.39956833523204
Japan__301031281101160,176,81,Japan,2,2,21,43.807,142.014,342.49699629289773,12.988314716034953
Japan__301031281101200,73,36,Japan,0,2,21,43.166,142.586,287.32352110754283,21.251550894114384
Japan__301031281101220,147,71,Japan,1,2,21,43.366,142.358,301.74770407181614,28.903016942420987
Japan__301031281101230,193,88,Japan,2,2,21,43.56,142.044,316.0492482409664,12.811860560540921
Japan__301031281101270,168,79,Japan,2,2,21,43.288,141.713,281.61640004036286,8.16863993795979
Japan__301031281101290,102,49,Japan,1,2,21,43.214,142.056,278.77878529822516,15.583626976861778
Japan__301031281101320,121,60,Japan,1,2,21,43.24,141.867,278.3451630432244,11.999538691869589
Japan__301031281101330,194,90,Japan,2,2,21,43.207,141.726,272.8462980454533,5.177532599917591
Japan__301031281101340,195,91,Japan,2,2,21,42.946,141.875,246.4238578204473,20.124646678271226
Japan__301031281101370,186,87,Japan,2,2,21,43.09,141.688,259.53052465027355,11.913140041916842
Japan__301031281101400,199,93,Japan,2,2,21,42.845,141.67,232.36155549756353,8.419638812596041
Japan__301031281101410,198,92,Japan,2,2,21,42.942,141.652,242.82714841888304,6.757131912070137
Japan__301031281101430,190,88,Japan,2,2,21,43.02,141.577,250.69257348198983,3.5238772020088
Japan__301031281101470,65,35,Japan,0,2,21,42.964,141.159,236.3651929175095,3.865366415141646
Japan__301031281101520,199,93,Japan,2,2,21,43.071,141.401,253.54333116710444,4.082633578481541
Japan__301031281101550,187,87,Japan,2,2,21,43.709,141.926,330.5150407744958,8.184289664015006
Japan__301031281101600,183,84,Japan,2,2,21,42.91,141.723,240.17525533977377,8.419638812596041
Japan__301031281101610,108,54,Japan,1,2,21,42.858,141.402,231.3095236842148,13.969478305868375
Japan__301031281101630,198,92,Japan,2,2,21,42.879,141.571,235.05504234852782,6.8960093755810385
Japan__301031281101670,180,84,Japan,2,2,21,42.989,141.568,247.1872289194625,3.5238772020088
Japan__301031281101700,198,92,Japan,2,2,21,42.939,141.126,232.98364945949373,3.865366415141646
Japan__301031281101750,76,39,Japan,0,2,21,42.934,141.341,237.55131726103593,15.183995574020377
Japan__301031281101770,178,82,Japan,2,2,21,43.058,141.448,253.45490741496351,4.082633578481541
Japan__301031281101790,199,92,Japan,2,2,21,43.112,141.478,259.93061933051524,7.738117108303989
Japan__301031281101800,80,42,Japan,0,2,21,43.152,141.371,261.3182730241316,2.021541251370196
Japan__301031281101820,104,52,Japan,1,2,21,42.864,141.411,232.19532203824573,13.145076406453903
Japan__301031281101840,189,88,Japan,2,2,21,42.977,141.138,237.3183585900008,4.336784254032086
Japan__301031281101880,81,42,Japan,0,2,21,43.159,141.348,261.49530775448414,2.021541251370196
Japan__301031281101890,199,93,Japan,2,2,21,42.941,141.569,241.88918624143864,5.337976688082715
Japan__301031281104010,162,77,Japan,2,2,21,43.633,143.01,348.69816848423056,4.699829841774864
Japan__301031281104030,199,93,Japan,2,2,21,43.727,142.955,356.3988416226976,12.759326432173093
Japan__301031281104040,191,88,Japan,2,2,21,43.842,142.764,362.4916669767132,6.713736789898626
Japan__301031281104050,197,90,Japan,2,2,21,43.889,142.656,364.4990765715871,10.743190185096616
Japan__301031281104060,188,88,Japan,2,2,21,43.892,142.522,361.49955142870914,9.966131271848614
Japan__301031281104070,186,85,Japan,2,2,21,43.816,142.419,351.0360023055367,3.6610667022247565
Japan__301031281104090,200,92,Japan,2,2,21,43.764,142.277,342.4425434014848,7.7256577265425515
Japan__301031281104100,185,87,Japan,2,2,21,43.645,143.066,351.83303756480615,4.699829841774864
Japan__301031281104120,177,81,Japan,2,2,21,43.862,142.843,366.8305246400347,6.713736789898626
Japan__301031281104150,156,72,Japan,1,2,21,43.788,142.443,348.5934182938862,3.6610667022247565
Japan__301031281104160,197,92,Japan,2,2,21,43.775,142.372,345.6152064764889,3.0193993854288093
Japan__301031281104170,167,77,Japan,2,2,21,43.649,142.586,337.44216891166946,8.604961782384871
Japan__301031281104200,189,87,Japan,2,2,21,43.748,142.376,342.81481866672067,3.0193993854288093
Japan__301031281104210,192,89,Japan,2,2,21,43.586,142.456,327.4569019618157,7.968898237573717
Japan__301031281104220,170,80,Japan,2,2,21,43.643,142.396,332.0648743440418,2.493458908828722
Japan__301031281104230,171,79,Japan,2,2,21,43.68,142.378,335.59608294271743,2.551046942497246
Japan__301031281104240,169,78,Japan,2,2,21,43.665,142.402,334.54644415491146,2.493458908828722
Japan__301031281104250,153,71,Japan,1,2,21,43.824,142.329,349.9561799795429,6.449526138320381
Japan__301031281104260,193,90,Japan,2,2,21,43.297,142.395,295.4117528276599,21.251550894114384
Japan__301031281104280,59,31,Japan,0,2,21,43.621,142.754,339.28061801081463,5.269968173988078
Japan__301031281104290,91,39,Japan,0,2,21,43.631,142.69,338.4416464306419,5.269968173988078
Japan__301031281104300,123,58,Japan,1,2,21,43.806,142.487,351.53432538611315,5.568556421839933
Japan__301041281103010,154,73,Japan,1,2,21,42.789,140.933,213.1349858196181,18.279783148453465
Japan__301041281103020,154,72,Japan,1,2,21,42.887,140.753,221.46304254829124,15.782458933236219
Japan__301041281103030,194,91,Japan,2,2,21,42.801,140.599,210.69220362895558,15.782458933236219
Japan__301051281102010,110,52,Japan,1,2,21,42.507,140.192,178.45573458585284,9.320988543287822
Japan__301051281102020,191,89,Japan,2,2,21,42.428,140.154,170.10176263503968,7.27192731745649
Japan__301051281102040,198,92,Japan,2,2,21,42.422,140.009,171.41532378814205,7.32686408037193
Japan__301051281102050,189,87,Japan,2,2,21,42.417,139.92,172.49261271606784,7.32686408037193
Japan__301051281102070,119,56,Japan,1,2,21,42.482,140.204,175.58830927330823,7.27192731745649
Japan__301061281105010,198,92,Japan,2,2,21,42.89,142.256,248.9686688339049,8.103514093080548
Japan__301061281105020,194,90,Japan,2,2,21,42.758,142.136,231.89104404528396,10.39356681343628
Japan__301061281105030,199,93,Japan,2,2,21,42.658,142.071,219.6641238755224,12.322751019954712
Japan__301061281105040,198,92,Japan,2,2,21,42.573,141.938,207.4291292916576,9.910525570878292
Japan__301061281105050,101,51,Japan,1,2,21,42.851,142.172,242.6292844555553,8.103514093080548
Japan__301071281105010,199,93,Japan,2,2,21,42.711,142.246,230.03445608478626,4.781381844970957
Japan__301071281105030,197,92,Japan,2,2,21,42.516,142.031,203.6479186479408,9.910525570878292
Japan__301071281105040,112,55,Japan,1,2,21,42.68,142.386,231.27603253462982,11.522934543601231
Japan__301071281105050,161,76,Japan,2,2,21,42.668,142.246,225.58344260478492,4.781381844970957
Japan__301081281107010,175,83,Japan,2,2,21,43.322,142.942,315.1877401058038,11.265684824196414
Japan__301081281107020,181,85,Japan,2,2,21,43.068,142.928,289.68967604865963,18.330269985721994
Japan__301081281107030,106,53,Japan,1,2,21,43.013,142.935,284.6405432893833,12.87113258606938
Japan__301081281107040,180,84,Japan,2,2,21,42.928,143.047,281.2467501940812,12.658495300792278
Japan__301081281107050,179,84,Japan,2,2,21,42.937,143.202,289.03779011186134,0.7961503050252159
Japan__301081281107060,186,86,Japan,2,2,21,42.922,143.386,296.46035674685453,2.7320905431419273
Japan__301081281107070,155,73,Japan,1,2,21,42.807,143.512,292.9254137471218,3.3823948101403993
Japan__301081281107100,136,65,Japan,1,2,21,43.411,142.866,321.41894465410326,0.9756699974072811
Japan__301081281107110,135,65,Japan,1,2,21,43.412,142.878,321.9293601119954,0.9756699974072811
Japan__301081281107120,25,16,Japan,0,2,21,42.921,143.031,279.89250737515846,12.87113258606938
Japan__301081281107130,25,15,Japan,0,2,21,42.802,142.957,265.48918159359494,14.11325412740686
Japan__301081281107150,132,58,Japan,1,2,21,43.186,143.222,313.10300549480354,19.873138186396638
Japan__301081281107160,144,68,Japan,1,2,21,43.008,143.2,295.48788777240384,7.896516486087786
Japan__301081281107170,184,86,Japan,2,2,21,42.932,143.209,288.9034712905555,0.7961503050252159
Japan__301081281107200,183,85,Japan,2,2,21,42.604,142.986,248.6096250293237,11.59248412547815
Japan__301081281107220,188,86,Japan,2,2,21,42.798,143.155,274.185924520589,5.3107023564515465
Japan__301081281107230,170,77,Japan,2,2,21,42.84,143.186,279.4553612952052,5.3107023564515465
Japan__301081281107240,145,67,Japan,1,2,21,42.925,143.229,289.1949943280667,1.8048179968295348
Japan__301081281107250,112,53,Japan,1,2,21,42.699,143.058,260.6243510862418,0.8442239545666789
Japan__301081281107260,123,58,Japan,1,2,21,42.733,143.108,266.0782735590568,5.565917091697391
Japan__301081281107270,54,28,Japan,0,2,21,42.692,143.062,260.1823099176515,0.8442239545666789
Japan__301081281107280,141,66,Japan,1,2,21,42.946,143.27,293.02653171506677,4.073466241528786
Japan__301081281107290,186,85,Japan,2,2,21,42.912,143.282,290.5224986792751,4.55147118534545
Japan__301081281107300,154,72,Japan,1,2,21,42.911,143.356,294.0119199462407,2.7320905431419273
Japan__301081281107310,62,32,Japan,0,2,21,43.359,143.607,346.3203677545638,12.739711402339573
Japan__301081281107320,190,88,Japan,2,2,21,43.097,143.514,318.26956860155144,17.35208927047195
Japan__301081281107330,159,74,Japan,1,2,21,42.931,143.441,299.98008454080735,3.1466892911326267
Japan__301081281107340,62,32,Japan,0,2,21,43.248,143.568,334.4156189183994,12.739711402339573
Japan__301081281107350,142,66,Japan,1,2,21,42.919,143.476,300.68838193321426,3.1466892911326267
Japan__301081281107360,134,63,Japan,1,2,21,42.799,143.472,290.14004692634086,3.3823948101403993
Japan__301081281107370,137,64,Japan,1,2,21,42.774,143.597,294.72824204687817,4.915280410889068
Japan__301081281107420,146,68,Japan,1,2,21,42.795,143.65,299.36089901966284,4.915280410889068
Japan__301091281106020,183,86,Japan,2,2,21,43.488,144.45,400.0430584961108,1.1870551789950867
Japan__301091281106050,94,46,Japan,0,2,21,43.24,144.538,385.14843384382505,5.449153040745723
Japan__301091281106060,159,73,Japan,1,2,21,43.086,144.427,366.8027104220539,4.0837354535108865
Japan__301091281106070,165,76,Japan,2,2,21,43.056,144.398,362.80099259511314,4.0837354535108865
Japan__301091281106090,102,49,Japan,1,2,21,43.483,144.463,400.33779487557973,1.1870551789950867
Japan__301091281106100,158,73,Japan,1,2,21,43.289,144.537,388.90790297071976,5.449153040745723
Japan__301091281106110,161,74,Japan,1,2,21,43.22,144.432,377.46825901853794,8.871156321923786
Japan__301091281106120,168,77,Japan,2,2,21,43.217,144.343,372.160367280537,16.00450678445192
Japan__301091281106130,163,75,Japan,2,2,21,43.158,144.326,366.5178295794505,11.458268090855977
Japan__302011282206030,45,27,Japan,0,1,51,38.096,140.872,75.87663150116363,9.614837855034015
Japan__302011282206060,119,58,Japan,1,1,51,38.018,140.802,65.97107003267055,5.595317542127126
Japan__302011282206100,128,62,Japan,1,1,51,38.062,140.771,68.84444926884166,5.595317542127126
Japan__302011282218010,261,118,Japan,3,1,51,37.869,140.609,43.299044775698356,4.173741857608729
Japan__302011282218020,212,97,Japan,2,1,51,37.832,140.617,39.923726101369134,4.173741857608729
Japan__302011282218040,322,145,Japan,4,1,51,37.83,140.521,36.508714215321284,8.434068953356887
Japan__302011282218070,205,95,Japan,2,1,51,37.782,140.443,29.886936849214198,4.228983881928285
Japan__302011282218080,169,80,Japan,2,1,51,37.761,140.378,27.449589885983887,1.2757479435040422
Japan__302011282218090,216,100,Japan,3,1,51,37.755,140.402,26.687363501948433,1.3602845961129777
Japan__302011282218100,332,149,Japan,4,1,51,37.75,140.469,26.75036605036952,1.49877177960011
Japan__302011282218110,272,123,Japan,4,1,51,37.751,140.452,26.58023599042099,1.49877177960011
Japan__302011282218120,203,94,Japan,2,1,51,37.752,140.387,26.395682010557472,1.2757479435040422
Japan__302011282218150,227,98,Japan,3,1,51,37.728,140.472,24.42998428867507,2.4604710834320778
Japan__302011282218170,268,122,Japan,4,1,51,37.682,140.327,19.76985490912834,9.404152905973866
Japan__302011282218210,305,138,Japan,4,1,51,37.597,140.462,10.453598130078941,4.793221038678352
Japan__302011282218220,214,99,Japan,3,1,51,37.582,140.513,12.15910027303054,4.793221038678352
Japan__302011282218250,335,150,Japan,4,0,3,37.515,140.404,10.453598130078941,10.453598130078941
Japan__302011282218270,343,154,Japan,4,0,3,37.408,140.408,21.451156764865107,11.903094072981066
Japan__302011282218290,107,53,Japan,1,0,3,37.346,140.373,28.99402876515498,5.006318488196032
Japan__302011282218300,335,150,Japan,4,0,3,37.302,140.385,33.121943814178664,3.2304965600889015
Japan__302011282218310,270,123,Japan,4,0,3,37.288,140.353,35.61308545250023,3.2304965600889015
Japan__302011282218330,290,129,Japan,4,0,3,37.142,140.415,49.686479132109895,17.988397523967148
Japan__302011282218350,305,138,Japan,4,0,3,37.135,140.209,56.026770242142156,18.276870578892158
Japan__302011282228080,162,77,Japan,2,0,3,37.415,140.608,20.373155445072513,16.58629539415152
Japan__302011282228090,229,104,Japan,3,0,3,37.437,140.648,20.04380719326259,20.04380719326259
Japan__302011282228110,253,115,Japan,3,0,3,37.37,140.429,24.711294105998057,8.503238937118985
Japan__302021282206030,134,65,Japan,1,1,51,38.206,140.886,87.71640398444056,3.456990820521984
Japan__302021282206050,144,69,Japan,1,1,51,38.237,140.889,90.86996329783537,3.456990820521984
Japan__302021282224020,322,145,Japan,4,1,51,38.234,140.707,84.25638509654296,4.266055972580754
Japan__302021282224030,184,86,Japan,2,1,51,38.199,140.727,81.17157224143601,4.266055972580754
Japan__302021282224050,178,83,Japan,2,1,51,38.209,140.637,79.83400538003643,2.969788514909365
Japan__302021282224060,133,64,Japan,1,1,51,38.172,140.665,76.56548397128117,4.78694094533025
Japan__302021282224070,330,148,Japan,4,1,51,38.2,140.605,78.18585103511238,2.969788514909365
Japan__302031282207050,339,152,Japan,4,1,51,38.528,141.059,126.41057662381158,6.362409211164804
Japan__302031282207070,282,128,Japan,4,1,51,38.527,140.949,122.23681982682604,6.615221757257767
Japan__302031282207120,317,143,Japan,4,1,51,38.442,141.068,117.66373022638061,9.594795696495
Japan__302031282207150,338,152,Japan,4,1,51,38.428,140.929,111.46389719074037,12.206645006067198
Japan__302041282204020,166,79,Japan,2,1,51,39.714,141.131,252.5414110383955,1.4995973000081604
Japan__302041282204080,173,81,Japan,2,1,51,39.552,141.175,236.2204648827592,17.26355755536026
Japan__302041282204110,199,93,Japan,2,1,51,39.392,141.129,218.0495933697853,1.976479852910713
Japan__302041282204150,198,92,Japan,2,1,51,39.262,141.122,204.08615068647697,7.094160891189864
Japan__302041282204180,152,72,Japan,1,1,51,39.197,141.127,197.36689033067816,2.8973360668257038
Japan__302041282204200,200,93,Japan,2,1,51,39.168,141.155,195.1239346876002,4.027739134883334
Japan__302041282204230,199,93,Japan,2,1,51,39.065,141.163,184.64140987397712,5.773268332681035
Japan__302041282204250,107,53,Japan,1,1,51,39.019,141.132,178.9050270640025,5.773268332681035
Japan__302041282204280,165,78,Japan,2,1,51,38.951,141.193,173.91037735906582,4.9234555371948145
Japan__302041282204310,166,79,Japan,2,1,51,38.899,141.262,171.18009245506488,2.1890597320422462
Japan__302041282204330,158,74,Japan,1,1,51,39.925,141.229,277.36918162889435,7.325260942694005
Japan__302041282204340,124,61,Japan,1,1,51,39.715,141.175,253.63134800489465,4.677207901731527
Japan__302041282204360,166,79,Japan,2,1,51,39.702,141.123,251.07724339214624,1.4995973000081604
Japan__302041282204380,198,92,Japan,2,1,51,39.392,141.152,218.63770801280083,1.976479852910713
Japan__302041282204390,125,61,Japan,1,1,51,39.379,141.106,216.0930267449742,2.4488301437270503
Japan__302041282204400,165,78,Japan,2,1,51,39.205,141.159,199.11368503716142,2.8168141382632013
Japan__302041282204420,166,79,Japan,2,1,51,39.187,141.182,197.90698448671395,2.8168141382632013
Japan__302041282204430,166,79,Japan,2,1,51,39.017,141.09,177.42663616611495,8.260480471179152
Japan__302041282204440,166,78,Japan,2,1,51,38.942,141.052,168.46699766879502,6.755360971995339
Japan__302041282204450,166,79,Japan,2,1,51,38.928,141.128,169.36871527827114,6.176151055985399
Japan__302041282204470,164,71,Japan,1,1,51,38.896,141.287,171.58066562770614,2.1890597320422462
Japan__302041282204480,147,70,Japan,1,1,51,38.861,141.32,168.8922316874448,4.827660204113329
Japan__302041282204490,143,69,Japan,1,1,51,38.976,141.24,178.10392254573594,4.9234555371948145
Japan__302041282207090,293,132,Japan,4,1,51,38.703,141.288,151.51040414701438,7.032385989748812
Japan__302041282207100,341,153,Japan,4,1,51,38.765,141.272,157.43699262011836,7.032385989748812
Japan__302041282207140,261,118,Japan,3,1,51,38.527,141.228,131.43011219020025,8.977543536626094
Japan__302041282207190,338,152,Japan,4,1,51,38.547,141.128,130.39650506877123,6.362409211164804
Japan__302041282207220,344,155,Japan,4,1,51,38.582,140.978,128.85149183398576,6.615221757257767
Japan__302041282220010,86,44,Japan,0,1,51,39.102,140.871,181.10878290417787,2.8447629477092766
Japan__302041282220020,94,48,Japan,0,1,51,39.077,140.864,178.2643638734806,2.8447629477092766
Japan__302041282220060,33,22,Japan,0,1,51,39.13,141.007,187.124246535678,12.139166257629398
Japan__302041282220070,117,57,Japan,1,1,51,39.398,140.768,211.76478379350226,26.091969572515424
Japan__302041282220090,117,57,Japan,1,1,51,39.36,141.549,227.78407458586128,8.778082661960505
Japan__302041282220100,110,55,Japan,1,1,51,39.32,141.461,220.81947256637793,8.778082661960505
Japan__302041282220110,119,59,Japan,1,1,51,39.298,141.381,215.76085048094922,11.031421220470888
Japan__302041282220130,113,56,Japan,1,1,51,39.362,141.283,219.17866510401342,11.031421220470888
Japan__302041282220140,254,116,Japan,3,1,51,39.872,141.178,270.55448160605937,1.4677004558954019
Japan__302041282220150,297,134,Japan,4,1,51,39.874,141.161,270.4075971897315,1.4677004558954019
Japan__302041282220160,280,127,Japan,4,1,51,39.834,141.162,266.12129789031053,4.448616125742769
Japan__302041282220180,105,52,Japan,1,1,51,39.69,140.945,246.37422363528324,1.032784592721115
Japan__302041282220190,114,56,Japan,1,1,51,39.691,140.957,246.684251976525,1.032784592721115
Japan__302041282220200,120,59,Japan,1,1,51,39.655,140.953,242.69301015798308,3.9515939683159735
Japan__302051282201030,296,133,Japan,4,1,51,40.486,141.428,231.24220365678573,2.2873060395892906
Japan__302051282201050,289,130,Japan,4,1,51,40.259,141.291,258.44507370561723,5.448207365855831
Japan__302051282201060,253,109,Japan,3,1,51,40.131,141.365,270.965985532867,15.558979519634837
Japan__302051282201070,265,114,Japan,3,1,51,40.238,141.233,259.6408955877285,5.448207365855831
Japan__302051282201990,271,117,Japan,4,1,51,40.502,141.445,229.19909842579432,2.2873060395892906
Japan__302061282202010,274,125,Japan,4,1,51,40.754,141.233,206.6353357065143,2.0059849008296986
Japan__302061282202020,273,125,Japan,4,1,51,40.738,141.244,208.24202081935368,2.0059849008296986
Japan__302061282202030,275,125,Japan,4,1,51,40.714,141.279,209.89638710516684,3.977516789863797
Japan__302061282202050,276,125,Japan,4,1,51,40.693,141.325,211.03425675006167,4.526440103112063
Japan__302061282202080,265,120,Japan,4,1,51,40.778,141.258,203.6479186479408,4.601452758065496
Japan__302071282201030,328,148,Japan,4,1,51,40.911,140.418,170.10176263503968,24.318816765626764
Japan__302071282201040,347,155,Japan,4,1,51,40.81,140.437,181.44455101848672,12.97785723696351
Japan__302071282201050,344,149,Japan,4,1,51,40.694,140.454,194.42050673741866,6.453204973936738
Japan__302071282201070,348,155,Japan,4,1,51,40.592,140.417,205.3247413402168,8.835932904027482
Japan__302071282201080,302,137,Japan,4,1,51,40.645,140.495,200.28128778812302,1.7694200169237226
Japan__302071282201090,244,110,Japan,3,1,51,40.63,140.502,202.01568608508535,1.7694200169237226
Japan__302071282201100,284,122,Japan,4,1,51,40.552,140.547,211.1536466629272,9.469024567048548
Japan__302071282222030,241,110,Japan,3,1,51,40.608,140.664,206.78000878297632,11.67934801273231
Japan__302071282222040,246,113,Japan,3,1,51,40.523,140.723,217.06418914033512,15.21861052002678
Japan__302091282209010,224,96,Japan,3,1,51,39.539,140.221,211.74557216829123,11.97050487713991
Japan__302091282209050,154,66,Japan,1,1,51,39.556,140.26,215.06273785593095,8.60884889686114
Japan__302091282209060,115,57,Japan,1,1,51,39.646,140.165,219.891131792007,12.829030228051764
Japan__302091282210020,157,75,Japan,1,1,51,39.549,140.36,218.66323952432114,8.60884889686114
Japan__302091282210030,158,75,Japan,1,1,51,39.485,140.422,215.16606124972833,5.544217234978373
Japan__302091282210040,157,75,Japan,1,1,51,39.45,140.468,213.94721823019546,5.544217234978373
Japan__302091282210050,136,66,Japan,1,1,51,39.341,140.439,202.44344550098666,7.831538460716381
Japan__302091282210060,158,75,Japan,1,1,51,39.277,140.401,194.71603658748046,7.831538460716381
Japan__302091282210090,127,55,Japan,1,1,51,39.108,140.478,177.2511248855779,4.117176752465871
Japan__302091282210100,158,75,Japan,1,1,51,39.076,140.454,173.63010718788192,4.117176752465871
Japan__302091282210110,156,74,Japan,1,1,51,39.541,140.527,225.2016509832575,10.961630835842682
Japan__302091282210120,154,74,Japan,1,1,51,39.689,140.555,240.48158223545812,16.630706323353998
Japan__302091282210130,154,73,Japan,1,1,51,39.206,140.516,188.2839767307776,5.841349818236252
Japan__302091282210140,158,75,Japan,1,1,51,39.198,140.583,187.79066522696667,5.841349818236252
Japan__302091282210150,152,73,Japan,1,1,51,39.003,140.468,165.5523701531207,11.707352991943909
Japan__302091282226010,132,64,Japan,1,1,51,39.607,140.622,233.39051129969636,10.961630835842682
Japan__302091282226020,99,50,Japan,0,1,51,39.926,140.71,269.4015722514408,7.1169866494831915
Japan__302091282226030,127,62,Japan,1,1,51,39.862,140.711,262.3306862934732,7.1169866494831915
Japan__302101282209010,231,106,Japan,3,1,51,39.232,140.148,179.0025528371428,12.305851840145857
Japan__302101282209020,191,89,Japan,2,1,51,39.272,140.112,181.44242288688196,12.19489287844973
Japan__302101282209050,288,130,Japan,4,1,51,39.376,140.067,189.4572820519405,4.209780011921287
Japan__302101282209070,109,54,Japan,1,1,51,39.153,140.248,175.93427974464862,12.305851840145857
Japan__302101282209090,299,128,Japan,4,1,51,39.343,140.091,187.29170503069102,4.209780011921287
Japan__302101282209100,88,45,Japan,0,1,51,39.416,140.07,193.47745828512018,4.455261253839181
Japan__302111282214010,348,156,Japan,4,1,51,38.482,140.348,107.63739442641462,7.0029148752871455
Japan__302111282214020,347,156,Japan,4,1,51,38.421,140.328,100.96264139963091,4.681264526655724
Japan__302111282214050,342,153,Japan,4,1,51,38.369,140.238,96.0696726592626,4.136384238832101
Japan__302111282214060,175,83,Japan,2,1,51,38.349,140.198,93.85648523454036,4.136384238832101
Japan__302111282214070,331,149,Japan,4,1,51,38.303,140.137,87.07463154959211,7.380884200372434
Japan__302111282214080,349,157,Japan,4,1,51,38.199,140.101,75.18585444920976,10.52648290777267
Japan__302111282214090,345,154,Japan,4,1,51,38.114,140.048,64.67798407522105,5.433797635515706
Japan__302111282214100,342,154,Japan,4,1,51,38.067,140.065,60.50892268110247,5.433797635515706
Japan__302111282214130,349,156,Japan,4,1,51,37.987,140.142,56.29302308878398,4.768701641501461
Japan__302111282214140,208,90,Japan,2,1,51,37.945,140.131,51.979005524167924,4.768701641501461
Japan__302111282214160,315,142,Japan,4,1,51,38.398,140.283,98.75654338601056,4.681264526655724
Japan__302111282214170,205,88,Japan,2,1,51,38.347,140.307,92.90449723564205,6.494665415225989
Japan__302111282214180,348,156,Japan,4,1,51,38.292,140.279,87.09172655022685,6.585505318618463
Japan__302111282215030,274,125,Japan,4,1,51,38.819,139.976,131.98354676390719,13.91070720934603
Japan__302111282215050,215,100,Japan,3,1,51,38.888,139.842,132.80990725754174,0.5636433366204966
Japan__302111282215080,118,58,Japan,1,1,51,38.884,139.838,132.25642635280542,0.5636433366204966
Japan__302111282216010,231,104,Japan,3,1,51,38.777,140.018,130.1826839841359,15.593540916113065
Japan__302111282216050,296,134,Japan,4,1,51,38.74,140.143,133.51883126996853,8.801710188077891
Japan__302111282216060,297,134,Japan,4,1,51,38.746,140.194,135.32395389527213,5.899526377375204
Japan__302111282216070,323,146,Japan,4,1,51,38.798,140.213,141.33608714865966,6.0121729933323405
Japan__302111282216080,283,128,Japan,4,1,51,38.868,140.229,149.2008589036724,1.9777828393187902
Japan__302111282216100,289,130,Japan,4,1,51,38.861,140.25,148.9601678202585,1.9777828393187902
Japan__302111282216120,214,92,Japan,2,1,51,38.864,140.28,150.0401439019024,2.6188041631353993
Japan__302111282216140,305,138,Japan,4,1,51,38.702,140.232,131.61679055491064,1.5783508310679937
Japan__302111282216150,245,113,Japan,3,1,51,38.688,140.235,130.22006509580615,1.5783508310679937
Japan__302111282216170,57,32,Japan,0,1,51,38.605,140.165,119.57776355007859,11.051407237015525
Japan__302111282216190,223,102,Japan,3,1,51,38.755,140.426,137.89513269051676,15.748998342779238
Japan__302111282216200,317,143,Japan,4,1,51,38.663,140.288,128.05478146953993,5.375506128014644
Japan__302111282216210,322,145,Japan,4,1,51,38.589,140.368,119.46494149215278,10.770490645343124
Japan__302111282221010,347,153,Japan,4,1,51,37.918,139.886,39.41852745951341,2.518399063736934
Japan__302111282221020,311,138,Japan,4,1,51,37.913,139.914,39.61059538318302,2.518399063736934
Japan__302111282221030,289,131,Japan,4,1,51,38.012,139.968,51.567779524726404,2.4362720025350733
Japan__302111282221040,351,155,Japan,4,1,51,38.028,139.987,53.81721150627015,2.4362720025350733
Japan__302111282221050,340,153,Japan,4,1,51,38.392,139.997,92.92812537028595,7.910476032416372
Japan__302111282221060,332,149,Japan,4,1,51,38.448,140.053,100.12498063078546,7.910476032416372
Japan__302121282215010,262,119,Japan,3,1,51,38.607,139.833,105.48791958420017,2.5099005801144916
Japan__302121282215040,267,122,Japan,4,1,51,38.725,139.851,117.3592255720448,13.213741213679112
Japan__302121282215070,339,153,Japan,4,1,51,38.841,139.814,127.05302232196377,5.213405785619579
Japan__302121282227030,100,50,Japan,1,1,51,38.59,139.852,104.88822839495693,2.5099005801144916
Japan__302121282227050,72,38,Japan,0,1,51,38.571,139.922,106.90507910137015,6.441075604723845
Japan__303021283322030,55,31,Japan,0,0,3,36.42,140.432,129.40855006261805,8.112212651747829
Japan__303021283322040,249,108,Japan,3,0,3,36.55,140.325,115.95910329498884,17.333944124232453
Japan__303021283322060,74,39,Japan,0,0,3,36.756,140.142,97.552315991019,11.432142541543055
Japan__303021283322070,57,31,Japan,0,0,3,36.857,140.118,87.7399701724821,11.432142541543055
Japan__303021283322100,116,57,Japan,1,0,3,36.37,140.498,134.7748375493869,8.112212651747829
Japan__303031283301020,343,154,Japan,4,0,3,35.983,139.892,171.10816887575368,8.385310759589492
Japan__303031283301030,351,157,Japan,4,0,3,36.147,139.702,155.84630614982933,6.353609604132492
Japan__303031283301040,340,153,Japan,4,0,3,36.192,139.515,139.97227266705258,11.395793510129973
Japan__303031283301060,342,154,Japan,4,0,3,36.263,139.197,112.33800426842154,6.266446313102969
Japan__303031283301070,344,155,Japan,4,0,3,36.313,139.12,105.51828779950698,4.615027910412139
Japan__303031283301090,173,82,Japan,2,0,3,36.191,139.694,155.8045140893563,8.529719232726189
Japan__303031283301100,349,155,Japan,4,0,3,36.262,139.658,153.66868227402898,5.865662436974427
Japan__303031283301110,347,156,Japan,4,0,3,36.262,139.747,161.476204821082,3.596650149167241
Japan__303031283301150,347,156,Japan,4,0,3,36.292,139.732,158.94937650075545,3.596650149167241
Japan__303031283303170,45,26,Japan,0,0,3,36.114,140.143,166.5207507388427,12.863259127904751
Japan__303031283303180,43,26,Japan,0,0,3,36.184,140.259,157.08323316692665,13.002559757767125
Japan__303031283303190,40,25,Japan,0,0,3,35.943,140.25,183.74790661871924,11.127138045264097
Japan__303031283303230,41,25,Japan,0,0,3,36.157,140.512,158.4527954353698,22.907795817501633
Japan__303031283305140,351,157,Japan,4,0,3,35.938,139.85,165.121788230779,4.518347541402089
Japan__303031283305170,344,154,Japan,4,0,3,36.08,139.766,160.8571511765768,4.559877178587957
Japan__303031283305190,338,152,Japan,4,0,3,36.102,139.788,163.01716322162395,2.9550567923473343
Japan__303031283305210,351,157,Japan,4,0,3,36.121,139.765,161.1526809511937,2.9550567923473343
Japan__303031283305520,321,145,Japan,4,0,3,35.884,139.838,160.82743605219815,4.8508009094419835
Japan__303031283305540,334,150,Japan,4,0,3,35.956,139.805,163.02090792564917,4.226366238420433
Japan__303031283305570,334,150,Japan,4,0,3,35.918,139.804,160.45742286265246,2.699986053178727
Japan__303031283305610,333,150,Japan,4,0,3,35.898,139.787,157.92176395713807,2.699986053178727
Japan__303031283305780,290,131,Japan,4,0,3,35.887,139.742,153.91037688250154,4.234163332040499
Japan__303031283306020,65,35,Japan,0,0,3,36.268,139.593,147.83417772490384,1.9742584226618218
Japan__303031283306050,314,141,Japan,4,0,3,36.302,139.503,139.7864794287074,2.559053288158635
Japan__303031283306080,318,142,Japan,4,0,3,36.333,139.445,134.70413340568587,6.2358506024510065
Japan__303031283306170,316,142,Japan,4,0,3,36.435,139.281,121.16661866634902,6.91446996278295
Japan__303031283306220,255,117,Japan,3,0,3,36.281,139.578,146.48438459320363,1.9742584226618218
Japan__303031283306300,317,143,Japan,4,0,3,36.279,139.502,139.67165215015052,2.559053288158635
Japan__303031283306420,272,123,Japan,4,0,3,36.306,139.534,142.57283030369223,2.813308716774975
Japan__303031283306540,309,139,Japan,4,0,3,36.407,139.35,126.88199505837872,6.91446996278295
Japan__303031283307010,90,45,Japan,0,0,3,36.749,139.798,111.14041971565571,26.528850528741618
Japan__303031283307080,127,62,Japan,1,0,3,36.543,139.948,125.75853650585272,18.394043083477968
Japan__303031283307110,316,143,Japan,4,0,3,36.225,139.911,160.10345670732283,8.198730258198346
Japan__303031283307130,40,24,Japan,0,0,3,36.152,139.948,166.76237950649238,6.763679024345157
Japan__303031283307160,321,145,Japan,4,0,3,36.023,139.984,179.63625672288134,9.395370854078873
Japan__303031283307210,333,150,Japan,4,0,3,36.392,140.032,139.04711822649398,16.098027489560746
Japan__303031283307240,341,154,Japan,4,0,3,36.25,139.997,155.05218740812558,8.198730258198346
Japan__303031283307270,148,71,Japan,1,0,3,36.108,140.0,170.13872363269266,6.763679024345157
Japan__303031283307380,171,80,Japan,2,0,3,35.927,140.128,185.51046546349002,11.127138045264097
Japan__303031283314010,182,78,Japan,2,0,3,36.55,138.784,78.51917764570192,12.239667211233709
Japan__303031283317010,344,154,Japan,4,0,3,36.552,138.921,90.55479478253186,12.239667211233709
Japan__303031283323030,340,153,Japan,4,0,3,36.322,138.999,94.74002360407569,7.306453984680843
Japan__303031283323040,350,157,Japan,4,0,3,36.291,139.076,101.50263472097161,4.4728168629153595
Japan__303031283323050,133,64,Japan,1,0,3,36.28,139.124,105.78885961866749,0.959108430214767
Japan__303031283323060,333,150,Japan,4,0,3,36.321,138.888,84.80732428890154,9.945158596347953
Japan__303031283323070,348,156,Japan,4,0,3,36.26,139.026,97.01188536332538,5.654369507493522
Japan__303031283323100,141,68,Japan,1,0,3,36.272,139.128,106.14538757688582,0.959108430214767
Japan__303031283323110,106,53,Japan,1,0,3,36.192,138.96,91.35762304583112,9.603197260406485
Japan__303031283323120,60,33,Japan,0,0,3,36.419,138.795,77.72042156825705,13.714266213037346
Japan__303031283323140,82,43,Japan,0,0,3,36.218,138.803,77.2357270662805,13.75650258265124
Japan__303041283308040,269,123,Japan,4,0,3,36.085,139.438,131.52555763905843,1.1224418056743979
Japan__303041283308050,280,128,Japan,4,0,3,35.984,139.518,138.1457945375328,3.285609167970045
Japan__303041283308060,49,28,Japan,0,0,3,35.892,139.562,141.428843690489,8.376364459495772
Japan__303041283308080,240,110,Japan,3,0,3,36.092,139.429,130.796404839942,1.1224418056743979
Japan__303041283308110,267,122,Japan,4,0,3,36.018,139.481,134.899937632563,5.037018895467438
Japan__303041283308140,286,130,Japan,4,0,3,35.922,139.454,132.50885345690608,1.804718175096211
Japan__303041283308160,260,119,Japan,3,0,3,35.955,139.511,137.5294954056003,3.285609167970045
Japan__303041283308170,99,50,Japan,0,0,3,35.968,139.345,122.57507851471927,4.199411646208671
Japan__303041283308210,294,133,Japan,4,0,3,35.978,139.39,126.62460933227659,4.199411646208671
Japan__303041283308220,107,53,Japan,1,0,3,36.019,139.382,126.00688101408102,4.615446959435908
Japan__303041283308240,290,132,Japan,4,0,3,35.935,139.442,131.37387381573654,1.804718175096211
Japan__303051283310050,320,144,Japan,4,0,3,35.642,139.527,122.71581470617582,8.120071879769007
Japan__303051283310060,256,115,Japan,3,0,3,35.682,139.412,116.43768220424066,5.618022452817125
Japan__303051283310070,332,149,Japan,4,0,3,35.782,139.268,113.51376817673727,7.646593607964788
Japan__303051283310080,241,111,Japan,3,0,3,35.648,139.458,117.76488732486716,5.618022452817125
Japan__303051283310100,276,124,Japan,4,0,3,35.667,139.33,109.47405585533802,6.324322334777396
Japan__303051283310110,260,118,Japan,3,0,3,35.718,139.299,110.82381667174806,6.324322334777396
Japan__303061283310070,326,147,Japan,4,0,3,35.513,139.552,118.08137358507372,7.298622091005046
Japan__303061283310090,267,119,Japan,4,0,3,35.547,139.621,125.32999048159623,7.299298759986642
Japan__303061283310120,316,142,Japan,4,0,3,35.57,139.512,117.61127475815891,7.298622091005046
Japan__303071283310030,298,135,Japan,4,0,3,35.444,139.371,99.9868851969607,6.346270576237894
Japan__303071283319020,128,62,Japan,1,0,3,35.497,139.345,100.45812736723191,6.346270576237894
Japan__303081283324010,272,121,Japan,4,0,3,35.648,138.642,64.61520997367664,58.447911098479196
Japan__304011284406010,163,76,Japan,2,1,51,38.088,139.727,55.733425500032666,3.8273085673990757
Japan__304011284406020,166,79,Japan,2,1,51,38.09,139.573,47.17163225032807,8.04649961556524
Japan__304011284406030,130,63,Japan,1,1,51,38.111,139.485,43.23823588962276,8.04649961556524
Japan__304011284406070,163,77,Japan,2,1,51,38.057,139.746,53.51966064131537,3.8273085673990757
Japan__304021284402010,158,75,Japan,1,0,3,37.739,139.271,45.42409789035223,6.465879967682943
Japan__304021284402030,132,64,Japan,1,0,3,37.822,139.155,43.23823588962276,8.381364147726408
Japan__304021284402080,137,66,Japan,1,0,3,37.746,139.198,47.75846143852935,6.465879967682943
Japan__304021284415010,140,67,Japan,1,0,3,37.576,139.768,39.41852745951341,39.41852745951341
Japan__304031284401020,165,78,Japan,2,0,3,37.626,138.91,73.86406681447339,3.6025302494570095
Japan__304031284401040,160,76,Japan,1,0,3,37.638,138.948,70.62445432854625,3.6025302494570095
Japan__304031284401060,166,79,Japan,2,0,3,37.694,139.032,61.07149113086456,8.989496777094676
Japan__304031284401080,166,79,Japan,2,0,3,37.835,139.061,48.199026349245294,6.640374473876236
Japan__304031284401090,166,79,Japan,2,0,3,37.883,139.016,48.28748566913297,6.640374473876236
Japan__304031284401170,166,79,Japan,2,0,3,37.822,139.002,53.154837985811234,6.893365860553492
Japan__304031284401180,155,74,Japan,1,0,3,37.545,139.088,71.9493366687174,9.588708802927382
Japan__304031284401200,53,30,Japan,0,0,3,37.631,139.096,63.36092715376415,8.989496777094676
Japan__304031284403070,351,157,Japan,4,0,3,37.308,138.802,107.62139839025163,6.672282263912261
Japan__304031284403080,348,156,Japan,4,0,3,37.248,138.803,113.1840444568963,6.672282263912261
Japan__304031284403090,302,135,Japan,4,0,3,37.096,138.718,105.00229688493967,14.94609166966351
Japan__304031284403100,337,151,Japan,4,0,3,36.989,138.586,88.3192083584905,16.697729968949364
Japan__304031284403110,351,157,Japan,4,0,3,37.243,138.931,108.13227566006441,2.793348219091041
Japan__304031284403130,337,152,Japan,4,0,3,37.23,138.958,108.38838204939195,2.793348219091041
Japan__304031284403140,326,146,Japan,4,0,3,37.169,138.927,115.69570480546682,7.31754194360746
Japan__304031284403150,337,151,Japan,4,0,3,37.062,138.881,112.74939935137647,12.577576891494259
Japan__304031284416010,65,35,Japan,0,0,3,36.272,138.419,42.585836199337194,16.413317858217326
Japan__304031284416030,166,79,Japan,2,0,3,36.37,138.282,31.910701510956375,16.413317858217326
Japan__304031284416080,166,79,Japan,2,0,3,36.532,138.112,22.414050197501933,10.252520367177523
Japan__304031284416100,166,79,Japan,2,0,3,36.732,138.308,50.534520454168465,19.699003312426008
Japan__304031284416130,49,28,Japan,0,0,3,36.892,138.403,69.60824630579076,19.699003312426008
Japan__304031284416160,27,19,Japan,0,4,57,36.217,137.871,40.57389744225508,8.661360412226061
Japan__304031284416180,166,79,Japan,2,4,57,36.396,137.927,22.414050197501933,14.314185203022129
Japan__304031284416190,163,77,Japan,2,0,3,36.621,138.142,31.546506078265853,10.252520367177523
Japan__304031284416210,120,59,Japan,1,4,57,36.268,137.944,32.336801245163,8.661360412226061
Japan__304041284407010,164,74,Japan,2,0,3,37.032,138.266,76.90504187851899,5.207276775867972
Japan__304041284407020,199,93,Japan,2,0,3,37.118,138.265,85.74372454127933,4.535359263830168
Japan__304041284407060,143,69,Japan,1,0,3,37.078,138.255,81.27237948841605,4.535359263830168
Japan__304041284407070,145,69,Japan,1,0,3,37.158,138.425,95.63705980553381,12.428436983857925
Japan__304041284407080,150,72,Japan,1,0,3,37.178,138.287,92.67577704000342,6.950796105217134
Japan__304051284407020,157,75,Japan,1,0,3,36.986,137.87,65.49506930936597,35.53236196617536
Japan__304071284408010,166,79,Japan,2,4,57,36.576,137.342,65.49506930936597,12.93596180689624
Japan__304081284408010,166,79,Japan,2,4,57,36.573,137.185,76.35931373673455,4.250870901684296
Japan__304081284408040,160,76,Japan,1,4,57,36.702,137.203,67.23158809311641,8.695649205728975
Japan__304081284408060,157,75,Japan,1,4,57,36.624,137.21,71.22535491048492,6.09429156687237
Japan__304081284408090,152,73,Japan,1,4,57,36.591,137.143,78.2324752473005,4.250870901684296
Japan__304091284408020,65,35,Japan,0,4,57,36.579,136.992,90.34436040094094,8.098022939247256
Japan__304091284408040,166,79,Japan,2,4,57,36.735,137.044,78.60785071502355,6.087455055363833
Japan__304101284408030,157,75,Japan,1,4,57,36.625,136.892,95.87889703789604,4.209929681611459
Japan__304101284408040,157,75,Japan,1,4,57,36.681,136.882,94.24337920812081,1.6851767175171848
Japan__304101284408060,166,79,Japan,2,4,57,36.758,136.982,82.95908798782405,6.087455055363833
Japan__304101284408070,62,34,Japan,0,4,57,36.588,136.902,96.89849662860286,4.209929681611459
Japan__304101284408080,166,78,Japan,2,4,57,36.653,136.86,97.23061133797204,3.6802054813520635
Japan__304101284408090,65,35,Japan,0,4,57,36.692,136.869,94.88945583191835,1.6851767175171848
Japan__304111284412070,166,79,Japan,2,4,57,36.412,136.631,125.92642593654372,10.508153945291085
Japan__304121284412010,166,79,Japan,2,4,57,36.404,136.514,119.94381121945166,10.508153945291085
Japan__304121284412020,165,78,Japan,2,4,57,36.416,136.451,118.63183201285655,16.1132540860951
Japan__305011285508010,280,127,Japan,4,0,3,34.991,138.94,52.23032897132768,10.903186003430289
Japan__305011285508060,273,124,Japan,4,0,3,35.092,138.901,48.46542809756863,3.201888873008054
Japan__305011285508110,218,101,Japan,3,0,3,35.073,138.94,51.964449892495054,1.8159697410016762
Japan__305011285508120,254,116,Japan,3,0,3,35.089,138.936,51.6337022504495,1.8159697410016762
Japan__305011285508170,263,120,Japan,3,0,3,35.118,138.886,47.326169363938064,5.575600788816918
Japan__305021285507020,114,54,Japan,1,4,57,35.071,138.369,47.326169363938064,10.96720392066417
Japan__305021285507030,87,43,Japan,0,4,57,34.96,138.368,50.32596272269003,10.95961061280776
Japan__305021285507070,136,66,Japan,1,4,57,35.016,138.269,57.28758685966997,10.95961061280776
Japan__305031285507010,101,49,Japan,1,4,57,34.884,138.108,75.4893410059127,8.039973046519512
Japan__305031285507050,60,32,Japan,0,4,57,34.82,138.149,74.5955899897822,8.039973046519512
Japan__305041285510020,174,82,Japan,2,4,57,34.739,138.088,82.62866912975069,6.560500672168887
Japan__305041285510070,173,82,Japan,2,4,57,34.68,138.088,85.10301970456837,6.560500672168887
Japan__305051285510020,172,81,Japan,2,4,57,34.854,137.805,102.76176551701256,13.106408605960098
Japan__305051285510070,174,82,Japan,2,4,57,34.953,137.883,93.1435561255757,13.106408605960098
Japan__305051285516010,171,81,Japan,2,4,57,35.965,137.983,51.9523476175702,14.358086496861494
Japan__305051285516030,167,79,Japan,2,4,57,35.837,137.962,63.46177100159432,14.358086496861494
Japan__305051285516060,157,75,Japan,1,4,57,35.596,137.93,64.61520997367664,17.339554969868185
Japan__305051285516090,171,81,Japan,2,4,57,35.462,137.832,76.13804373020878,17.339554969868185
Japan__305061285512010,174,82,Japan,2,4,57,34.985,137.525,124.76791050797769,3.168623985947766
Japan__305061285512040,174,82,Japan,2,4,57,34.892,137.495,122.05367234114416,10.696591395847465
Japan__305061285512070,175,82,Japan,2,4,57,34.81,137.419,114.76802925093142,21.728106154902108
Japan__305061285512120,117,56,Japan,1,4,57,34.979,137.559,121.7826678498682,3.168623985947766
Japan__305061285512130,175,82,Japan,2,4,57,34.932,137.574,121.24378586032695,5.401992603491212
Japan__305071285512010,174,82,Japan,2,4,57,35.09,137.168,97.12334721595468,5.715830229650023
Japan__305071285512020,173,82,Japan,2,4,57,35.002,137.166,94.22093159322547,7.337121019524074
Japan__305071285512040,172,81,Japan,2,4,57,34.894,137.098,86.0242469079858,3.6190890640710873
Japan__305071285512050,174,82,Japan,2,4,57,34.888,137.059,82.4145908578099,3.6190890640710873
Japan__305071285512080,173,82,Japan,2,4,57,35.055,137.214,99.94598670305798,5.715830229650023
Japan__305071285512090,82,42,Japan,0,4,57,34.95,137.177,94.04238044866409,9.521138361557716
Japan__305071285520060,114,54,Japan,1,4,57,35.27,137.479,113.41018762411886,31.96548035022231
Japan__305091285506040,97,49,Japan,0,4,57,35.598,136.42,50.18405121377395,39.664890481039016
Japan__305101285514010,161,76,Japan,2,4,57,34.849,136.444,26.265950619194573,5.175215965941972
Japan__305101285514030,162,77,Japan,2,4,57,34.902,136.594,40.95822172241784,2.0097998541510993
Japan__305101285514050,150,72,Japan,1,4,57,34.882,136.484,30.702956478886144,5.175215965941972
Japan__305101285514060,164,78,Japan,2,4,57,34.92,136.596,41.7153631550272,2.0097998541510993
Japan__305111285514010,166,79,Japan,2,4,57,34.645,136.408,24.566059216531713,3.30662615183693
Japan__305111285514060,141,68,Japan,1,4,57,34.674,136.416,24.50351630113104,3.30662615183693
Japan__305111285514090,165,78,Japan,2,4,57,34.62,136.453,29.36753369513829,6.892758523222202
Japan__305121285514010,166,79,Japan,2,4,57,34.505,136.54,32.25641266445866,11.484097632722188
Japan__305121285521030,122,60,Japan,1,1,97,34.381,136.222,32.25641266445866,29.4101558105658
Japan__305131285514010,159,76,Japan,1,4,57,34.464,136.655,40.77457651638431,11.484097632722188
Japan__306021286614020,285,129,Japan,4,1,97,34.347,135.692,73.5083245336406,7.997450541686172
Japan__306021286614040,265,121,Japan,4,1,97,34.315,135.614,81.50537992893467,7.997450541686172
Japan__306021286614070,288,131,Japan,4,1,97,34.293,135.523,90.0779094897014,14.836555753374515
Japan__306021286614100,226,98,Japan,3,1,97,34.248,135.371,104.83659395488702,3.4418937370371894
Japan__306021286614200,260,119,Japan,3,1,97,34.218,135.327,109.92472982157857,2.2689566303924082
Japan__306021286614210,69,37,Japan,0,1,97,34.237,135.336,108.26871517549041,2.2689566303924082
Japan__306031286607010,358,161,Japan,4,1,97,34.598,135.769,58.70461325545987,2.2011411064155526
Japan__306031286607030,359,161,Japan,4,1,97,34.598,135.709,64.1749377126419,2.649036796805881
Japan__306031286607040,241,111,Japan,3,1,97,34.586,135.684,66.5781977612142,2.649036796805881
Japan__306031286607070,197,91,Japan,2,1,97,34.59,135.498,83.49744370156438,11.590012560682268
Japan__306031286607090,242,110,Japan,3,1,97,34.625,135.791,56.49303116142311,5.7900929619815384
Japan__306031286607100,201,92,Japan,2,1,97,34.584,135.752,60.41413283166185,2.2011411064155526
Japan__306031286607130,349,157,Japan,4,1,97,34.569,135.622,72.42990360868001,5.982789677335304
Japan__306041286603120,124,61,Japan,1,1,97,34.935,135.918,48.91788258778482,11.306152559768233
Japan__306041286603180,71,38,Japan,0,1,97,35.062,136.008,42.97604288662576,16.328767685978498
Japan__306041286603210,94,48,Japan,0,4,57,35.402,136.233,30.871615819462143,30.871615819462143
Japan__306041286606010,149,71,Japan,1,1,97,34.895,135.804,58.60931748392199,4.803781095433724
Japan__306041286606040,156,74,Japan,1,1,97,34.928,135.77,62.09951787173661,3.4660989564622886
Japan__306041286606060,146,70,Japan,1,1,97,34.896,135.718,66.43670961363777,3.675832991499058
Japan__306041286606080,330,148,Japan,4,1,97,34.868,135.67,70.653333304389,5.372524901257309
Japan__306041286606090,167,79,Japan,2,1,97,34.814,135.633,73.21628110365151,2.40625992109053
Japan__306041286606190,156,74,Japan,1,1,97,34.759,135.869,50.877611863859855,20.07464530396104
Japan__306041286606310,149,71,Japan,1,1,97,35.028,135.648,67.48179645499937,3.3368213565458413
Japan__306041286606320,149,71,Japan,1,1,97,35.012,135.679,66.43819149641634,3.3368213565458413
Japan__306041286606340,137,66,Japan,1,1,97,34.927,135.732,65.51801869517561,3.4660989564622886
Japan__306041286606370,139,67,Japan,1,1,97,34.964,135.761,63.581455611556436,4.086203295807568
Japan__306041286606440,126,58,Japan,1,1,97,34.829,135.614,75.27130043306293,2.40625992109053
Japan__306041286608010,350,157,Japan,4,1,97,34.906,135.37,95.9032708057112,4.462828219398994
Japan__306041286608020,359,161,Japan,4,1,97,34.872,135.396,95.65387148152125,4.462828219398994
Japan__306041286608060,332,149,Japan,4,1,97,34.767,135.43,90.42356173908385,2.147531072796015
Japan__306041286608070,330,149,Japan,4,1,97,34.763,135.453,88.28036387108396,2.147531072796015
Japan__306041286617010,352,158,Japan,4,1,97,34.712,136.152,24.50351630113104,6.9429569525144705
Japan__306041286617040,27,18,Japan,0,1,97,34.759,136.116,29.003239044790025,4.4360207274788985
Japan__306041286617090,299,135,Japan,4,1,97,34.774,136.161,25.82170320259578,3.114796925990532
Japan__306041286617110,256,117,Japan,3,1,97,34.802,136.162,26.265950619194573,3.114796925990532
Japan__306041286617140,357,160,Japan,4,1,97,34.619,136.082,29.966591056066356,12.162392774141226
Japan__306051286611020,221,102,Japan,3,1,97,35.063,135.008,117.47284726815514,3.746646087529695
Japan__306051286611030,240,110,Japan,3,1,97,34.964,134.972,118.92520576055918,13.545237496408966
Japan__306051286611050,239,110,Japan,3,1,97,34.837,134.921,110.54200191239688,2.8769348105464227
Japan__306051286611080,121,59,Japan,1,1,97,35.082,135.042,113.86268429610573,3.746646087529695
Japan__306051286611090,142,68,Japan,1,1,97,34.879,134.95,114.23753573497652,5.095941858294267
Japan__306051286611100,203,88,Japan,2,1,97,34.857,134.901,109.29377356996548,2.8769348105464227
Japan__306051286611110,208,93,Japan,2,1,97,34.801,134.951,112.40274859414723,4.850161080588507
Japan__306061286611020,196,91,Japan,2,1,97,35.1,134.582,92.64437645562249,8.684285541727064
Japan__306061286611030,194,90,Japan,2,1,97,34.998,134.553,85.56205514097226,8.64358217600738
Japan__306061286611040,220,102,Japan,3,1,97,34.866,134.549,78.95479019312522,1.9906540106770505
Japan__306061286611050,222,102,Japan,3,1,97,34.804,134.56,77.71030920265595,5.460770410418896
Japan__306061286611070,197,85,Japan,2,1,97,34.921,134.54,80.61213870539326,7.871759268234409
Japan__306061286611090,67,29,Japan,0,1,97,34.853,134.564,79.73341834651603,1.9906540106770505
Japan__306061286611120,104,52,Japan,1,1,97,35.208,134.62,101.62242462740649,4.004048699303741
Japan__306061286611130,77,41,Japan,0,1,97,35.172,134.619,99.45801201480246,4.004048699303741
Japan__306071286601080,214,99,Japan,3,4,57,36.102,136.208,77.90202240339202,11.207836144608493
Japan__306071286601130,256,117,Japan,3,4,57,36.008,136.163,66.73811573685761,11.207836144608493
Japan__306071286601160,254,116,Japan,3,4,57,36.021,136.289,72.87954034716942,11.581648531158912
Japan__306071286619060,115,57,Japan,1,4,57,35.972,136.63,88.17486629723385,7.894846030533218
Japan__306071286619110,331,149,Japan,4,4,57,35.938,136.553,80.48717089498786,7.894846030533218
Japan__306081286601010,221,102,Japan,3,1,97,35.448,135.897,30.871615819462143,23.710398787004042
Japan__306081286601030,258,118,Japan,3,1,97,35.493,135.781,42.17602871051027,20.87279635450173
Japan__306091286605010,354,159,Japan,4,1,97,35.301,135.266,88.41550701587332,10.319437093974495
Japan__306091286605020,299,135,Japan,4,1,97,35.311,135.171,96.83916210615712,4.210942245871549
Japan__306091286605030,349,156,Japan,4,1,97,35.306,135.125,101.04911489830229,4.210942245871549
Japan__306091286605040,193,89,Japan,2,1,97,35.343,135.111,101.94136237386405,4.305803995895829
Japan__306091286605050,141,67,Japan,1,1,97,35.382,135.155,97.74235802637686,5.8928476276541035
Japan__306091286605110,115,56,Japan,1,1,97,35.272,135.158,98.5771039887203,4.494244257139188
Japan__306091286605200,58,32,Japan,0,1,97,35.322,135.686,50.39365905475628,20.87279635450173
Japan__306101286610010,95,48,Japan,0,1,97,35.338,134.859,124.78511342507606,9.325459121544554
Japan__306101286610020,300,135,Japan,4,1,97,35.418,134.789,123.12606382125963,5.558368465940207
Japan__306101286610050,327,147,Japan,4,1,97,35.482,134.799,124.66258988085909,6.595907454451267
Japan__306101286610120,58,32,Japan,0,1,97,35.32,134.61,106.17467165743884,12.486881949870869
Japan__306101286610130,191,89,Japan,2,1,97,35.372,134.765,120.71046207662808,5.558368465940207
Japan__306101286610160,324,146,Japan,4,1,97,35.463,134.868,123.85595185179794,6.595907454451267
Japan__306101286610180,305,138,Japan,4,1,97,35.548,134.786,124.57563778133871,7.432587502394915
Japan__307011287701010,158,75,Japan,1,1,97,35.274,134.223,70.8087672544936,7.797677216413352
Japan__307011287701020,167,79,Japan,2,1,97,35.342,134.202,69.65224154271208,6.869600281664844
Japan__307011287701040,174,82,Japan,2,1,97,35.414,134.203,70.1646494009344,1.5779476075000864
Japan__307011287701050,174,82,Japan,2,1,97,35.5,134.215,72.89066937689769,8.84842375038396
Japan__307011287701080,75,39,Japan,0,1,97,35.348,134.398,87.34865187395546,15.223488250276542
Japan__307011287701090,171,81,Japan,2,1,97,35.403,134.214,71.03517615948427,1.5779476075000864
Japan__307011287701110,155,74,Japan,1,1,97,35.458,134.298,79.3476971810785,8.84842375038396
Japan__307021287702010,151,72,Japan,1,1,97,35.332,133.838,36.66652860701963,10.979366739197417
Japan__307021287702020,174,82,Japan,2,1,97,35.442,133.846,38.93495064096978,5.4124522621051625
Japan__307021287702060,171,81,Japan,2,1,97,35.409,133.898,42.70387399501723,5.9719966663127915
Japan__307021287702110,172,81,Japan,2,1,97,35.431,133.809,35.3750031339164,1.8577613744518107
Japan__307021287702120,146,70,Japan,1,1,97,35.428,133.745,29.73558727848116,5.80830063033237
Japan__307021287702130,175,82,Japan,2,1,97,35.423,133.791,33.56483721023255,1.8577613744518107
Japan__307031287703010,174,82,Japan,2,0,15,35.191,133.332,45.8137197754093,7.617233954059209
Japan__307031287703020,174,82,Japan,2,0,15,35.244,133.444,34.11885150304447,11.045646818386345
Japan__307031287703030,174,82,Japan,2,0,15,35.343,133.434,29.73558727848116,9.657045463201543
Japan__307031287703080,174,82,Japan,2,0,15,35.238,133.271,47.90806112887966,7.617233954059209
Japan__307031287703150,174,82,Japan,2,0,15,35.338,133.324,39.456849712783885,8.410553615633166
Japan__307031287703160,174,82,Japan,2,0,15,35.407,133.362,34.785288460629516,8.410553615633166
Japan__307051287707010,176,82,Japan,2,0,15,34.95,132.641,113.53427635148161,7.715722618757113
Japan__307051287707030,174,82,Japan,2,0,15,34.996,132.504,122.54903784216238,11.972533560503923
Japan__307051287707040,139,67,Japan,1,0,15,34.956,132.382,134.51698857006812,5.45124418573423
Japan__307051287707060,164,73,Japan,2,0,15,34.968,132.324,138.8790653719673,5.45124418573423
Japan__307051287711020,174,82,Japan,2,0,15,34.665,132.715,111.84365842558002,9.30553689536634
Japan__307051287711040,144,62,Japan,1,0,15,34.728,132.782,104.98153951140502,8.362842091495168
Japan__307051287711070,174,82,Japan,2,0,15,34.791,132.832,100.08268372662322,3.2391913553081477
Japan__307051287711100,174,82,Japan,2,0,15,34.888,132.679,114.00259344271045,7.715722618757113
Japan__307051287711120,174,82,Japan,2,0,15,34.802,132.883,95.41604284737033,4.8148389535244895
Japan__307051287711130,174,82,Japan,2,0,15,34.863,133.012,83.90834850486617,13.588065723923728
Japan__307051287711160,174,82,Japan,2,0,15,34.817,132.848,98.62250097628069,3.2391913553081477
Japan__307051287711170,174,82,Japan,2,0,15,34.83,132.805,102.57782119147778,4.182827269668647
Japan__307051287716010,99,50,Japan,0,0,15,34.677,132.57,124.8272679167534,13.327254525932876
Japan__307061287707010,169,80,Japan,2,0,15,34.533,131.858,133.8872105827004,2.693659969692564
Japan__307061287707020,174,82,Japan,2,0,15,34.547,131.834,133.12319360839953,2.693659969692564
Japan__307061287707030,175,82,Japan,2,0,15,34.608,131.798,135.00376244002075,2.420670004426182
Japan__307061287707040,174,82,Japan,2,0,15,34.677,131.823,141.89261742248777,7.228249129576782
Japan__307061287707060,177,81,Japan,2,0,15,34.612,131.824,137.07732493707823,2.420670004426182
Japan__307071287715010,161,77,Japan,2,0,15,34.233,131.662,100.43826672460983,4.9475726912988796
Japan__307071287715020,173,82,Japan,2,0,15,34.189,131.654,97.04093538952617,4.9475726912988796
Japan__307071287715040,168,79,Japan,2,0,15,34.104,131.596,87.23205615085313,10.854529516450642
Japan__307071287715090,174,82,Japan,2,0,15,34.148,131.736,100.71578195709606,8.814658542537016
Japan__307081287717010,157,75,Japan,1,0,15,34.274,132.134,129.28265416689962,32.52378476907864
Japan__307091287712010,166,78,Japan,2,0,15,34.58,132.21,158.9507832532374,2.121806319275145
Japan__307091287712020,166,76,Japan,2,0,15,34.574,132.232,157.0738737962776,2.121806319275145
Japan__307091287712030,173,82,Japan,2,0,15,34.608,132.32,148.51897058162746,6.149733681549087
Japan__307091287712050,173,81,Japan,2,0,15,34.512,132.505,134.01192293424805,1.1016804983432222
Japan__307091287712080,216,100,Japan,3,0,15,34.462,132.492,136.6245672235797,4.424749620036984
Japan__307091287712130,149,71,Japan,1,0,15,34.525,132.316,150.5471374527264,9.236443641636678
Japan__307091287712140,162,76,Japan,2,0,15,34.572,132.371,144.58187275342172,6.149733681549087
Japan__307091287712160,183,86,Japan,2,0,15,34.483,132.533,132.36684071072915,3.186671517119261
Japan__307091287712190,166,79,Japan,2,0,15,34.508,132.516,133.14537854735323,1.1016804983432222
Japan__307091287712210,150,71,Japan,1,0,15,34.458,132.477,138.0693908580729,5.837922048545542
Japan__307091287714010,165,78,Japan,2,0,15,34.665,132.302,149.33207328329922,6.54855451484842
Japan__307101287710010,174,82,Japan,2,0,15,34.599,133.187,71.2985526313719,8.024504319575776
Japan__307101287710020,172,81,Japan,2,0,15,34.564,133.236,68.4586521490992,3.9741409591347407
Japan__307101287710080,152,72,Japan,1,0,15,34.555,133.278,65.33771105615192,3.9741409591347407
Japan__307101287710100,133,65,Japan,1,0,15,34.543,133.381,57.55538013079947,3.313565411918028
Japan__307101287710110,173,81,Japan,2,0,15,34.52,133.358,60.52521804500337,2.7301511866120296
Japan__307101287710120,169,80,Japan,2,0,15,34.486,133.339,63.72387043701232,4.162267989973422
Japan__307101287718030,157,75,Japan,1,0,15,34.532,133.332,62.06881477360109,2.7301511866120296
Japan__307101287718040,132,64,Japan,1,0,15,34.635,133.111,76.86755605039083,8.024504319575776
Japan__307111287708010,164,78,Japan,2,0,15,34.805,133.616,28.495088137981668,11.636548176476557
Japan__307111287708020,174,82,Japan,2,0,15,34.715,133.681,24.42149959603081,9.921657691395838
Japan__307111287708050,174,82,Japan,2,0,15,34.608,133.744,24.88825154600263,3.677038308598012
Japan__307111287708130,29,20,Japan,0,0,15,34.652,133.393,51.5535058414246,9.822355362508304
Japan__307111287708140,148,71,Japan,1,0,15,34.597,133.477,46.95179150820946,9.822355362508304
Japan__307111287708170,175,82,Japan,2,0,15,34.63,133.714,25.87041365795038,3.677038308598012
Japan__307121287708010,174,82,Japan,2,1,97,34.742,133.962,24.88825154600263,6.624933542117266
Japan__307121287708070,171,81,Japan,2,1,97,34.799,133.928,24.42149959603081,7.058059964138311
Japan__307121287708170,149,71,Japan,1,1,97,34.735,134.034,30.04588894462504,5.558484467733465
Japan__307131287708010,174,82,Japan,2,1,97,35.056,133.995,44.4152011401504,12.879326805267986
Japan__307131287708030,169,80,Japan,2,1,97,34.954,134.062,43.76599325490089,4.983983666666957
Japan__307131287708040,170,80,Japan,2,1,97,34.921,134.099,44.505485042477986,4.983983666666957
Japan__307131287708050,173,82,Japan,2,1,97,34.875,134.105,42.60881281494805,5.144152454982285
Japan__307131287708060,174,82,Japan,2,1,97,34.792,134.111,39.29679809005174,4.5284493770596415
Japan__307131287708090,174,82,Japan,2,1,97,34.712,134.088,33.52097292573588,5.558484467733465
Japan__307131287708130,174,82,Japan,2,1,97,34.805,134.158,43.72668663510115,4.5284493770596415
Japan__307131287708220,114,52,Japan,1,1,97,35.046,134.261,64.4494669666142,20.273512170365322
Japan__308011288805010,105,52,Japan,1,0,15,33.783,132.874,133.31262449473832,33.74482356421372
Japan__308041288808010,174,82,Japan,2,0,15,33.574,133.173,132.12472714927543,3.7817620183617087
Japan__308041288808020,174,82,Japan,2,0,15,33.552,133.413,114.08227204523618,22.371665015049494
Japan__308041288808060,148,71,Japan,1,0,15,33.608,133.172,130.53179820606852,3.7817620183617087
Japan__308041288808070,157,75,Japan,1,0,15,33.608,133.298,120.10780063598528,11.668610245886946
Japan__308051288808020,174,82,Japan,2,0,15,33.568,133.682,93.00469410604926,47.16237634211496
Japan__308071288801010,173,82,Japan,2,0,15,34.045,134.052,37.410279695606164,37.410279695606164
Japan__308071288801020,174,82,Japan,2,1,97,34.108,134.451,37.410279695606164,37.410279695606164
Japan__309011289902010,345,155,Japan,4,2,104,33.554,130.732,100.545060073389,8.950828369679252
Japan__309011289902030,339,152,Japan,4,2,104,33.661,130.689,97.1420514547198,4.846683581104667
Japan__309011289902040,326,147,Japan,4,2,104,33.74,130.73,89.57109695270915,0.8263214695748771
Japan__309011289902060,46,26,Japan,0,2,104,33.792,130.711,88.69909040531802,4.177241577786046
Japan__309011289902090,313,141,Japan,4,2,104,33.619,130.675,100.69810245773316,4.846683581104667
Japan__309011289902130,157,74,Japan,1,2,104,33.649,130.812,88.30726523315023,1.8903137560963215
Japan__309011289902150,312,141,Japan,4,2,104,33.733,130.733,89.68252611513239,0.8263214695748771
Japan__309011289902160,317,143,Japan,4,2,104,33.666,130.812,87.23205615085313,1.8903137560963215
Japan__309011289902170,218,99,Japan,3,2,104,33.632,130.793,90.83551980161545,2.5820487979465385
Japan__309011289902190,333,143,Japan,4,2,104,33.724,130.673,95.07715626624702,5.638227495504146
Japan__309011289902210,151,71,Japan,1,2,104,33.811,130.672,91.23623864849041,4.177241577786046
Japan__309021289903010,127,62,Japan,1,2,104,33.268,129.963,177.39425327325685,10.432213934002188
Japan__309021289903040,329,148,Japan,4,2,104,33.366,130.004,168.5381397160987,1.766942682919032
Japan__309021289903100,345,155,Japan,4,2,104,33.352,130.013,168.5887541603244,1.766942682919032
Japan__309041289903130,326,147,Japan,4,2,104,33.276,130.148,162.55267851240146,8.100195502981379
Japan__309051289903010,351,158,Japan,4,2,104,33.33,130.268,149.9769048925832,7.141389246210959
Japan__309051289903060,254,116,Japan,3,2,104,33.272,130.235,156.25125355390136,7.141389246210959
Japan__309061289901060,174,82,Japan,2,2,104,33.347,130.833,109.8379151328897,4.124805296652916
Japan__309061289901110,174,82,Japan,2,2,104,33.364,130.753,113.34608453145074,4.143038696025385
Japan__309061289901130,174,82,Japan,2,2,104,33.353,130.632,122.15044989730215,11.30426164178529
Japan__309061289901330,174,82,Japan,2,2,104,33.298,130.964,107.00618006807638,2.7211627691991214
Japan__309061289901360,168,79,Japan,2,2,104,33.33,130.934,105.62193494382683,4.5201998186711805
Japan__309061289901400,174,82,Japan,2,2,104,33.342,130.789,112.91324765739108,4.124805296652916
Japan__309061289901410,174,82,Japan,2,2,104,33.381,130.661,118.05529453855324,8.74977244132103
Japan__309061289901430,166,78,Japan,2,2,104,33.381,130.634,119.89548608103205,11.210880915822985
Japan__309061289901450,174,82,Japan,2,2,104,33.342,130.692,119.03322873883047,6.1713017128685355
Japan__309061289901510,174,82,Japan,2,2,104,33.377,130.552,125.90998304327132,16.586081435748845
Japan__309061289901580,174,82,Japan,2,2,104,33.313,130.367,143.7329901910815,5.135120365222831
Japan__309061289901650,148,71,Japan,1,2,104,33.318,130.388,141.8559222713888,7.047770054360456
Japan__309061289904070,115,57,Japan,1,2,104,33.284,130.324,148.86760353645118,5.135120365222831
Japan__309061289920010,174,82,Japan,2,2,104,33.183,131.033,114.90838959903229,6.996605443545796
Japan__309061289920030,103,52,Japan,1,2,104,33.23,130.983,112.5296429890402,5.68416050953361
Japan__309061289920040,103,52,Japan,1,2,104,33.275,130.954,109.65965316683375,2.7211627691991214
Japan__309061289920050,103,52,Japan,1,2,104,33.133,130.943,123.74757354845366,2.9400976800180643
Japan__309061289920070,103,52,Japan,1,2,104,33.11,130.962,125.15401232300482,1.1028827378155268
Japan__309061289920080,101,51,Japan,1,2,104,33.118,130.969,124.06315718120013,1.1028827378155268
Japan__309071289901040,191,89,Japan,2,2,104,33.182,130.505,143.90951451038924,18.62962293514832
Japan__309081289911020,340,152,Japan,4,2,104,32.956,130.793,147.76522011911484,3.68615664569454
Japan__309081289911030,136,66,Japan,1,2,104,32.98,130.735,148.2826548071007,5.582765149367198
Japan__309081289911050,267,120,Japan,4,2,104,33.01,130.687,147.96039350034613,3.5476930704645664
Japan__309081289911060,179,84,Japan,2,2,104,33.023,130.624,150.19619422760792,5.417297426580394
Japan__309081289911080,250,112,Japan,3,2,104,32.938,130.583,160.086314310878,1.6017193310386655
Japan__309081289911110,142,61,Japan,1,2,104,32.987,130.807,144.12851197681948,3.68615664569454
Japan__309081289911120,303,136,Japan,4,2,104,32.933,130.733,152.82170553938946,6.1553298474503855
Japan__309081289911140,183,83,Japan,2,2,104,33.041,130.678,145.61634164473705,3.5476930704645664
Japan__309081289911160,125,59,Japan,1,2,104,32.931,130.568,161.53594413446942,1.6017193310386655
Japan__309091289908020,222,103,Japan,3,2,104,32.858,130.874,153.88042218477784,13.263703809517303
Japan__309101289908010,43,26,Japan,0,2,104,32.642,130.834,177.2969916886305,2.54994885733312
Japan__309101289908020,224,103,Japan,3,2,104,32.645,130.807,178.00771328548512,2.54994885733312
Japan__309101289908030,224,104,Japan,3,2,104,32.735,130.739,171.75069898285022,2.9725656204265185
Japan__309101289908060,80,42,Japan,0,2,104,32.721,130.874,167.74823105907168,5.095380410902875
Japan__309101289908070,65,35,Japan,0,2,104,32.701,130.825,171.6384252026093,5.095380410902875
Japan__309101289908100,224,104,Japan,3,2,104,32.759,130.753,168.77882162160168,2.9725656204265185
Japan__309101289908170,107,51,Japan,1,2,104,32.727,130.678,175.22304581637198,5.774817658477207
Japan__309121289918060,336,151,Japan,4,2,104,32.012,130.742,245.8548479336433,12.198569267697136
Japan__309121289918110,335,151,Japan,4,2,104,31.937,130.467,262.9416438298553,3.41775233334706
Japan__309121289918120,338,152,Japan,4,2,104,31.908,130.455,266.35143435034297,3.41775233334706
Japan__309121289918130,279,127,Japan,4,2,104,31.855,130.391,274.16880572664644,5.252407183699474
Japan__309121289918140,230,105,Japan,3,2,104,31.862,130.336,275.60478067679276,4.992239304963951
Japan__309121289918160,128,62,Japan,1,2,104,31.822,130.312,280.59367970332136,4.992239304963951
Japan__309121289918200,333,150,Japan,4,2,104,32.033,130.615,247.76045005144007,2.4506615749543768
Japan__309121289924020,236,109,Japan,3,2,104,32.015,130.6,250.1404340649762,2.4506615749543768
Japan__309131289919010,192,88,Japan,2,2,104,31.398,130.856,308.74583147737593,9.521093564057853
Japan__309131289919050,312,141,Japan,4,2,104,31.362,130.947,310.8785138848286,2.5636208469815664
Japan__309131289919060,241,110,Japan,3,2,104,31.362,130.974,310.3954486306374,2.5636208469815664
Japan__309131289919140,267,122,Japan,4,2,104,31.392,130.962,307.3319785006122,3.525006237609326
Japan__309141289916010,336,148,Japan,4,2,104,31.72,131.053,269.8897811960974,5.391231023867009
Japan__309141289916020,348,156,Japan,4,2,104,31.767,131.067,264.509003812413,5.391231023867009
Japan__309141289916050,348,156,Japan,4,2,104,31.86,131.113,253.55474740384545,11.217455662197438
Japan__309141289916060,342,154,Japan,4,2,104,31.954,131.301,240.6452965209269,6.131671050556377
Japan__309141289916080,351,157,Japan,4,2,104,31.953,131.399,239.884160840314,9.24661906893857
Japan__309141289916130,321,144,Japan,4,2,104,31.993,131.246,236.98784241137957,2.3886728170829143
Japan__309141289916160,313,141,Japan,4,2,104,32.002,131.269,235.70976867604494,2.3886728170829143
Japan__309151289916010,350,156,Japan,4,2,104,32.162,131.474,216.23908624304093,24.29076847360011
Japan__309181289913020,284,129,Japan,4,2,104,33.074,131.637,114.59371891773607,13.909435396310485
Japan__309181289913310,40,25,Japan,0,2,104,33.16,131.646,105.07002821003296,7.354272344748082
Japan__309191289913020,357,160,Japan,4,2,104,33.195,131.512,101.37479273684089,4.341572613140617
Japan__309191289913040,297,134,Japan,4,2,104,33.204,131.587,100.07890081042494,3.6531059921227165
Japan__309191289913100,358,160,Japan,4,2,104,33.215,131.55,98.94392348923095,3.6531059921227165
Japan__309191289913130,358,160,Japan,4,2,104,33.178,131.554,103.0398791542084,4.131013023405863
LamaHCE__1,166,79,LamaHCE,2,2,99,47.278,9.534,71.42022039795339,3.564000560665906
LamaHCE__10,292,133,LamaHCE,4,2,99,47.261,9.728,67.90506761490707,7.3772507747377
LamaHCE__100,166,79,LamaHCE,2,0,58,47.596,12.123,43.121769221361596,3.2409341823872486
LamaHCE__101,267,122,LamaHCE,4,0,58,47.675,12.261,54.23642481599046,4.926715621755789
LamaHCE__102,132,64,LamaHCE,1,0,58,47.644,12.214,50.265822253561396,4.756323520467204
LamaHCE__103,292,133,LamaHCE,4,0,58,47.458,12.394,65.2221380442374,7.293372816455703
LamaHCE__104,104,52,LamaHCE,1,0,58,47.45,12.318,59.909151831745326,10.463344896495892
LamaHCE__105,292,133,LamaHCE,4,0,58,47.523,12.407,64.90149762574767,1.0571244048364064
LamaHCE__106,292,133,LamaHCE,4,0,58,47.522,12.421,65.95847160796282,1.0571244048364064
LamaHCE__107,292,133,LamaHCE,4,0,58,47.523,12.446,65.07608455572863,1.880540399241414
LamaHCE__108,191,89,LamaHCE,2,0,58,47.666,12.42,56.26749738180576,2.0275882442328657
LamaHCE__109,141,68,LamaHCE,1,0,58,47.624,12.392,60.95145101243275,3.898307098878765
LamaHCE__11,208,97,LamaHCE,2,2,99,47.288,9.593,68.50151199909291,2.6643750250006515
LamaHCE__110,96,49,LamaHCE,0,0,58,47.659,12.395,58.119377189905386,2.0275882442328657
LamaHCE__111,292,133,LamaHCE,4,0,58,47.247,12.237,59.06860701976751,1.7021967649014176
LamaHCE__112,225,104,LamaHCE,3,0,58,47.133,12.286,59.79489223524378,11.646228780316033
LamaHCE__113,292,133,LamaHCE,4,0,58,47.235,12.251,59.6403342458921,1.379940630389367
LamaHCE__114,292,133,LamaHCE,4,0,58,47.241,12.267,60.99575900172959,1.379940630389367
LamaHCE__115,292,133,LamaHCE,4,0,58,47.25,12.327,65.61259115385481,4.638381982072661
LamaHCE__116,242,111,LamaHCE,3,0,58,47.28,12.381,70.53668977137208,7.8833895895077895
LamaHCE__117,292,133,LamaHCE,4,0,58,47.287,12.485,78.15845346346701,3.467623920319272
LamaHCE__118,292,133,LamaHCE,4,0,58,47.256,12.49,77.59739074752403,3.467623920319272
LamaHCE__119,188,88,LamaHCE,2,0,58,47.29,12.536,79.81935754727586,3.8610773294731295
LamaHCE__12,250,115,LamaHCE,3,2,99,47.31,9.579,66.72620008913815,2.6643750250006515
LamaHCE__120,200,93,LamaHCE,2,0,58,47.271,12.573,79.68202828115925,6.481461676456284
LamaHCE__121,292,133,LamaHCE,4,0,58,47.276,12.764,70.92168243115152,5.130065248985282
LamaHCE__122,292,133,LamaHCE,4,0,58,47.291,12.83,67.0275061522837,1.6747327373598289
LamaHCE__123,292,133,LamaHCE,4,0,58,47.173,12.817,75.01777094407987,11.508955877513447
LamaHCE__124,292,133,LamaHCE,4,0,58,47.276,12.832,68.13679188992947,1.6747327373598289
LamaHCE__125,292,133,LamaHCE,4,0,58,47.166,12.974,66.10790397657757,8.940229426844013
LamaHCE__126,292,133,LamaHCE,4,0,58,47.245,12.996,59.352230270480206,8.940229426844013
LamaHCE__127,267,122,LamaHCE,4,0,58,47.091,13.12,64.65957040326316,8.462995777067075
LamaHCE__128,292,133,LamaHCE,4,0,58,47.167,13.114,58.44204234890873,8.462995777067075
LamaHCE__129,158,75,LamaHCE,1,0,58,47.314,13.126,46.91542349613586,9.937893563875344
LamaHCE__13,216,100,LamaHCE,3,2,99,47.455,9.662,49.50812800536646,1.8805305192343702
LamaHCE__130,292,133,LamaHCE,4,0,58,47.241,13.202,47.88754423421818,9.937893563875344
LamaHCE__131,292,133,LamaHCE,4,0,58,47.577,13.391,18.30808999192281,4.318142999432463
LamaHCE__132,233,107,LamaHCE,3,0,58,47.559,13.34,21.9014464392204,4.318142999432463
LamaHCE__133,292,132,LamaHCE,4,0,58,47.587,13.188,26.64894428798808,1.9520482003239417
LamaHCE__134,292,132,LamaHCE,4,0,58,47.594,13.163,26.282540502496584,0.715207321125975
LamaHCE__135,291,132,LamaHCE,4,0,58,47.599,13.169,25.634351274564345,0.715207321125975
LamaHCE__136,158,75,LamaHCE,1,0,58,47.729,13.048,18.360331428430186,9.306563425949141
LamaHCE__137,292,133,LamaHCE,4,0,58,47.819,13.042,9.86902981936961,3.255605461786648
LamaHCE__138,216,100,LamaHCE,3,0,58,47.83,13.047,8.706094592200909,2.00289977393772
LamaHCE__139,292,132,LamaHCE,4,0,58,47.776,13.008,15.20681826705754,4.81463595616097
LamaHCE__14,292,133,LamaHCE,4,2,99,47.401,9.761,52.25885738244329,5.561781755108283
LamaHCE__140,152,72,LamaHCE,1,2,88,47.887,13.127,7.316655956159833,7.316655956159833
LamaHCE__141,292,133,LamaHCE,4,0,58,47.848,13.048,7.316655956159833,2.00289977393772
LamaHCE__142,292,133,LamaHCE,4,0,58,47.369,12.741,63.286489381838905,10.318209216537376
LamaHCE__143,292,133,LamaHCE,4,0,58,47.431,12.843,53.19984603454475,2.032650295545836
LamaHCE__144,292,133,LamaHCE,4,0,58,47.444,12.824,52.86706926536503,2.032650295545836
LamaHCE__145,292,133,LamaHCE,4,0,58,47.588,12.703,45.9426973193668,13.703529796410402
LamaHCE__147,266,122,LamaHCE,4,0,58,47.815,12.98,13.579908017960152,4.3706460878178675
LamaHCE__148,275,125,LamaHCE,4,2,88,47.982,13.01,7.248155906775938,7.248155906775938
LamaHCE__149,292,133,LamaHCE,4,0,58,47.943,12.932,7.248155906775938,0.34180008751094376
LamaHCE__15,283,129,LamaHCE,4,2,99,47.451,9.759,47.022977178349144,3.4416538501356584
LamaHCE__150,292,133,LamaHCE,4,2,88,48.035,12.936,5.59268645629767,5.59268645629767
LamaHCE__151,292,132,LamaHCE,4,0,58,48.0,12.882,5.59268645629767,5.59268645629767
LamaHCE__152,292,133,LamaHCE,4,2,88,48.004,13.123,15.753466132136543,1.422195850809442
LamaHCE__153,258,118,LamaHCE,3,2,88,48.011,13.107,15.061935165035216,1.422195850809442
LamaHCE__154,292,133,LamaHCE,4,2,88,48.08,13.15,21.82035836153216,5.893798834129693
LamaHCE__155,292,133,LamaHCE,4,2,88,48.056,13.359,32.73170719734027,8.839365048676614
LamaHCE__156,292,133,LamaHCE,4,2,88,48.02,13.253,24.475053683851094,2.3106453190570786
LamaHCE__157,292,132,LamaHCE,4,2,88,47.985,13.256,21.73355975262599,3.6984766440599786
LamaHCE__158,242,111,LamaHCE,3,2,88,48.011,13.225,22.414648391506514,2.3106453190570786
LamaHCE__159,209,97,LamaHCE,2,2,88,48.039,13.22,23.943309287902377,3.1355836544487308
LamaHCE__16,292,133,LamaHCE,4,2,99,47.451,9.7,48.66626605029121,1.4765002935004274
LamaHCE__160,292,133,LamaHCE,4,2,88,48.133,13.151,24.864933926444355,0.23444496244697338
LamaHCE__161,292,133,LamaHCE,4,2,88,48.135,13.152,25.056989302510214,0.23444496244697338
LamaHCE__162,292,133,LamaHCE,4,2,88,48.255,13.077,31.31332114078351,3.8360322005975567
LamaHCE__163,292,133,LamaHCE,4,2,88,48.136,13.432,42.91965898844871,4.7080568356207
LamaHCE__164,292,133,LamaHCE,4,2,88,48.179,13.349,39.991209527668936,11.399805187675152
LamaHCE__165,242,111,LamaHCE,3,2,88,48.254,13.233,38.42351115021132,3.231921260173313
LamaHCE__166,279,127,LamaHCE,4,2,88,48.249,13.19,35.90574885891664,3.231921260173313
LamaHCE__167,292,133,LamaHCE,4,2,88,48.283,13.208,39.69068335991873,3.717842682992457
LamaHCE__168,212,98,LamaHCE,2,2,88,48.234,13.481,51.51982313683402,1.9125992211799372
LamaHCE__169,292,133,LamaHCE,4,2,88,48.145,13.494,46.81843959697015,4.7080568356207
LamaHCE__17,149,71,LamaHCE,1,2,99,47.376,9.678,56.984739432470484,6.83884870921802
LamaHCE__170,292,133,LamaHCE,4,2,88,48.22,13.496,51.73529123180352,1.9125992211799372
LamaHCE__171,292,133,LamaHCE,4,2,88,48.276,13.457,52.55826051300519,4.453330306435638
LamaHCE__172,292,133,LamaHCE,4,2,88,48.316,13.46,55.43252899460461,4.453330306435638
LamaHCE__174,292,133,LamaHCE,4,2,88,48.239,13.613,60.34540113582887,8.92026306048496
LamaHCE__175,292,133,LamaHCE,4,2,88,48.307,13.639,65.71725394028725,8.746670334110174
LamaHCE__176,292,133,LamaHCE,4,2,88,48.38,13.584,67.03274100228694,0.7713129455929655
LamaHCE__177,292,133,LamaHCE,4,2,88,48.378,13.574,66.31852527179144,0.7713129455929655
LamaHCE__178,292,133,LamaHCE,4,2,88,48.404,13.58,68.5127966540553,2.6849718067630794
LamaHCE__179,292,133,LamaHCE,4,2,88,48.434,13.469,64.96394671897417,8.844725671055375
LamaHCE__18,292,133,LamaHCE,4,2,99,47.438,9.696,50.109271377092576,1.4765002935004274
LamaHCE__180,283,129,LamaHCE,4,2,88,48.554,13.777,90.30336485645294,12.313458771885784
LamaHCE__181,230,106,LamaHCE,3,2,88,48.576,13.941,78.01609715217195,7.203342233620153
LamaHCE__182,292,133,LamaHCE,4,2,88,48.46,13.93,83.13029718959136,9.783481912034766
LamaHCE__183,292,133,LamaHCE,4,2,88,48.702,13.849,82.23514927004516,15.556113294444609
LamaHCE__184,292,133,LamaHCE,4,2,88,48.607,14.027,71.02221013742844,4.186810525337442
LamaHCE__185,292,133,LamaHCE,4,2,88,48.575,14.057,69.85710853941538,3.458836147642968
LamaHCE__186,292,133,LamaHCE,4,2,88,48.546,14.04,72.06056686197049,3.458836147642968
LamaHCE__188,292,133,LamaHCE,4,2,88,48.226,13.741,66.49374130380264,5.46663259008178
LamaHCE__189,292,133,LamaHCE,4,2,88,48.237,13.833,72.64059556851875,6.8466392427534
LamaHCE__19,267,122,LamaHCE,4,2,99,47.466,9.681,47.77037749248385,1.8805305192343702
LamaHCE__190,292,133,LamaHCE,4,2,88,48.231,13.925,77.37506586700196,6.8466392427534
LamaHCE__191,292,133,LamaHCE,4,2,88,48.275,13.747,70.37552832378451,5.46663259008178
LamaHCE__192,292,133,LamaHCE,4,2,88,48.328,13.807,77.63309977934502,0.9250518045548034
LamaHCE__193,292,133,LamaHCE,4,2,88,48.323,13.817,77.79765187531248,0.9250518045548034
LamaHCE__194,292,133,LamaHCE,4,2,88,48.374,13.771,77.92826907538233,6.611767642505669
LamaHCE__195,292,133,LamaHCE,4,2,88,48.374,13.902,86.26016498831639,8.46266701574005
LamaHCE__196,263,120,LamaHCE,3,2,88,48.47,14.284,59.553025847777214,0.49510702080204744
LamaHCE__197,257,118,LamaHCE,3,2,88,48.468,14.278,60.04535517920671,0.49510702080204744
LamaHCE__198,292,133,LamaHCE,4,2,88,48.37,14.145,72.16450117228038,11.38101117413953
LamaHCE__199,292,133,LamaHCE,4,2,88,48.367,14.299,62.724066090578255,11.33711645343003
LamaHCE__2,292,133,LamaHCE,4,2,99,47.084,9.914,85.26842961481498,11.582107575192365
LamaHCE__20,292,133,LamaHCE,4,2,99,47.289,10.048,62.67563451239097,7.33377642087601
LamaHCE__200,292,133,LamaHCE,4,2,88,47.623,13.831,26.463977570277002,4.515699206628982
LamaHCE__201,292,133,LamaHCE,4,2,88,47.638,13.775,26.88713093742559,0.23467153068757599
LamaHCE__202,290,132,LamaHCE,4,2,88,47.64,13.774,27.090449665190732,0.23467153068757599
LamaHCE__203,287,130,LamaHCE,4,2,88,47.574,13.847,22.03421827820238,8.932032044879058
LamaHCE__204,292,133,LamaHCE,4,2,88,47.567,13.728,18.54625329744127,8.645575165509593
LamaHCE__205,292,133,LamaHCE,4,2,88,47.554,13.639,17.700273394721616,6.8977561478958265
LamaHCE__206,292,133,LamaHCE,4,2,88,47.616,13.636,18.875977891690773,6.8977561478958265
LamaHCE__207,292,133,LamaHCE,4,2,88,47.713,13.635,23.72374572043029,1.5035774452784088
LamaHCE__208,292,133,LamaHCE,4,2,88,47.726,13.495,18.30808999192281,8.734779175502897
LamaHCE__209,292,133,LamaHCE,4,2,88,47.722,13.62,23.541800805845504,1.5035774452784088
LamaHCE__21,292,133,LamaHCE,4,2,99,47.331,9.973,57.71192095832997,7.33377642087601
LamaHCE__210,283,129,LamaHCE,4,2,88,47.754,13.667,28.54010244173156,5.14896199534858
LamaHCE__211,292,133,LamaHCE,4,2,88,47.807,13.771,38.249263230280725,1.2286863560822288
LamaHCE__212,292,133,LamaHCE,4,2,88,47.817,13.778,39.38317312426102,1.2286863560822288
LamaHCE__213,292,133,LamaHCE,4,2,88,47.858,13.342,21.965163421986517,2.5585718300748703
LamaHCE__214,292,133,LamaHCE,4,2,88,47.823,13.25,15.174695708917577,7.069536693995926
LamaHCE__215,292,133,LamaHCE,4,2,88,47.835,13.343,22.06390015781048,2.5585718300748703
LamaHCE__216,292,133,LamaHCE,4,2,88,47.807,13.46,26.09106046685835,9.273682839870865
LamaHCE__217,292,133,LamaHCE,4,2,88,47.797,13.545,27.042861354156617,8.734779175502897
LamaHCE__218,292,133,LamaHCE,4,2,88,47.957,13.614,43.89837838039555,5.67875073740749
LamaHCE__219,292,133,LamaHCE,4,2,88,47.989,13.449,33.74624734278583,6.301217428208169
LamaHCE__22,292,133,LamaHCE,4,2,99,47.358,9.881,55.086535778286986,2.2021574473630023
LamaHCE__220,292,133,LamaHCE,4,2,88,48.029,13.509,39.804132319759084,6.301217428208169
LamaHCE__221,292,133,LamaHCE,4,2,88,48.008,13.61,45.49603668539819,0.6301401758099492
LamaHCE__222,292,133,LamaHCE,4,2,88,47.939,13.49,34.472820178536274,6.342687735388917
LamaHCE__223,292,133,LamaHCE,4,2,88,48.004,13.616,45.738798460057865,0.6301401758099492
LamaHCE__224,292,133,LamaHCE,4,2,88,48.013,13.665,49.49497458185944,4.12898569439815
LamaHCE__225,292,133,LamaHCE,4,2,88,48.002,13.691,50.879257992908556,5.009539105405112
LamaHCE__226,292,133,LamaHCE,4,2,88,47.977,13.747,51.82611961634689,5.009539105405112
LamaHCE__227,292,133,LamaHCE,4,2,88,48.089,13.845,65.10646863740273,0.9170386307832108
LamaHCE__228,292,133,LamaHCE,4,2,88,48.093,13.883,67.86984533588134,2.857190263214184
LamaHCE__229,292,133,LamaHCE,4,2,88,48.097,13.848,65.67589870880019,0.9170386307832108
LamaHCE__23,208,97,LamaHCE,2,2,99,47.375,9.896,53.085057136787725,2.2021574473630023
LamaHCE__230,292,133,LamaHCE,4,2,88,47.851,13.956,48.580057611126556,11.348592755926783
LamaHCE__231,292,133,LamaHCE,4,2,88,47.95,13.993,54.103789460867596,9.754114505005061
LamaHCE__232,292,133,LamaHCE,4,2,88,48.041,13.922,64.17879034514482,7.824786144948077
LamaHCE__233,292,133,LamaHCE,4,2,88,48.056,13.93,64.58809159209706,7.304075753576609
LamaHCE__234,292,133,LamaHCE,4,2,88,48.144,14.003,66.46488062753362,1.2586367405411703
LamaHCE__235,292,133,LamaHCE,4,2,88,48.136,14.015,65.20668532041591,1.2586367405411703
LamaHCE__236,292,133,LamaHCE,4,2,88,47.912,14.111,44.86089602185178,8.245871850142825
LamaHCE__237,292,133,LamaHCE,4,2,88,48.054,14.14,52.196899959264606,5.414310510576408
LamaHCE__238,212,98,LamaHCE,2,2,88,48.076,14.205,50.61751189088187,5.414310510576408
LamaHCE__239,292,133,LamaHCE,4,2,88,48.202,14.274,53.71605173078598,8.460152696470903
LamaHCE__24,292,133,LamaHCE,4,2,99,47.39,10.041,51.4494831441204,10.24536068628807
LamaHCE__240,292,133,LamaHCE,4,2,88,48.206,14.388,46.99342969776211,8.460152696470903
LamaHCE__241,292,133,LamaHCE,4,2,88,48.346,14.451,52.73975752871369,3.2041101900823388
LamaHCE__242,184,86,LamaHCE,2,2,88,48.37,14.475,53.42432393823453,3.2041101900823388
LamaHCE__243,292,133,LamaHCE,4,2,88,48.281,14.455,47.74517833241062,7.233720769959488
LamaHCE__244,292,133,LamaHCE,4,0,58,47.384,13.435,24.340470516137493,4.173921640810567
LamaHCE__245,292,133,LamaHCE,4,0,58,47.373,13.488,23.106698768090578,4.173921640810567
LamaHCE__246,225,104,LamaHCE,3,0,58,47.382,13.562,19.982138636272403,5.6611572594949635
LamaHCE__247,292,133,LamaHCE,4,0,58,47.358,13.719,22.608962538911126,4.912961879186426
LamaHCE__248,292,133,LamaHCE,4,0,58,47.401,13.704,17.700273394721616,4.912961879186426
LamaHCE__249,116,57,LamaHCE,1,2,88,47.518,14.093,24.74574410602904,1.3974888322220984
LamaHCE__25,166,79,LamaHCE,2,2,99,47.476,10.022,41.790373695949626,4.499068506759834
LamaHCE__250,292,133,LamaHCE,4,2,88,47.507,14.102,23.392596739905862,1.3974888322220984
LamaHCE__251,292,133,LamaHCE,4,2,88,47.529,14.156,22.824235402707437,4.735930455072498
LamaHCE__252,292,133,LamaHCE,4,2,88,47.555,14.259,16.154890252794623,4.076837274798871
LamaHCE__253,292,133,LamaHCE,4,2,88,47.551,14.313,12.337335623465394,4.076837274798871
LamaHCE__254,258,118,LamaHCE,3,3,33,47.584,14.47,12.337335623465394,12.337335623465394
LamaHCE__255,292,133,LamaHCE,4,3,33,47.607,14.755,28.547825625133356,19.008638331064823
LamaHCE__256,292,133,LamaHCE,4,3,33,47.744,15.314,50.26615081309408,8.13920963285223
LamaHCE__257,287,131,LamaHCE,4,3,33,47.678,15.18,43.480912114281956,12.42483643469946
LamaHCE__258,292,133,LamaHCE,4,3,33,47.668,14.992,32.33310943265511,14.120219939776842
LamaHCE__259,250,115,LamaHCE,3,3,33,47.731,14.648,13.938654998855114,21.092916387439004
LamaHCE__26,149,71,LamaHCE,1,2,99,47.466,9.964,42.69944298644825,4.499068506759834
LamaHCE__260,292,133,LamaHCE,4,2,88,47.856,14.662,13.932157221637981,11.087723966054288
LamaHCE__261,292,133,LamaHCE,4,2,88,47.913,14.54,21.78467764644205,11.087723966054288
LamaHCE__262,292,133,LamaHCE,4,2,88,47.889,14.463,22.3500737584615,13.070989787763285
LamaHCE__263,292,133,LamaHCE,4,2,88,48.028,14.424,34.37275402131028,2.1104040668153816
LamaHCE__264,292,133,LamaHCE,4,2,88,47.672,14.116,28.275452491077935,2.5847279547079305
LamaHCE__265,292,133,LamaHCE,4,2,88,47.695,14.121,28.91455926163765,2.0237920155564226
LamaHCE__266,292,133,LamaHCE,4,2,88,47.696,14.148,27.14960397026116,2.0237920155564226
LamaHCE__267,292,133,LamaHCE,4,2,88,47.77,14.177,30.14901393980478,2.74641811703406
LamaHCE__268,292,133,LamaHCE,4,2,88,47.672,14.342,13.702516139329296,5.897606102998046
LamaHCE__269,292,133,LamaHCE,4,2,88,47.725,14.339,18.49568163263946,3.886245120092025
LamaHCE__27,292,133,LamaHCE,4,2,99,47.506,9.918,38.42656405750439,4.390430835267696
LamaHCE__270,292,133,LamaHCE,4,2,88,47.729,14.303,20.406087451365142,3.1334838102311653
LamaHCE__271,292,133,LamaHCE,4,2,88,47.703,14.282,19.325084867048,3.290367605734561
LamaHCE__272,208,97,LamaHCE,2,2,88,47.756,14.315,22.37160868054821,3.1334838102311653
LamaHCE__273,292,133,LamaHCE,4,2,88,47.769,14.216,28.01438182474417,2.0612898012425456
LamaHCE__274,292,133,LamaHCE,4,2,88,47.786,14.205,29.967031134256235,2.0612898012425456
LamaHCE__275,292,133,LamaHCE,4,2,88,47.808,14.145,34.81402776070924,3.2288919461000964
LamaHCE__276,292,133,LamaHCE,4,2,88,47.833,14.167,35.78535203816058,3.2288919461000964
LamaHCE__277,292,133,LamaHCE,4,2,88,47.869,14.213,35.93222735927889,5.27312883532522
LamaHCE__278,292,133,LamaHCE,4,2,88,47.896,14.288,32.54630955712076,5.6622737617098124
LamaHCE__279,250,115,LamaHCE,3,2,88,47.92,14.221,38.18183333694807,5.6622737617098124
LamaHCE__28,292,133,LamaHCE,4,2,99,47.532,9.874,36.03862296597427,4.390430835267696
LamaHCE__280,292,133,LamaHCE,4,2,88,48.053,14.364,39.600192606263526,5.187668826419793
LamaHCE__281,292,133,LamaHCE,4,2,88,48.046,14.433,34.69511023196519,1.6504462280027559
LamaHCE__282,292,133,LamaHCE,4,2,88,48.048,14.455,33.38736227107996,1.6504462280027559
LamaHCE__283,292,133,LamaHCE,4,2,88,48.505,14.514,43.58512804993793,12.676435242506768
LamaHCE__284,292,133,LamaHCE,4,2,88,48.446,14.542,46.69259337531808,12.082663331869584
LamaHCE__285,262,120,LamaHCE,3,2,88,48.474,14.731,35.19953749222115,5.837478937854205
LamaHCE__286,292,133,LamaHCE,4,2,88,48.34,14.578,45.957682584058105,5.378689019157915
LamaHCE__287,292,133,LamaHCE,4,2,88,48.292,14.587,41.437885417613295,5.378689019157915
LamaHCE__288,292,133,LamaHCE,4,2,88,48.209,14.57,36.11414864945765,9.043002392813445
LamaHCE__289,292,133,LamaHCE,4,2,88,48.406,14.849,28.395571593503643,5.693853788715664
LamaHCE__29,292,133,LamaHCE,4,2,99,47.48,9.775,43.58210489959335,3.4416538501356584
LamaHCE__290,292,133,LamaHCE,4,2,88,48.439,14.79,31.48236265288773,5.693853788715664
LamaHCE__291,292,133,LamaHCE,4,2,88,48.211,14.692,29.542773084285837,9.043002392813445
LamaHCE__292,292,133,LamaHCE,4,2,88,48.215,14.787,25.740595482081243,14.057549760939049
LamaHCE__293,292,133,LamaHCE,4,2,88,48.205,15.012,12.803702548201837,12.803702548201837
LamaHCE__294,267,122,LamaHCE,4,3,33,47.863,15.04,28.211907377531386,9.297468085939514
LamaHCE__295,57,32,LamaHCE,0,3,33,47.855,15.052,29.098898499447863,9.601476655477502
LamaHCE__296,57,32,LamaHCE,0,3,33,47.815,14.938,21.09929206883547,9.297468085939514
LamaHCE__297,292,133,LamaHCE,4,3,33,47.894,14.84,13.932157221637981,7.027577451471357
LamaHCE__298,84,43,LamaHCE,0,3,33,47.948,14.889,18.17886836848773,7.027577451471357
LamaHCE__299,292,133,LamaHCE,4,2,88,48.06,14.711,18.17886836848773,15.337138823090156
LamaHCE__3,258,118,LamaHCE,3,2,99,47.137,9.847,79.79293368470711,3.9481636616320075
LamaHCE__30,292,133,LamaHCE,4,2,99,47.54,9.745,38.26575903706537,0.6846678800509189
LamaHCE__300,292,133,LamaHCE,4,2,88,48.114,14.901,11.925594793756561,11.925594793756561
LamaHCE__301,292,133,LamaHCE,4,3,33,47.817,15.306,44.72001568867672,4.049674472474666
LamaHCE__302,292,133,LamaHCE,4,3,33,47.852,15.291,41.125408770213895,2.9123293440660096
LamaHCE__303,292,133,LamaHCE,4,3,33,47.867,15.323,41.71991021220016,2.9123293440660096
LamaHCE__304,292,133,LamaHCE,4,3,33,47.936,15.134,26.305876055182466,1.6808995708974797
LamaHCE__305,292,133,LamaHCE,4,3,33,47.943,15.114,24.747254108330782,1.6808995708974797
LamaHCE__306,292,133,LamaHCE,4,3,33,47.978,15.197,26.699458134919972,3.3846327836051606
LamaHCE__307,69,36,LamaHCE,0,3,33,48.005,15.176,23.76109346298432,3.3846327836051606
LamaHCE__308,292,133,LamaHCE,4,3,33,48.014,14.959,11.925594793756561,11.925594793756561
LamaHCE__309,67,36,LamaHCE,0,3,33,48.051,15.033,12.05088062749568,11.80018970614047
LamaHCE__310,292,133,LamaHCE,4,3,33,48.13,15.143,12.803702548201837,5.573338834042889
LamaHCE__311,292,133,LamaHCE,4,3,33,48.172,15.184,13.268143464225568,5.573338834042889
LamaHCE__312,292,133,LamaHCE,4,2,88,48.318,15.135,14.482023115421454,15.517229302052913
LamaHCE__313,292,133,LamaHCE,4,3,33,48.243,15.295,14.482023115421454,14.113912765881047
LamaHCE__315,292,133,LamaHCE,4,3,33,48.107,15.275,22.34606638605167,9.891131692047644
LamaHCE__316,292,133,LamaHCE,4,3,33,48.12,15.342,26.23734622786064,10.396483870093459
LamaHCE__317,292,133,LamaHCE,4,3,33,48.206,15.287,16.783970822203994,10.396483870093459
LamaHCE__318,292,133,LamaHCE,4,3,33,47.961,15.385,38.77946852829465,6.260709864859334
LamaHCE__319,24,18,LamaHCE,0,3,33,48.016,15.403,35.838192807442255,6.260709864859334
LamaHCE__32,216,100,LamaHCE,3,2,99,47.541,9.736,38.46356545054097,0.6846678800509189
LamaHCE__320,292,133,LamaHCE,4,3,33,48.098,15.523,37.75065128386237,10.276543984291543
LamaHCE__321,292,133,LamaHCE,4,3,33,48.193,15.471,28.495414049988767,12.54807662129906
LamaHCE__322,283,129,LamaHCE,4,3,100,48.366,15.369,18.099636577999007,14.73148989335413
LamaHCE__324,43,26,LamaHCE,0,3,100,48.375,15.623,36.61722268038241,8.696214348036658
LamaHCE__325,292,133,LamaHCE,4,3,33,47.93,15.497,47.26330934386813,10.192610302863145
LamaHCE__326,275,125,LamaHCE,4,3,33,47.861,15.587,57.36801448783128,10.192610302863145
LamaHCE__327,84,43,LamaHCE,0,3,33,47.905,15.631,56.82771870678153,10.365763684373578
LamaHCE__328,292,133,LamaHCE,4,3,33,48.029,15.615,47.95381214570019,6.8753096787026715
LamaHCE__329,86,44,LamaHCE,0,3,33,48.005,15.818,61.46190314254351,7.181229905589874
LamaHCE__33,292,133,LamaHCE,4,2,99,47.209,10.141,72.4632214787814,0.33358477883463405
LamaHCE__330,292,133,LamaHCE,4,3,33,48.038,15.735,54.300325532259606,7.181229905589874
LamaHCE__331,292,133,LamaHCE,4,3,33,48.048,15.703,51.71746947869903,6.8753096787026715
LamaHCE__332,292,133,LamaHCE,4,3,33,48.148,15.651,42.63787119078078,10.370973793126934
LamaHCE__333,79,41,LamaHCE,0,3,100,48.285,15.714,42.98431654629127,10.627690599095068
LamaHCE__334,292,133,LamaHCE,4,2,88,48.51,15.047,11.839962910358743,11.839962910358743
LamaHCE__335,292,133,LamaHCE,4,3,100,48.61,15.17,14.338061641754809,12.53092099138615
LamaHCE__336,292,133,LamaHCE,4,3,100,48.612,15.181,15.029372614991946,12.59998578058422
LamaHCE__337,292,133,LamaHCE,4,3,100,48.5,15.207,11.839962910358743,11.43370236996062
LamaHCE__338,292,133,LamaHCE,4,3,100,48.561,15.332,21.736853784116626,11.43370236996062
LamaHCE__339,292,133,LamaHCE,4,3,100,48.631,15.625,44.60521665311518,3.4823851723617505
LamaHCE__34,292,133,LamaHCE,4,2,99,47.212,10.141,72.13506024774283,0.33358477883463405
LamaHCE__340,292,133,LamaHCE,4,3,100,48.678,15.645,47.78173924052871,5.176363112618329
LamaHCE__341,94,48,LamaHCE,0,3,100,48.635,15.672,48.0386650512328,3.4823851723617505
LamaHCE__342,292,133,LamaHCE,4,3,100,48.537,15.7,48.184198295100245,11.090019765420132
LamaHCE__343,292,133,LamaHCE,4,3,100,48.447,15.577,35.654563131201385,8.696214348036658
LamaHCE__344,283,129,LamaHCE,4,3,100,48.197,15.77,48.89752361991042,10.370973793126934
LamaHCE__345,292,133,LamaHCE,4,3,100,48.292,15.921,58.206500428782945,4.409115405726186
LamaHCE__346,291,132,LamaHCE,4,3,100,48.257,15.949,60.606975216720116,4.409115405726186
LamaHCE__347,258,118,LamaHCE,3,3,100,48.259,16.024,66.1003475270687,8.459823132709673
LamaHCE__348,292,133,LamaHCE,4,3,100,48.296,16.208,79.39623035536769,9.918107838771787
LamaHCE__349,292,133,LamaHCE,4,3,100,48.557,15.939,64.99295620526794,17.73317722954977
LamaHCE__35,292,133,LamaHCE,4,2,99,47.246,10.294,71.43123112676899,11.405883087958955
LamaHCE__350,292,133,LamaHCE,4,3,100,48.467,16.169,78.12291433284008,19.231238605484744
LamaHCE__352,271,124,LamaHCE,4,3,100,48.299,16.342,89.29128837062052,9.918107838771787
LamaHCE__354,208,97,LamaHCE,2,3,100,48.214,16.185,78.57545154284148,10.283340528604446
LamaHCE__355,292,133,LamaHCE,4,3,100,48.19,16.319,88.80667004365036,9.019627766000731
LamaHCE__356,283,129,LamaHCE,4,3,33,48.09,16.027,70.7997147536948,12.593498668278372
LamaHCE__357,292,133,LamaHCE,4,3,33,48.016,16.183,84.66589093619167,8.67924431589804
LamaHCE__358,124,60,LamaHCE,1,3,33,48.019,16.32,93.95793200792765,7.648874693191909
LamaHCE__359,292,133,LamaHCE,4,3,33,47.982,16.078,79.30931683462923,8.67924431589804
LamaHCE__36,292,133,LamaHCE,4,2,99,47.372,10.539,66.64847708178151,2.515005824480894
LamaHCE__360,292,133,LamaHCE,4,3,33,47.932,16.187,89.10105666300794,7.233818992217072
LamaHCE__361,292,133,LamaHCE,4,3,100,48.085,16.291,89.50515964671168,7.236896861354946
LamaHCE__363,282,128,LamaHCE,4,3,100,48.118,16.375,94.52252576126166,7.236896861354946
LamaHCE__364,292,133,LamaHCE,4,3,100,48.142,16.485,101.89228896113018,13.418433258257
LamaHCE__366,292,133,LamaHCE,4,3,33,47.878,15.897,74.80530168194198,15.201309194902969
LamaHCE__367,106,53,LamaHCE,1,3,33,47.881,16.033,82.51084052885861,11.88687909656426
LamaHCE__368,292,133,LamaHCE,4,3,33,47.867,16.191,93.09062333700979,7.207511388263513
LamaHCE__37,149,71,LamaHCE,1,2,99,47.387,10.564,66.40018017768723,2.515005824480894
LamaHCE__370,292,133,LamaHCE,4,3,33,47.936,16.345,99.3439596199427,9.414920288326392
LamaHCE__371,292,133,LamaHCE,4,3,100,48.105,16.625,112.91645283224946,15.871761851115076
LamaHCE__374,91,46,LamaHCE,0,3,100,48.394,16.516,102.3887237529346,9.192422613293589
LamaHCE__375,283,129,LamaHCE,4,3,100,48.229,16.731,118.52945108989331,13.814251994526733
LamaHCE__376,277,126,LamaHCE,4,3,100,48.19,16.908,132.03370945207567,13.814251994526733
LamaHCE__377,292,133,LamaHCE,4,2,88,48.619,14.513,36.73576962433277,12.676435242506768
LamaHCE__378,292,133,LamaHCE,4,3,100,48.758,14.967,28.196004431475945,4.026379939847976
LamaHCE__379,41,25,LamaHCE,0,3,100,48.877,15.095,40.960333741477804,2.4575810282800057
LamaHCE__38,292,133,LamaHCE,4,2,99,47.501,10.711,57.76984709256009,10.045745632341657
LamaHCE__380,66,35,LamaHCE,0,3,100,48.863,15.121,39.62591558832627,2.4575810282800057
LamaHCE__381,292,133,LamaHCE,4,3,100,48.773,15.017,29.32721659202129,4.026379939847976
LamaHCE__382,34,22,LamaHCE,0,3,100,48.895,15.044,42.81061283169637,4.232178089338612
LamaHCE__383,292,133,LamaHCE,4,3,100,48.743,15.268,30.57885382897683,15.905544564800433
LamaHCE__384,158,75,LamaHCE,1,3,100,48.891,15.286,45.852515360835326,2.262561690794497
LamaHCE__385,174,82,LamaHCE,2,3,100,48.896,15.316,47.24309031792834,2.262561690794497
LamaHCE__386,233,107,LamaHCE,3,3,100,48.879,15.483,52.03443885737689,4.069640258882552
LamaHCE__387,292,133,LamaHCE,4,3,100,48.847,15.51,50.593909287773585,3.618707599501694
LamaHCE__388,141,68,LamaHCE,1,3,100,48.815,15.501,47.55999175837627,3.618707599501694
LamaHCE__389,292,133,LamaHCE,4,3,100,48.854,15.877,71.94488949205746,5.798745493798429
LamaHCE__39,292,133,LamaHCE,4,2,99,47.555,10.652,54.24494572383588,7.621923017033572
LamaHCE__390,267,122,LamaHCE,4,3,100,48.708,15.863,63.90537123071401,15.265637349680098
LamaHCE__391,65,35,LamaHCE,0,3,100,48.711,16.071,78.53058498425045,15.265637349680098
LamaHCE__392,149,71,LamaHCE,1,3,100,48.732,16.352,99.04664613143851,9.803594895381282
LamaHCE__395,283,129,LamaHCE,4,3,100,48.591,16.505,105.49232578633581,19.289542407731247
LamaHCE__396,292,133,LamaHCE,4,3,100,48.577,16.88,131.8842414761001,15.345203751965222
LamaHCE__398,292,133,LamaHCE,4,3,100,48.434,16.625,110.80297867521206,9.192422613293589
LamaHCE__4,149,71,LamaHCE,1,2,99,47.133,10.062,80.04562000900631,10.347848978905184
LamaHCE__40,292,133,LamaHCE,4,2,99,47.393,11.266,26.718983468340713,0.46514173895394784
LamaHCE__401,292,133,LamaHCE,4,3,33,47.814,15.717,68.12259899542052,4.668762187632588
LamaHCE__402,292,133,LamaHCE,4,3,33,47.774,15.736,72.1090272437173,0.6725636429822429
LamaHCE__403,292,133,LamaHCE,4,3,33,47.774,15.745,72.6108222846287,0.6725636429822429
LamaHCE__404,292,133,LamaHCE,4,3,33,47.68,15.949,90.9885556184683,8.056843422101693
LamaHCE__405,292,133,LamaHCE,4,3,33,47.747,15.99,88.84454561179541,8.056843422101693
LamaHCE__406,292,133,LamaHCE,4,3,33,47.718,16.046,94.12650238732994,6.531839007795123
LamaHCE__407,272,124,LamaHCE,4,3,33,47.723,16.133,99.18979614160726,6.531839007795123
LamaHCE__408,292,133,LamaHCE,4,3,33,47.585,16.112,107.13629685735768,1.4936917412078872
LamaHCE__409,292,133,LamaHCE,4,3,33,47.593,16.096,105.64611508700004,1.4936917412078872
LamaHCE__41,242,111,LamaHCE,3,2,99,47.392,11.26,27.094406844644055,0.46514173895394784
LamaHCE__410,27,16,LamaHCE,0,3,33,47.639,16.141,105.06316397611103,2.7197016780819516
LamaHCE__411,258,118,LamaHCE,3,3,33,47.663,16.148,103.89516925373911,2.7197016780819516
LamaHCE__412,292,133,LamaHCE,4,3,33,47.729,16.224,104.15503083166612,6.8392591870005335
LamaHCE__413,279,127,LamaHCE,4,3,33,47.805,16.285,102.74906792006222,2.7911953671994625
LamaHCE__414,292,133,LamaHCE,4,3,33,47.859,16.336,102.77267855484337,7.10965033843331
LamaHCE__415,292,133,LamaHCE,4,3,33,47.823,16.232,98.35170565040619,2.650544047059452
LamaHCE__416,292,133,LamaHCE,4,3,33,47.827,16.267,100.27175778514143,2.650544047059452
LamaHCE__42,267,122,LamaHCE,4,2,99,47.367,11.115,36.78441392809633,7.422479653217749
LamaHCE__422,292,133,LamaHCE,4,3,33,47.941,16.488,108.8125904093767,10.666936774702556
LamaHCE__423,292,133,LamaHCE,4,3,100,48.05,16.955,138.17941208140755,15.86021371487703
LamaHCE__426,267,122,LamaHCE,4,3,100,47.948,17.104,151.79974527742806,15.86021371487703
LamaHCE__428,292,133,LamaHCE,4,3,33,47.452,16.43,134.96258131128056,7.478456646003113
LamaHCE__429,292,133,LamaHCE,4,3,33,47.435,16.544,142.8745869792077,3.485358523175391
LamaHCE__43,292,133,LamaHCE,4,2,99,47.412,10.913,52.715062947568946,13.013855877342833
LamaHCE__430,292,132,LamaHCE,4,3,33,47.502,16.522,137.12630326206695,7.631385899223795
LamaHCE__431,275,125,LamaHCE,4,3,33,47.743,16.432,115.7107104188513,8.605036274225055
LamaHCE__432,292,133,LamaHCE,4,3,33,47.798,16.513,117.6060078323914,5.3866248677829525
LamaHCE__433,292,133,LamaHCE,4,3,33,47.819,16.578,120.7255327646323,5.3866248677829525
LamaHCE__434,292,133,LamaHCE,4,3,33,47.855,16.65,123.74743308638084,6.701035752647159
LamaHCE__435,166,79,LamaHCE,2,3,33,47.6,16.615,136.0815562564331,12.940682585048076
LamaHCE__436,292,133,LamaHCE,4,3,33,47.253,15.521,93.01091145809144,0.6434630670092317
LamaHCE__437,283,129,LamaHCE,4,3,33,47.251,15.529,93.58856161416603,0.6434630670092317
LamaHCE__438,292,133,LamaHCE,4,3,33,47.175,15.626,104.76152836301526,3.784381903910259
LamaHCE__439,292,133,LamaHCE,4,3,33,47.182,15.675,106.78603585378552,3.3392724366553552
LamaHCE__44,292,133,LamaHCE,4,2,99,46.942,10.491,92.02379938660017,2.2830155021768115
LamaHCE__440,267,122,LamaHCE,4,3,33,47.152,15.677,109.27288434035142,3.3392724366553552
LamaHCE__441,208,97,LamaHCE,2,3,33,47.105,15.685,113.50473231033617,5.261088541410395
LamaHCE__442,292,133,LamaHCE,4,3,33,47.047,15.768,122.50495786350832,9.005489979965386
LamaHCE__443,292,133,LamaHCE,4,3,33,46.961,15.898,136.2149452919498,13.733979045063222
LamaHCE__444,208,97,LamaHCE,2,3,33,46.933,16.168,152.91373178341382,7.6634663971947745
LamaHCE__445,292,133,LamaHCE,4,3,33,47.387,16.014,113.96008491637431,11.855962506752965
LamaHCE__446,283,129,LamaHCE,4,3,33,47.328,16.061,120.21968978735353,4.42986178819822
LamaHCE__447,292,133,LamaHCE,4,3,33,47.296,16.096,124.28929989308172,4.42986178819822
LamaHCE__448,292,133,LamaHCE,4,3,33,47.213,16.099,129.41846751560752,9.231955839058141
LamaHCE__449,292,133,LamaHCE,4,3,33,47.316,15.839,106.75814017406674,2.430329253991632
LamaHCE__45,292,133,LamaHCE,4,2,99,46.956,10.513,90.19432677617938,2.2830155021768115
LamaHCE__450,287,131,LamaHCE,4,3,33,47.296,15.852,108.83661351611289,2.430329253991632
LamaHCE__451,292,133,LamaHCE,4,3,33,47.173,16.02,127.15538927002032,10.921362811510727
LamaHCE__452,292,133,LamaHCE,4,3,33,47.025,16.147,144.94824032656547,6.202003918648539
LamaHCE__453,232,107,LamaHCE,3,3,33,47.526,15.801,92.81286326847888,20.404865673790212
LamaHCE__454,292,133,LamaHCE,4,3,33,47.282,15.7,100.68678685912657,11.142858460561092
LamaHCE__455,292,133,LamaHCE,4,3,33,47.086,15.953,129.40627803820865,10.921362811510727
LamaHCE__456,291,132,LamaHCE,4,3,33,46.994,16.215,151.1130834082788,6.202003918648539
LamaHCE__457,242,111,LamaHCE,3,3,33,47.374,16.13,122.39327423710934,9.043737606530717
LamaHCE__458,292,132,LamaHCE,4,3,33,47.281,16.23,133.88655602789433,6.446018115886871
LamaHCE__459,174,82,LamaHCE,2,3,33,47.266,16.289,138.58867397915873,5.702948211224125
LamaHCE__46,292,133,LamaHCE,4,2,99,47.081,10.662,74.44492705742493,10.51182248410089
LamaHCE__460,292,132,LamaHCE,4,3,33,47.207,16.403,149.30244744308794,1.6018325233410307
LamaHCE__461,292,133,LamaHCE,4,3,33,47.317,16.297,136.48170366303788,5.702948211224125
LamaHCE__462,292,133,LamaHCE,4,3,33,47.232,16.392,147.22284373028364,2.9013512355424256
LamaHCE__463,233,107,LamaHCE,3,3,33,47.209,16.424,150.57588872638706,1.6018325233410307
LamaHCE__464,151,72,LamaHCE,1,3,33,47.063,16.473,162.20435423119935,4.188377947478535
LamaHCE__465,208,97,LamaHCE,2,3,33,47.14,16.197,140.12644193024414,3.639328560323826
LamaHCE__466,208,97,LamaHCE,2,3,33,47.133,16.244,143.48705484817862,3.639328560323826
LamaHCE__467,292,133,LamaHCE,4,3,33,47.065,16.335,153.47133386669836,8.051081776161379
LamaHCE__468,292,133,LamaHCE,4,3,33,47.037,16.433,161.33025412726883,4.188377947478535
LamaHCE__469,292,133,LamaHCE,4,3,33,47.505,16.315,124.53740640533117,10.46067327927442
LamaHCE__47,275,125,LamaHCE,4,2,99,46.902,10.737,74.26618881700736,8.410985825167957
LamaHCE__470,292,133,LamaHCE,4,3,33,47.413,16.511,142.42815736997804,3.485358523175391
LamaHCE__471,292,133,LamaHCE,4,0,58,47.107,13.494,50.89121371312522,11.332472443287037
LamaHCE__472,292,133,LamaHCE,4,0,58,47.101,13.609,44.785085484992344,2.61175186162986
LamaHCE__473,292,133,LamaHCE,4,0,58,47.097,13.643,42.469922464287606,2.61175186162986
LamaHCE__474,292,133,LamaHCE,4,0,58,47.131,13.795,32.06021867683494,1.4417811887043295
LamaHCE__475,292,133,LamaHCE,4,0,58,47.138,13.689,40.11068263044997,4.906860723924976
LamaHCE__476,292,133,LamaHCE,4,0,58,47.179,13.713,38.869242751215594,4.906860723924976
LamaHCE__477,191,89,LamaHCE,2,0,58,47.154,13.8,31.93059792247567,1.8313677940834892
LamaHCE__478,191,89,LamaHCE,2,0,58,47.171,13.812,31.35395666865196,3.5614498994760533
LamaHCE__479,292,132,LamaHCE,4,0,58,47.139,13.81,30.992137720609467,1.4417811887043295
LamaHCE__48,292,133,LamaHCE,4,2,99,47.126,10.256,83.38224967141565,12.923665348406065
LamaHCE__480,292,133,LamaHCE,4,0,58,47.081,13.821,30.274581244959286,5.225598922432768
LamaHCE__481,200,93,LamaHCE,2,0,58,47.073,13.889,25.31974045709859,5.225598922432768
LamaHCE__482,292,133,LamaHCE,4,3,33,47.114,14.218,25.31974045709859,6.196236239124105
LamaHCE__483,129,63,LamaHCE,1,3,33,47.147,14.284,31.004776420332423,6.196236239124105
LamaHCE__484,292,133,LamaHCE,4,3,33,47.214,14.549,41.47188234803619,2.9125725536571765
LamaHCE__485,74,39,LamaHCE,0,3,33,47.355,14.317,21.7962807264631,21.7962807264631
LamaHCE__486,292,133,LamaHCE,4,3,33,47.225,14.584,41.59622060446112,2.9125725536571765
LamaHCE__487,292,133,LamaHCE,4,3,33,47.189,14.761,52.521430928451004,5.7688695312926495
LamaHCE__488,242,111,LamaHCE,3,3,33,47.138,14.747,56.375531060802395,5.7688695312926495
LamaHCE__489,183,86,LamaHCE,2,3,33,47.255,14.763,47.22602558283779,13.06585119429928
LamaHCE__49,292,133,LamaHCE,4,2,99,46.977,10.199,98.63022813401584,17.12158657505962
LamaHCE__490,292,133,LamaHCE,4,3,33,47.392,14.914,48.509392567442156,19.015907595772305
LamaHCE__491,292,133,LamaHCE,4,3,33,47.398,15.042,57.3709387584455,18.423056385760198
LamaHCE__492,107,53,LamaHCE,1,3,33,47.731,15.495,61.42324243035024,11.298777089011681
LamaHCE__493,292,133,LamaHCE,4,3,33,47.66,15.603,72.72197748338901,11.298777089011681
LamaHCE__494,292,133,LamaHCE,4,3,33,47.529,15.482,71.33574844453369,5.572417911435863
LamaHCE__495,208,97,LamaHCE,2,3,33,47.479,15.477,74.03897961960362,5.572417911435863
LamaHCE__496,292,133,LamaHCE,4,3,33,47.476,15.263,61.73214475314334,4.86232701373502
LamaHCE__497,292,133,LamaHCE,4,3,33,47.434,15.281,65.97119593166653,1.060127485509353
LamaHCE__498,290,132,LamaHCE,4,3,33,47.429,15.269,65.7443402636755,1.060127485509353
LamaHCE__499,292,133,LamaHCE,4,3,33,47.413,15.291,68.17420462732109,2.429992540261818
LamaHCE__5,216,100,LamaHCE,3,2,99,47.155,9.802,78.26805504355572,3.9481636616320075
LamaHCE__50,292,133,LamaHCE,4,2,99,47.093,10.473,87.69568668932303,9.209263344256549
LamaHCE__500,292,133,LamaHCE,4,3,33,47.205,15.35,87.04550238809479,13.97170536446343
LamaHCE__501,242,111,LamaHCE,3,3,33,47.167,15.328,87.56803085862751,12.846535471437868
LamaHCE__503,200,93,LamaHCE,2,3,33,47.082,15.443,99.87857072363363,11.541995182106168
LamaHCE__504,216,100,LamaHCE,3,3,33,46.906,15.503,114.96760023767851,5.976641077509769
LamaHCE__505,292,133,LamaHCE,4,3,33,47.051,15.158,84.56338850899682,11.92345009523729
LamaHCE__506,174,82,LamaHCE,2,3,33,47.029,15.312,95.11022700246882,8.439250140563443
LamaHCE__507,292,133,LamaHCE,4,3,33,46.959,15.355,102.5546412357656,8.439250140563443
LamaHCE__508,191,89,LamaHCE,2,3,33,46.895,15.58,120.31204846813861,5.976641077509769
LamaHCE__509,292,133,LamaHCE,4,3,33,46.722,15.282,102.58802609510448,2.521183874972705
LamaHCE__51,292,133,LamaHCE,4,2,99,47.148,10.564,79.5224343521541,9.209263344256549
LamaHCE__510,292,133,LamaHCE,4,3,33,46.76,15.214,97.15196446116325,6.686117079788245
LamaHCE__511,183,86,LamaHCE,2,3,33,46.7,15.274,102.21141352064626,2.521183874972705
LamaHCE__512,283,129,LamaHCE,4,3,33,46.724,15.417,112.82977025690471,10.293050533652291
LamaHCE__513,283,129,LamaHCE,4,3,33,46.831,15.271,101.47085245403844,0.39628788570648
LamaHCE__514,225,104,LamaHCE,3,3,33,46.832,15.266,101.09487263278176,0.39628788570648
LamaHCE__515,225,104,LamaHCE,3,3,33,46.839,15.392,110.70245902185755,2.232369083108149
LamaHCE__516,216,100,LamaHCE,3,3,33,46.857,15.379,109.81372104717899,2.232369083108149
LamaHCE__517,208,97,LamaHCE,2,3,33,46.841,15.423,113.06742064622857,2.368372581226334
LamaHCE__518,292,133,LamaHCE,4,3,33,46.815,15.524,120.67166108002318,3.586265945303644
LamaHCE__519,292,133,LamaHCE,4,3,33,46.784,15.537,121.66594870579246,3.586265945303644
LamaHCE__52,292,133,LamaHCE,4,2,99,47.305,10.843,56.55577642830935,5.32804352643953
LamaHCE__520,292,133,LamaHCE,4,3,33,46.768,15.674,132.13651544756837,10.583447906624933
LamaHCE__521,292,133,LamaHCE,4,3,33,46.715,15.802,142.17472490679538,5.017049224555897
LamaHCE__523,292,133,LamaHCE,4,3,33,46.735,15.861,146.52506613605743,5.017049224555897
LamaHCE__524,141,68,LamaHCE,1,0,58,46.746,12.377,74.3708373265745,5.66547917145084
LamaHCE__525,208,97,LamaHCE,2,0,58,46.791,12.435,76.44587111159599,4.611697633468951
LamaHCE__526,292,133,LamaHCE,4,0,58,46.751,12.451,79.2620035963836,4.611697633468951
LamaHCE__527,208,97,LamaHCE,2,0,58,46.822,12.765,95.26587388086573,1.9849477516087257
LamaHCE__528,292,133,LamaHCE,4,0,58,47.019,12.341,63.797481408003186,0.46990908814457233
LamaHCE__529,292,133,LamaHCE,4,0,58,47.023,12.343,63.91052993827782,0.46990908814457233
LamaHCE__53,250,115,LamaHCE,3,2,99,47.223,10.758,63.59016939320737,10.02401923296187
LamaHCE__530,292,133,LamaHCE,4,0,58,46.998,12.531,78.36241280455661,2.655093439707795
LamaHCE__531,292,133,LamaHCE,4,0,58,47.128,12.456,72.53162222511111,3.320963911063435
LamaHCE__532,292,133,LamaHCE,4,0,58,47.122,12.499,75.72027960925895,3.320963911063435
LamaHCE__533,292,133,LamaHCE,4,0,58,46.98,12.554,80.32709054474843,2.655093439707795
LamaHCE__534,292,133,LamaHCE,4,0,58,46.922,12.516,78.5757187871475,7.064919582021792
LamaHCE__535,292,133,LamaHCE,4,0,58,47.03,12.636,86.0162125968257,0.22737649969856066
LamaHCE__536,292,133,LamaHCE,4,0,58,47.03,12.639,86.2432448171678,0.22737649969856066
LamaHCE__537,292,133,LamaHCE,4,0,58,46.836,12.771,94.88870605484705,1.5750655214915947
LamaHCE__538,292,133,LamaHCE,4,0,58,46.829,12.789,93.47845622817316,1.5750655214915947
LamaHCE__539,250,115,LamaHCE,3,0,58,46.869,12.834,90.41013670706299,5.611980640560704
LamaHCE__54,292,133,LamaHCE,4,2,99,47.074,10.845,61.859646811630654,8.169114420481462
LamaHCE__540,292,133,LamaHCE,4,0,58,46.752,12.978,79.04159993866416,9.005283684755794
LamaHCE__541,292,133,LamaHCE,4,0,58,46.83,13.355,50.55271886698733,2.890877071511258
LamaHCE__542,49,28,LamaHCE,0,0,58,47.041,12.847,82.58902665604217,14.85230111608241
LamaHCE__543,292,133,LamaHCE,4,0,58,46.887,12.892,86.2674367350025,10.145406822741407
LamaHCE__544,292,133,LamaHCE,4,0,58,46.938,13.143,68.61917234686072,6.095108935113712
LamaHCE__545,292,133,LamaHCE,4,0,58,46.987,13.179,67.61483263641267,6.095108935113712
LamaHCE__546,132,64,LamaHCE,1,0,58,46.92,13.319,55.20254069065534,4.6349634468813825
LamaHCE__547,292,133,LamaHCE,4,0,58,46.879,13.308,54.9236847839283,4.6349634468813825
LamaHCE__548,292,133,LamaHCE,4,0,58,46.83,13.393,47.67985447367875,2.890877071511258
LamaHCE__549,292,133,LamaHCE,4,0,58,47.034,13.604,41.120936271469084,7.4596785940559736
LamaHCE__55,149,67,LamaHCE,1,2,99,46.861,10.83,68.50576901461734,8.410985825167957
LamaHCE__550,292,133,LamaHCE,4,0,58,46.909,13.544,38.62887097317987,10.35616207594256
LamaHCE__551,264,120,LamaHCE,3,0,58,47.019,13.388,54.603625503236394,6.304653014917474
LamaHCE__552,292,133,LamaHCE,4,0,58,46.996,13.464,48.327449863445665,6.304653014917474
LamaHCE__554,149,71,LamaHCE,1,0,58,46.851,13.78,19.5931119501197,12.504855466021077
LamaHCE__555,292,133,LamaHCE,4,0,58,46.778,13.655,27.413689070081393,8.380779771676213
LamaHCE__556,292,133,LamaHCE,4,0,58,46.818,13.515,38.30633787240023,1.193210393315091
LamaHCE__557,292,133,LamaHCE,4,0,58,46.812,13.502,39.223829772256025,1.193210393315091
LamaHCE__558,292,133,LamaHCE,4,0,58,46.779,13.53,36.931658049250856,4.243579993465641
LamaHCE__559,185,87,LamaHCE,2,0,58,46.731,13.569,34.39369519061829,6.1085800071654175
LamaHCE__56,292,133,LamaHCE,4,2,99,46.861,10.913,62.47731411589026,14.13204883483355
LamaHCE__560,225,104,LamaHCE,3,3,33,46.749,14.051,9.671939195856302,4.318207978900648
LamaHCE__561,65,35,LamaHCE,0,3,33,46.727,14.101,14.190330928770301,4.877614804349556
LamaHCE__562,292,133,LamaHCE,4,3,33,46.698,14.053,13.42038383463035,4.877614804349556
LamaHCE__563,292,133,LamaHCE,4,0,58,46.64,13.889,14.077894968026575,2.2505328233393525
LamaHCE__564,292,133,LamaHCE,4,0,58,46.657,13.873,14.46941628204964,2.2505328233393525
LamaHCE__565,292,133,LamaHCE,4,0,58,46.707,12.745,97.10196568160568,12.877836284811265
LamaHCE__566,292,133,LamaHCE,4,0,58,46.673,13.004,77.9568553599327,9.005283684755794
LamaHCE__567,292,133,LamaHCE,4,0,58,46.628,13.258,60.1167807296343,9.25683673607855
LamaHCE__568,292,133,LamaHCE,4,0,58,46.623,13.379,51.508678845270694,9.25683673607855
LamaHCE__569,292,133,LamaHCE,4,0,58,46.586,13.622,35.18111161972113,5.569823264289582
LamaHCE__57,292,133,LamaHCE,4,2,99,46.873,11.024,54.055013607963225,19.825628143676884
LamaHCE__570,292,133,LamaHCE,4,0,58,46.541,13.654,35.11922695816567,5.569823264289582
LamaHCE__571,292,133,LamaHCE,4,0,58,46.574,13.821,22.447032354423545,8.991246417891334
LamaHCE__572,292,133,LamaHCE,4,3,33,46.493,14.288,34.60622663846655,11.564272371274686
LamaHCE__573,103,52,LamaHCE,1,3,33,46.494,14.594,56.287029064946175,5.253537041129521
LamaHCE__574,292,133,LamaHCE,4,3,33,46.541,14.601,55.50908769224287,5.253537041129521
LamaHCE__575,292,133,LamaHCE,4,0,58,46.79,13.939,5.914504278194884,5.914504278194884
LamaHCE__576,292,133,LamaHCE,4,3,33,46.779,14.015,5.914504278194884,4.318207978900648
LamaHCE__577,69,37,LamaHCE,0,3,33,46.86,14.082,13.377440920861043,9.536591163040756
LamaHCE__578,292,133,LamaHCE,4,3,33,46.853,14.207,21.56124435612265,9.536591163040756
LamaHCE__579,282,128,LamaHCE,4,3,33,46.978,14.287,31.963772047416573,8.305403342008578
LamaHCE__58,292,133,LamaHCE,4,2,99,47.048,10.974,54.5374319024902,10.190222771736352
LamaHCE__580,183,86,LamaHCE,2,3,33,46.985,14.396,39.65354823975553,8.305403342008578
LamaHCE__581,292,133,LamaHCE,4,3,33,46.904,14.448,40.73285672745449,4.512259653512588
LamaHCE__582,191,89,LamaHCE,2,3,33,46.864,14.458,40.33367037727637,4.512259653512588
LamaHCE__583,233,107,LamaHCE,3,3,33,46.813,14.474,40.80223363185656,5.3913827960821274
LamaHCE__584,292,133,LamaHCE,4,3,33,46.765,14.484,41.59465719162487,4.159408879458038
LamaHCE__585,156,74,LamaHCE,1,3,33,47.024,14.511,47.440178818955175,9.739048769331475
LamaHCE__586,292,133,LamaHCE,4,3,33,46.941,14.556,49.82202684876545,9.176053459393875
LamaHCE__587,292,133,LamaHCE,4,3,33,46.756,14.537,45.698042518867155,4.159408879458038
LamaHCE__588,267,122,LamaHCE,4,3,33,46.726,14.197,20.90253563300228,8.373536691873458
LamaHCE__589,292,133,LamaHCE,4,3,33,46.809,14.401,35.23027259874381,4.807792790728862
LamaHCE__59,267,122,LamaHCE,4,2,99,47.138,10.898,55.49351614476524,3.393984565081301
LamaHCE__590,71,38,LamaHCE,0,3,33,46.767,14.386,34.134310241121405,4.807792790728862
LamaHCE__591,267,122,LamaHCE,4,3,33,46.671,14.272,28.622318136385815,5.349428150725021
LamaHCE__592,32,21,LamaHCE,0,3,33,46.638,14.323,33.13470989257441,5.2849015568170765
LamaHCE__593,158,75,LamaHCE,1,3,33,46.61,14.189,23.1511920505225,7.049704815345097
LamaHCE__594,174,82,LamaHCE,2,3,33,46.596,14.279,30.185460784193648,0.6965824686797988
LamaHCE__595,292,133,LamaHCE,4,3,33,46.597,14.288,30.846238642818808,0.6965824686797988
LamaHCE__596,292,133,LamaHCE,4,3,33,46.605,14.32,33.1442416268627,2.601584750277673
LamaHCE__597,292,133,LamaHCE,4,3,33,46.61,14.409,39.849795100015896,5.881763610554313
LamaHCE__598,292,133,LamaHCE,4,3,33,46.61,14.486,45.7119043332686,5.881763610554313
LamaHCE__599,191,89,LamaHCE,2,3,33,46.671,14.644,55.337670958485155,10.336733058818211
LamaHCE__6,292,133,LamaHCE,4,2,99,47.231,9.876,69.16776997757124,10.133151933955894
LamaHCE__60,292,133,LamaHCE,4,2,99,47.167,10.912,53.501716127943716,3.393984565081301
LamaHCE__600,47,27,LamaHCE,0,3,33,46.578,14.72,63.85135347355787,9.985433288469723
LamaHCE__601,233,107,LamaHCE,3,3,33,46.733,14.745,61.721138857456054,9.768666335249893
LamaHCE__603,191,89,LamaHCE,2,3,33,46.958,14.811,68.8653725966159,6.224526495393062
LamaHCE__604,158,75,LamaHCE,1,3,33,46.93,14.882,73.36936396695656,6.224526495393062
LamaHCE__605,292,133,LamaHCE,4,3,33,46.889,14.875,72.03986861258915,5.464024289901803
LamaHCE__606,275,125,LamaHCE,4,3,33,46.845,14.843,69.05937552987986,5.464024289901803
LamaHCE__607,225,104,LamaHCE,3,3,33,46.788,14.845,68.97713229531932,6.33993773090919
LamaHCE__608,68,37,LamaHCE,0,3,33,46.704,14.879,72.25665502457821,7.04674217502304
LamaHCE__609,292,133,LamaHCE,4,3,33,46.667,14.954,78.56163416003297,7.04674217502304
LamaHCE__61,292,133,LamaHCE,4,2,99,47.21,11.006,45.418240059857446,8.56260305291131
LamaHCE__610,292,133,LamaHCE,4,3,65,48.392,9.987,69.7379708971617,1.9078133042982224
LamaHCE__618,292,133,LamaHCE,4,2,99,47.528,10.261,41.09825657136652,0.4510728778753425
LamaHCE__619,292,133,LamaHCE,4,2,99,47.734,10.317,25.855650703968557,0.4447797029008833
LamaHCE__62,208,97,LamaHCE,2,2,99,47.228,10.862,55.73846300658655,4.053189993695344
LamaHCE__620,292,133,LamaHCE,4,3,65,48.374,9.988,67.73735865410498,0.33358477883463405
LamaHCE__621,290,132,LamaHCE,4,2,99,47.427,10.272,51.7860234532936,0.4027496506658059
LamaHCE__622,74,39,LamaHCE,0,2,99,47.43,10.275,51.55358314511897,0.4027496506658059
LamaHCE__623,49,28,LamaHCE,0,2,99,47.421,10.255,51.982836724379915,0.4510983824017052
LamaHCE__624,292,133,LamaHCE,4,2,99,47.508,10.324,45.23104392830415,0.33358477883463405
LamaHCE__625,42,26,LamaHCE,0,2,99,47.568,10.231,36.11624460015065,4.985240449263975
LamaHCE__626,292,133,LamaHCE,4,3,65,48.372,10.152,67.58279395822858,10.628796517747956
LamaHCE__627,292,132,LamaHCE,4,3,65,48.075,10.3,34.24800293002343,0.33358477883463405
LamaHCE__628,292,133,LamaHCE,4,3,65,48.355,10.303,63.63417579145639,0.34167079212752954
LamaHCE__629,292,132,LamaHCE,4,3,65,48.488,10.381,67.03028163189337,0.23428352416862305
LamaHCE__63,292,133,LamaHCE,4,2,99,47.263,10.877,54.16723368014158,4.053189993695344
LamaHCE__630,292,133,LamaHCE,4,3,65,48.55,10.319,69.04959512108846,0.3335847653257578
LamaHCE__631,292,132,LamaHCE,4,3,65,49.05,10.519,12.096639466501811,0.23402679362579862
LamaHCE__632,292,133,LamaHCE,4,3,65,48.786,10.694,33.16597930806573,7.221771586835434
LamaHCE__633,291,132,LamaHCE,4,3,65,48.811,10.603,34.079220799192456,0.23413594812633756
LamaHCE__634,292,132,LamaHCE,4,3,65,48.611,10.719,41.60988424486509,7.819581514192072
LamaHCE__635,292,133,LamaHCE,4,3,65,48.495,10.829,34.49161783614228,10.467585114635174
LamaHCE__636,292,133,LamaHCE,4,2,99,47.702,10.799,34.65768595547453,6.314603587569737
LamaHCE__637,292,133,LamaHCE,4,3,65,48.045,10.877,22.007577373581466,11.499405159953945
LamaHCE__638,290,132,LamaHCE,4,3,65,48.319,10.948,37.561558075583804,0.2670733935518994
LamaHCE__639,292,133,LamaHCE,4,3,65,48.41,10.89,34.16154640854821,10.233569487814796
LamaHCE__64,250,115,LamaHCE,3,2,99,47.306,11.075,39.064709008302884,7.422479653217749
LamaHCE__640,290,132,LamaHCE,4,2,99,47.584,10.558,50.281492951994565,0.33358479234350974
LamaHCE__641,292,132,LamaHCE,4,2,99,47.605,10.424,41.17847035669854,0.34190628280382274
LamaHCE__642,291,132,LamaHCE,4,2,99,47.83,10.644,24.767657081430375,0.8057489953406135
LamaHCE__643,292,133,LamaHCE,4,3,65,48.066,10.653,26.24210837862002,0.34176148203864937
LamaHCE__644,292,132,LamaHCE,4,2,99,47.752,10.584,34.31164394236963,0.45101951650269106
LamaHCE__645,291,132,LamaHCE,4,2,99,47.83,10.654,24.610324641124,0.4510009519387304
LamaHCE__646,260,119,LamaHCE,3,3,65,48.276,10.988,37.36382976761763,0.3649480296183608
LamaHCE__647,292,132,LamaHCE,4,2,2,48.577,11.285,12.58748840797041,0.3999899571340012
LamaHCE__648,292,133,LamaHCE,4,2,2,48.72,11.497,32.10135188241443,0.3128800836440122
LamaHCE__649,292,133,LamaHCE,4,2,2,48.819,11.834,59.09640743260958,0.31257531557624596
LamaHCE__65,208,97,LamaHCE,2,2,99,47.229,11.235,28.144117407487467,11.904954972796887
LamaHCE__650,235,108,LamaHCE,3,2,2,48.685,11.62,38.940812356472705,0.3129877981933072
LamaHCE__651,292,132,LamaHCE,4,4,60,49.208,10.546,17.678295811588878,0.1328222854583748
LamaHCE__652,292,132,LamaHCE,4,3,65,48.955,10.915,8.835532651853145,3.144446578472151
LamaHCE__653,260,119,LamaHCE,3,2,2,49.03,11.481,36.1879733595284,0.31192524643279007
LamaHCE__654,292,132,LamaHCE,4,2,2,49.032,11.368,28.19936184374537,0.31191909198918
LamaHCE__655,292,133,LamaHCE,4,2,2,49.03,11.918,52.324109828828696,9.872606429095631
LamaHCE__656,290,132,LamaHCE,4,2,2,49.537,12.158,23.030466816716608,0.3093230065598208
LamaHCE__657,292,132,LamaHCE,4,2,2,49.236,12.088,35.553066286486384,0.3657901997614202
LamaHCE__658,291,132,LamaHCE,4,2,2,49.12,11.94,42.84220791504132,0.36633145114425625
LamaHCE__659,289,131,LamaHCE,4,4,60,49.799,12.169,14.233676371125041,1.4737600204517245
LamaHCE__66,292,133,LamaHCE,4,2,99,47.266,11.383,16.285650736124637,2.6394239828013
LamaHCE__660,74,39,LamaHCE,0,2,2,49.671,12.171,11.194983658778227,7.341264599624395
LamaHCE__661,292,132,LamaHCE,4,4,60,49.837,12.067,19.91310236512137,0.30766656794806746
LamaHCE__662,291,132,LamaHCE,4,2,2,49.61,12.132,14.80971640825895,0.36404189967916845
LamaHCE__663,291,132,LamaHCE,4,2,2,49.339,12.52,52.02546701140263,0.425084921869416
LamaHCE__664,291,132,LamaHCE,4,2,2,49.406,12.215,31.692899217952636,0.364996109319261
LamaHCE__665,292,133,LamaHCE,4,2,2,49.45,11.858,6.53704681491073,0.3106293249869892
LamaHCE__666,292,133,LamaHCE,4,2,2,49.202,11.947,34.2159073788129,0.3659489021984082
LamaHCE__667,288,131,LamaHCE,4,2,2,49.183,12.752,74.11902437659734,0.489531726123128
LamaHCE__668,289,131,LamaHCE,4,2,2,49.192,12.5,60.943603856861486,0.42600641765401454
LamaHCE__669,288,131,LamaHCE,4,2,2,49.225,12.179,40.69467235273042,0.36584155618634284
LamaHCE__67,208,97,LamaHCE,2,2,99,47.033,11.493,15.461273248337658,3.84162676861282
LamaHCE__670,291,132,LamaHCE,4,2,2,49.012,13.227,103.38261200485655,0.4908728891336378
LamaHCE__671,287,130,LamaHCE,4,2,2,49.073,12.926,90.69933101857211,1.558605901296182
LamaHCE__672,292,132,LamaHCE,4,2,2,49.171,12.859,78.79756689237722,7.891545297245448
LamaHCE__673,291,132,LamaHCE,4,2,2,49.304,12.842,65.5400899603834,0.42530444516800475
LamaHCE__674,292,132,LamaHCE,4,2,2,48.918,12.43,78.80448678502151,15.782698897955369
LamaHCE__675,270,123,LamaHCE,4,2,99,47.447,11.273,29.1177261523514,2.684861391748625
LamaHCE__676,288,131,LamaHCE,4,2,99,47.557,11.421,14.250431177113853,4.614247288725059
LamaHCE__677,292,132,LamaHCE,4,2,99,47.782,11.543,3.0535690010761587,0.4019035243833159
LamaHCE__678,292,132,LamaHCE,4,2,2,48.148,11.6,10.670134772802687,0.4010229591612338
LamaHCE__679,292,133,LamaHCE,4,2,2,48.401,11.755,33.254501649242755,0.40041385879993735
LamaHCE__68,292,133,LamaHCE,4,2,99,47.041,11.481,16.399671801989324,3.2998939191695844
LamaHCE__680,292,133,LamaHCE,4,2,2,48.53,12.137,55.942061548474,0.36907684092667714
LamaHCE__681,292,133,LamaHCE,4,2,2,48.773,12.889,70.39291784737681,0.4286258789811712
LamaHCE__682,283,129,LamaHCE,4,2,99,47.487,11.065,42.06593070105038,0.46948404659439164
LamaHCE__683,277,126,LamaHCE,4,2,99,47.506,11.09,39.73850443068409,0.4694666537408814
LamaHCE__684,291,132,LamaHCE,4,2,99,47.671,11.327,18.399491092626658,0.4693155430054944
LamaHCE__685,292,133,LamaHCE,4,2,99,47.669,11.365,15.587435412518213,0.3656612903508647
LamaHCE__686,292,133,LamaHCE,4,2,99,47.838,11.418,14.21309989939351,0.4691626450792595
LamaHCE__687,292,133,LamaHCE,4,2,99,47.484,11.117,38.39810921600206,3.1779095401532627
LamaHCE__688,292,133,LamaHCE,4,3,65,48.082,11.131,17.63169847922038,0.36517597544204067
LamaHCE__689,292,133,LamaHCE,4,3,65,48.18,11.264,21.31608019719764,0.40094592109392824
LamaHCE__69,292,133,LamaHCE,4,2,99,47.067,11.502,15.278067292065826,3.2998939191695844
LamaHCE__690,260,119,LamaHCE,3,2,2,48.3,11.495,11.002011565172781,0.40065704544301245
LamaHCE__691,292,133,LamaHCE,4,2,2,48.463,11.869,44.013650057728796,9.081400841832892
LamaHCE__692,289,131,LamaHCE,4,2,99,47.598,11.066,39.09706531289586,9.07357350399727
LamaHCE__693,290,132,LamaHCE,4,2,99,47.782,11.059,22.627694146463547,0.46921391431633874
LamaHCE__694,292,133,LamaHCE,4,2,99,47.85,11.137,17.752822660956614,0.3654485927580412
LamaHCE__695,290,132,LamaHCE,4,2,99,47.771,11.125,25.16471053843699,5.140810249796717
LamaHCE__696,23,17,LamaHCE,0,3,65,48.081,11.117,17.463309923408517,0.36517713542178615
LamaHCE__697,292,133,LamaHCE,4,3,65,48.032,11.366,14.207036199802033,0.4013021388880084
LamaHCE__698,292,133,LamaHCE,4,2,2,48.429,11.529,23.114745848956893,0.31377496174805014
LamaHCE__699,292,132,LamaHCE,4,2,2,48.416,11.986,44.969059180871625,0.44545674217350356
LamaHCE__7,258,118,LamaHCE,3,2,99,47.204,9.678,75.03768926271303,4.880406482470046
LamaHCE__70,292,133,LamaHCE,4,2,99,47.097,11.468,18.790802676623642,2.431817479790385
LamaHCE__700,292,132,LamaHCE,4,2,2,48.53,12.477,44.36539499120372,10.146467137537126
LamaHCE__701,292,133,LamaHCE,4,2,2,48.609,12.699,50.49810536319052,0.4964089297932886
LamaHCE__702,292,132,LamaHCE,4,2,2,48.613,13.152,61.62995638584079,13.967959953659532
LamaHCE__703,292,133,LamaHCE,4,2,2,48.456,12.37,40.65371735473196,4.843160313047616
LamaHCE__704,291,132,LamaHCE,4,2,2,48.498,12.348,45.43561332875053,4.943737472190202
LamaHCE__705,113,56,LamaHCE,1,2,2,48.613,12.962,54.96487732456112,0.553040605980725
LamaHCE__706,290,132,LamaHCE,4,2,88,48.631,13.38,73.87446831421016,0.6131299481102691
LamaHCE__707,290,132,LamaHCE,4,2,88,48.733,13.446,85.47689054066579,0.5594925103021167
LamaHCE__708,291,132,LamaHCE,4,2,88,48.691,13.458,82.6502542672065,3.5614660701638043
LamaHCE__709,289,131,LamaHCE,4,2,88,48.721,13.475,85.92454230188942,0.559604945957238
LamaHCE__71,292,133,LamaHCE,4,2,99,47.117,11.455,20.62010618756783,0.6259581605206618
LamaHCE__710,292,133,LamaHCE,4,0,58,47.647,12.2,49.26352782803306,3.6562338346047367
LamaHCE__715,290,132,LamaHCE,4,0,58,47.896,11.856,24.78581806641119,0.44745530829994984
LamaHCE__716,50,29,LamaHCE,0,0,58,47.861,11.998,34.587282406758966,0.44758965639678744
LamaHCE__717,291,132,LamaHCE,4,0,58,47.848,12.129,42.48173193222438,0.4476395508756518
LamaHCE__718,291,132,LamaHCE,4,0,58,47.679,11.77,19.29884491523182,0.49827374261285073
LamaHCE__719,292,132,LamaHCE,4,0,58,48.027,12.152,22.596472226866315,6.873096445297609
LamaHCE__72,292,133,LamaHCE,4,2,99,47.12,11.462,20.308601862024684,0.6259581605206618
LamaHCE__720,291,132,LamaHCE,4,2,2,48.284,12.617,15.130924599900233,0.44596454180587625
LamaHCE__721,292,133,LamaHCE,4,0,58,47.937,12.485,31.801410906062003,0.5000235295819555
LamaHCE__722,292,133,LamaHCE,4,0,58,48.03,12.56,20.17573810626447,0.49952429708296187
LamaHCE__723,292,133,LamaHCE,4,0,58,47.785,12.48,43.907821144163314,0.5358633554352071
LamaHCE__724,292,133,LamaHCE,4,0,58,47.836,12.651,30.66623682112644,0.4979690949656632
LamaHCE__725,292,133,LamaHCE,4,0,58,47.829,12.65,31.284199129685017,0.07465023929939492
LamaHCE__726,292,132,LamaHCE,4,0,58,47.832,12.654,30.83656638946368,0.4477009448631632
LamaHCE__728,292,133,LamaHCE,4,2,88,48.161,12.84,11.738744628484254,0.49750923300055155
LamaHCE__729,292,133,LamaHCE,4,0,58,47.649,13.038,25.013916197620272,0.5597302809356439
LamaHCE__73,208,97,LamaHCE,2,2,99,47.084,11.269,32.93353770405135,14.549045656180352
LamaHCE__730,292,133,LamaHCE,4,0,58,47.684,12.828,31.75773956736882,0.5013799854979374
LamaHCE__731,292,133,LamaHCE,4,0,58,47.85,12.951,13.75799665837468,4.453341670135883
LamaHCE__732,292,133,LamaHCE,4,2,2,48.414,12.838,31.02655153813602,0.49554301345854673
LamaHCE__733,292,133,LamaHCE,4,2,88,48.438,13.078,42.9928674461984,0.4307123864696767
LamaHCE__734,58,32,LamaHCE,0,2,88,48.58,13.586,81.80957684549044,0.5532705284042811
LamaHCE__735,292,133,LamaHCE,4,3,65,47.929,8.677,86.89467648140298,6.553307447211228
LamaHCE__736,285,130,LamaHCE,4,3,65,47.952,8.758,82.9315288139864,1.6195727513830522
LamaHCE__737,292,133,LamaHCE,4,3,65,48.075,9.395,60.544049199021735,5.2167401925905805
LamaHCE__738,292,133,LamaHCE,4,3,65,48.269,9.731,61.09806353847297,3.7293681089798536
LamaHCE__739,292,133,LamaHCE,4,3,65,48.266,9.901,56.81127551205268,3.101353147663259
LamaHCE__74,292,133,LamaHCE,4,2,99,47.277,11.414,13.74104603839475,2.6394239828013
LamaHCE__740,292,133,LamaHCE,4,3,65,48.004,8.3,115.74600774392574,3.0319723251798654
LamaHCE__741,292,133,LamaHCE,4,3,65,47.88,10.038,12.725691209221658,2.005974061653442
LamaHCE__742,292,133,LamaHCE,4,3,65,48.585,10.227,65.75784793431875,1.0825004221996777
LamaHCE__743,292,133,LamaHCE,4,3,65,48.247,9.223,82.29405120154098,5.907956312342761
LamaHCE__744,292,133,LamaHCE,4,3,65,48.056,8.973,77.57820319545915,3.1087804415233493
LamaHCE__746,292,133,LamaHCE,4,3,65,48.078,9.818,39.17450375524154,4.812685394104661
LamaHCE__747,292,133,LamaHCE,4,3,65,48.07,10.049,33.713154089174616,7.468217498583181
LamaHCE__748,292,133,LamaHCE,4,3,65,47.991,8.793,83.14246833861458,3.521176325970194
LamaHCE__749,292,133,LamaHCE,4,3,65,47.962,8.774,82.51534229467548,0.8672924033148194
LamaHCE__75,292,133,LamaHCE,4,0,58,47.3,11.593,13.74104603839475,3.7141903525395037
LamaHCE__750,286,130,LamaHCE,4,3,65,48.297,9.196,87.45452685254972,5.907956312342761
LamaHCE__751,292,133,LamaHCE,4,3,65,48.243,9.861,55.06168487134004,0.8124270828110826
LamaHCE__752,238,109,LamaHCE,3,3,65,48.076,8.387,113.69698815236585,5.8171274322421604
LamaHCE__753,292,133,LamaHCE,4,3,65,47.85,9.967,11.77878408024809,4.846457871434753
LamaHCE__754,285,130,LamaHCE,4,3,65,48.741,10.116,49.4837389323154,12.345587786519514
LamaHCE__755,292,133,LamaHCE,4,3,65,48.095,9.148,72.6000694313213,9.400529010877092
LamaHCE__756,292,133,LamaHCE,4,3,65,48.516,9.988,76.02056278530543,12.899400144986311
LamaHCE__757,292,133,LamaHCE,4,3,65,48.087,9.274,66.93229099083825,5.467714066385796
LamaHCE__758,292,133,LamaHCE,4,3,65,48.582,10.213,66.13538669862308,1.0825004221996777
LamaHCE__759,292,133,LamaHCE,4,3,65,47.993,8.35,111.85772017933323,3.916215949981114
LamaHCE__76,292,133,LamaHCE,4,0,58,47.31,11.64,17.434795841612424,3.7141903525395037
LamaHCE__760,285,130,LamaHCE,4,3,65,47.959,8.488,100.9582971629051,2.3452960923208037
LamaHCE__761,292,133,LamaHCE,4,3,65,48.241,9.831,55.507070862620424,2.2327304615488637
LamaHCE__762,292,133,LamaHCE,4,3,65,48.248,9.869,55.436635444727784,0.8124270828110826
LamaHCE__763,277,126,LamaHCE,4,3,65,48.105,9.449,59.31583793545617,5.2167401925905805
LamaHCE__764,292,133,LamaHCE,4,3,65,48.009,9.162,64.3106751646226,5.523081812502697
LamaHCE__766,292,133,LamaHCE,4,3,65,48.038,8.941,77.8860723852343,3.1087804415233493
LamaHCE__767,260,119,LamaHCE,3,3,65,48.041,9.3,61.51898610584696,5.467714066385796
LamaHCE__768,292,133,LamaHCE,4,3,65,48.155,9.794,47.629248147354176,8.745416370027645
LamaHCE__769,292,133,LamaHCE,4,3,65,48.09,9.943,37.04835569172401,10.822800270866784
LamaHCE__77,292,133,LamaHCE,4,0,58,47.393,11.792,28.649839083910464,7.342742281805804
LamaHCE__770,281,128,LamaHCE,4,3,65,48.213,9.681,57.23690318910243,7.244659414733145
LamaHCE__771,292,133,LamaHCE,4,3,65,48.025,8.274,118.4905584749621,3.0319723251798654
LamaHCE__772,226,104,LamaHCE,3,3,65,47.994,9.967,26.278010956725815,1.9708079306150965
LamaHCE__773,218,101,LamaHCE,3,3,65,47.981,9.985,24.532406605170397,1.9708079306150965
LamaHCE__774,176,83,LamaHCE,2,3,65,47.955,10.042,20.974949829601986,0.6188934744163361
LamaHCE__776,200,93,LamaHCE,2,3,65,47.971,9.365,52.36793366918857,9.163462109440644
LamaHCE__777,233,107,LamaHCE,3,2,99,47.752,10.127,14.349380608708769,4.925508411478549
LamaHCE__778,144,68,LamaHCE,1,3,65,48.005,9.236,60.649396650493266,5.523081812502697
LamaHCE__779,176,83,LamaHCE,2,3,65,47.952,10.049,20.60566634752345,0.6188934744163361
LamaHCE__78,292,133,LamaHCE,4,0,58,47.161,11.946,35.186945594567476,6.414894216150797
LamaHCE__780,209,97,LamaHCE,2,3,65,47.939,8.498,99.33300727127396,2.3452960923208037
LamaHCE__782,292,133,LamaHCE,4,3,65,47.966,8.764,83.38217429628106,0.8672924033148194
LamaHCE__783,292,133,LamaHCE,4,3,65,47.863,10.029,11.007976486401688,2.005974061653442
LamaHCE__784,292,133,LamaHCE,4,3,65,48.341,10.003,63.992021013477995,1.2016316280315504
LamaHCE__785,163,77,LamaHCE,2,2,99,47.767,10.065,11.007976486401688,4.925508411478549
LamaHCE__786,292,133,LamaHCE,4,3,65,48.406,9.777,74.20390169793868,12.257607402400986
LamaHCE__787,288,131,LamaHCE,4,3,65,48.259,9.579,65.57302529278773,9.123163199430381
LamaHCE__788,290,132,LamaHCE,4,3,65,48.167,9.522,60.10497527241384,8.767778803175997
LamaHCE__789,199,93,LamaHCE,2,3,65,48.401,9.965,70.88783963834184,1.9078133042982224
LamaHCE__79,292,133,LamaHCE,4,0,58,47.032,11.697,15.278067292065826,13.7383334485294
LamaHCE__790,107,53,LamaHCE,1,3,65,48.865,10.352,35.240290753355076,19.326468297796463
LamaHCE__791,64,35,LamaHCE,0,3,65,48.302,9.722,64.72541301535477,3.7293681089798536
LamaHCE__792,292,133,LamaHCE,4,3,65,48.061,8.462,108.04615465750885,5.8171274322421604
LamaHCE__793,75,40,LamaHCE,0,3,65,48.003,10.042,26.297989641751435,4.896548519738246
LamaHCE__795,292,133,LamaHCE,4,3,65,48.633,10.155,60.85543364668,7.095379628516262
LamaHCE__796,292,133,LamaHCE,4,3,65,48.04,9.787,36.7550858054218,4.812685394104661
LamaHCE__797,292,133,LamaHCE,4,2,99,46.655,8.989,143.60297221722527,20.30842307434188
LamaHCE__798,292,133,LamaHCE,4,2,99,46.78,9.205,132.11855930154718,0.3771381992017136
LamaHCE__799,229,106,LamaHCE,3,2,99,46.778,9.209,132.18871392356135,0.3771381992017136
LamaHCE__8,208,97,LamaHCE,2,2,99,47.21,9.614,75.93941958632057,4.880406482470046
LamaHCE__80,292,133,LamaHCE,4,0,58,47.127,11.813,24.468856703931028,6.3607738400426275
LamaHCE__800,49,29,LamaHCE,0,2,99,46.528,9.18,158.57148575984363,20.30842307434188
LamaHCE__801,292,133,LamaHCE,4,2,99,46.78,9.877,119.17184124891943,6.92155359625965
LamaHCE__802,292,133,LamaHCE,4,2,99,46.762,9.79,121.71385643619246,6.92155359625965
LamaHCE__803,292,133,LamaHCE,4,2,99,46.667,9.573,134.8617337448434,0.26971948532838924
LamaHCE__804,292,133,LamaHCE,4,2,99,46.665,9.575,135.0456429714888,0.26971948532838924
LamaHCE__805,292,133,LamaHCE,4,2,99,46.72,9.446,131.65159693770775,11.584681842548338
LamaHCE__806,225,104,LamaHCE,3,2,99,46.842,9.455,118.5360806745016,4.845262873440551
LamaHCE__807,292,133,LamaHCE,4,2,99,46.864,9.51,114.91486890634333,4.845262873440551
LamaHCE__808,292,133,LamaHCE,4,2,99,46.979,9.611,100.48658845283568,14.91158496188197
LamaHCE__809,292,133,LamaHCE,4,2,99,47.247,9.522,74.90783480678219,3.564000560665906
LamaHCE__81,292,133,LamaHCE,4,0,58,47.153,11.816,25.61498692151631,4.191895554179835
LamaHCE__810,292,133,LamaHCE,4,2,99,47.242,9.509,75.84380783580974,4.425324427637683
LamaHCE__811,292,133,LamaHCE,4,2,99,47.454,9.655,49.85054522561564,2.3666803004159376
LamaHCE__812,292,133,LamaHCE,4,2,99,46.49,9.834,151.55886725289648,4.930778864410126
LamaHCE__813,292,133,LamaHCE,4,2,99,46.491,9.906,149.09463361498783,0.7568859631779087
LamaHCE__814,292,133,LamaHCE,4,2,99,46.495,9.898,149.46949826302043,0.7568859631779087
LamaHCE__815,292,133,LamaHCE,4,2,99,46.574,9.936,141.90404273252688,9.252824223747762
LamaHCE__816,292,133,LamaHCE,4,2,99,46.64,10.021,134.60758484986744,9.799018777526275
LamaHCE__817,292,133,LamaHCE,4,2,99,46.633,10.195,122.56924900250883,3.0264268084592167
LamaHCE__818,292,133,LamaHCE,4,2,99,46.66,10.19,121.84547242319789,3.0264268084592167
LamaHCE__819,292,133,LamaHCE,4,2,99,46.698,10.118,125.65636697295727,6.930017221120598
LamaHCE__82,292,133,LamaHCE,4,0,58,47.173,11.863,29.74931080620199,4.191895554179835
LamaHCE__820,292,133,LamaHCE,4,2,99,46.794,10.279,110.91046033547308,16.26150051653095
LamaHCE__821,292,133,LamaHCE,4,2,99,46.889,10.466,94.76407493340548,6.191691182043068
LamaHCE__822,92,47,LamaHCE,0,3,100,50.089,16.915,221.73664465245952,5.384872933124226
LamaHCE__823,92,47,LamaHCE,0,3,100,50.095,16.995,225.8402232200284,7.811263659981044
LamaHCE__824,92,47,LamaHCE,0,3,100,50.041,16.925,218.02910080627947,5.384872933124226
LamaHCE__825,33,22,LamaHCE,0,3,100,49.964,17.011,215.55819487587516,10.539806006808867
LamaHCE__826,92,47,LamaHCE,0,3,100,49.867,16.852,199.92664230894448,15.087046878081678
LamaHCE__827,92,47,LamaHCE,0,3,100,49.756,16.989,197.87350088172883,15.778998714317495
LamaHCE__828,92,47,LamaHCE,0,3,100,49.745,16.944,194.69618925681448,15.087046878081678
LamaHCE__829,92,47,LamaHCE,0,3,100,49.578,17.275,201.16615734002502,19.96685686247375
LamaHCE__83,166,79,LamaHCE,2,0,58,47.212,11.816,28.650540204471096,5.605208130154452
LamaHCE__830,7,10,LamaHCE,0,3,100,49.35,18.25,251.9164568508708,17.416332682306184
LamaHCE__831,33,22,LamaHCE,0,3,100,49.343,18.001,234.82965645818794,8.781974929190739
LamaHCE__832,15,14,LamaHCE,0,3,100,49.419,18.034,240.3220946361835,4.51742805940922
LamaHCE__833,33,22,LamaHCE,0,3,100,49.445,17.986,238.34396218481166,4.51742805940922
LamaHCE__834,33,22,LamaHCE,0,3,100,49.473,17.993,240.12081370605253,6.696281437047317
LamaHCE__835,33,22,LamaHCE,0,3,100,49.53,17.761,228.0834770120855,17.91226245163501
LamaHCE__836,33,22,LamaHCE,0,3,100,49.45,17.424,202.51447414195434,16.36504254969516
LamaHCE__837,99,50,LamaHCE,0,3,100,49.47,17.054,181.20748190354436,19.72895463554526
LamaHCE__838,99,50,LamaHCE,0,3,100,49.301,16.971,165.85615808818568,4.565433302023925
LamaHCE__839,99,50,LamaHCE,0,3,100,49.321,16.916,163.65409720113473,4.565433302023925
LamaHCE__84,292,133,LamaHCE,4,0,58,47.239,11.883,34.460655288040165,1.376959606810972
LamaHCE__840,99,50,LamaHCE,0,3,100,49.303,17.413,194.09636923822296,16.36504254969516
LamaHCE__841,99,50,LamaHCE,0,3,100,49.254,17.816,218.70989532207352,7.973299715117955
LamaHCE__842,99,50,LamaHCE,0,3,100,49.263,17.707,211.73210071902872,3.8430015650143154
LamaHCE__843,99,50,LamaHCE,0,3,100,49.231,17.687,209.05698566602652,3.8430015650143154
LamaHCE__844,99,50,LamaHCE,0,3,100,49.134,17.515,193.5373731129769,16.511251735251626
LamaHCE__845,99,50,LamaHCE,0,3,100,49.05,17.858,214.52708977152184,9.437341442092348
LamaHCE__846,99,50,LamaHCE,0,3,100,49.121,17.787,211.80052619795023,9.437341442092348
LamaHCE__847,99,50,LamaHCE,0,3,100,49.017,17.658,199.4953763636315,14.90122242774807
LamaHCE__848,99,50,LamaHCE,0,3,100,48.934,17.311,172.63437885256562,21.922913541297927
LamaHCE__849,99,50,LamaHCE,0,3,100,48.689,17.002,143.59967180461555,15.345203751965222
LamaHCE__85,292,133,LamaHCE,4,0,58,47.215,12.008,41.65920109614244,7.616120394876282
LamaHCE__850,99,50,LamaHCE,0,3,100,49.148,15.555,80.09702756109733,13.999925562592054
LamaHCE__851,99,50,LamaHCE,0,3,100,48.995,15.445,61.31672204857167,10.188046259517272
LamaHCE__852,32,21,LamaHCE,0,3,100,48.989,15.259,55.48388778840007,11.074103164990975
LamaHCE__853,99,50,LamaHCE,0,3,100,48.905,15.702,65.10828792671434,13.997406083033512
LamaHCE__854,99,50,LamaHCE,0,3,100,49.023,15.578,69.05400480622959,10.188046259517272
LamaHCE__855,99,50,LamaHCE,0,3,100,48.896,15.83,71.720279646512,5.798745493798429
LamaHCE__856,99,50,LamaHCE,0,3,100,48.856,16.053,83.27349073285345,12.878531509625349
LamaHCE__857,99,50,LamaHCE,0,3,100,48.792,16.45,107.72741127408905,9.803594895381282
LamaHCE__858,99,50,LamaHCE,0,3,100,48.993,15.996,87.8913913571293,11.562563701489685
LamaHCE__859,99,50,LamaHCE,0,3,100,48.93,16.122,91.65143131494972,11.562563701489685
LamaHCE__86,292,133,LamaHCE,4,0,58,47.241,11.901,35.80301069201017,1.376959606810972
LamaHCE__860,98,49,LamaHCE,0,3,100,49.678,16.201,154.68247805810137,9.969979327862202
LamaHCE__861,99,50,LamaHCE,0,3,100,49.596,16.257,149.51960411121365,8.92794671464145
LamaHCE__862,99,50,LamaHCE,0,3,100,49.543,16.35,149.05740699081971,8.92794671464145
LamaHCE__863,99,50,LamaHCE,0,3,100,49.357,16.372,135.04504816527202,20.743311242580223
LamaHCE__864,99,50,LamaHCE,0,3,100,49.279,16.453,133.6993841636191,15.101777641726077
LamaHCE__865,99,50,LamaHCE,0,3,100,49.187,16.606,136.6707314297443,8.860743941590403
LamaHCE__866,99,50,LamaHCE,0,3,100,49.554,16.571,160.68141700394838,12.10854087532131
LamaHCE__867,99,50,LamaHCE,0,3,100,49.533,16.593,160.14414958772548,9.574035548197923
LamaHCE__868,99,50,LamaHCE,0,3,100,49.495,16.712,163.54026683130527,9.574035548197923
LamaHCE__869,99,50,LamaHCE,0,3,100,49.246,16.688,145.2490000799961,8.860743941590403
LamaHCE__87,292,133,LamaHCE,4,0,58,47.35,11.866,35.029087550721776,7.342742281805804
LamaHCE__870,99,50,LamaHCE,0,3,100,49.037,16.629,129.89648126633995,15.93011425437132
LamaHCE__871,99,50,LamaHCE,0,3,100,49.383,15.514,102.88924965583364,26.299612718853364
LamaHCE__872,99,50,LamaHCE,0,3,100,49.393,15.503,103.67713276351685,27.502755434469396
LamaHCE__873,99,50,LamaHCE,0,3,100,49.216,15.946,102.40714701281286,13.413097639261021
LamaHCE__874,99,50,LamaHCE,0,3,100,49.104,16.194,106.85400935089262,10.72400499713284
LamaHCE__875,99,50,LamaHCE,0,3,100,49.394,16.024,121.45438340380264,7.126224125007655
LamaHCE__876,99,50,LamaHCE,0,3,100,49.34,15.971,114.34424415941345,5.228549645276549
LamaHCE__877,99,50,LamaHCE,0,3,100,49.321,16.037,115.60850286845495,5.228549645276549
LamaHCE__878,99,50,LamaHCE,0,3,100,49.117,16.356,117.22642752729244,6.037681205535786
LamaHCE__879,99,50,LamaHCE,0,3,100,49.052,16.318,110.9248044794511,7.739365179050415
LamaHCE__88,292,133,LamaHCE,4,0,58,47.436,11.876,30.06445493888673,2.5191725267368206
LamaHCE__880,99,50,LamaHCE,0,3,100,49.085,16.423,119.35381427818056,6.037681205535786
LamaHCE__882,99,50,LamaHCE,0,3,100,49.118,17.203,171.72660229451245,21.922913541297927
LamaHCE__89,292,133,LamaHCE,4,0,58,47.496,11.809,22.257144817397126,2.6855371069603278
LamaHCE__9,292,133,LamaHCE,4,2,99,47.264,9.578,71.39973342564885,2.8986953305527825
LamaHCE__90,292,133,LamaHCE,4,0,58,47.52,11.805,20.839320649441888,2.6855371069603278
LamaHCE__91,292,133,LamaHCE,4,0,58,47.458,11.868,28.214350409968738,2.5191725267368206
LamaHCE__92,82,43,LamaHCE,0,0,58,47.456,12.092,43.51899943070766,5.287299874557992
LamaHCE__93,216,100,LamaHCE,3,0,58,47.438,12.18,50.42083104125335,3.1235247117018257
LamaHCE__94,275,125,LamaHCE,4,0,58,47.424,12.144,48.46489307677608,3.1235247117018257
LamaHCE__95,292,133,LamaHCE,4,0,58,47.494,12.108,43.396017495641146,3.652894714008649
LamaHCE__96,292,133,LamaHCE,4,0,58,47.526,12.097,41.82524546685339,3.652894714008649
LamaHCE__97,242,111,LamaHCE,3,0,58,47.517,12.212,50.50446391896441,3.9333576253214138
LamaHCE__98,283,129,LamaHCE,4,0,58,47.546,12.182,47.827634799164414,3.9333576253214138
LamaHCE__99,122,60,LamaHCE,1,0,58,47.6,12.187,47.926018724560564,2.735272748480158
LamaHIce__1,116,57,LamaHIce,1,2,12,64.539,-21.699,243.23647722060014,19.664996564188826
LamaHIce__1010,128,60,LamaHIce,1,2,12,64.331,-19.216,164.20955171603154,8.986248235806142
LamaHIce__102,163,77,LamaHIce,2,2,12,63.934,-20.631,240.66977221705199,16.235960349849922
LamaHIce__104,157,74,LamaHIce,1,2,12,64.678,-18.447,113.80281305827062,29.194394419402894
LamaHIce__105,116,57,LamaHIce,1,2,12,65.908,-22.328,239.4246169761904,24.641280386899986
LamaHIce__11,116,57,LamaHIce,1,2,12,63.951,-17.636,97.78304356818579,29.262273051245174
LamaHIce__12,116,57,LamaHIce,1,2,12,65.736,-23.206,278.2303258225097,16.85033317027064
LamaHIce__13,116,57,LamaHIce,1,2,12,64.097,-21.799,275.3707423625101,4.868883341432328
LamaHIce__14,118,58,LamaHIce,1,2,12,63.801,-20.102,218.4329726660457,13.59726029768119
LamaHIce__15,123,60,LamaHIce,1,3,114,64.922,-15.059,159.0335845046374,7.018963449659339
LamaHIce__17,116,57,LamaHIce,1,2,12,65.869,-22.862,263.1888069425809,21.552824483364187
LamaHIce__2,91,46,LamaHIce,0,2,12,65.075,-18.424,82.31161576262785,33.87317006698485
LamaHIce__20,156,74,LamaHIce,1,2,12,64.114,-19.85,200.29008172368953,6.295582564129733
LamaHIce__21,105,53,LamaHIce,1,3,114,64.753,-14.486,175.86358417027037,18.45153296125441
LamaHIce__22,15,14,LamaHIce,0,2,12,65.545,-20.136,137.72981204229262,27.053630193863235
LamaHIce__24,108,54,LamaHIce,1,3,114,64.594,-14.597,163.16366335326157,18.45153296125441
LamaHIce__25,49,29,LamaHIce,0,2,12,63.732,-17.967,122.36911336879021,7.447735148722487
LamaHIce__26,108,54,LamaHIce,1,2,12,64.504,-21.095,221.01750037276798,29.151957441860844
LamaHIce__27,108,54,LamaHIce,1,2,12,64.838,-22.33,255.66412533869172,38.858634146917744
LamaHIce__28,24,18,LamaHIce,0,3,114,66.107,-15.406,179.9686151850759,13.271016828773849
LamaHIce__3,133,64,LamaHIce,1,2,12,65.31,-18.886,86.21710056463627,8.166492283980666
LamaHIce__30,108,54,LamaHIce,1,2,12,65.05,-21.674,218.63859656426277,37.84376563730116
LamaHIce__32,74,39,LamaHIce,0,2,12,65.303,-19.061,94.08209400311549,3.202435281075186
LamaHIce__33,133,64,LamaHIce,1,3,114,65.094,-15.527,135.71256868995258,23.997754007891896
LamaHIce__34,333,150,LamaHIce,4,2,12,66.07,-21.75,216.47220898488567,31.755794063408057
LamaHIce__36,108,54,LamaHIce,1,2,12,64.441,-19.912,182.04837236413272,8.40703560153212
LamaHIce__37,116,57,LamaHIce,1,2,12,64.692,-21.41,222.85822797698773,21.89099618093136
LamaHIce__38,133,64,LamaHIce,1,2,12,63.712,-18.718,156.83542461723573,14.266981481488397
LamaHIce__39,116,57,LamaHIce,1,2,12,64.089,-21.687,271.7340168899729,5.513459292709694
LamaHIce__4,57,32,LamaHIce,0,2,12,65.058,-18.49,85.84890633280193,33.56665463441386
LamaHIce__40,58,32,LamaHIce,0,2,12,63.663,-18.616,154.44206006127476,15.671825887540628
LamaHIce__45,108,54,LamaHIce,1,3,114,65.623,-16.189,120.22950976670587,43.99572855930145
LamaHIce__46,116,57,LamaHIce,1,3,114,65.061,-16.212,103.69028033026024,3.5869673798080175
LamaHIce__47,7,11,LamaHIce,0,3,114,64.984,-15.087,156.95057773291435,6.945965396442373
LamaHIce__48,133,64,LamaHIce,1,3,114,64.809,-15.419,143.04028310957645,4.780182911237909
LamaHIce__5,7,10,LamaHIce,0,3,114,65.049,-14.937,163.4890550722574,10.09284241992375
LamaHIce__50,33,21,LamaHIce,0,2,12,64.26,-19.127,163.32382960007513,4.287158694739134
LamaHIce__54,14,14,LamaHIce,0,3,114,64.922,-15.069,158.5664998761544,6.945965396442373
LamaHIce__55,7,10,LamaHIce,0,3,114,64.803,-15.319,146.232943636185,4.780182911237909
LamaHIce__56,125,61,LamaHIce,1,3,114,64.743,-15.365,140.36794110409042,7.01883437301787
LamaHIce__59,116,57,LamaHIce,1,3,114,65.048,-16.142,107.02741962642125,3.5869673798080175
LamaHIce__60,41,21,LamaHIce,0,3,114,64.818,-15.966,118.70544142302167,25.90372961169711
LamaHIce__61,100,50,LamaHIce,1,2,12,64.036,-20.319,223.91581405114144,17.56852747102673
LamaHIce__62,99,50,LamaHIce,0,3,114,65.506,-14.364,194.6668771964276,41.662492636809446
LamaHIce__63,100,50,LamaHIce,1,3,114,64.309,-15.226,123.50922224429314,25.78910457187513
LamaHIce__64,133,64,LamaHIce,1,3,114,65.587,-17.143,82.31161576262785,43.99572855930145
LamaHIce__66,116,57,LamaHIce,1,2,12,63.78,-19.417,186.66578889438753,33.72096378346354
LamaHIce__67,116,57,LamaHIce,1,2,12,64.711,-21.603,229.99114050324962,19.664996564188826
LamaHIce__68,79,41,LamaHIce,0,2,12,64.149,-19.748,195.03249890938162,6.295582564129733
LamaHIce__7,133,65,LamaHIce,1,2,12,65.49,-19.855,125.32584917309894,23.939671030783703
LamaHIce__70,76,40,LamaHIce,0,3,114,66.198,-15.597,179.70259033268957,13.271016828773849
LamaHIce__71,116,57,LamaHIce,1,2,12,64.405,-20.066,190.09152426894565,8.40703560153212
LamaHIce__72,102,51,LamaHIce,1,3,114,65.811,-14.892,182.55574857851553,40.31670401200499
LamaHIce__73,143,67,LamaHIce,1,2,12,64.958,-19.508,130.3433096479625,45.84634190614469
LamaHIce__75,66,36,LamaHIce,0,2,12,63.793,-18.493,143.22291227234126,14.266981481488397
LamaHIce__78,91,46,LamaHIce,0,3,114,64.224,-15.723,97.78304356818579,25.78910457187513
LamaHIce__79,189,88,LamaHIce,2,2,12,64.069,-20.978,247.6915103109959,14.634947593539357
LamaHIce__8,119,56,LamaHIce,1,2,12,64.16,-20.559,226.19804393844427,13.490490325513163
LamaHIce__80,118,57,LamaHIce,1,2,12,64.175,-20.147,211.5148724295903,10.944628192884634
LamaHIce__81,100,49,LamaHIce,0,2,12,64.449,-18.746,138.0875456203563,7.308582850524008
LamaHIce__82,116,57,LamaHIce,1,2,12,64.086,-21.702,272.5074806496408,4.868883341432328
LamaHIce__85,125,61,LamaHIce,1,2,12,64.232,-19.188,167.28432209740402,4.287158694739134
LamaHIce__86,163,77,LamaHIce,2,2,12,64.1,-19.054,161.9955104374901,16.049733954999265
LamaHIce__890,100,50,LamaHIce,1,2,12,64.231,-20.333,212.9319348397664,10.944628192884634
LamaHIce__90,52,30,LamaHIce,0,2,12,63.754,-18.11,127.58311435190245,7.447735148722487
LamaHIce__91,108,54,LamaHIce,1,2,12,65.302,-20.107,140.56976414346593,22.20327276322275
LamaHIce__92,116,57,LamaHIce,1,2,12,65.588,-23.127,274.9043086014566,16.85033317027064
LamaHIce__93,116,57,LamaHIce,1,2,12,65.33,-19.085,94.12943557539714,3.202435281075186
LamaHIce__94,108,54,LamaHIce,1,2,12,65.334,-20.579,161.1329022479128,22.20327276322275
LamaHIce__95,66,36,LamaHIce,0,2,12,63.863,-20.341,228.25543841047218,13.59726029768119
LamaHIce__96,131,63,LamaHIce,1,2,12,64.306,-18.975,154.56281344325208,8.94154921151899
LamaHIce__98,116,57,LamaHIce,1,2,12,63.938,-21.007,258.7046934032003,14.634947593539357
LamaHIce__9900,123,58,LamaHIce,1,2,12,64.474,-18.887,142.59719112157066,7.308582850524008
