station_id,n_training_batches,n_validation_batches,source,size_bin,fold
BOMAustralia__001202A,116,49,BOMAustralia,1,0
BOMAustralia__002105A,110,53,BOMAustralia,1,3
BOMAustralia__003202A,145,62,BOMAustralia,1,2
BOMAustralia__003204A,143,61,BOMAustralia,1,0
BOMAustralia__003205A,119,51,BOMAustralia,1,0
BOMAustralia__003206A,2,1,BOMAustralia,0,3
BOMAustralia__003302A,129,55,BOMAustralia,1,0
BOMAustralia__003303A,170,74,BOMAustralia,2,4
BOMAustralia__104001A,156,68,BOMAustralia,1,2
BOMAustralia__105001B,155,68,BOMAustralia,1,2
BOMAustralia__105002A,7,4,BOMAustralia,0,4
BOMAustralia__105101A,155,69,BOMAustralia,1,4
BOMAustralia__105102A,162,70,BOMAustralia,1,4
BOMAustralia__105104A,6,3,BOMAustralia,0,4
BOMAustralia__105105A,169,74,BOMAustralia,2,3
BOMAustralia__105106A,69,31,BOMAustralia,0,4
BOMAustralia__106001A,9,5,BOMAustralia,0,3
BOMAustralia__106002A,6,3,BOMAustralia,0,2
BOMAustralia__106003A,6,3,BOMAustralia,0,3
BOMAustralia__107001B,177,77,BOMAustralia,2,1
BOMAustralia__107002A,16,9,BOMAustralia,0,2
BOMAustralia__107003A,177,82,BOMAustralia,2,0
BOMAustralia__108002A,187,82,BOMAustralia,2,0
BOMAustralia__108003A,194,84,BOMAustralia,2,1
BOMAustralia__108008A,168,73,BOMAustralia,2,3
BOMAustralia__109001A,163,71,BOMAustralia,1,4
BOMAustralia__109002C,7,4,BOMAustralia,0,1
BOMAustralia__109003A,3,1,BOMAustralia,0,2
BOMAustralia__110001D,148,65,BOMAustralia,1,0
BOMAustralia__110002A,132,59,BOMAustralia,1,0
BOMAustralia__110003A,164,71,BOMAustralia,1,2
BOMAustralia__110006C,116,50,BOMAustralia,1,3
BOMAustralia__110011B,104,46,BOMAustralia,0,0
BOMAustralia__110016A,8,4,BOMAustralia,0,2
BOMAustralia__110020A,119,56,BOMAustralia,1,0
BOMAustralia__110021A,147,64,BOMAustralia,1,3
BOMAustralia__110025A,105,46,BOMAustralia,1,4
BOMAustralia__111005A,190,83,BOMAustralia,2,2
BOMAustralia__111007A,202,88,BOMAustralia,2,4
BOMAustralia__111009A,95,42,BOMAustralia,0,1
BOMAustralia__111101D,210,91,BOMAustralia,2,3
BOMAustralia__111104A,16,8,BOMAustralia,0,1
BOMAustralia__111105A,180,79,BOMAustralia,2,4
BOMAustralia__112002A,168,73,BOMAustralia,2,3
BOMAustralia__112003A,151,66,BOMAustralia,1,0
BOMAustralia__112004A,192,84,BOMAustralia,2,3
BOMAustralia__112005A,66,29,BOMAustralia,0,2
BOMAustralia__112006B,87,45,BOMAustralia,0,1
BOMAustralia__112101B,207,90,BOMAustralia,2,2
BOMAustralia__112102A,194,84,BOMAustralia,2,2
BOMAustralia__112103B,87,44,BOMAustralia,0,1
BOMAustralia__112104A,46,23,BOMAustralia,0,2
BOMAustralia__113004A,148,64,BOMAustralia,1,4
BOMAustralia__113006A,172,77,BOMAustralia,2,1
BOMAustralia__113015A,102,51,BOMAustralia,1,3
BOMAustralia__114001A,199,87,BOMAustralia,2,1
BOMAustralia__114002B,101,46,BOMAustralia,0,4
BOMAustralia__116004C,182,79,BOMAustralia,2,3
BOMAustralia__116006B,174,75,BOMAustralia,2,2
BOMAustralia__116008B,149,64,BOMAustralia,1,4
BOMAustralia__116010A,133,59,BOMAustralia,1,4
BOMAustralia__116011A,166,73,BOMAustralia,2,2
BOMAustralia__116012A,177,77,BOMAustralia,2,4
BOMAustralia__116013A,174,76,BOMAustralia,2,4
BOMAustralia__116014A,187,81,BOMAustralia,2,2
BOMAustralia__116015A,165,72,BOMAustralia,1,3
BOMAustralia__116016A,147,64,BOMAustralia,1,4
BOMAustralia__116017A,146,63,BOMAustralia,1,4
BOMAustralia__117002A,141,61,BOMAustralia,1,3
BOMAustralia__117003A,148,63,BOMAustralia,1,4
BOMAustralia__118003A,72,31,BOMAustralia,0,4
BOMAustralia__118004A,13,6,BOMAustralia,0,3
BOMAustralia__118104A,4,2,BOMAustralia,0,0
BOMAustralia__118106A,137,59,BOMAustralia,1,2
BOMAustralia__119003A,177,76,BOMAustralia,2,1
BOMAustralia__119005A,144,62,BOMAustralia,1,4
BOMAustralia__119006A,146,63,BOMAustralia,1,2
BOMAustralia__119101A,175,75,BOMAustralia,2,1
BOMAustralia__119104A,22,10,BOMAustralia,0,2
BOMAustralia__120014A,5,2,BOMAustralia,0,3
BOMAustralia__120102A,138,60,BOMAustralia,1,1
BOMAustralia__120106B,145,62,BOMAustralia,1,0
BOMAustralia__120108C,2,1,BOMAustralia,0,3
BOMAustralia__120111A,5,2,BOMAustralia,0,1
BOMAustralia__120112A,156,67,BOMAustralia,1,3
BOMAustralia__120113A,9,4,BOMAustralia,0,3
BOMAustralia__120114A,4,2,BOMAustralia,0,4
BOMAustralia__120115A,4,2,BOMAustralia,0,0
BOMAustralia__120117A,2,1,BOMAustralia,0,1
BOMAustralia__120118A,3,2,BOMAustralia,0,2
BOMAustralia__120119A,4,2,BOMAustralia,0,3
BOMAustralia__120120A,154,67,BOMAustralia,1,3
BOMAustralia__120121A,41,18,BOMAustralia,0,3
BOMAustralia__120123A,76,40,BOMAustralia,0,4
BOMAustralia__120205A,158,69,BOMAustralia,1,1
BOMAustralia__120207A,160,69,BOMAustralia,1,3
BOMAustralia__120209A,45,20,BOMAustralia,0,2
BOMAustralia__120209B,118,54,BOMAustralia,1,0
BOMAustralia__120210A,4,2,BOMAustralia,0,2
BOMAustralia__120212A,2,1,BOMAustralia,0,1
BOMAustralia__120213A,2,1,BOMAustralia,0,3
BOMAustralia__120214A,15,7,BOMAustralia,0,4
BOMAustralia__120216A,173,75,BOMAustralia,2,2
BOMAustralia__120218A,3,1,BOMAustralia,0,4
BOMAustralia__120220A,10,5,BOMAustralia,0,4
BOMAustralia__120299A,27,12,BOMAustralia,0,3
BOMAustralia__120304A,139,59,BOMAustralia,1,2
BOMAustralia__120305A,142,61,BOMAustralia,1,0
BOMAustralia__120306A,7,3,BOMAustralia,0,0
BOMAustralia__120307A,124,53,BOMAustralia,1,4
BOMAustralia__120308A,2,1,BOMAustralia,0,2
BOMAustralia__120309A,134,58,BOMAustralia,1,4
BOMAustralia__121001A,154,66,BOMAustralia,1,2
BOMAustralia__121002A,140,61,BOMAustralia,1,0
BOMAustralia__121003A,152,66,BOMAustralia,1,3
BOMAustralia__121004A,132,58,BOMAustralia,1,0
BOMAustralia__122003A,118,51,BOMAustralia,1,4
BOMAustralia__122004A,154,66,BOMAustralia,1,3
BOMAustralia__122005A,63,28,BOMAustralia,0,1
BOMAustralia__122012A,20,10,BOMAustralia,0,1
BOMAustralia__124001B,108,50,BOMAustralia,1,4
BOMAustralia__124002A,179,78,BOMAustralia,2,1
BOMAustralia__124003A,153,66,BOMAustralia,1,4
BOMAustralia__124005A,114,53,BOMAustralia,1,1
BOMAustralia__125002C,157,68,BOMAustralia,1,2
BOMAustralia__125003A,5,3,BOMAustralia,0,3
BOMAustralia__125004B,164,72,BOMAustralia,1,1
BOMAustralia__125005A,160,69,BOMAustralia,1,1
BOMAustralia__125006A,166,72,BOMAustralia,2,1
BOMAustralia__125007A,187,82,BOMAustralia,2,3
BOMAustralia__125009A,110,49,BOMAustralia,1,0
BOMAustralia__125014A,118,51,BOMAustralia,1,2
BOMAustralia__125016A,114,52,BOMAustralia,1,0
BOMAustralia__126001A,168,73,BOMAustralia,2,4
BOMAustralia__126002A,5,2,BOMAustralia,0,0
BOMAustralia__126003A,150,65,BOMAustralia,1,4
BOMAustralia__126007A,28,15,BOMAustralia,0,1
BOMAustralia__129001A,177,77,BOMAustralia,2,0
BOMAustralia__130002B,127,55,BOMAustralia,1,4
BOMAustralia__130008A,51,23,BOMAustralia,0,3
BOMAustralia__130009A,93,42,BOMAustralia,0,1
BOMAustralia__130107A,4,2,BOMAustralia,0,0
BOMAustralia__130206A,169,74,BOMAustralia,2,0
BOMAustralia__130207A,122,52,BOMAustralia,1,0
BOMAustralia__130210A,121,52,BOMAustralia,1,4
BOMAustralia__130212A,7,4,BOMAustralia,0,3
BOMAustralia__130213A,8,4,BOMAustralia,0,0
BOMAustralia__130215A,28,12,BOMAustralia,0,1
BOMAustralia__130218A,3,1,BOMAustralia,0,4
BOMAustralia__130221A,4,3,BOMAustralia,0,1
BOMAustralia__130306B,135,59,BOMAustralia,1,3
BOMAustralia__130313A,122,52,BOMAustralia,1,1
BOMAustralia__130316A,130,56,BOMAustralia,1,1
BOMAustralia__130319A,132,57,BOMAustralia,1,4
BOMAustralia__130321A,15,6,BOMAustralia,0,3
BOMAustralia__130324A,162,70,BOMAustralia,1,4
BOMAustralia__130325A,6,3,BOMAustralia,0,2
BOMAustralia__130327A,154,67,BOMAustralia,1,2
BOMAustralia__130334A,132,57,BOMAustralia,1,2
BOMAustralia__130335A,145,63,BOMAustralia,1,3
BOMAustralia__130336A,112,48,BOMAustralia,1,3
BOMAustralia__130340A,1,1,BOMAustralia,0,1
BOMAustralia__130341A,6,2,BOMAustralia,0,1
BOMAustralia__130342A,3,1,BOMAustralia,0,1
BOMAustralia__130344A,136,59,BOMAustralia,1,0
BOMAustralia__130347A,140,60,BOMAustralia,1,4
BOMAustralia__130348A,134,57,BOMAustralia,1,3
BOMAustralia__130349A,121,52,BOMAustralia,1,2
BOMAustralia__130353A,69,32,BOMAustralia,0,4
BOMAustralia__130369A,124,54,BOMAustralia,1,4
BOMAustralia__130370A,132,57,BOMAustralia,1,4
BOMAustralia__130375A,111,49,BOMAustralia,1,1
BOMAustralia__130376A,81,41,BOMAustralia,0,2
BOMAustralia__130378A,52,28,BOMAustralia,0,0
BOMAustralia__130402A,2,1,BOMAustralia,0,3
BOMAustralia__130403A,168,73,BOMAustralia,2,0
BOMAustralia__130404A,179,78,BOMAustralia,2,1
BOMAustralia__130405A,6,3,BOMAustralia,0,2
BOMAustralia__130406A,169,74,BOMAustralia,2,2
BOMAustralia__130407A,88,38,BOMAustralia,0,3
BOMAustralia__130408A,3,1,BOMAustralia,0,3
BOMAustralia__130409A,1,1,BOMAustralia,0,2
BOMAustralia__130410A,126,54,BOMAustralia,1,4
BOMAustralia__130411A,3,1,BOMAustralia,0,1
BOMAustralia__130412A,2,1,BOMAustralia,0,1
BOMAustralia__130413A,130,56,BOMAustralia,1,4
BOMAustralia__130414A,97,42,BOMAustralia,0,3
BOMAustralia__130416A,50,24,BOMAustralia,0,2
BOMAustralia__130507A,4,2,BOMAustralia,0,3
BOMAustralia__130508A,3,1,BOMAustralia,0,2
BOMAustralia__130509A,140,60,BOMAustralia,1,1
BOMAustralia__130510A,117,53,BOMAustralia,1,0
BOMAustralia__132001A,163,71,BOMAustralia,1,4
BOMAustralia__132002A,3,1,BOMAustralia,0,4
BOMAustralia__132004A,7,3,BOMAustralia,0,1
BOMAustralia__133001B,3,1,BOMAustralia,0,4
BOMAustralia__133003A,35,16,BOMAustralia,0,3
BOMAustralia__133004A,34,16,BOMAustralia,0,3
BOMAustralia__133006A,14,6,BOMAustralia,0,2
BOMAustralia__134002A,86,44,BOMAustralia,0,0
BOMAustralia__135002A,164,71,BOMAustralia,1,1
BOMAustralia__135004A,158,68,BOMAustralia,1,4
BOMAustralia__135007A,1,1,BOMAustralia,0,0
BOMAustralia__135012A,93,40,BOMAustralia,0,1
BOMAustralia__136011A,145,64,BOMAustralia,1,4
BOMAustralia__136019A,14,7,BOMAustralia,0,1
BOMAustralia__136101C,164,71,BOMAustralia,1,0
BOMAustralia__136103B,148,64,BOMAustralia,1,4
BOMAustralia__136106A,157,69,BOMAustralia,1,3
BOMAustralia__136107A,3,1,BOMAustralia,0,2
BOMAustralia__136108A,119,51,BOMAustralia,1,0
BOMAustralia__136109B,95,41,BOMAustralia,0,0
BOMAustralia__136112A,124,53,BOMAustralia,1,1
BOMAustralia__136118A,136,59,BOMAustralia,1,2
BOMAustralia__136119A,90,39,BOMAustralia,0,3
BOMAustralia__136203A,127,55,BOMAustralia,1,0
BOMAustralia__136204A,2,1,BOMAustralia,0,1
BOMAustralia__136206A,33,15,BOMAustralia,0,3
BOMAustralia__136207A,157,69,BOMAustralia,1,4
BOMAustralia__136208A,148,65,BOMAustralia,1,4
BOMAustralia__136209A,148,65,BOMAustralia,1,0
BOMAustralia__136211A,102,44,BOMAustralia,0,2
BOMAustralia__136213A,149,64,BOMAustralia,1,0
BOMAustralia__136214A,120,53,BOMAustralia,1,4
BOMAustralia__136301B,157,69,BOMAustralia,1,4
BOMAustralia__136303A,11,6,BOMAustralia,0,2
BOMAustralia__136304A,152,66,BOMAustralia,1,0
BOMAustralia__136305A,166,72,BOMAustralia,2,1
BOMAustralia__136306A,144,63,BOMAustralia,1,3
BOMAustralia__136315A,139,61,BOMAustralia,1,4
BOMAustralia__136317A,85,37,BOMAustralia,0,3
BOMAustralia__136318A,86,37,BOMAustralia,0,4
BOMAustralia__136319A,145,63,BOMAustralia,1,1
BOMAustralia__137001B,132,57,BOMAustralia,1,2
BOMAustralia__137101A,169,73,BOMAustralia,2,4
BOMAustralia__137102A,3,2,BOMAustralia,0,2
BOMAustralia__137103A,128,56,BOMAustralia,1,4
BOMAustralia__137201A,150,65,BOMAustralia,1,2
BOMAustralia__137202A,6,3,BOMAustralia,0,2
BOMAustralia__137303A,39,18,BOMAustralia,0,2
BOMAustralia__138001A,177,78,BOMAustralia,2,0
BOMAustralia__138002C,155,67,BOMAustralia,1,1
BOMAustralia__138003D,144,62,BOMAustralia,1,3
BOMAustralia__138004B,138,60,BOMAustralia,1,4
BOMAustralia__138005A,8,4,BOMAustralia,0,2
BOMAustralia__138007A,185,80,BOMAustralia,2,4
BOMAustralia__138009A,162,70,BOMAustralia,1,3
BOMAustralia__138010A,143,63,BOMAustralia,1,2
BOMAustralia__138014A,172,75,BOMAustralia,2,2
BOMAustralia__138102C,159,70,BOMAustralia,1,4
BOMAustralia__138106A,9,4,BOMAustralia,0,4
BOMAustralia__138107B,180,78,BOMAustralia,2,3
BOMAustralia__138109A,84,36,BOMAustralia,0,2
BOMAustralia__138110A,183,80,BOMAustralia,2,2
BOMAustralia__138111A,179,77,BOMAustralia,2,0
BOMAustralia__138113A,156,68,BOMAustralia,1,0
BOMAustralia__138903A,162,71,BOMAustralia,1,3
BOMAustralia__140002A,180,78,BOMAustralia,2,1
BOMAustralia__141003C,130,56,BOMAustralia,1,3
BOMAustralia__141004B,175,76,BOMAustralia,2,3
BOMAustralia__141006A,174,76,BOMAustralia,2,3
BOMAustralia__141008A,123,54,BOMAustralia,1,0
BOMAustralia__141009A,183,80,BOMAustralia,2,1
BOMAustralia__141010A,129,61,BOMAustralia,1,2
BOMAustralia__142001A,181,79,BOMAustralia,2,2
BOMAustralia__142106A,14,7,BOMAustralia,0,1
BOMAustralia__142202A,120,52,BOMAustralia,1,4
BOMAustralia__142203A,7,4,BOMAustralia,0,0
BOMAustralia__142800A,43,19,BOMAustralia,0,4
BOMAustralia__143007A,133,58,BOMAustralia,1,0
BOMAustralia__143009A,133,58,BOMAustralia,1,1
BOMAustralia__143010B,166,72,BOMAustralia,2,4
BOMAustralia__143011A,3,1,BOMAustralia,0,2
BOMAustralia__143015A,9,4,BOMAustralia,0,3
BOMAustralia__143016A,112,54,BOMAustralia,1,2
BOMAustralia__143018A,5,2,BOMAustralia,0,2
BOMAustralia__143028A,108,47,BOMAustralia,1,1
BOMAustralia__143033A,138,59,BOMAustralia,1,4
BOMAustralia__143035A,53,23,BOMAustralia,0,0
BOMAustralia__143094A,17,8,BOMAustralia,0,4
BOMAustralia__143105A,57,27,BOMAustralia,0,4
BOMAustralia__143107A,180,78,BOMAustralia,2,4
BOMAustralia__143108A,165,72,BOMAustralia,1,2
BOMAustralia__143110A,162,70,BOMAustralia,1,0
BOMAustralia__143112A,15,7,BOMAustralia,0,0
BOMAustralia__143113A,133,58,BOMAustralia,1,2
BOMAustralia__143115A,37,16,BOMAustralia,0,4
BOMAustralia__143116A,44,21,BOMAustralia,0,2
BOMAustralia__143121A,86,44,BOMAustralia,0,0
BOMAustralia__143203B,3,1,BOMAustralia,0,4
BOMAustralia__143203C,149,65,BOMAustralia,1,3
BOMAustralia__143207A,69,29,BOMAustralia,0,2
BOMAustralia__143208A,4,1,BOMAustralia,0,3
BOMAustralia__143210A,12,8,BOMAustralia,0,2
BOMAustralia__143212A,169,72,BOMAustralia,2,0
BOMAustralia__143217A,4,2,BOMAustralia,0,0
BOMAustralia__143222A,44,20,BOMAustralia,0,3
BOMAustralia__143224A,44,19,BOMAustralia,0,1
BOMAustralia__143225A,51,22,BOMAustralia,0,1
BOMAustralia__143229A,134,58,BOMAustralia,1,4
BOMAustralia__143231A,34,15,BOMAustralia,0,3
BOMAustralia__143236A,26,11,BOMAustralia,0,1
BOMAustralia__143303A,194,84,BOMAustralia,2,3
BOMAustralia__143307A,23,11,BOMAustralia,0,4
BOMAustralia__143312A,139,63,BOMAustralia,1,1
BOMAustralia__143901A,138,61,BOMAustralia,1,0
BOMAustralia__143921A,156,68,BOMAustralia,1,3
BOMAustralia__145003B,186,80,BOMAustralia,2,0
BOMAustralia__145010A,151,65,BOMAustralia,1,2
BOMAustralia__145011A,169,73,BOMAustralia,2,1
BOMAustralia__145012A,43,19,BOMAustralia,0,3
BOMAustralia__145013A,8,5,BOMAustralia,0,2
BOMAustralia__145014A,192,84,BOMAustralia,2,0
BOMAustralia__145018A,159,70,BOMAustralia,1,1
BOMAustralia__145020A,181,79,BOMAustralia,2,1
BOMAustralia__145024A,50,22,BOMAustralia,0,0
BOMAustralia__145027A,103,46,BOMAustralia,0,0
BOMAustralia__145030B,18,11,BOMAustralia,0,4
BOMAustralia__145101D,194,85,BOMAustralia,2,1
BOMAustralia__145102B,146,63,BOMAustralia,1,4
BOMAustralia__145103A,153,66,BOMAustralia,1,0
BOMAustralia__145104A,7,3,BOMAustralia,0,1
BOMAustralia__145105B,57,26,BOMAustralia,0,0
BOMAustralia__145196A,82,39,BOMAustralia,0,4
BOMAustralia__146002B,164,72,BOMAustralia,1,2
BOMAustralia__146010A,130,57,BOMAustralia,1,4
BOMAustralia__146012A,160,70,BOMAustralia,1,4
BOMAustralia__146015A,117,57,BOMAustralia,1,1
BOMAustralia__146020A,149,65,BOMAustralia,1,1
BOMAustralia__146095A,132,58,BOMAustralia,1,3
BOMAustralia__201012,182,80,BOMAustralia,2,0
BOMAustralia__201015,109,54,BOMAustralia,1,1
BOMAustralia__202001,202,88,BOMAustralia,2,3
BOMAustralia__202002,95,48,BOMAustralia,0,4
BOMAustralia__203002,193,85,BOMAustralia,2,4
BOMAustralia__203014,219,98,BOMAustralia,3,1
BOMAustralia__203023,191,83,BOMAustralia,2,4
BOMAustralia__203024,156,67,BOMAustralia,1,3
BOMAustralia__203034,158,72,BOMAustralia,1,4
BOMAustralia__203041,183,80,BOMAustralia,2,2
BOMAustralia__203056,95,48,BOMAustralia,0,4
BOMAustralia__203057,95,48,BOMAustralia,0,2
BOMAustralia__203059,89,46,BOMAustralia,0,0
BOMAustralia__203061,86,44,BOMAustralia,0,0
BOMAustralia__203900,197,84,BOMAustralia,2,1
BOMAustralia__204001,218,96,BOMAustralia,3,3
BOMAustralia__204002,216,96,BOMAustralia,2,2
BOMAustralia__204004,222,98,BOMAustralia,3,3
BOMAustralia__204006,100,46,BOMAustralia,0,1
BOMAustralia__204008,193,85,BOMAustralia,2,1
BOMAustralia__204015,214,94,BOMAustralia,2,2
BOMAustralia__204030,188,82,BOMAustralia,2,3
BOMAustralia__204031,182,80,BOMAustralia,2,4
BOMAustralia__204033,200,88,BOMAustralia,2,2
BOMAustralia__204034,194,85,BOMAustralia,2,2
BOMAustralia__204037,178,78,BOMAustralia,2,4
BOMAustralia__204039,175,75,BOMAustralia,2,0
BOMAustralia__204043,182,80,BOMAustralia,2,3
BOMAustralia__204046,195,86,BOMAustralia,2,2
BOMAustralia__204051,199,88,BOMAustralia,2,4
BOMAustralia__204055,188,82,BOMAustralia,2,4
BOMAustralia__204056,189,82,BOMAustralia,2,4
BOMAustralia__204067,174,78,BOMAustralia,2,1
BOMAustralia__204900,204,89,BOMAustralia,2,0
BOMAustralia__205002,194,86,BOMAustralia,2,0
BOMAustralia__205015,132,60,BOMAustralia,1,3
BOMAustralia__205016,124,59,BOMAustralia,1,1
BOMAustralia__205017,88,45,BOMAustralia,0,0
BOMAustralia__206008,189,82,BOMAustralia,2,2
BOMAustralia__206014,189,83,BOMAustralia,2,3
BOMAustralia__206018,193,85,BOMAustralia,2,3
BOMAustralia__206024,244,109,BOMAustralia,3,2
BOMAustralia__206032,185,82,BOMAustralia,2,0
BOMAustralia__206033,191,85,BOMAustralia,2,4
BOMAustralia__206034,170,74,BOMAustralia,2,3
BOMAustralia__206035,171,76,BOMAustralia,2,4
BOMAustralia__206039,141,63,BOMAustralia,1,3
BOMAustralia__207008,128,60,BOMAustralia,1,4
BOMAustralia__207009,159,71,BOMAustralia,1,2
BOMAustralia__207013,205,90,BOMAustralia,2,0
BOMAustralia__207014,198,88,BOMAustralia,2,0
BOMAustralia__207015,184,82,BOMAustralia,2,3
BOMAustralia__207017,93,47,BOMAustralia,0,2
BOMAustralia__208003,214,95,BOMAustralia,2,0
BOMAustralia__208004,212,94,BOMAustralia,2,3
BOMAustralia__208006,183,80,BOMAustralia,2,2
BOMAustralia__208007,183,81,BOMAustralia,2,3
BOMAustralia__208009,183,79,BOMAustralia,2,4
BOMAustralia__208011,176,78,BOMAustralia,2,1
BOMAustralia__208015,187,82,BOMAustralia,2,0
BOMAustralia__208019,139,61,BOMAustralia,1,2
BOMAustralia__208024,166,73,BOMAustralia,2,1
BOMAustralia__208027,159,69,BOMAustralia,1,2
BOMAustralia__208028,122,54,BOMAustralia,1,1
BOMAustralia__208029,113,49,BOMAustralia,1,4
BOMAustralia__208031,96,49,BOMAustralia,0,4
BOMAustralia__209002,158,69,BOMAustralia,1,0
BOMAustralia__209006,158,68,BOMAustralia,1,4
BOMAustralia__209018,176,77,BOMAustralia,2,4
BOMAustralia__210002,241,109,BOMAustralia,3,2
BOMAustralia__210004,149,64,BOMAustralia,1,2
BOMAustralia__210006,161,70,BOMAustralia,1,2
BOMAustralia__210010,181,78,BOMAustralia,2,4
BOMAustralia__210011,148,63,BOMAustralia,1,0
BOMAustralia__210013,12,5,BOMAustralia,0,3
BOMAustralia__210014,174,77,BOMAustralia,2,0
BOMAustralia__210016,160,70,BOMAustralia,1,1
BOMAustralia__210017,180,79,BOMAustralia,2,3
BOMAustralia__210018,193,86,BOMAustralia,2,4
BOMAustralia__210021,170,74,BOMAustralia,2,1
BOMAustralia__210022,189,84,BOMAustralia,2,0
BOMAustralia__210028,149,66,BOMAustralia,1,3
BOMAustralia__210031,174,75,BOMAustralia,2,3
BOMAustralia__210040,170,74,BOMAustralia,2,3
BOMAustralia__210044,189,82,BOMAustralia,2,1
BOMAustralia__210055,144,62,BOMAustralia,1,3
BOMAustralia__210056,155,71,BOMAustralia,1,2
BOMAustralia__210066,143,63,BOMAustralia,1,4
BOMAustralia__210070,87,44,BOMAustralia,0,3
BOMAustralia__210079,194,87,BOMAustralia,2,4
BOMAustralia__210080,136,60,BOMAustralia,1,0
BOMAustralia__210088,17,9,BOMAustralia,0,1
BOMAustralia__210089,146,64,BOMAustralia,1,2
BOMAustralia__210091,125,54,BOMAustralia,1,0
BOMAustralia__210110,118,51,BOMAustralia,1,3
BOMAustralia__210124,119,51,BOMAustralia,1,1
BOMAustralia__210130,133,59,BOMAustralia,1,3
BOMAustralia__210135,141,61,BOMAustralia,1,4
BOMAustralia__210136,125,56,BOMAustralia,1,0
BOMAustralia__210142,119,52,BOMAustralia,1,3
BOMAustralia__210143,116,51,BOMAustralia,1,2
BOMAustralia__210144,85,42,BOMAustralia,0,2
BOMAustralia__210146,96,49,BOMAustralia,0,1
BOMAustralia__210147,97,49,BOMAustralia,0,2
BOMAustralia__210150,58,32,BOMAustralia,0,0
BOMAustralia__211008,151,66,BOMAustralia,1,0
BOMAustralia__211010,139,60,BOMAustralia,1,0
BOMAustralia__211013,154,67,BOMAustralia,1,0
BOMAustralia__211014,165,72,BOMAustralia,1,3
BOMAustralia__211015,136,60,BOMAustralia,1,4
BOMAustralia__212009,206,95,BOMAustralia,2,2
BOMAustralia__212011,182,81,BOMAustralia,2,2
BOMAustralia__212016,225,103,BOMAustralia,3,1
BOMAustralia__212021,86,37,BOMAustralia,0,3
BOMAustralia__212031,164,72,BOMAustralia,1,0
BOMAustralia__212040,143,64,BOMAustralia,1,3
BOMAustralia__212045,177,78,BOMAustralia,2,4
BOMAustralia__212049,179,83,BOMAustralia,2,0
BOMAustralia__212053,152,66,BOMAustralia,1,2
BOMAustralia__212054,140,62,BOMAustralia,1,3
BOMAustralia__212058,117,55,BOMAustralia,1,3
BOMAustralia__212060,72,38,BOMAustralia,0,1
BOMAustralia__212203,226,99,BOMAustralia,3,1
BOMAustralia__2122051,249,109,BOMAustralia,3,2
BOMAustralia__2122052,257,113,BOMAustralia,3,4
BOMAustralia__212209,222,98,BOMAustralia,3,0
BOMAustralia__212228,175,76,BOMAustralia,2,0
BOMAustralia__212230,59,33,BOMAustralia,0,3
BOMAustralia__212231,136,58,BOMAustralia,1,4
BOMAustralia__212238,71,31,BOMAustralia,0,1
BOMAustralia__212241,188,82,BOMAustralia,2,3
BOMAustralia__212250,234,100,BOMAustralia,3,2
BOMAustralia__2122512,179,84,BOMAustralia,2,2
BOMAustralia__2122516,32,21,BOMAustralia,0,0
BOMAustralia__2122517,51,28,BOMAustralia,0,2
BOMAustralia__2122520,52,30,BOMAustralia,0,3
BOMAustralia__212271,160,69,BOMAustralia,1,4
BOMAustralia__2122711,220,97,BOMAustralia,3,0
BOMAustralia__212272,263,115,BOMAustralia,3,4
BOMAustralia__212294,158,75,BOMAustralia,1,3
BOMAustralia__212295,276,119,BOMAustralia,4,4
BOMAustralia__2122951,219,100,BOMAustralia,3,2
BOMAustralia__212296,270,117,BOMAustralia,4,3
BOMAustralia__212297,284,122,BOMAustralia,4,2
BOMAustralia__213005,218,97,BOMAustralia,3,0
BOMAustralia__213009,190,86,BOMAustralia,2,3
BOMAustralia__213011,132,59,BOMAustralia,1,2
BOMAustralia__213018,91,46,BOMAustralia,0,2
BOMAustralia__213200,178,79,BOMAustralia,2,1
BOMAustralia__2132102,119,58,BOMAustralia,1,1
BOMAustralia__213211,242,108,BOMAustralia,3,3
BOMAustralia__213282,105,50,BOMAustralia,1,1
BOMAustralia__214003,167,73,BOMAustralia,2,1
BOMAustralia__214010,148,67,BOMAustralia,1,3
BOMAustralia__215002,188,83,BOMAustralia,2,3
BOMAustralia__215004,173,75,BOMAustralia,2,4
BOMAustralia__215008,160,71,BOMAustralia,1,3
BOMAustralia__215014,143,63,BOMAustralia,1,0
BOMAustralia__215015,15,9,BOMAustralia,0,1
BOMAustralia__215016,103,47,BOMAustralia,0,4
BOMAustralia__215018,114,52,BOMAustralia,1,3
BOMAustralia__215019,85,44,BOMAustralia,0,4
BOMAustralia__215208,261,113,BOMAustralia,3,3
BOMAustralia__215209,251,112,BOMAustralia,3,0
BOMAustralia__215216,248,110,BOMAustralia,3,0
BOMAustralia__2152201,62,33,BOMAustralia,0,2
BOMAustralia__215223,65,35,BOMAustralia,0,3
BOMAustralia__215233,189,82,BOMAustralia,2,0
BOMAustralia__215237,124,60,BOMAustralia,1,2
BOMAustralia__215239,219,99,BOMAustralia,3,4
BOMAustralia__215241,205,95,BOMAustralia,2,3
BOMAustralia__216002,176,77,BOMAustralia,2,0
BOMAustralia__216004,151,65,BOMAustralia,1,3
BOMAustralia__216009,148,65,BOMAustralia,1,1
BOMAustralia__217006,148,65,BOMAustralia,1,0
BOMAustralia__217007,93,47,BOMAustralia,0,0
BOMAustralia__218001,153,67,BOMAustralia,1,2
BOMAustralia__218005,159,69,BOMAustralia,1,4
BOMAustralia__218007,165,72,BOMAustralia,1,2
BOMAustralia__219001,166,72,BOMAustralia,2,3
BOMAustralia__219003,238,108,BOMAustralia,3,4
BOMAustralia__219013,140,63,BOMAustralia,1,0
BOMAustralia__219016,155,68,BOMAustralia,1,2
BOMAustralia__219017,178,78,BOMAustralia,2,0
BOMAustralia__219018,150,65,BOMAustralia,1,1
BOMAustralia__219025,187,82,BOMAustralia,2,0
BOMAustralia__219032,157,71,BOMAustralia,1,4
BOMAustralia__219034,138,61,BOMAustralia,1,2
BOMAustralia__220003,171,74,BOMAustralia,2,0
BOMAustralia__220004,154,68,BOMAustralia,1,1
BOMAustralia__220006,64,29,BOMAustralia,0,1
BOMAustralia__221001,58,27,BOMAustralia,0,3
BOMAustralia__221002,179,79,BOMAustralia,2,3
BOMAustralia__221010,71,31,BOMAustralia,0,3
BOMAustralia__221201,155,68,BOMAustralia,1,1
BOMAustralia__221207,175,76,BOMAustralia,2,3
BOMAustralia__221208,149,65,BOMAustralia,1,4
BOMAustralia__221209,183,80,BOMAustralia,2,0
BOMAustralia__221210,167,73,BOMAustralia,2,2
BOMAustralia__221211,178,78,BOMAustralia,2,4
BOMAustralia__221212,203,89,BOMAustralia,2,4
BOMAustralia__221213,9,5,BOMAustralia,0,3
BOMAustralia__221218,33,16,BOMAustralia,0,3
BOMAustralia__221224,109,54,BOMAustralia,1,2
BOMAustralia__222004,166,72,BOMAustralia,2,3
BOMAustralia__222007,141,61,BOMAustralia,1,3
BOMAustralia__222008,159,69,BOMAustralia,1,1
BOMAustralia__222017,146,63,BOMAustralia,1,3
BOMAustralia__222019,144,63,BOMAustralia,1,0
BOMAustralia__222023,118,52,BOMAustralia,1,2
BOMAustralia__222202,107,47,BOMAustralia,1,3
BOMAustralia__222206,228,102,BOMAustralia,3,0
BOMAustralia__222210,140,61,BOMAustralia,1,3
BOMAustralia__222213,166,73,BOMAustralia,2,0
BOMAustralia__222217,128,56,BOMAustralia,1,3
BOMAustralia__222218,3,2,BOMAustralia,0,2
BOMAustralia__223207,3,3,BOMAustralia,0,0
BOMAustralia__223208,47,22,BOMAustralia,0,0
BOMAustralia__223210,100,46,BOMAustralia,0,4
BOMAustralia__223212,164,71,BOMAustralia,1,0
BOMAustralia__223215,112,50,BOMAustralia,1,4
BOMAustralia__224201,232,104,BOMAustralia,3,1
BOMAustralia__224206,180,79,BOMAustralia,2,4
BOMAustralia__224207,9,5,BOMAustralia,0,0
BOMAustralia__224209,7,4,BOMAustralia,0,1
BOMAustralia__224213,193,85,BOMAustralia,2,0
BOMAustralia__224214,144,63,BOMAustralia,1,2
BOMAustralia__224215,11,6,BOMAustralia,0,3
BOMAustralia__224217,144,67,BOMAustralia,1,0
BOMAustralia__224219B,51,28,BOMAustralia,0,1
BOMAustralia__224222,99,50,BOMAustralia,0,3
BOMAustralia__225020A,140,62,BOMAustralia,1,0
BOMAustralia__225105,10,9,BOMAustralia,0,0
BOMAustralia__225110A,219,96,BOMAustralia,3,0
BOMAustralia__225114,54,24,BOMAustralia,0,4
BOMAustralia__225200A,194,88,BOMAustralia,2,1
BOMAustralia__225201,190,83,BOMAustralia,2,3
BOMAustralia__225208B,135,60,BOMAustralia,1,4
BOMAustralia__225209,192,84,BOMAustralia,2,3
BOMAustralia__225213,164,72,BOMAustralia,1,0
BOMAustralia__225217,12,7,BOMAustralia,0,2
BOMAustralia__225218,187,81,BOMAustralia,2,4
BOMAustralia__225219,189,83,BOMAustralia,2,2
BOMAustralia__225221,143,63,BOMAustralia,1,3
BOMAustralia__225223,157,69,BOMAustralia,1,4
BOMAustralia__225224,192,83,BOMAustralia,2,4
BOMAustralia__225230A,164,72,BOMAustralia,1,0
BOMAustralia__225231,214,94,BOMAustralia,2,3
BOMAustralia__225242A,128,59,BOMAustralia,1,1
BOMAustralia__225702A,69,30,BOMAustralia,0,2
BOMAustralia__225706A,27,12,BOMAustralia,0,4
BOMAustralia__225715,15,8,BOMAustralia,0,2
BOMAustralia__225717,20,10,BOMAustralia,0,3
BOMAustralia__225728A,87,41,BOMAustralia,0,2
BOMAustralia__225730A,112,53,BOMAustralia,1,2
BOMAustralia__225731A,38,21,BOMAustralia,0,1
BOMAustralia__225732A,36,20,BOMAustralia,0,4
BOMAustralia__225734A,52,27,BOMAustralia,0,2
BOMAustralia__226005,246,110,BOMAustralia,3,0
BOMAustralia__226007,185,81,BOMAustralia,2,3
BOMAustralia__226008,119,54,BOMAustralia,1,1
BOMAustralia__226028,4,5,BOMAustralia,0,1
BOMAustralia__226033,96,47,BOMAustralia,0,4
BOMAustralia__226204,234,102,BOMAustralia,3,0
BOMAustralia__226205,247,109,BOMAustralia,3,0
BOMAustralia__226209,243,108,BOMAustralia,3,3
BOMAustralia__226217,25,12,BOMAustralia,0,1
BOMAustralia__226219,14,8,BOMAustralia,0,1
BOMAustralia__226220,134,59,BOMAustralia,1,0
BOMAustralia__226222,141,63,BOMAustralia,1,1
BOMAustralia__226224,140,62,BOMAustralia,1,3
BOMAustralia__226227,183,84,BOMAustralia,2,3
BOMAustralia__226233,29,15,BOMAustralia,0,0
BOMAustralia__226400B,64,34,BOMAustralia,0,0
BOMAustralia__226402,205,90,BOMAustralia,2,1
BOMAustralia__226407,182,79,BOMAustralia,2,0
BOMAustralia__226408,122,53,BOMAustralia,1,2
BOMAustralia__226409C,68,32,BOMAustralia,0,0
BOMAustralia__226410,158,69,BOMAustralia,1,3
BOMAustralia__227200B,104,46,BOMAustralia,0,1
BOMAustralia__227202,178,78,BOMAustralia,2,4
BOMAustralia__227203,4,3,BOMAustralia,0,1
BOMAustralia__227205,169,74,BOMAustralia,2,1
BOMAustralia__227211,172,76,BOMAustralia,2,0
BOMAustralia__227213,155,68,BOMAustralia,1,2
BOMAustralia__227216,11,6,BOMAustralia,0,3
BOMAustralia__227225,142,62,BOMAustralia,1,1
BOMAustralia__227226,151,66,BOMAustralia,1,0
BOMAustralia__227227,162,72,BOMAustralia,1,1
BOMAustralia__227228,13,8,BOMAustralia,0,0
BOMAustralia__227231,161,71,BOMAustralia,1,2
BOMAustralia__227238,19,11,BOMAustralia,0,1
BOMAustralia__227239,116,50,BOMAustralia,1,3
BOMAustralia__227243,14,7,BOMAustralia,0,0
BOMAustralia__227244,114,51,BOMAustralia,1,3
BOMAustralia__227249,112,55,BOMAustralia,1,1
BOMAustralia__227272,56,31,BOMAustralia,0,3
BOMAustralia__228207A,92,41,BOMAustralia,0,2
BOMAustralia__228209B,91,40,BOMAustralia,0,4
BOMAustralia__228212A,122,54,BOMAustralia,1,4
BOMAustralia__228214,10,6,BOMAustralia,0,2
BOMAustralia__228219C,89,40,BOMAustralia,0,2
BOMAustralia__228231A,146,66,BOMAustralia,1,2
BOMAustralia__228232,5,4,BOMAustralia,0,0
BOMAustralia__228233A,53,25,BOMAustralia,0,1
BOMAustralia__228235A,58,27,BOMAustralia,0,1
BOMAustralia__228255A,94,43,BOMAustralia,0,2
BOMAustralia__228357A,175,77,BOMAustralia,2,3
BOMAustralia__228358A,96,42,BOMAustralia,0,4
BOMAustralia__228362A,74,33,BOMAustralia,0,4
BOMAustralia__228363A,93,41,BOMAustralia,0,4
BOMAustralia__228364A,60,27,BOMAustralia,0,2
BOMAustralia__228368A,183,80,BOMAustralia,2,0
BOMAustralia__228373A,92,41,BOMAustralia,0,2
BOMAustralia__228393A,68,35,BOMAustralia,0,1
BOMAustralia__228395A,138,64,BOMAustralia,1,2
BOMAustralia__229104C,195,85,BOMAustralia,2,2
BOMAustralia__229106A,168,72,BOMAustralia,2,3
BOMAustralia__229109A,200,88,BOMAustralia,2,4
BOMAustralia__229135A,208,95,BOMAustralia,2,1
BOMAustralia__229142A,151,66,BOMAustralia,1,3
BOMAustralia__229143A,162,72,BOMAustralia,1,1
BOMAustralia__229144A,122,54,BOMAustralia,1,2
BOMAustralia__229200B,160,71,BOMAustralia,1,3
BOMAustralia__229206A,142,64,BOMAustralia,1,4
BOMAustralia__229214A,68,32,BOMAustralia,0,0
BOMAustralia__229215B,117,52,BOMAustralia,1,3
BOMAustralia__229224A,98,46,BOMAustralia,0,4
BOMAustralia__229229A,73,37,BOMAustralia,0,0
BOMAustralia__229245A,53,25,BOMAustralia,0,0
BOMAustralia__229246C,44,22,BOMAustralia,0,2
BOMAustralia__229247B,70,34,BOMAustralia,0,3
BOMAustralia__229248B,56,27,BOMAustralia,0,0
BOMAustralia__229249A,92,45,BOMAustralia,0,0
BOMAustralia__229263A,112,53,BOMAustralia,1,4
BOMAustralia__229264A,151,70,BOMAustralia,1,0
BOMAustralia__229270A,75,39,BOMAustralia,0,2
BOMAustralia__229290A,49,25,BOMAustralia,0,4
BOMAustralia__229400A,162,75,BOMAustralia,1,2
BOMAustralia__229404A,44,20,BOMAustralia,0,4
BOMAustralia__229608A,88,39,BOMAustralia,0,3
BOMAustralia__229610A,160,70,BOMAustralia,1,2
BOMAustralia__229612A,168,75,BOMAustralia,2,4
BOMAustralia__229616A,100,43,BOMAustralia,0,0
BOMAustralia__229617A,49,24,BOMAustralia,0,2
BOMAustralia__229618A,135,59,BOMAustralia,1,4
BOMAustralia__229620A,90,40,BOMAustralia,0,0
BOMAustralia__229624A,163,72,BOMAustralia,1,2
BOMAustralia__229627A,86,38,BOMAustralia,0,1
BOMAustralia__229628A,24,13,BOMAustralia,0,2
BOMAustralia__229645A,103,45,BOMAustralia,0,3
BOMAustralia__229648A,131,58,BOMAustralia,1,4
BOMAustralia__229652A,209,92,BOMAustralia,2,2
BOMAustralia__229653A,182,82,BOMAustralia,2,3
BOMAustralia__229659A,7,6,BOMAustralia,0,3
BOMAustralia__229660A,155,70,BOMAustralia,1,4
BOMAustralia__229677A,62,29,BOMAustralia,0,4
BOMAustralia__229678A,72,35,BOMAustralia,0,1
BOMAustralia__229681B,113,52,BOMAustralia,1,0
BOMAustralia__229694B,85,40,BOMAustralia,0,3
BOMAustralia__230107A,57,25,BOMAustralia,0,0
BOMAustralia__230112A,75,37,BOMAustralia,0,3
BOMAustralia__230202,211,93,BOMAustralia,2,4
BOMAustralia__230205,163,72,BOMAustralia,1,3
BOMAustralia__230211A,57,26,BOMAustralia,0,0
BOMAustralia__230213,186,82,BOMAustralia,2,1
BOMAustralia__230217,130,59,BOMAustralia,1,3
BOMAustralia__230219,30,15,BOMAustralia,0,1
BOMAustralia__230232,142,64,BOMAustralia,1,2
BOMAustralia__230237A,67,31,BOMAustralia,0,3
BOMAustralia__231106A,40,18,BOMAustralia,0,2
BOMAustralia__231110A,64,29,BOMAustralia,0,4
BOMAustralia__231200,201,88,BOMAustralia,2,0
BOMAustralia__231204,204,88,BOMAustralia,2,0
BOMAustralia__231208A,63,34,BOMAustralia,0,2
BOMAustralia__231211,159,70,BOMAustralia,1,3
BOMAustralia__231221,154,69,BOMAustralia,1,2
BOMAustralia__231222,129,56,BOMAustralia,1,1
BOMAustralia__231230,19,9,BOMAustralia,0,4
BOMAustralia__231231A,75,33,BOMAustralia,0,2
BOMAustralia__231236,123,55,BOMAustralia,1,3
BOMAustralia__231245A,8,5,BOMAustralia,0,1
BOMAustralia__231704A,70,30,BOMAustralia,0,0
BOMAustralia__231707A,53,23,BOMAustralia,0,3
BOMAustralia__231716A,48,22,BOMAustralia,0,1
BOMAustralia__231721A,18,12,BOMAustralia,0,2
BOMAustralia__232200,163,71,BOMAustralia,1,0
BOMAustralia__232202,177,78,BOMAustralia,2,0
BOMAustralia__232204,175,77,BOMAustralia,2,0
BOMAustralia__232209,147,65,BOMAustralia,1,4
BOMAustralia__232211,150,66,BOMAustralia,1,2
BOMAustralia__232213,151,66,BOMAustralia,1,2
BOMAustralia__232214A,152,67,BOMAustralia,1,0
BOMAustralia__232242A,27,12,BOMAustralia,0,2
BOMAustralia__232709,118,53,BOMAustralia,1,3
BOMAustralia__233200,227,100,BOMAustralia,3,2
BOMAustralia__233201,158,71,BOMAustralia,1,2
BOMAustralia__233211,164,72,BOMAustralia,1,1
BOMAustralia__233215,215,95,BOMAustralia,2,3
BOMAustralia__233217,134,62,BOMAustralia,1,4
BOMAustralia__233218,207,91,BOMAustralia,2,1
BOMAustralia__233224,199,87,BOMAustralia,2,0
BOMAustralia__233225,5,3,BOMAustralia,0,1
BOMAustralia__233227,8,5,BOMAustralia,0,2
BOMAustralia__233246,156,70,BOMAustralia,1,3
BOMAustralia__233247,193,86,BOMAustralia,2,2
BOMAustralia__233248,79,38,BOMAustralia,0,1
BOMAustralia__233249,89,41,BOMAustralia,0,3
BOMAustralia__233250,145,65,BOMAustralia,1,0
BOMAustralia__233251,41,22,BOMAustralia,0,1
BOMAustralia__233257,152,69,BOMAustralia,1,2
BOMAustralia__233706,102,49,BOMAustralia,1,0
BOMAustralia__233709,114,52,BOMAustralia,1,4
BOMAustralia__233714,78,37,BOMAustralia,0,4
BOMAustralia__233716,1,1,BOMAustralia,0,3
BOMAustralia__233718,121,56,BOMAustralia,1,0
BOMAustralia__234200,182,80,BOMAustralia,2,2
BOMAustralia__234201,191,84,BOMAustralia,2,1
BOMAustralia__234203,119,53,BOMAustralia,1,3
BOMAustralia__234209,196,85,BOMAustralia,2,2
BOMAustralia__234212,68,32,BOMAustralia,0,0
BOMAustralia__234215,17,13,BOMAustralia,0,2
BOMAustralia__234700,61,28,BOMAustralia,0,1
BOMAustralia__234701,42,22,BOMAustralia,0,2
BOMAustralia__235203,186,81,BOMAustralia,2,2
BOMAustralia__235205,165,72,BOMAustralia,1,0
BOMAustralia__235210,189,84,BOMAustralia,2,1
BOMAustralia__235212,14,9,BOMAustralia,0,0
BOMAustralia__235219,155,68,BOMAustralia,1,1
BOMAustralia__235222,89,39,BOMAustralia,0,4
BOMAustralia__235223,7,5,BOMAustralia,0,1
BOMAustralia__235224,208,92,BOMAustralia,2,3
BOMAustralia__235225,128,59,BOMAustralia,1,2
BOMAustralia__235227,167,74,BOMAustralia,2,3
BOMAustralia__235229,10,6,BOMAustralia,0,2
BOMAustralia__235233,172,75,BOMAustralia,2,2
BOMAustralia__235237,185,80,BOMAustralia,2,2
BOMAustralia__235241,18,10,BOMAustralia,0,2
BOMAustralia__235242,15,8,BOMAustralia,0,0
BOMAustralia__235243,7,4,BOMAustralia,0,3
BOMAustralia__235255,162,73,BOMAustralia,1,2
BOMAustralia__235256,75,34,BOMAustralia,0,0
BOMAustralia__235257,149,65,BOMAustralia,1,2
BOMAustralia__235258,84,39,BOMAustralia,0,1
BOMAustralia__235267,130,61,BOMAustralia,1,4
BOMAustralia__236203,167,73,BOMAustralia,2,3
BOMAustralia__236204,138,60,BOMAustralia,1,2
BOMAustralia__236205,218,96,BOMAustralia,3,3
BOMAustralia__236212,179,79,BOMAustralia,2,1
BOMAustralia__236213,139,61,BOMAustralia,1,1
BOMAustralia__236215,130,55,BOMAustralia,1,1
BOMAustralia__236216,187,81,BOMAustralia,2,1
BOMAustralia__236227A,86,41,BOMAustralia,0,2
BOMAustralia__237200,200,87,BOMAustralia,2,4
BOMAustralia__237202,177,77,BOMAustralia,2,0
BOMAustralia__237205,153,67,BOMAustralia,1,1
BOMAustralia__237206,178,78,BOMAustralia,2,3
BOMAustralia__237207,195,84,BOMAustralia,2,0
BOMAustralia__237208,8,5,BOMAustralia,0,2
BOMAustralia__237209,25,13,BOMAustralia,0,4
BOMAustralia__238202,215,94,BOMAustralia,2,2
BOMAustralia__238208,137,60,BOMAustralia,1,2
BOMAustralia__238210,134,58,BOMAustralia,1,2
BOMAustralia__238212,19,10,BOMAustralia,0,4
BOMAustralia__238218,192,82,BOMAustralia,2,0
BOMAustralia__238219,226,99,BOMAustralia,3,1
BOMAustralia__238220,167,74,BOMAustralia,2,2
BOMAustralia__238223,167,74,BOMAustralia,2,2
BOMAustralia__238224,157,69,BOMAustralia,1,2
BOMAustralia__238228,214,94,BOMAustralia,2,0
BOMAustralia__238229,118,53,BOMAustralia,1,1
BOMAustralia__238230,171,74,BOMAustralia,2,1
BOMAustralia__238231,157,69,BOMAustralia,1,3
BOMAustralia__238233,6,4,BOMAustralia,0,3
BOMAustralia__238234,12,8,BOMAustralia,0,3
BOMAustralia__238235,172,75,BOMAustralia,2,0
BOMAustralia__238238,13,7,BOMAustralia,0,0
BOMAustralia__238249,75,35,BOMAustralia,0,0
BOMAustralia__238700,118,51,BOMAustralia,1,0
BOMAustralia__238702,130,57,BOMAustralia,1,2
BOMAustralia__238707,110,48,BOMAustralia,1,1
BOMAustralia__238716,34,18,BOMAustralia,0,4
BOMAustralia__340001,49,26,BOMAustralia,0,1
BOMAustralia__401008,164,73,BOMAustralia,1,4
BOMAustralia__401009,224,100,BOMAustralia,3,1
BOMAustralia__401013,199,87,BOMAustralia,2,1
BOMAustralia__401014,252,113,BOMAustralia,3,2
BOMAustralia__401015,177,76,BOMAustralia,2,2
BOMAustralia__401016,187,81,BOMAustralia,2,3
BOMAustralia__401017,212,94,BOMAustralia,2,3
BOMAustralia__401024,153,70,BOMAustralia,1,3
BOMAustralia__401026,128,57,BOMAustralia,1,2
BOMAustralia__401029,90,46,BOMAustralia,0,1
BOMAustralia__401204,241,106,BOMAustralia,3,4
BOMAustralia__401208,205,90,BOMAustralia,2,0
BOMAustralia__401209,23,12,BOMAustralia,0,3
BOMAustralia__401210,218,96,BOMAustralia,3,2
BOMAustralia__401212,148,65,BOMAustralia,1,4
BOMAustralia__401215,145,64,BOMAustralia,1,4
BOMAustralia__401216,205,90,BOMAustralia,2,2
BOMAustralia__401217,187,82,BOMAustralia,2,4
BOMAustralia__401218,4,3,BOMAustralia,0,3
BOMAustralia__401220,182,80,BOMAustralia,2,1
BOMAustralia__401225,27,14,BOMAustralia,0,1
BOMAustralia__401226,141,63,BOMAustralia,1,4
BOMAustralia__401228,101,45,BOMAustralia,0,0
BOMAustralia__401229,174,77,BOMAustralia,2,1
BOMAustralia__401231,183,81,BOMAustralia,2,2
BOMAustralia__401549,214,94,BOMAustralia,2,4
BOMAustralia__401554,187,84,BOMAustralia,2,1
BOMAustralia__401560,208,90,BOMAustralia,2,3
BOMAustralia__402204,184,81,BOMAustralia,2,4
BOMAustralia__402213,149,66,BOMAustralia,1,2
BOMAustralia__402215,16,8,BOMAustralia,0,2
BOMAustralia__402217,61,29,BOMAustralia,0,3
BOMAustralia__402219,12,8,BOMAustralia,0,3
BOMAustralia__402222,244,108,BOMAustralia,3,4
BOMAustralia__402223,133,59,BOMAustralia,1,4
BOMAustralia__403205,227,99,BOMAustralia,3,4
BOMAustralia__403210,211,93,BOMAustralia,2,1
BOMAustralia__403213,209,92,BOMAustralia,2,4
BOMAustralia__403214,160,71,BOMAustralia,1,3
BOMAustralia__403216,30,14,BOMAustralia,0,4
BOMAustralia__403217,168,74,BOMAustralia,2,4
BOMAustralia__403220,190,83,BOMAustralia,2,0
BOMAustralia__403221,166,72,BOMAustralia,2,2
BOMAustralia__403222,195,85,BOMAustralia,2,2
BOMAustralia__403223,224,98,BOMAustralia,3,2
BOMAustralia__403224,185,81,BOMAustralia,2,4
BOMAustralia__403227,211,93,BOMAustralia,2,0
BOMAustralia__403230,221,97,BOMAustralia,3,2
BOMAustralia__403232,174,77,BOMAustralia,2,3
BOMAustralia__403233,205,90,BOMAustralia,2,0
BOMAustralia__403236,17,10,BOMAustralia,0,1
BOMAustralia__403240,176,78,BOMAustralia,2,3
BOMAustralia__403241,166,74,BOMAustralia,2,2
BOMAustralia__403244,172,75,BOMAustralia,2,4
BOMAustralia__403247,111,50,BOMAustralia,1,1
BOMAustralia__403248,108,48,BOMAustralia,1,0
BOMAustralia__403249,126,58,BOMAustralia,1,2
BOMAustralia__403250,14,8,BOMAustralia,0,1
BOMAustralia__403254,118,54,BOMAustralia,1,3
BOMAustralia__404204,183,79,BOMAustralia,2,1
BOMAustralia__404206,89,40,BOMAustralia,0,2
BOMAustralia__404207,178,79,BOMAustralia,2,2
BOMAustralia__404208,116,52,BOMAustralia,1,1
BOMAustralia__404210,30,14,BOMAustralia,0,1
BOMAustralia__404214,173,75,BOMAustralia,2,1
BOMAustralia__404224,171,76,BOMAustralia,2,0
BOMAustralia__404227,78,34,BOMAustralia,0,1
BOMAustralia__404235,102,46,BOMAustralia,0,3
BOMAustralia__404239,87,40,BOMAustralia,0,2
BOMAustralia__404245,99,49,BOMAustralia,0,4
BOMAustralia__404246,40,23,BOMAustralia,0,2
BOMAustralia__404708,3,4,BOMAustralia,0,0
BOMAustralia__405201,215,95,BOMAustralia,2,2
BOMAustralia__405202,214,95,BOMAustralia,2,0
BOMAustralia__405203,264,118,BOMAustralia,3,2
BOMAustralia__405209,219,97,BOMAustralia,3,0
BOMAustralia__405212,191,83,BOMAustralia,2,1
BOMAustralia__405215,175,77,BOMAustralia,2,4
BOMAustralia__405217,192,84,BOMAustralia,2,1
BOMAustralia__405218,180,79,BOMAustralia,2,2
BOMAustralia__405219,176,77,BOMAustralia,2,2
BOMAustralia__405228,169,75,BOMAustralia,2,1
BOMAustralia__405229,137,60,BOMAustralia,1,0
BOMAustralia__405230,106,46,BOMAustralia,1,1
BOMAustralia__405231,197,87,BOMAustralia,2,2
BOMAustralia__405234,181,79,BOMAustralia,2,4
BOMAustralia__405236,12,7,BOMAustralia,0,4
BOMAustralia__405237,179,79,BOMAustralia,2,1
BOMAustralia__405238,157,69,BOMAustralia,1,2
BOMAustralia__405240,196,86,BOMAustralia,2,4
BOMAustralia__405241,262,116,BOMAustralia,3,0
BOMAustralia__405247,143,62,BOMAustralia,1,1
BOMAustralia__405248,164,71,BOMAustralia,1,2
BOMAustralia__405251,160,70,BOMAustralia,1,2
BOMAustralia__405257,118,53,BOMAustralia,1,4
BOMAustralia__405260,31,21,BOMAustralia,0,3
BOMAustralia__405261,8,5,BOMAustralia,0,3
BOMAustralia__405262,18,9,BOMAustralia,0,4
BOMAustralia__405263,53,24,BOMAustralia,0,3
BOMAustralia__405264,174,76,BOMAustralia,2,2
BOMAustralia__405269,175,76,BOMAustralia,2,0
BOMAustralia__405278,8,5,BOMAustralia,0,3
BOMAustralia__405279,2,1,BOMAustralia,0,1
BOMAustralia__405281,1,1,BOMAustralia,0,3
BOMAustralia__405290,76,37,BOMAustralia,0,1
BOMAustralia__405291,169,77,BOMAustralia,2,1
BOMAustralia__405292,46,22,BOMAustralia,0,1
BOMAustralia__405293,64,32,BOMAustralia,0,0
BOMAustralia__405321,95,44,BOMAustralia,0,4
BOMAustralia__405328,103,52,BOMAustralia,1,4
BOMAustralia__405702,134,58,BOMAustralia,1,0
BOMAustralia__405704,129,57,BOMAustralia,1,3
BOMAustralia__405709,123,53,BOMAustralia,1,2
BOMAustralia__405711,39,19,BOMAustralia,0,4
BOMAustralia__405714,77,38,BOMAustralia,0,0
BOMAustralia__405716,44,21,BOMAustralia,0,2
BOMAustralia__405717,98,43,BOMAustralia,0,3
BOMAustralia__405719,113,53,BOMAustralia,1,2
BOMAustralia__405721,23,10,BOMAustralia,0,4
BOMAustralia__405729,42,19,BOMAustralia,0,3
BOMAustralia__405737,8,6,BOMAustralia,0,0
BOMAustralia__405738,123,55,BOMAustralia,1,1
BOMAustralia__405740,31,16,BOMAustralia,0,4
BOMAustralia__405746,20,11,BOMAustralia,0,2
BOMAustralia__405757,21,15,BOMAustralia,0,4
BOMAustralia__405758,158,74,BOMAustralia,1,2
BOMAustralia__405779,124,57,BOMAustralia,1,1
BOMAustralia__406201,175,77,BOMAustralia,2,0
BOMAustralia__406202,234,103,BOMAustralia,3,0
BOMAustralia__406208,139,61,BOMAustralia,1,4
BOMAustralia__406210,100,50,BOMAustralia,0,1
BOMAustralia__406213,187,81,BOMAustralia,2,3
BOMAustralia__406214,143,63,BOMAustralia,1,3
BOMAustralia__406215,165,72,BOMAustralia,1,4
BOMAustralia__406216,155,67,BOMAustralia,1,3
BOMAustralia__406225,125,54,BOMAustralia,1,0
BOMAustralia__406235,175,76,BOMAustralia,2,0
BOMAustralia__406250,170,74,BOMAustralia,2,1
BOMAustralia__406262,195,86,BOMAustralia,2,3
BOMAustralia__406264,159,72,BOMAustralia,1,0
BOMAustralia__406265,107,48,BOMAustralia,1,0
BOMAustralia__406280,101,50,BOMAustralia,1,0
BOMAustralia__406757,57,27,BOMAustralia,0,1
BOMAustralia__407205,158,69,BOMAustralia,1,2
BOMAustralia__407209,103,45,BOMAustralia,0,1
BOMAustralia__407211,133,59,BOMAustralia,1,4
BOMAustralia__407213,157,68,BOMAustralia,1,1
BOMAustralia__407214,164,71,BOMAustralia,1,4
BOMAustralia__407215,162,71,BOMAustralia,1,0
BOMAustralia__407217,138,60,BOMAustralia,1,3
BOMAustralia__407220,75,33,BOMAustralia,0,2
BOMAustralia__407221,132,58,BOMAustralia,1,0
BOMAustralia__407222,160,70,BOMAustralia,1,1
BOMAustralia__407229,193,83,BOMAustralia,2,1
BOMAustralia__407230,166,73,BOMAustralia,2,3
BOMAustralia__407236,155,67,BOMAustralia,1,0
BOMAustralia__407237,85,41,BOMAustralia,0,2
BOMAustralia__407239,150,65,BOMAustralia,1,1
BOMAustralia__407240,72,34,BOMAustralia,0,3
BOMAustralia__407252,181,80,BOMAustralia,2,0
BOMAustralia__407253,133,58,BOMAustralia,1,1
BOMAustralia__407255,180,80,BOMAustralia,2,4
BOMAustralia__407258,19,8,BOMAustralia,0,0
BOMAustralia__407284,165,76,BOMAustralia,2,2
BOMAustralia__407285,130,61,BOMAustralia,1,1
BOMAustralia__407287,165,75,BOMAustralia,2,3
BOMAustralia__407288,137,62,BOMAustralia,1,4
BOMAustralia__407290,166,73,BOMAustralia,2,1
BOMAustralia__407295,147,65,BOMAustralia,1,2
BOMAustralia__407300,136,60,BOMAustralia,1,2
BOMAustralia__407301,133,60,BOMAustralia,1,1
BOMAustralia__407314,135,60,BOMAustralia,1,1
BOMAustralia__407712,210,92,BOMAustralia,2,2
BOMAustralia__407716,50,25,BOMAustralia,0,3
BOMAustralia__407727,32,17,BOMAustralia,0,1
BOMAustralia__407735,152,68,BOMAustralia,1,1
BOMAustralia__408202,146,63,BOMAustralia,1,4
BOMAustralia__408203,158,68,BOMAustralia,1,3
BOMAustralia__408204,8,4,BOMAustralia,0,3
BOMAustralia__408206,152,66,BOMAustralia,1,4
BOMAustralia__408207,5,2,BOMAustralia,0,3
BOMAustralia__408209,124,55,BOMAustralia,1,0
BOMAustralia__408213,75,32,BOMAustralia,0,4
BOMAustralia__408702,46,22,BOMAustralia,0,4
BOMAustralia__408705,30,20,BOMAustralia,0,1
BOMAustralia__409013,150,67,BOMAustralia,1,0
BOMAustralia__409019,158,68,BOMAustralia,1,3
BOMAustralia__409029,231,99,BOMAustralia,3,3
BOMAustralia__409036,161,70,BOMAustralia,1,4
BOMAustralia__409044,139,60,BOMAustralia,1,2
BOMAustralia__409045,166,71,BOMAustralia,1,0
BOMAustralia__409047,143,61,BOMAustralia,1,0
BOMAustralia__409048,166,71,BOMAustralia,1,1
BOMAustralia__409056,177,81,BOMAustralia,2,1
BOMAustralia__409061,169,72,BOMAustralia,2,1
BOMAustralia__409062,167,72,BOMAustralia,2,3
BOMAustralia__409075,128,55,BOMAustralia,1,0
BOMAustralia__409086,134,60,BOMAustralia,1,3
BOMAustralia__409224,6,5,BOMAustralia,0,0
BOMAustralia__409712,163,76,BOMAustralia,2,3
BOMAustralia__41000209,132,59,BOMAustralia,1,1
BOMAustralia__41000210,129,60,BOMAustralia,1,0
BOMAustralia__41000213,101,47,BOMAustralia,0,0
BOMAustralia__41000254,93,47,BOMAustralia,0,2
BOMAustralia__41000260,92,46,BOMAustralia,0,4
BOMAustralia__41000261,82,42,BOMAustralia,0,3
BOMAustralia__41000271,74,39,BOMAustralia,0,2
BOMAustralia__410012,168,73,BOMAustralia,2,4
BOMAustralia__410014,154,67,BOMAustralia,1,2
BOMAustralia__410016,172,74,BOMAustralia,2,1
BOMAustralia__41001701,23,17,BOMAustralia,0,1
BOMAustralia__41001702,56,30,BOMAustralia,0,4
BOMAustralia__410024,126,58,BOMAustralia,1,4
BOMAustralia__410025,210,94,BOMAustralia,2,3
BOMAustralia__410038,137,58,BOMAustralia,1,0
BOMAustralia__410043,120,57,BOMAustralia,1,4
BOMAustralia__410044,185,81,BOMAustralia,2,3
BOMAustralia__410048,122,53,BOMAustralia,1,0
BOMAustralia__410050,207,92,BOMAustralia,2,1
BOMAustralia__410059,128,57,BOMAustralia,1,3
BOMAustralia__410061,236,104,BOMAustralia,3,1
BOMAustralia__410062,177,77,BOMAustralia,2,2
BOMAustralia__410076,166,71,BOMAustralia,1,3
BOMAustralia__410081,135,58,BOMAustralia,1,0
BOMAustralia__410088,212,95,BOMAustralia,2,4
BOMAustralia__410090,155,67,BOMAustralia,1,1
BOMAustralia__410091,195,86,BOMAustralia,2,1
BOMAustralia__410092,87,45,BOMAustralia,0,0
BOMAustralia__410094,179,77,BOMAustralia,2,3
BOMAustralia__410097,183,79,BOMAustralia,2,3
BOMAustralia__410103,135,58,BOMAustralia,1,0
BOMAustralia__410106,117,52,BOMAustralia,1,1
BOMAustralia__410107,175,75,BOMAustralia,2,3
BOMAustralia__410108,161,74,BOMAustralia,1,3
BOMAustralia__410110,226,100,BOMAustralia,3,2
BOMAustralia__410112,188,81,BOMAustralia,2,0
BOMAustralia__410114,219,97,BOMAustralia,3,2
BOMAustralia__410133,157,73,BOMAustralia,1,4
BOMAustralia__410137,156,71,BOMAustralia,1,1
BOMAustralia__410141,178,77,BOMAustralia,2,4
BOMAustralia__410148,127,55,BOMAustralia,1,4
BOMAustralia__410149,110,47,BOMAustralia,1,4
BOMAustralia__410156,181,79,BOMAustralia,2,4
BOMAustralia__410160,159,70,BOMAustralia,1,4
BOMAustralia__410169,179,79,BOMAustralia,2,1
BOMAustralia__410170,163,72,BOMAustralia,1,1
BOMAustralia__410173,43,21,BOMAustralia,0,4
BOMAustralia__410182,159,70,BOMAustralia,1,4
BOMAustralia__410183,159,70,BOMAustralia,1,1
BOMAustralia__410186,164,72,BOMAustralia,1,1
BOMAustralia__410187,149,66,BOMAustralia,1,4
BOMAustralia__410199,91,46,BOMAustralia,0,0
BOMAustralia__410514,172,77,BOMAustralia,2,1
BOMAustralia__410533,212,91,BOMAustralia,2,4
BOMAustralia__410534,202,87,BOMAustralia,2,2
BOMAustralia__410574,180,77,BOMAustralia,2,3
BOMAustralia__410575,178,77,BOMAustralia,2,2
BOMAustralia__410700,120,54,BOMAustralia,1,0
BOMAustralia__410705,73,33,BOMAustralia,0,0
BOMAustralia__410711,77,35,BOMAustralia,0,3
BOMAustralia__410713,77,37,BOMAustralia,0,3
BOMAustralia__410725,101,45,BOMAustralia,0,0
BOMAustralia__410729,181,80,BOMAustralia,2,1
BOMAustralia__410730,98,44,BOMAustralia,0,3
BOMAustralia__410731,118,54,BOMAustralia,1,4
BOMAustralia__410733,108,48,BOMAustralia,1,1
BOMAustralia__410734,96,43,BOMAustralia,0,1
BOMAustralia__410736,74,34,BOMAustralia,0,3
BOMAustralia__410738,122,55,BOMAustralia,1,2
BOMAustralia__410746,91,42,BOMAustralia,0,0
BOMAustralia__410751,102,45,BOMAustralia,0,4
BOMAustralia__410756,167,76,BOMAustralia,2,3
BOMAustralia__410760,154,67,BOMAustralia,1,4
BOMAustralia__410761,159,72,BOMAustralia,1,0
BOMAustralia__410770,92,43,BOMAustralia,0,4
BOMAustralia__410772,106,49,BOMAustralia,1,3
BOMAustralia__410774,128,57,BOMAustralia,1,4
BOMAustralia__410777,151,68,BOMAustralia,1,4
BOMAustralia__410779,82,39,BOMAustralia,0,1
BOMAustralia__410781,58,26,BOMAustralia,0,2
BOMAustralia__410790,87,39,BOMAustralia,0,3
BOMAustralia__410851,159,70,BOMAustralia,1,3
BOMAustralia__411003,167,73,BOMAustralia,2,0
BOMAustralia__41200208,91,47,BOMAustralia,0,0
BOMAustralia__41200209,89,45,BOMAustralia,0,0
BOMAustralia__41200210,89,46,BOMAustralia,0,2
BOMAustralia__412011,155,69,BOMAustralia,1,4
BOMAustralia__412014,149,64,BOMAustralia,1,2
BOMAustralia__412016,217,94,BOMAustralia,2,1
BOMAustralia__412027,120,54,BOMAustralia,1,3
BOMAustralia__412028,86,39,BOMAustralia,0,0
BOMAustralia__412029,189,83,BOMAustralia,2,0
BOMAustralia__412030,187,83,BOMAustralia,2,4
BOMAustralia__412033,162,70,BOMAustralia,1,4
BOMAustralia__412042,123,53,BOMAustralia,1,3
BOMAustralia__412046,104,45,BOMAustralia,0,4
BOMAustralia__412047,87,38,BOMAustralia,0,3
BOMAustralia__412050,186,83,BOMAustralia,2,3
BOMAustralia__412056,192,85,BOMAustralia,2,3
BOMAustralia__412065,195,85,BOMAustralia,2,1
BOMAustralia__412066,196,86,BOMAustralia,2,2
BOMAustralia__412077,117,54,BOMAustralia,1,3
BOMAustralia__412080,170,73,BOMAustralia,2,1
BOMAustralia__412090,23,12,BOMAustralia,0,4
BOMAustralia__412124,129,56,BOMAustralia,1,3
BOMAustralia__412134,151,67,BOMAustralia,1,2
BOMAustralia__412163,117,52,BOMAustralia,1,1
BOMAustralia__412165,21,10,BOMAustralia,0,0
BOMAustralia__412175,60,33,BOMAustralia,0,4
BOMAustralia__412187,124,54,BOMAustralia,1,1
BOMAustralia__412192,97,42,BOMAustralia,0,4
BOMAustralia__412195,115,56,BOMAustralia,1,2
BOMAustralia__414218,133,59,BOMAustralia,1,0
BOMAustralia__414703,185,80,BOMAustralia,2,2
BOMAustralia__414719,68,29,BOMAustralia,0,1
BOMAustralia__414722,175,80,BOMAustralia,2,3
BOMAustralia__415202,147,64,BOMAustralia,1,1
BOMAustralia__415206,170,74,BOMAustralia,2,0
BOMAustralia__415207,167,72,BOMAustralia,2,1
BOMAustralia__415214,162,71,BOMAustralia,1,0
BOMAustralia__415220,74,32,BOMAustralia,0,3
BOMAustralia__415224,8,4,BOMAustralia,0,3
BOMAustralia__415226,110,48,BOMAustralia,1,4
BOMAustralia__415227,11,5,BOMAustralia,0,1
BOMAustralia__415237,156,68,BOMAustralia,1,0
BOMAustralia__415238,138,60,BOMAustralia,1,0
BOMAustralia__415241,20,9,BOMAustralia,0,1
BOMAustralia__415244,137,60,BOMAustralia,1,1
BOMAustralia__415245,153,67,BOMAustralia,1,1
BOMAustralia__415246,158,69,BOMAustralia,1,4
BOMAustralia__415247,59,26,BOMAustralia,0,2
BOMAustralia__415249,3,2,BOMAustralia,0,1
BOMAustralia__415251,131,57,BOMAustralia,1,4
BOMAustralia__415252,143,63,BOMAustralia,1,2
BOMAustralia__415256,144,65,BOMAustralia,1,0
BOMAustralia__415257,136,61,BOMAustralia,1,3
BOMAustralia__415259,138,61,BOMAustralia,1,1
BOMAustralia__415272,47,25,BOMAustralia,0,4
BOMAustralia__415273,111,55,BOMAustralia,1,1
BOMAustralia__415702,12,7,BOMAustralia,0,4
BOMAustralia__415711,5,4,BOMAustralia,0,4
BOMAustralia__416003,187,83,BOMAustralia,2,2
BOMAustralia__416006,220,97,BOMAustralia,3,2
BOMAustralia__416007,181,79,BOMAustralia,2,4
BOMAustralia__416008,180,79,BOMAustralia,2,0
BOMAustralia__416010,207,91,BOMAustralia,2,1
BOMAustralia__416011,196,87,BOMAustralia,2,1
BOMAustralia__416012,192,84,BOMAustralia,2,4
BOMAustralia__416016,216,94,BOMAustralia,2,0
BOMAustralia__416020,188,82,BOMAustralia,2,0
BOMAustralia__416021,157,68,BOMAustralia,1,2
BOMAustralia__416022,200,87,BOMAustralia,2,3
BOMAustralia__416023,189,83,BOMAustralia,2,1
BOMAustralia__416027,229,102,BOMAustralia,3,1
BOMAustralia__416031,165,72,BOMAustralia,1,3
BOMAustralia__416032,204,90,BOMAustralia,2,4
BOMAustralia__416037,186,83,BOMAustralia,2,2
BOMAustralia__416039,218,95,BOMAustralia,2,2
BOMAustralia__416040,162,71,BOMAustralia,1,1
BOMAustralia__416052,190,83,BOMAustralia,2,2
BOMAustralia__416054,145,64,BOMAustralia,1,3
BOMAustralia__416068,147,67,BOMAustralia,1,3
BOMAustralia__416069,129,58,BOMAustralia,1,0
BOMAustralia__416072,69,37,BOMAustralia,0,4
BOMAustralia__416080,80,41,BOMAustralia,0,2
BOMAustralia__416202A,125,53,BOMAustralia,1,1
BOMAustralia__416203A,136,60,BOMAustralia,1,0
BOMAustralia__416204A,139,60,BOMAustralia,1,1
BOMAustralia__416205A,134,58,BOMAustralia,1,1
BOMAustralia__416206A,128,55,BOMAustralia,1,3
BOMAustralia__416207A,123,58,BOMAustralia,1,4
BOMAustralia__416303C,6,3,BOMAustralia,0,2
BOMAustralia__416305B,135,58,BOMAustralia,1,3
BOMAustralia__416308A,10,5,BOMAustralia,0,4
BOMAustralia__416310A,124,53,BOMAustralia,1,2
BOMAustralia__416312A,156,68,BOMAustralia,1,3
BOMAustralia__416317A,146,64,BOMAustralia,1,2
BOMAustralia__416318A,151,66,BOMAustralia,1,2
BOMAustralia__416319A,135,63,BOMAustralia,1,2
BOMAustralia__416320A,128,58,BOMAustralia,1,0
BOMAustralia__416402C,211,92,BOMAustralia,2,0
BOMAustralia__416404C,131,56,BOMAustralia,1,3
BOMAustralia__416406A,5,2,BOMAustralia,0,1
BOMAustralia__416410A,20,9,BOMAustralia,0,2
BOMAustralia__417205A,130,57,BOMAustralia,1,1
BOMAustralia__418002,225,100,BOMAustralia,3,1
BOMAustralia__418005,201,88,BOMAustralia,2,3
BOMAustralia__418014,208,91,BOMAustralia,2,4
BOMAustralia__418015,183,80,BOMAustralia,2,1
BOMAustralia__418021,178,77,BOMAustralia,2,4
BOMAustralia__418025,173,75,BOMAustralia,2,2
BOMAustralia__418026,187,82,BOMAustralia,2,4
BOMAustralia__418027,177,77,BOMAustralia,2,1
BOMAustralia__418032,176,76,BOMAustralia,2,3
BOMAustralia__418049,155,67,BOMAustralia,1,2
BOMAustralia__418052,176,76,BOMAustralia,2,2
BOMAustralia__418053,211,93,BOMAustralia,2,2
BOMAustralia__418055,208,93,BOMAustralia,2,0
BOMAustralia__418060,197,85,BOMAustralia,2,1
BOMAustralia__418061,181,78,BOMAustralia,2,0
BOMAustralia__418068,169,73,BOMAustralia,2,2
BOMAustralia__418070,174,76,BOMAustralia,2,0
BOMAustralia__418078,179,79,BOMAustralia,2,3
BOMAustralia__418086,123,58,BOMAustralia,1,1
BOMAustralia__418087,133,61,BOMAustralia,1,3
BOMAustralia__418089,83,42,BOMAustralia,0,1
BOMAustralia__418091,90,44,BOMAustralia,0,0
BOMAustralia__419007,146,64,BOMAustralia,1,1
BOMAustralia__419010,224,99,BOMAustralia,3,1
BOMAustralia__419012,219,97,BOMAustralia,3,4
BOMAustralia__419020,212,94,BOMAustralia,2,2
BOMAustralia__419027,199,87,BOMAustralia,2,4
BOMAustralia__419028,167,73,BOMAustralia,2,0
BOMAustralia__419029,168,75,BOMAustralia,2,1
BOMAustralia__419032,202,88,BOMAustralia,2,2
BOMAustralia__419033,179,78,BOMAustralia,2,2
BOMAustralia__419034,188,81,BOMAustralia,2,3
BOMAustralia__419035,192,85,BOMAustralia,2,3
BOMAustralia__419043,167,73,BOMAustralia,2,2
BOMAustralia__419051,163,71,BOMAustralia,1,2
BOMAustralia__419053,183,80,BOMAustralia,2,3
BOMAustralia__419056,150,68,BOMAustralia,1,0
BOMAustralia__419063,159,71,BOMAustralia,1,0
BOMAustralia__419072,67,31,BOMAustralia,0,2
BOMAustralia__419075,69,33,BOMAustralia,0,4
BOMAustralia__419076,178,77,BOMAustralia,2,4
BOMAustralia__419083,161,70,BOMAustralia,1,0
BOMAustralia__419084,192,85,BOMAustralia,2,1
BOMAustralia__419085,109,51,BOMAustralia,1,0
BOMAustralia__419086,131,60,BOMAustralia,1,2
BOMAustralia__419097,141,64,BOMAustralia,1,1
BOMAustralia__419098,137,60,BOMAustralia,1,1
BOMAustralia__419099,104,49,BOMAustralia,1,0
BOMAustralia__419102,96,49,BOMAustralia,0,0
BOMAustralia__419103,95,48,BOMAustralia,0,4
BOMAustralia__419104,95,48,BOMAustralia,0,3
BOMAustralia__419105,88,44,BOMAustralia,0,4
BOMAustralia__419112,61,33,BOMAustralia,0,2
BOMAustralia__419905,7,3,BOMAustralia,0,3
BOMAustralia__420003,162,71,BOMAustralia,1,4
BOMAustralia__420004,34,17,BOMAustralia,0,1
BOMAustralia__420007,96,49,BOMAustralia,0,3
BOMAustralia__420017,186,81,BOMAustralia,2,2
BOMAustralia__420022,97,49,BOMAustralia,0,4
BOMAustralia__421011,176,77,BOMAustralia,2,4
BOMAustralia__421015,6,3,BOMAustralia,0,2
BOMAustralia__421019,174,76,BOMAustralia,2,4
BOMAustralia__421026,174,76,BOMAustralia,2,2
BOMAustralia__421048,161,71,BOMAustralia,1,3
BOMAustralia__421055,158,69,BOMAustralia,1,1
BOMAustralia__421076,22,10,BOMAustralia,0,2
BOMAustralia__421079,181,79,BOMAustralia,2,0
BOMAustralia__421083,13,6,BOMAustralia,0,0
BOMAustralia__421107,154,66,BOMAustralia,1,0
BOMAustralia__421146,121,52,BOMAustralia,1,3
BOMAustralia__421149,159,73,BOMAustralia,1,1
BOMAustralia__421150,153,67,BOMAustralia,1,4
BOMAustralia__421153,78,34,BOMAustralia,0,1
BOMAustralia__421164,138,61,BOMAustralia,1,2
BOMAustralia__421166,133,58,BOMAustralia,1,1
BOMAustralia__421176,61,27,BOMAustralia,0,2
BOMAustralia__421184,106,53,BOMAustralia,1,2
BOMAustralia__421188,104,52,BOMAustralia,1,2
BOMAustralia__421197,73,39,BOMAustralia,0,1
BOMAustralia__422005,159,68,BOMAustralia,1,0
BOMAustralia__422007,159,68,BOMAustralia,1,3
BOMAustralia__422010,98,42,BOMAustralia,0,4
BOMAustralia__422013,123,53,BOMAustralia,1,1
BOMAustralia__422022,143,62,BOMAustralia,1,2
BOMAustralia__422026,166,76,BOMAustralia,2,2
BOMAustralia__422029,133,60,BOMAustralia,1,4
BOMAustralia__422031,90,39,BOMAustralia,0,2
BOMAustralia__422202B,143,61,BOMAustralia,1,1
BOMAustralia__422206A,149,64,BOMAustralia,1,0
BOMAustralia__422207A,126,54,BOMAustralia,1,3
BOMAustralia__422208A,100,43,BOMAustralia,0,3
BOMAustralia__422209A,122,53,BOMAustralia,1,2
BOMAustralia__422210A,160,68,BOMAustralia,1,1
BOMAustralia__422211A,104,45,BOMAustralia,0,2
BOMAustralia__422306A,145,62,BOMAustralia,1,1
BOMAustralia__422310C,165,72,BOMAustralia,1,4
BOMAustralia__422313B,153,66,BOMAustralia,1,3
BOMAustralia__422316A,156,67,BOMAustralia,1,2
BOMAustralia__422317B,6,3,BOMAustralia,0,2
BOMAustralia__422319B,155,67,BOMAustralia,1,4
BOMAustralia__422323A,174,76,BOMAustralia,2,0
BOMAustralia__422326A,199,87,BOMAustralia,2,3
BOMAustralia__422334A,143,62,BOMAustralia,1,3
BOMAustralia__422337A,2,1,BOMAustralia,0,4
BOMAustralia__422338A,124,54,BOMAustralia,1,4
BOMAustralia__422339A,3,2,BOMAustralia,0,1
BOMAustralia__422341A,152,66,BOMAustralia,1,2
BOMAustralia__422343A,136,59,BOMAustralia,1,0
BOMAustralia__422345A,161,70,BOMAustralia,1,3
BOMAustralia__422350A,162,71,BOMAustralia,1,4
BOMAustralia__422353A,64,30,BOMAustralia,0,2
BOMAustralia__422355A,157,70,BOMAustralia,1,1
BOMAustralia__422356A,8,3,BOMAustralia,0,0
BOMAustralia__422360A,48,28,BOMAustralia,0,1
BOMAustralia__422361A,49,29,BOMAustralia,0,3
BOMAustralia__422394A,161,70,BOMAustralia,1,2
BOMAustralia__422395A,15,7,BOMAustralia,0,4
BOMAustralia__422405A,2,1,BOMAustralia,0,0
BOMAustralia__422407A,5,2,BOMAustralia,0,2
BOMAustralia__422501A,130,56,BOMAustralia,1,0
BOMAustralia__423001,183,80,BOMAustralia,2,0
BOMAustralia__423204A,128,55,BOMAustralia,1,1
BOMAustralia__424202A,2,1,BOMAustralia,0,0
BOMAustralia__425018,117,50,BOMAustralia,1,1
BOMAustralia__425019,145,62,BOMAustralia,1,1
BOMAustralia__600162,144,63,BOMAustralia,1,3
BOMAustralia__600166,208,93,BOMAustralia,2,2
BOMAustralia__600169,105,47,BOMAustralia,1,2
BOMAustralia__600179,205,91,BOMAustralia,2,0
BOMAustralia__600577,107,47,BOMAustralia,1,2
BOMAustralia__601004,209,92,BOMAustralia,2,2
BOMAustralia__601005,164,70,BOMAustralia,1,1
BOMAustralia__601008,200,88,BOMAustralia,2,2
BOMAustralia__601015,42,25,BOMAustralia,0,2
BOMAustralia__601016,37,23,BOMAustralia,0,3
BOMAustralia__602001,101,47,BOMAustralia,0,2
BOMAustralia__602002,11,5,BOMAustralia,0,3
BOMAustralia__602005,181,83,BOMAustralia,2,4
BOMAustralia__602015,202,92,BOMAustralia,2,4
BOMAustralia__602016,11,9,BOMAustralia,0,3
BOMAustralia__602021,110,49,BOMAustralia,1,3
BOMAustralia__602199,279,125,BOMAustralia,4,2
BOMAustralia__602600,39,22,BOMAustralia,0,4
BOMAustralia__603001,80,42,BOMAustralia,0,0
BOMAustralia__603003,251,111,BOMAustralia,3,4
BOMAustralia__603004,263,116,BOMAustralia,3,0
BOMAustralia__603006,49,24,BOMAustralia,0,4
BOMAustralia__603008,60,28,BOMAustralia,0,4
BOMAustralia__603013,189,86,BOMAustralia,2,4
BOMAustralia__603020,174,78,BOMAustralia,2,4
BOMAustralia__603023,170,76,BOMAustralia,2,1
BOMAustralia__603024,154,70,BOMAustralia,1,2
BOMAustralia__603028,24,15,BOMAustralia,0,2
BOMAustralia__603136,253,112,BOMAustralia,3,3
BOMAustralia__603190,234,105,BOMAustralia,3,4
BOMAustralia__604002,51,25,BOMAustralia,0,0
BOMAustralia__604003,48,22,BOMAustralia,0,3
BOMAustralia__605012,255,112,BOMAustralia,3,4
BOMAustralia__605013,16,9,BOMAustralia,0,4
BOMAustralia__606002,216,94,BOMAustralia,2,1
BOMAustralia__606004,13,11,BOMAustralia,0,0
BOMAustralia__606195,243,108,BOMAustralia,3,1
BOMAustralia__606218,211,96,BOMAustralia,2,0
BOMAustralia__607002,192,86,BOMAustralia,2,1
BOMAustralia__607003,215,95,BOMAustralia,2,1
BOMAustralia__607006,52,27,BOMAustralia,0,1
BOMAustralia__607013,275,122,BOMAustralia,4,1
BOMAustralia__607024,63,29,BOMAustralia,0,4
BOMAustralia__607027,131,57,BOMAustralia,1,1
BOMAustralia__607028,36,16,BOMAustralia,0,1
BOMAustralia__607038,69,37,BOMAustralia,0,2
BOMAustralia__607144,241,107,BOMAustralia,3,4
BOMAustralia__607155,196,88,BOMAustralia,2,3
BOMAustralia__607220,198,88,BOMAustralia,2,1
BOMAustralia__607600,71,31,BOMAustralia,0,3
BOMAustralia__608002,246,110,BOMAustralia,3,1
BOMAustralia__608004,73,36,BOMAustralia,0,0
BOMAustralia__608006,115,55,BOMAustralia,1,0
BOMAustralia__608015,116,56,BOMAustralia,1,2
BOMAustralia__608019,98,47,BOMAustralia,0,2
BOMAustralia__608020,86,44,BOMAustralia,0,2
BOMAustralia__608151,252,111,BOMAustralia,3,3
BOMAustralia__608171,200,89,BOMAustralia,2,2
BOMAustralia__6090017,83,42,BOMAustralia,0,4
BOMAustralia__609002,245,109,BOMAustralia,3,3
BOMAustralia__609003,65,30,BOMAustralia,0,4
BOMAustralia__609005,198,88,BOMAustralia,2,2
BOMAustralia__609011,41,22,BOMAustralia,0,4
BOMAustralia__609014,199,86,BOMAustralia,2,3
BOMAustralia__609015,206,88,BOMAustralia,2,1
BOMAustralia__609016,111,51,BOMAustralia,1,3
BOMAustralia__609017,190,85,BOMAustralia,2,1
BOMAustralia__609021,137,64,BOMAustralia,1,1
BOMAustralia__609022,187,83,BOMAustralia,2,0
BOMAustralia__609023,167,76,BOMAustralia,2,4
BOMAustralia__609028,49,22,BOMAustralia,0,0
BOMAustralia__609029,34,17,BOMAustralia,0,4
BOMAustralia__609035,25,13,BOMAustralia,0,2
BOMAustralia__609036,6,3,BOMAustralia,0,2
BOMAustralia__609037,26,13,BOMAustralia,0,1
BOMAustralia__609038,18,9,BOMAustralia,0,1
BOMAustralia__609053,105,49,BOMAustralia,1,4
BOMAustralia__609064,32,16,BOMAustralia,0,3
BOMAustralia__609077,33,22,BOMAustralia,0,2
BOMAustralia__609079,33,22,BOMAustralia,0,3
BOMAustralia__610000,24,18,BOMAustralia,0,1
BOMAustralia__610003,99,46,BOMAustralia,0,4
BOMAustralia__610008,180,80,BOMAustralia,2,3
BOMAustralia__610009,152,71,BOMAustralia,1,2
BOMAustralia__610010,217,100,BOMAustralia,3,3
BOMAustralia__610015,176,80,BOMAustralia,2,1
BOMAustralia__610016,27,15,BOMAustralia,0,0
BOMAustralia__610025,118,54,BOMAustralia,1,3
BOMAustralia__610028,141,67,BOMAustralia,1,3
BOMAustralia__610030,56,29,BOMAustralia,0,0
BOMAustralia__610045,61,34,BOMAustralia,0,0
BOMAustralia__610219,202,89,BOMAustralia,2,4
BOMAustralia__611007,228,103,BOMAustralia,3,4
BOMAustralia__611009,166,74,BOMAustralia,2,2
BOMAustralia__611221,97,45,BOMAustralia,0,2
BOMAustralia__612001,241,107,BOMAustralia,3,3
BOMAustralia__612002,273,122,BOMAustralia,4,1
BOMAustralia__612007,195,89,BOMAustralia,2,4
BOMAustralia__612014,186,83,BOMAustralia,2,3
BOMAustralia__612019,94,45,BOMAustralia,0,3
BOMAustralia__612021,49,24,BOMAustralia,0,2
BOMAustralia__612022,260,115,BOMAustralia,3,3
BOMAustralia__612023,74,35,BOMAustralia,0,2
BOMAustralia__612025,194,84,BOMAustralia,2,2
BOMAustralia__612032,230,103,BOMAustralia,3,4
BOMAustralia__612034,258,115,BOMAustralia,3,1
BOMAustralia__612038,125,57,BOMAustralia,1,1
BOMAustralia__612039,54,25,BOMAustralia,0,3
BOMAustralia__612044,8,9,BOMAustralia,0,0
BOMAustralia__612047,41,23,BOMAustralia,0,2
BOMAustralia__612059,30,20,BOMAustralia,0,1
BOMAustralia__612230,239,107,BOMAustralia,3,1
BOMAustralia__613003,13,11,BOMAustralia,0,1
BOMAustralia__613007,292,131,BOMAustralia,4,4
BOMAustralia__613016,30,19,BOMAustralia,0,3
BOMAustralia__613019,173,79,BOMAustralia,2,0
BOMAustralia__613020,112,54,BOMAustralia,1,1
BOMAustralia__613022,31,16,BOMAustralia,0,3
BOMAustralia__613023,36,22,BOMAustralia,0,1
BOMAustralia__613029,25,15,BOMAustralia,0,0
BOMAustralia__613031,178,82,BOMAustralia,2,4
BOMAustralia__613032,33,19,BOMAustralia,0,0
BOMAustralia__613036,91,46,BOMAustralia,0,4
BOMAustralia__614005,139,66,BOMAustralia,1,0
BOMAustralia__614006,305,134,BOMAustralia,4,0
BOMAustralia__614011,38,21,BOMAustralia,0,1
BOMAustralia__614016,37,19,BOMAustralia,0,1
BOMAustralia__614019,154,70,BOMAustralia,1,4
BOMAustralia__614020,62,29,BOMAustralia,0,0
BOMAustralia__614025,105,51,BOMAustralia,1,2
BOMAustralia__614034,13,9,BOMAustralia,0,3
BOMAustralia__614038,12,7,BOMAustralia,0,0
BOMAustralia__614047,104,51,BOMAustralia,1,1
BOMAustralia__614058,43,20,BOMAustralia,0,2
BOMAustralia__614059,31,16,BOMAustralia,0,1
BOMAustralia__614060,104,47,BOMAustralia,1,2
BOMAustralia__614073,118,57,BOMAustralia,1,4
BOMAustralia__614105,117,55,BOMAustralia,1,2
BOMAustralia__614123,15,9,BOMAustralia,0,1
BOMAustralia__614125,112,53,BOMAustralia,1,1
BOMAustralia__614126,58,29,BOMAustralia,0,4
BOMAustralia__614130,38,24,BOMAustralia,0,0
BOMAustralia__614196,274,122,BOMAustralia,4,2
BOMAustralia__614224,265,117,BOMAustralia,3,4
BOMAustralia__615010,11,8,BOMAustralia,0,0
BOMAustralia__615011,111,48,BOMAustralia,1,0
BOMAustralia__615016,78,33,BOMAustralia,0,4
BOMAustralia__615018,9,4,BOMAustralia,0,0
BOMAustralia__615027,185,81,BOMAustralia,2,0
BOMAustralia__615063,121,59,BOMAustralia,1,3
BOMAustralia__615222,75,36,BOMAustralia,0,3
BOMAustralia__615600,33,15,BOMAustralia,0,2
BOMAustralia__615602,38,22,BOMAustralia,0,2
BOMAustralia__615604,25,10,BOMAustralia,0,0
BOMAustralia__615606,34,20,BOMAustralia,0,4
BOMAustralia__616001,254,113,BOMAustralia,3,3
BOMAustralia__616002,170,74,BOMAustralia,2,3
BOMAustralia__616005,99,48,BOMAustralia,0,1
BOMAustralia__616006,235,104,BOMAustralia,3,4
BOMAustralia__616010,84,37,BOMAustralia,0,2
BOMAustralia__616013,209,94,BOMAustralia,2,3
BOMAustralia__616014,93,45,BOMAustralia,0,2
BOMAustralia__616019,269,118,BOMAustralia,4,3
BOMAustralia__616025,63,30,BOMAustralia,0,0
BOMAustralia__616027,299,133,BOMAustralia,4,0
BOMAustralia__616039,79,36,BOMAustralia,0,1
BOMAustralia__616041,243,110,BOMAustralia,3,0
BOMAustralia__616082,202,90,BOMAustralia,2,0
BOMAustralia__616084,185,82,BOMAustralia,2,1
BOMAustralia__616086,154,72,BOMAustralia,1,2
BOMAustralia__616134,117,56,BOMAustralia,1,2
BOMAustralia__616216,182,80,BOMAustralia,2,0
BOMAustralia__617002,184,80,BOMAustralia,2,2
BOMAustralia__617003,238,105,BOMAustralia,3,3
BOMAustralia__617017,103,47,BOMAustralia,0,3
BOMAustralia__617165,259,117,BOMAustralia,3,0
BOMAustralia__618601,40,21,BOMAustralia,0,4
BOMAustralia__618602,6,2,BOMAustralia,0,2
BOMAustralia__701003,73,33,BOMAustralia,0,3
BOMAustralia__701004,14,9,BOMAustralia,0,1
BOMAustralia__701005,64,29,BOMAustralia,0,0
BOMAustralia__701006,56,26,BOMAustralia,0,3
BOMAustralia__701007,213,93,BOMAustralia,2,4
BOMAustralia__701008,197,86,BOMAustralia,2,1
BOMAustralia__701009,270,121,BOMAustralia,4,1
BOMAustralia__701013,80,34,BOMAustralia,0,3
BOMAustralia__701015,73,34,BOMAustralia,0,1
BOMAustralia__701601,32,13,BOMAustralia,0,0
BOMAustralia__703001,90,41,BOMAustralia,0,0
BOMAustralia__704001,42,19,BOMAustralia,0,3
BOMAustralia__704002,18,8,BOMAustralia,0,4
BOMAustralia__704004,15,9,BOMAustralia,0,1
BOMAustralia__705001,153,67,BOMAustralia,1,3
BOMAustralia__705002,12,7,BOMAustralia,0,0
BOMAustralia__706207,16,8,BOMAustralia,0,0
BOMAustralia__707001,23,12,BOMAustralia,0,4
BOMAustralia__707004,25,14,BOMAustralia,0,2
BOMAustralia__707005,159,69,BOMAustralia,1,3
BOMAustralia__708001,166,72,BOMAustralia,2,2
BOMAustralia__708009,39,20,BOMAustralia,0,4
BOMAustralia__708011,196,86,BOMAustralia,2,1
BOMAustralia__708013,136,58,BOMAustralia,1,0
BOMAustralia__708014,156,67,BOMAustralia,1,0
BOMAustralia__708016,34,15,BOMAustralia,0,0
BOMAustralia__7081057,15,7,BOMAustralia,0,1
BOMAustralia__708227,24,13,BOMAustralia,0,2
BOMAustralia__709001,3,3,BOMAustralia,0,4
BOMAustralia__709003,12,8,BOMAustralia,0,0
BOMAustralia__709004,180,79,BOMAustralia,2,4
BOMAustralia__709005,146,63,BOMAustralia,1,0
BOMAustralia__709006,24,11,BOMAustralia,0,1
BOMAustralia__709007,29,15,BOMAustralia,0,3
BOMAustralia__709008,118,54,BOMAustralia,1,3
BOMAustralia__709009,23,12,BOMAustralia,0,3
BOMAustralia__709010,169,73,BOMAustralia,2,0
BOMAustralia__710204,196,86,BOMAustralia,2,0
BOMAustralia__802002,43,20,BOMAustralia,0,3
BOMAustralia__802198,204,90,BOMAustralia,2,0
BOMAustralia__802202,222,96,BOMAustralia,3,2
BOMAustralia__802213,221,97,BOMAustralia,3,2
BOMAustralia__803001,227,99,BOMAustralia,3,0
BOMAustralia__803002,44,20,BOMAustralia,0,3
BOMAustralia__804001,211,92,BOMAustralia,2,3
BOMAustralia__806001,44,21,BOMAustralia,0,2
BOMAustralia__806004,55,26,BOMAustralia,0,2
BOMAustralia__806005,53,25,BOMAustralia,0,2
BOMAustralia__806007,11,7,BOMAustralia,0,2
BOMAustralia__808001,34,17,BOMAustralia,0,1
BOMAustralia__8091114,15,11,BOMAustralia,0,1
BOMAustralia__809306,26,13,BOMAustralia,0,4
BOMAustralia__809317,43,19,BOMAustralia,0,4
BOMAustralia__809322,219,96,BOMAustralia,3,1
BOMAustralia__809335,20,15,BOMAustralia,0,4
BOMAustralia__809340,155,67,BOMAustralia,1,1
BOMAustralia__912103A,4,2,BOMAustralia,0,0
BOMAustralia__912104A,4,1,BOMAustralia,0,4
BOMAustralia__912108A,4,2,BOMAustralia,0,0
BOMAustralia__912110A,3,1,BOMAustralia,0,3
BOMAustralia__912113A,2,1,BOMAustralia,0,0
BOMAustralia__912115A,3,1,BOMAustralia,0,4
BOMAustralia__913003A,3,1,BOMAustralia,0,4
BOMAustralia__913004A,121,52,BOMAustralia,1,2
BOMAustralia__913006A,152,67,BOMAustralia,1,0
BOMAustralia__913008A,3,1,BOMAustralia,0,4
BOMAustralia__913009A,2,1,BOMAustralia,0,3
BOMAustralia__913010A,90,39,BOMAustralia,0,0
BOMAustralia__913012A,2,1,BOMAustralia,0,0
BOMAustralia__913014A,153,66,BOMAustralia,1,3
BOMAustralia__915004A,2,1,BOMAustralia,0,3
BOMAustralia__915005A,2,1,BOMAustralia,0,2
BOMAustralia__915009A,1,1,BOMAustralia,0,0
BOMAustralia__915011A,134,57,BOMAustralia,1,0
BOMAustralia__915013A,37,17,BOMAustralia,0,0
BOMAustralia__915014A,2,1,BOMAustralia,0,4
BOMAustralia__915203B,42,18,BOMAustralia,0,1
BOMAustralia__915203C,61,34,BOMAustralia,0,0
BOMAustralia__915204A,6,3,BOMAustralia,0,1
BOMAustralia__915206A,137,59,BOMAustralia,1,3
BOMAustralia__915208A,116,50,BOMAustralia,1,1
BOMAustralia__915209A,2,1,BOMAustralia,0,3
BOMAustralia__915210A,2,1,BOMAustralia,0,0
BOMAustralia__915211A,137,58,BOMAustralia,1,2
BOMAustralia__916002A,5,2,BOMAustralia,0,3
BOMAustralia__916003A,2,1,BOMAustralia,0,0
BOMAustralia__916004A,5,3,BOMAustralia,0,2
BOMAustralia__917002A,4,2,BOMAustralia,0,4
BOMAustralia__917004A,3,2,BOMAustralia,0,2
BOMAustralia__917005A,2,1,BOMAustralia,0,4
BOMAustralia__917006A,5,2,BOMAustralia,0,3
BOMAustralia__917007A,3,1,BOMAustralia,0,1
BOMAustralia__917008A,4,2,BOMAustralia,0,1
BOMAustralia__917013A,4,2,BOMAustralia,0,2
BOMAustralia__917104A,149,64,BOMAustralia,1,1
BOMAustralia__917105A,4,2,BOMAustralia,0,2
BOMAustralia__917106A,142,62,BOMAustralia,1,0
BOMAustralia__917107A,152,65,BOMAustralia,1,3
BOMAustralia__917108A,3,1,BOMAustralia,0,4
BOMAustralia__917112A,6,4,BOMAustralia,0,3
BOMAustralia__917113A,5,3,BOMAustralia,0,0
BOMAustralia__917115A,159,69,BOMAustralia,1,3
BOMAustralia__918002A,4,2,BOMAustralia,0,3
BOMAustralia__918003A,148,65,BOMAustralia,1,0
BOMAustralia__919001B,6,3,BOMAustralia,0,3
BOMAustralia__919002A,6,3,BOMAustralia,0,2
BOMAustralia__919003A,152,67,BOMAustralia,1,3
BOMAustralia__919004A,6,3,BOMAustralia,0,1
BOMAustralia__919005A,116,51,BOMAustralia,1,4
BOMAustralia__919006A,8,4,BOMAustralia,0,0
BOMAustralia__919007A,7,3,BOMAustralia,0,1
BOMAustralia__919008A,8,5,BOMAustralia,0,3
BOMAustralia__919013A,118,52,BOMAustralia,1,3
BOMAustralia__919201A,163,71,BOMAustralia,1,2
BOMAustralia__919202A,8,5,BOMAustralia,0,0
BOMAustralia__919203A,11,6,BOMAustralia,0,1
BOMAustralia__919204A,155,68,BOMAustralia,1,0
BOMAustralia__919205A,6,3,BOMAustralia,0,4
BOMAustralia__919305B,8,4,BOMAustralia,0,1
BOMAustralia__919309A,154,67,BOMAustralia,1,2
BOMAustralia__919310A,161,70,BOMAustralia,1,4
BOMAustralia__919311A,185,81,BOMAustralia,2,4
BOMAustralia__919312A,5,3,BOMAustralia,0,0
BOMAustralia__920001A,6,4,BOMAustralia,0,1
BOMAustralia__920002A,9,5,BOMAustralia,0,3
BOMAustralia__920003A,7,4,BOMAustralia,0,3
BOMAustralia__921001A,7,3,BOMAustralia,0,3
BOMAustralia__921002A,8,5,BOMAustralia,0,4
BOMAustralia__922001A,188,82,BOMAustralia,2,4
BOMAustralia__922101B,163,71,BOMAustralia,1,2
BOMAustralia__923001A,151,66,BOMAustralia,1,1
BOMAustralia__924001A,7,5,BOMAustralia,0,0
BOMAustralia__924101A,7,4,BOMAustralia,0,3
BOMAustralia__925001A,172,75,BOMAustralia,2,4
BOMAustralia__925003A,11,6,BOMAustralia,0,1
BOMAustralia__926001A,10,6,BOMAustralia,0,3
BOMAustralia__926002A,165,72,BOMAustralia,1,3
BOMAustralia__926003A,11,5,BOMAustralia,0,0
BOMAustralia__A0040502,3,1,BOMAustralia,0,2
BOMAustralia__A0040508,2,1,BOMAustralia,0,4
BOMAustralia__A2390504,40,19,BOMAustralia,0,3
BOMAustralia__A2390505,192,85,BOMAustralia,2,0
BOMAustralia__A2390506,237,104,BOMAustralia,3,1
BOMAustralia__A2390510,63,30,BOMAustralia,0,0
BOMAustralia__A2390515,128,55,BOMAustralia,1,4
BOMAustralia__A2390519,173,76,BOMAustralia,2,3
BOMAustralia__A2390523,101,45,BOMAustralia,0,2
BOMAustralia__A2390527,98,45,BOMAustralia,0,1
BOMAustralia__A2390532,127,56,BOMAustralia,1,3
BOMAustralia__A2390533,113,52,BOMAustralia,1,4
BOMAustralia__A2390534,102,46,BOMAustralia,0,2
BOMAustralia__A2390535,4,2,BOMAustralia,0,4
BOMAustralia__A2390536,62,27,BOMAustralia,0,4
BOMAustralia__A2390542,86,38,BOMAustralia,0,2
BOMAustralia__A2390556,129,57,BOMAustralia,1,0
BOMAustralia__A2390562,46,22,BOMAustralia,0,2
BOMAustralia__A2390563,69,31,BOMAustralia,0,1
BOMAustralia__A2390565,75,34,BOMAustralia,0,3
BOMAustralia__A2391001,18,11,BOMAustralia,0,0
BOMAustralia__A2391007,56,26,BOMAustralia,0,1
BOMAustralia__A2391023,148,65,BOMAustralia,1,0
BOMAustralia__A2391092,27,17,BOMAustralia,0,4
BOMAustralia__A2391146,85,44,BOMAustralia,0,0
BOMAustralia__A4260500,10,4,BOMAustralia,0,4
BOMAustralia__A4260502,13,6,BOMAustralia,0,4
BOMAustralia__A4260503,151,66,BOMAustralia,1,3
BOMAustralia__A4260504,185,81,BOMAustralia,2,4
BOMAustralia__A4260530,154,67,BOMAustralia,1,2
BOMAustralia__A4260533,141,61,BOMAustralia,1,4
BOMAustralia__A4260536,23,11,BOMAustralia,0,2
BOMAustralia__A4260580,23,17,BOMAustralia,0,3
BOMAustralia__A4260584,30,14,BOMAustralia,0,1
BOMAustralia__A4260588,32,16,BOMAustralia,0,2
BOMAustralia__A4260600,78,41,BOMAustralia,0,2
BOMAustralia__A4260688,137,62,BOMAustralia,1,0
BOMAustralia__A4261011,138,59,BOMAustralia,1,2
BOMAustralia__A4261014,143,62,BOMAustralia,1,1
BOMAustralia__A4261020,99,48,BOMAustralia,0,4
BOMAustralia__A4261029,78,34,BOMAustralia,0,3
BOMAustralia__A4261075,111,53,BOMAustralia,1,3
BOMAustralia__A4261077,31,20,BOMAustralia,0,4
BOMAustralia__A4261091,111,55,BOMAustralia,1,1
BOMAustralia__A4261101,115,51,BOMAustralia,1,3
BOMAustralia__A4261103,100,50,BOMAustralia,0,0
BOMAustralia__A4261174,96,49,BOMAustralia,0,4
BOMAustralia__A4261208,86,39,BOMAustralia,0,4
BOMAustralia__A4261225,65,34,BOMAustralia,0,3
BOMAustralia__A5010500,116,51,BOMAustralia,1,4
BOMAustralia__A5010503,130,57,BOMAustralia,1,2
BOMAustralia__A5011006,143,66,BOMAustralia,1,1
BOMAustralia__A5011029.1,68,34,BOMAustralia,0,1
BOMAustralia__A5030500.1,47,20,BOMAustralia,0,0
BOMAustralia__A5030502,176,77,BOMAustralia,2,4
BOMAustralia__A5030503,143,63,BOMAustralia,1,4
BOMAustralia__A5030506.1,49,22,BOMAustralia,0,1
BOMAustralia__A5030522,11,6,BOMAustralia,0,0
BOMAustralia__A5030537,159,69,BOMAustralia,1,0
BOMAustralia__A5030547.1,91,40,BOMAustralia,0,0
BOMAustralia__A5040500.1,141,64,BOMAustralia,1,0
BOMAustralia__A5040503,166,73,BOMAustralia,2,2
BOMAustralia__A5040521,21,10,BOMAustralia,0,4
BOMAustralia__A5040523.1,141,63,BOMAustralia,1,1
BOMAustralia__A5040546,38,18,BOMAustralia,0,2
BOMAustralia__A5040901.1,97,42,BOMAustralia,0,3
BOMAustralia__A5041009.1,48,23,BOMAustralia,0,1
BOMAustralia__A5041021.1,63,32,BOMAustralia,0,1
BOMAustralia__A5041022.1,30,14,BOMAustralia,0,3
BOMAustralia__A5041024.1,53,26,BOMAustralia,0,4
BOMAustralia__A5041036.1,43,21,BOMAustralia,0,0
BOMAustralia__A5050504,45,22,BOMAustralia,0,4
BOMAustralia__A5050510.1,63,28,BOMAustralia,0,4
BOMAustralia__A5050512,9,5,BOMAustralia,0,0
BOMAustralia__A5050532,154,66,BOMAustralia,1,0
BOMAustralia__A5050540,44,24,BOMAustralia,0,4
BOMAustralia__A5050543,105,50,BOMAustralia,1,0
BOMAustralia__A5051007,19,9,BOMAustralia,0,3
BOMAustralia__A5051009,10,6,BOMAustralia,0,0
BOMAustralia__A5051010.1,41,21,BOMAustralia,0,4
BOMAustralia__A5060500,167,72,BOMAustralia,2,4
BOMAustralia__A5060502,92,41,BOMAustralia,0,0
BOMAustralia__A5061008,142,63,BOMAustralia,1,3
BOMAustralia__A5070500,139,61,BOMAustralia,1,1
BOMAustralia__A5070501,148,65,BOMAustralia,1,0
BOMAustralia__A5090502,108,47,BOMAustralia,1,4
BOMAustralia__A5090503,145,63,BOMAustralia,1,4
BOMAustralia__A5091002,101,49,BOMAustralia,0,0
BOMAustralia__A5100502,6,3,BOMAustralia,0,2
BOMAustralia__A5100507,1,1,BOMAustralia,0,1
BOMAustralia__A5100510,2,1,BOMAustralia,0,4
BOMAustralia__A5100511,4,2,BOMAustralia,0,2
BOMAustralia__A5120500,135,59,BOMAustralia,1,2
BOMAustralia__A5120503,137,60,BOMAustralia,1,3
BOMAustralia__DD505501.1,43,19,BOMAustralia,0,1
BOMAustralia__DD505503.1,60,27,BOMAustralia,0,1
BOMAustralia__G0010005,11,5,BOMAustralia,0,4
BOMAustralia__G0050115,73,31,BOMAustralia,0,0
BOMAustralia__G0050116,49,21,BOMAustralia,0,0
BOMAustralia__G0050139,2,1,BOMAustralia,0,1
BOMAustralia__G0060009,93,40,BOMAustralia,0,2
BOMAustralia__G0060017,42,18,BOMAustralia,0,4
BOMAustralia__G0060041,68,29,BOMAustralia,0,1
BOMAustralia__G0060046,124,53,BOMAustralia,1,1
BOMAustralia__G0060047,75,32,BOMAustralia,0,0
BOMAustralia__G0060126,44,19,BOMAustralia,0,1
BOMAustralia__G0280010,36,16,BOMAustralia,0,2
BOMAustralia__G0280114,8,4,BOMAustralia,0,0
BOMAustralia__G0290002,15,6,BOMAustralia,0,1
BOMAustralia__G0290004,5,2,BOMAustralia,0,2
BOMAustralia__G0290012,12,5,BOMAustralia,0,2
BOMAustralia__G0290228,39,17,BOMAustralia,0,4
BOMAustralia__G8100106,87,38,BOMAustralia,0,3
BOMAustralia__G8100210,107,47,BOMAustralia,1,1
BOMAustralia__G8100225,101,44,BOMAustralia,0,0
BOMAustralia__G8110004,98,43,BOMAustralia,0,4
BOMAustralia__G8110006,121,52,BOMAustralia,1,2
BOMAustralia__G8110012,82,36,BOMAustralia,0,4
BOMAustralia__G8110016,84,37,BOMAustralia,0,1
BOMAustralia__G8110107,41,18,BOMAustralia,0,0
BOMAustralia__G8110232,25,11,BOMAustralia,0,3
BOMAustralia__G8140001,127,56,BOMAustralia,1,1
BOMAustralia__G8140008,142,62,BOMAustralia,1,3
BOMAustralia__G8140011,41,18,BOMAustralia,0,4
BOMAustralia__G8140022,82,37,BOMAustralia,0,4
BOMAustralia__G8140044,124,54,BOMAustralia,1,0
BOMAustralia__G8140060,70,31,BOMAustralia,0,2
BOMAustralia__G8140063,152,67,BOMAustralia,1,1
BOMAustralia__G8140086,102,45,BOMAustralia,0,0
BOMAustralia__G8140152,145,64,BOMAustralia,1,4
BOMAustralia__G8140157,109,49,BOMAustralia,1,3
BOMAustralia__G8140158,21,10,BOMAustralia,0,0
BOMAustralia__G8140161,125,55,BOMAustralia,1,1
BOMAustralia__G8140205,83,41,BOMAustralia,0,1
BOMAustralia__G8140219,88,40,BOMAustralia,0,1
BOMAustralia__G8140222,79,40,BOMAustralia,0,0
BOMAustralia__G8140325,94,46,BOMAustralia,0,1
BOMAustralia__G8140535,110,54,BOMAustralia,1,0
BOMAustralia__G8140538,98,49,BOMAustralia,0,0
BOMAustralia__G8145749,44,25,BOMAustralia,0,2
BOMAustralia__G8150010,148,65,BOMAustralia,1,0
BOMAustralia__G8150018,80,35,BOMAustralia,0,1
BOMAustralia__G8150028,90,41,BOMAustralia,0,0
BOMAustralia__G8150036,31,14,BOMAustralia,0,3
BOMAustralia__G8150098,133,58,BOMAustralia,1,3
BOMAustralia__G8150151,47,21,BOMAustralia,0,4
BOMAustralia__G8150179,100,44,BOMAustralia,0,3
BOMAustralia__G8150180,166,73,BOMAustralia,2,2
BOMAustralia__G8150321,34,17,BOMAustralia,0,0
BOMAustralia__G8170002,184,80,BOMAustralia,2,2
BOMAustralia__G8170005,144,63,BOMAustralia,1,1
BOMAustralia__G8170006,36,17,BOMAustralia,0,1
BOMAustralia__G8170008,112,49,BOMAustralia,1,1
BOMAustralia__G8170020,245,109,BOMAustralia,3,3
BOMAustralia__G8170066,95,42,BOMAustralia,0,3
BOMAustralia__G8170084,145,63,BOMAustralia,1,2
BOMAustralia__G8170085,121,53,BOMAustralia,1,4
BOMAustralia__G8180026,60,28,BOMAustralia,0,1
BOMAustralia__G8180035,76,34,BOMAustralia,0,0
BOMAustralia__G8180069,41,19,BOMAustralia,0,1
BOMAustralia__G8180252,28,13,BOMAustralia,0,3
BOMAustralia__G8190001,23,11,BOMAustralia,0,4
BOMAustralia__G8190072,10,6,BOMAustralia,0,1
BOMAustralia__G8200045,58,27,BOMAustralia,0,3
BOMAustralia__G8210009,65,29,BOMAustralia,0,0
BOMAustralia__G8210010,84,37,BOMAustralia,0,4
BOMAustralia__G9030089,174,76,BOMAustralia,2,4
BOMAustralia__G9030124,34,15,BOMAustralia,0,4
BOMAustralia__G9030176,143,62,BOMAustralia,1,2
BOMAustralia__G9030514,67,35,BOMAustralia,0,3
BOMAustralia__G9070132,147,64,BOMAustralia,1,1
BOMAustralia__G9070142,111,48,BOMAustralia,1,1
BOMAustralia__ME650,132,64,BOMAustralia,1,1
BOMAustralia__ME670C,113,55,BOMAustralia,1,0
BOMAustralia__R0060007,23,15,BOMAustralia,0,2
BOMAustralia__RE690,137,66,BOMAustralia,1,3
CAMELSH__01011000,179,77,CAMELSH,2,3
CAMELSH__01013500,188,86,CAMELSH,2,2
CAMELSH__01015800,157,72,CAMELSH,1,2
CAMELSH__01017000,164,73,CAMELSH,1,2
CAMELSH__01017060,75,37,CAMELSH,0,0
CAMELSH__01017290,79,38,CAMELSH,0,4
CAMELSH__01017550,124,59,CAMELSH,1,1
CAMELSH__01017960,108,51,CAMELSH,1,0
CAMELSH__01018000,54,28,CAMELSH,0,2
CAMELSH__01018009,68,33,CAMELSH,0,1
CAMELSH__01019000,252,114,CAMELSH,3,1
CAMELSH__01021200,112,54,CAMELSH,1,1
CAMELSH__01021470,137,64,CAMELSH,1,3
CAMELSH__01021480,171,80,CAMELSH,2,1
CAMELSH__01021500,34,20,CAMELSH,0,1
CAMELSH__01022260,50,25,CAMELSH,0,2
CAMELSH__01022330,25,16,CAMELSH,0,2
CAMELSH__01022500,221,98,CAMELSH,3,3
CAMELSH__01027200,107,50,CAMELSH,1,2
CAMELSH__01029200,127,60,CAMELSH,1,3
CAMELSH__01029500,131,63,CAMELSH,1,3
CAMELSH__01030500,193,85,CAMELSH,2,4
CAMELSH__01031300,146,68,CAMELSH,1,2
CAMELSH__01031450,141,66,CAMELSH,1,2
CAMELSH__01031500,190,85,CAMELSH,2,3
CAMELSH__01031510,85,42,CAMELSH,0,1
CAMELSH__01033000,52,26,CAMELSH,0,1
CAMELSH__01034000,185,84,CAMELSH,2,3
CAMELSH__01037380,150,69,CAMELSH,1,0
CAMELSH__01038000,233,103,CAMELSH,3,4
CAMELSH__01042500,248,114,CAMELSH,3,0
CAMELSH__01043500,70,37,CAMELSH,0,2
CAMELSH__01044550,122,57,CAMELSH,1,3
CAMELSH__01046000,87,42,CAMELSH,0,3
CAMELSH__01046500,248,113,CAMELSH,3,4
CAMELSH__01047000,188,85,CAMELSH,2,2
CAMELSH__01047150,105,52,CAMELSH,1,2
CAMELSH__01047200,78,38,CAMELSH,0,3
CAMELSH__01048000,193,86,CAMELSH,2,0
CAMELSH__01048220,80,40,CAMELSH,0,2
CAMELSH__01049000,174,78,CAMELSH,2,3
CAMELSH__01049500,258,117,CAMELSH,3,4
CAMELSH__01052500,170,78,CAMELSH,2,2
CAMELSH__01053500,255,117,CAMELSH,3,4
CAMELSH__01053600,106,52,CAMELSH,1,3
CAMELSH__01054000,241,111,CAMELSH,3,1
CAMELSH__01054200,188,82,CAMELSH,2,1
CAMELSH__01054300,131,61,CAMELSH,1,4
CAMELSH__01054500,274,122,CAMELSH,4,4
CAMELSH__01055000,180,82,CAMELSH,2,0
CAMELSH__01055500,155,72,CAMELSH,1,3
CAMELSH__01057000,226,99,CAMELSH,3,0
CAMELSH__01059000,254,116,CAMELSH,3,3
CAMELSH__01059800,2,7,CAMELSH,0,0
CAMELSH__01060000,22,16,CAMELSH,0,1
CAMELSH__01064118,14,13,CAMELSH,0,2
CAMELSH__01064500,215,94,CAMELSH,2,3
CAMELSH__01064801,199,90,CAMELSH,2,1
CAMELSH__01065500,21,15,CAMELSH,0,1
CAMELSH__01066000,221,100,CAMELSH,3,1
CAMELSH__01067950,96,47,CAMELSH,0,0
CAMELSH__01068910,113,55,CAMELSH,1,2
CAMELSH__01069500,116,57,CAMELSH,1,3
CAMELSH__01069700,93,47,CAMELSH,0,4
CAMELSH__01072800,201,92,CAMELSH,2,2
CAMELSH__01073000,235,104,CAMELSH,3,4
CAMELSH__01073319,109,53,CAMELSH,1,1
CAMELSH__01073500,240,104,CAMELSH,3,2
CAMELSH__010735562,106,51,CAMELSH,1,3
CAMELSH__01073587,194,89,CAMELSH,2,1
CAMELSH__01073785,144,68,CAMELSH,1,3
CAMELSH__01074520,209,94,CAMELSH,2,4
CAMELSH__01075000,154,73,CAMELSH,1,1
CAMELSH__01076000,165,76,CAMELSH,2,2
CAMELSH__01076500,190,84,CAMELSH,2,0
CAMELSH__01077400,112,54,CAMELSH,1,3
CAMELSH__01078000,230,101,CAMELSH,3,3
CAMELSH__01081000,249,110,CAMELSH,3,1
CAMELSH__01081500,168,79,CAMELSH,2,4
CAMELSH__01082000,155,73,CAMELSH,1,0
CAMELSH__01085000,57,31,CAMELSH,0,4
CAMELSH__01085500,163,77,CAMELSH,2,2
CAMELSH__01086000,167,78,CAMELSH,2,0
CAMELSH__01089100,214,94,CAMELSH,2,1
CAMELSH__01089500,109,52,CAMELSH,1,4
CAMELSH__01091000,106,51,CAMELSH,1,2
CAMELSH__01091500,43,25,CAMELSH,0,4
CAMELSH__01092000,245,111,CAMELSH,3,1
CAMELSH__01093800,74,33,CAMELSH,0,3
CAMELSH__01093852,122,53,CAMELSH,1,3
CAMELSH__01094000,165,77,CAMELSH,2,4
CAMELSH__01094400,267,121,CAMELSH,4,4
CAMELSH__01094500,257,117,CAMELSH,3,2
CAMELSH__01095220,199,92,CAMELSH,2,4
CAMELSH__01095375,197,91,CAMELSH,2,3
CAMELSH__01096000,258,118,CAMELSH,3,1
CAMELSH__01096500,260,119,CAMELSH,3,3
CAMELSH__010965852,233,102,CAMELSH,3,3
CAMELSH__01097000,257,117,CAMELSH,3,2
CAMELSH__01097300,241,110,CAMELSH,3,1
CAMELSH__01098530,261,119,CAMELSH,3,2
CAMELSH__01099500,259,118,CAMELSH,3,4
CAMELSH__01100505,176,82,CAMELSH,2,4
CAMELSH__01100561,132,63,CAMELSH,1,4
CAMELSH__01100600,253,115,CAMELSH,3,2
CAMELSH__01100627,121,58,CAMELSH,1,1
CAMELSH__01101000,248,113,CAMELSH,3,0
CAMELSH__01101500,247,113,CAMELSH,3,4
CAMELSH__01102000,286,124,CAMELSH,4,0
CAMELSH__01102345,234,104,CAMELSH,3,2
CAMELSH__01102500,255,113,CAMELSH,3,3
CAMELSH__01103025,124,60,CAMELSH,1,0
CAMELSH__01103280,193,90,CAMELSH,2,3
CAMELSH__01103455,84,43,CAMELSH,0,0
CAMELSH__01103500,279,124,CAMELSH,4,0
CAMELSH__01104200,274,124,CAMELSH,4,1
CAMELSH__01104430,202,92,CAMELSH,2,1
CAMELSH__01104460,126,61,CAMELSH,1,3
CAMELSH__01104475,135,65,CAMELSH,1,0
CAMELSH__01104500,280,126,CAMELSH,4,0
CAMELSH__01105000,282,121,CAMELSH,4,1
CAMELSH__01105500,263,120,CAMELSH,3,4
CAMELSH__01105554,153,73,CAMELSH,1,4
CAMELSH__011055566,183,84,CAMELSH,2,1
CAMELSH__01105583,134,64,CAMELSH,1,0
CAMELSH__01105585,196,91,CAMELSH,2,2
CAMELSH__01105600,269,122,CAMELSH,4,2
CAMELSH__01105638,95,48,CAMELSH,0,0
CAMELSH__01105730,260,118,CAMELSH,3,2
CAMELSH__01105870,259,118,CAMELSH,3,4
CAMELSH__01105880,125,60,CAMELSH,1,3
CAMELSH__01105917,96,49,CAMELSH,0,4
CAMELSH__01105933,220,102,CAMELSH,3,4
CAMELSH__01106500,6,10,CAMELSH,0,3
CAMELSH__01108000,217,100,CAMELSH,3,1
CAMELSH__01108320,7,10,CAMELSH,0,1
CAMELSH__01108410,124,60,CAMELSH,1,1
CAMELSH__01109000,280,121,CAMELSH,4,3
CAMELSH__01109060,257,117,CAMELSH,3,4
CAMELSH__01109070,259,118,CAMELSH,3,4
CAMELSH__01109090,5,9,CAMELSH,0,1
CAMELSH__01109220,13,12,CAMELSH,0,0
CAMELSH__01109403,263,120,CAMELSH,3,2
CAMELSH__01109730,169,80,CAMELSH,2,2
CAMELSH__01110000,255,117,CAMELSH,3,1
CAMELSH__01111212,129,62,CAMELSH,1,0
CAMELSH__01111300,225,102,CAMELSH,3,3
CAMELSH__01111500,263,120,CAMELSH,3,3
CAMELSH__01112500,281,127,CAMELSH,4,4
CAMELSH__01113695,66,35,CAMELSH,0,2
CAMELSH__01113895,149,71,CAMELSH,1,4
CAMELSH__01114000,262,120,CAMELSH,3,4
CAMELSH__01114500,275,118,CAMELSH,4,1
CAMELSH__01115098,228,105,CAMELSH,3,4
CAMELSH__01115187,227,104,CAMELSH,3,2
CAMELSH__01115630,129,62,CAMELSH,1,3
CAMELSH__01115670,6,10,CAMELSH,0,4
CAMELSH__01115770,20,16,CAMELSH,0,2
CAMELSH__01116000,266,121,CAMELSH,4,0
CAMELSH__01116500,268,121,CAMELSH,4,3
CAMELSH__01116905,124,60,CAMELSH,1,0
CAMELSH__01117000,259,118,CAMELSH,3,2
CAMELSH__01117350,258,118,CAMELSH,3,4
CAMELSH__01117370,199,92,CAMELSH,2,1
CAMELSH__01117468,264,120,CAMELSH,3,4
CAMELSH__01117500,267,121,CAMELSH,4,3
CAMELSH__01117800,267,121,CAMELSH,4,3
CAMELSH__01118000,258,118,CAMELSH,3,2
CAMELSH__01118300,239,109,CAMELSH,3,2
CAMELSH__01118500,236,107,CAMELSH,3,1
CAMELSH__01119500,215,98,CAMELSH,2,4
CAMELSH__01121000,222,101,CAMELSH,3,2
CAMELSH__01122000,203,94,CAMELSH,2,4
CAMELSH__01122500,249,113,CAMELSH,3,3
CAMELSH__01123000,225,103,CAMELSH,3,3
CAMELSH__011230695,164,77,CAMELSH,2,2
CAMELSH__01123360,166,78,CAMELSH,2,2
CAMELSH__01123600,183,79,CAMELSH,2,3
CAMELSH__01124000,237,108,CAMELSH,3,0
CAMELSH__01124151,124,60,CAMELSH,1,2
CAMELSH__01125000,122,60,CAMELSH,1,0
CAMELSH__01125100,166,76,CAMELSH,2,2
CAMELSH__01125500,219,100,CAMELSH,3,0
CAMELSH__01127000,248,113,CAMELSH,3,1
CAMELSH__01127500,235,108,CAMELSH,3,0
CAMELSH__01129200,259,114,CAMELSH,3,1
CAMELSH__01130000,148,68,CAMELSH,1,2
CAMELSH__01133000,163,75,CAMELSH,2,0
CAMELSH__01134500,186,84,CAMELSH,2,4
CAMELSH__01135150,229,101,CAMELSH,3,2
CAMELSH__01135300,214,98,CAMELSH,2,0
CAMELSH__01135500,190,87,CAMELSH,2,4
CAMELSH__01137500,228,99,CAMELSH,3,0
CAMELSH__01139000,200,92,CAMELSH,2,0
CAMELSH__01139800,190,86,CAMELSH,2,0
CAMELSH__01141800,28,14,CAMELSH,0,4
CAMELSH__01142500,201,91,CAMELSH,2,1
CAMELSH__01144000,197,90,CAMELSH,2,0
CAMELSH__01150900,196,90,CAMELSH,2,1
CAMELSH__01151500,253,115,CAMELSH,3,2
CAMELSH__01152500,215,93,CAMELSH,2,1
CAMELSH__01153000,42,24,CAMELSH,0,2
CAMELSH__01153550,198,91,CAMELSH,2,2
CAMELSH__01154000,137,65,CAMELSH,1,3
CAMELSH__01155500,190,87,CAMELSH,2,4
CAMELSH__01157000,97,48,CAMELSH,0,2
CAMELSH__01158000,218,101,CAMELSH,3,1
CAMELSH__01160000,1,5,CAMELSH,0,0
CAMELSH__01160350,217,96,CAMELSH,2,0
CAMELSH__01161000,232,100,CAMELSH,3,3
CAMELSH__01162000,202,94,CAMELSH,2,4
CAMELSH__01162500,270,116,CAMELSH,4,1
CAMELSH__01163200,250,114,CAMELSH,3,1
CAMELSH__01166500,243,111,CAMELSH,3,3
CAMELSH__01168151,36,23,CAMELSH,0,4
CAMELSH__01168500,263,118,CAMELSH,3,3
CAMELSH__01169000,234,107,CAMELSH,3,1
CAMELSH__01169900,211,96,CAMELSH,2,2
CAMELSH__01170000,254,116,CAMELSH,3,4
CAMELSH__01170100,226,103,CAMELSH,3,1
CAMELSH__01170930,5,8,CAMELSH,0,3
CAMELSH__01171500,235,108,CAMELSH,3,1
CAMELSH__01172500,250,114,CAMELSH,3,2
CAMELSH__01173000,93,41,CAMELSH,0,1
CAMELSH__01173500,244,112,CAMELSH,3,4
CAMELSH__01174500,279,120,CAMELSH,4,0
CAMELSH__01175670,238,107,CAMELSH,3,1
CAMELSH__01176000,230,106,CAMELSH,3,3
CAMELSH__01177000,263,120,CAMELSH,3,1
CAMELSH__01179500,221,101,CAMELSH,3,1
CAMELSH__01181000,251,108,CAMELSH,3,0
CAMELSH__01183500,258,118,CAMELSH,3,1
CAMELSH__01184100,233,106,CAMELSH,3,3
CAMELSH__01184490,259,117,CAMELSH,3,4
CAMELSH__01185500,236,108,CAMELSH,3,4
CAMELSH__01186000,258,118,CAMELSH,3,1
CAMELSH__01186500,222,101,CAMELSH,3,4
CAMELSH__01187300,221,101,CAMELSH,3,4
CAMELSH__01187800,45,26,CAMELSH,0,3
CAMELSH__01188000,228,104,CAMELSH,3,1
CAMELSH__01188090,239,108,CAMELSH,3,0
CAMELSH__01189000,182,84,CAMELSH,2,4
CAMELSH__01189995,237,108,CAMELSH,3,0
CAMELSH__01191000,71,37,CAMELSH,0,2
CAMELSH__01192500,248,111,CAMELSH,3,2
CAMELSH__01192883,231,105,CAMELSH,3,3
CAMELSH__01193500,221,101,CAMELSH,3,0
CAMELSH__01194000,117,57,CAMELSH,1,1
CAMELSH__01194500,166,77,CAMELSH,2,1
CAMELSH__01195100,242,111,CAMELSH,3,3
CAMELSH__01195490,241,110,CAMELSH,3,2
CAMELSH__01196500,227,104,CAMELSH,3,3
CAMELSH__01196561,143,69,CAMELSH,1,2
CAMELSH__01196620,231,105,CAMELSH,3,0
CAMELSH__01197000,250,115,CAMELSH,3,2
CAMELSH__01197500,242,110,CAMELSH,3,1
CAMELSH__01198000,135,64,CAMELSH,1,3
CAMELSH__01198125,130,63,CAMELSH,1,1
CAMELSH__01199000,262,118,CAMELSH,3,2
CAMELSH__01199050,233,106,CAMELSH,3,3
CAMELSH__01200000,226,103,CAMELSH,3,0
CAMELSH__01200500,248,113,CAMELSH,3,2
CAMELSH__01201487,167,79,CAMELSH,2,0
CAMELSH__01202501,175,82,CAMELSH,2,2
CAMELSH__012035055,124,60,CAMELSH,1,3
CAMELSH__01203600,175,76,CAMELSH,2,0
CAMELSH__01203805,159,74,CAMELSH,1,1
CAMELSH__01204000,235,105,CAMELSH,3,2
CAMELSH__01205500,258,118,CAMELSH,3,0
CAMELSH__01205600,10,11,CAMELSH,0,3
CAMELSH__01205700,24,17,CAMELSH,0,0
CAMELSH__01206900,232,104,CAMELSH,3,0
CAMELSH__01208500,248,112,CAMELSH,3,2
CAMELSH__01208873,220,101,CAMELSH,3,4
CAMELSH__01208925,206,95,CAMELSH,2,0
CAMELSH__01208950,247,112,CAMELSH,3,1
CAMELSH__01208990,238,109,CAMELSH,3,1
CAMELSH__012095493,156,73,CAMELSH,1,0
CAMELSH__01209700,236,108,CAMELSH,3,0
CAMELSH__01209761,185,87,CAMELSH,2,4
CAMELSH__01209901,168,79,CAMELSH,2,4
CAMELSH__01301500,14,13,CAMELSH,0,1
CAMELSH__01302020,126,61,CAMELSH,1,1
CAMELSH__01312000,162,76,CAMELSH,2,0
CAMELSH__01315000,251,112,CAMELSH,3,3
CAMELSH__01315500,218,98,CAMELSH,3,3
CAMELSH__01318500,239,107,CAMELSH,3,3
CAMELSH__01321000,208,92,CAMELSH,2,3
CAMELSH__01325000,257,117,CAMELSH,3,1
CAMELSH__01327750,264,113,CAMELSH,3,1
CAMELSH__01329490,146,69,CAMELSH,1,1
CAMELSH__01329500,25,16,CAMELSH,0,2
CAMELSH__01330000,240,107,CAMELSH,3,3
CAMELSH__01330500,11,9,CAMELSH,0,4
CAMELSH__01331500,261,119,CAMELSH,3,4
CAMELSH__01332500,269,116,CAMELSH,3,1
CAMELSH__01333000,229,106,CAMELSH,3,3
CAMELSH__01334000,240,105,CAMELSH,3,2
CAMELSH__01334500,231,103,CAMELSH,3,2
CAMELSH__01336000,259,117,CAMELSH,3,4
CAMELSH__01343060,149,70,CAMELSH,1,1
CAMELSH__01346000,244,108,CAMELSH,3,1
CAMELSH__01347000,240,107,CAMELSH,3,0
CAMELSH__01348000,151,71,CAMELSH,1,4
CAMELSH__01349000,63,33,CAMELSH,0,0
CAMELSH__01349150,212,96,CAMELSH,2,1
CAMELSH__01349700,193,88,CAMELSH,2,2
CAMELSH__01349705,176,81,CAMELSH,2,3
CAMELSH__01349711,203,94,CAMELSH,2,4
CAMELSH__01349810,187,87,CAMELSH,2,2
CAMELSH__01349840,72,37,CAMELSH,0,4
CAMELSH__01349950,186,86,CAMELSH,2,2
CAMELSH__01350000,222,100,CAMELSH,3,1
CAMELSH__01350035,178,82,CAMELSH,2,2
CAMELSH__01350080,226,101,CAMELSH,3,0
CAMELSH__01350101,120,53,CAMELSH,1,2
CAMELSH__01350120,227,99,CAMELSH,3,2
CAMELSH__01350140,221,98,CAMELSH,3,2
CAMELSH__01350180,236,106,CAMELSH,3,3
CAMELSH__01350355,242,109,CAMELSH,3,1
CAMELSH__01351500,243,105,CAMELSH,3,3
CAMELSH__01356190,82,39,CAMELSH,0,3
CAMELSH__01357500,257,117,CAMELSH,3,1
CAMELSH__01359750,14,11,CAMELSH,0,4
CAMELSH__01360640,233,103,CAMELSH,3,2
CAMELSH__013621955,188,87,CAMELSH,2,1
CAMELSH__01362200,247,110,CAMELSH,3,1
CAMELSH__0136230002,150,71,CAMELSH,1,0
CAMELSH__01362370,119,58,CAMELSH,1,1
CAMELSH__01362500,257,110,CAMELSH,3,4
CAMELSH__01364500,246,110,CAMELSH,3,1
CAMELSH__01365000,257,110,CAMELSH,3,3
CAMELSH__01367500,240,108,CAMELSH,3,4
CAMELSH__01367800,60,32,CAMELSH,0,3
CAMELSH__01371500,240,109,CAMELSH,3,4
CAMELSH__01372500,249,113,CAMELSH,3,3
CAMELSH__0137449480,216,99,CAMELSH,3,4
CAMELSH__01374505,240,108,CAMELSH,3,0
CAMELSH__01374531,126,61,CAMELSH,1,3
CAMELSH__01374559,220,101,CAMELSH,3,4
CAMELSH__01374581,174,82,CAMELSH,2,2
CAMELSH__01374598,201,92,CAMELSH,2,4
CAMELSH__0137462010,236,108,CAMELSH,3,3
CAMELSH__01374654,104,50,CAMELSH,1,4
CAMELSH__01374701,237,109,CAMELSH,3,1
CAMELSH__01374781,131,63,CAMELSH,1,3
CAMELSH__01374821,239,109,CAMELSH,3,3
CAMELSH__01374890,211,97,CAMELSH,2,4
CAMELSH__01374901,235,108,CAMELSH,3,2
CAMELSH__01374918,62,33,CAMELSH,0,2
CAMELSH__01374930,217,99,CAMELSH,3,3
CAMELSH__01374941,232,107,CAMELSH,3,1
CAMELSH__01374987,92,45,CAMELSH,0,3
CAMELSH__0137499350,63,33,CAMELSH,0,0
CAMELSH__01375000,261,118,CAMELSH,3,1
CAMELSH__01376800,257,117,CAMELSH,3,1
CAMELSH__01377000,331,149,CAMELSH,4,3
CAMELSH__01377370,144,69,CAMELSH,1,4
CAMELSH__01377500,323,145,CAMELSH,4,3
CAMELSH__01378500,310,135,CAMELSH,4,1
CAMELSH__01379773,323,145,CAMELSH,4,0
CAMELSH__01379780,309,140,CAMELSH,4,4
CAMELSH__01379790,170,80,CAMELSH,2,0
CAMELSH__01380500,221,102,CAMELSH,3,2
CAMELSH__01381000,331,149,CAMELSH,4,4
CAMELSH__01381400,216,99,CAMELSH,3,2
CAMELSH__01381500,337,151,CAMELSH,4,1
CAMELSH__01382170,29,19,CAMELSH,0,0
CAMELSH__01382500,313,141,CAMELSH,4,0
CAMELSH__01383500,328,148,CAMELSH,4,3
CAMELSH__01384000,11,12,CAMELSH,0,0
CAMELSH__01384500,282,128,CAMELSH,4,3
CAMELSH__01386000,165,75,CAMELSH,2,2
CAMELSH__01387400,247,112,CAMELSH,3,4
CAMELSH__01387420,250,114,CAMELSH,3,3
CAMELSH__01387500,322,145,CAMELSH,4,1
CAMELSH__01388000,331,149,CAMELSH,4,2
CAMELSH__01388500,337,152,CAMELSH,4,2
CAMELSH__01389500,331,149,CAMELSH,4,3
CAMELSH__01389890,127,61,CAMELSH,1,1
CAMELSH__01390450,144,69,CAMELSH,1,1
CAMELSH__01390500,320,145,CAMELSH,4,1
CAMELSH__01391500,333,150,CAMELSH,4,0
CAMELSH__01396091,31,20,CAMELSH,0,0
CAMELSH__01396190,98,46,CAMELSH,0,0
CAMELSH__01396500,330,148,CAMELSH,4,1
CAMELSH__01397000,322,144,CAMELSH,4,0
CAMELSH__01398500,284,127,CAMELSH,4,0
CAMELSH__01399500,308,138,CAMELSH,4,4
CAMELSH__01399510,98,48,CAMELSH,0,3
CAMELSH__01400000,323,145,CAMELSH,4,1
CAMELSH__01403500,10,10,CAMELSH,0,3
CAMELSH__01405500,23,17,CAMELSH,0,2
CAMELSH__01406050,174,81,CAMELSH,2,1
CAMELSH__01407290,152,71,CAMELSH,1,3
CAMELSH__01409000,18,15,CAMELSH,0,0
CAMELSH__01409280,204,93,CAMELSH,2,1
CAMELSH__01409810,258,118,CAMELSH,3,2
CAMELSH__01411300,320,143,CAMELSH,4,0
CAMELSH__01413088,186,86,CAMELSH,2,0
CAMELSH__01413398,187,87,CAMELSH,2,2
CAMELSH__01413408,201,92,CAMELSH,2,1
CAMELSH__01413500,256,111,CAMELSH,3,3
CAMELSH__01414000,192,88,CAMELSH,2,2
CAMELSH__01414500,228,99,CAMELSH,3,4
CAMELSH__01415460,32,19,CAMELSH,0,0
CAMELSH__01417000,257,115,CAMELSH,3,2
CAMELSH__01417500,238,107,CAMELSH,3,4
CAMELSH__01419500,33,21,CAMELSH,0,1
CAMELSH__01420500,246,105,CAMELSH,3,1
CAMELSH__01420980,4,8,CAMELSH,0,0
CAMELSH__01421000,191,85,CAMELSH,2,3
CAMELSH__01421610,170,79,CAMELSH,2,4
CAMELSH__01421618,182,84,CAMELSH,2,4
CAMELSH__01421900,196,90,CAMELSH,2,1
CAMELSH__01422389,72,37,CAMELSH,0,4
CAMELSH__01422500,190,86,CAMELSH,2,2
CAMELSH__01422738,62,33,CAMELSH,0,3
CAMELSH__01422747,84,42,CAMELSH,0,2
CAMELSH__01423000,231,104,CAMELSH,3,0
CAMELSH__0142400103,185,84,CAMELSH,2,1
CAMELSH__01425000,259,112,CAMELSH,3,1
CAMELSH__01426500,238,106,CAMELSH,3,4
CAMELSH__01427207,123,59,CAMELSH,1,4
CAMELSH__01427500,33,20,CAMELSH,0,2
CAMELSH__01427510,226,102,CAMELSH,3,1
CAMELSH__01428000,35,22,CAMELSH,0,2
CAMELSH__01428500,232,105,CAMELSH,3,4
CAMELSH__01429500,221,98,CAMELSH,3,4
CAMELSH__01430000,119,58,CAMELSH,1,0
CAMELSH__01431500,203,91,CAMELSH,2,4
CAMELSH__01432110,125,61,CAMELSH,1,0
CAMELSH__01432900,156,73,CAMELSH,1,2
CAMELSH__01433500,119,57,CAMELSH,1,2
CAMELSH__01434000,249,112,CAMELSH,3,3
CAMELSH__0143400680,66,34,CAMELSH,0,0
CAMELSH__01434017,221,99,CAMELSH,3,3
CAMELSH__01434021,67,35,CAMELSH,0,1
CAMELSH__01434025,254,111,CAMELSH,3,4
CAMELSH__01434498,230,104,CAMELSH,3,0
CAMELSH__01435000,256,110,CAMELSH,3,4
CAMELSH__01436000,261,118,CAMELSH,3,0
CAMELSH__01436690,219,99,CAMELSH,3,4
CAMELSH__01437500,231,104,CAMELSH,3,4
CAMELSH__01438500,313,140,CAMELSH,4,4
CAMELSH__01439500,195,90,CAMELSH,2,4
CAMELSH__01439800,29,18,CAMELSH,0,2
CAMELSH__01440000,321,144,CAMELSH,4,2
CAMELSH__01440200,48,26,CAMELSH,0,0
CAMELSH__01440400,220,96,CAMELSH,3,2
CAMELSH__01440485,176,82,CAMELSH,2,1
CAMELSH__01441495,160,75,CAMELSH,1,1
CAMELSH__01442500,231,100,CAMELSH,3,0
CAMELSH__01443280,230,106,CAMELSH,3,2
CAMELSH__01443500,333,150,CAMELSH,4,4
CAMELSH__01443900,330,144,CAMELSH,4,0
CAMELSH__01445000,164,77,CAMELSH,2,1
CAMELSH__01445500,326,147,CAMELSH,4,2
CAMELSH__01446000,156,73,CAMELSH,1,4
CAMELSH__01446775,142,68,CAMELSH,1,2
CAMELSH__01446776,138,66,CAMELSH,1,2
CAMELSH__01447500,223,100,CAMELSH,3,0
CAMELSH__01447680,210,91,CAMELSH,2,3
CAMELSH__01447720,230,99,CAMELSH,3,2
CAMELSH__01447800,235,106,CAMELSH,3,2
CAMELSH__01448500,28,14,CAMELSH,0,3
CAMELSH__01449000,229,101,CAMELSH,3,2
CAMELSH__01449360,234,107,CAMELSH,3,2
CAMELSH__01449800,245,105,CAMELSH,3,3
CAMELSH__01450500,231,99,CAMELSH,3,2
CAMELSH__01451000,227,99,CAMELSH,3,1
CAMELSH__01451500,235,108,CAMELSH,3,1
CAMELSH__01451650,126,61,CAMELSH,1,1
CAMELSH__01451800,215,96,CAMELSH,2,4
CAMELSH__01452000,229,103,CAMELSH,3,3
CAMELSH__01452500,231,102,CAMELSH,3,0
CAMELSH__01453000,248,109,CAMELSH,3,0
CAMELSH__01454700,223,99,CAMELSH,3,3
CAMELSH__01455500,169,78,CAMELSH,2,2
CAMELSH__01457000,321,144,CAMELSH,4,0
CAMELSH__01460880,66,36,CAMELSH,0,2
CAMELSH__01461300,36,22,CAMELSH,0,4
CAMELSH__01465880,14,13,CAMELSH,0,1
CAMELSH__01466500,315,142,CAMELSH,4,4
CAMELSH__01466900,181,83,CAMELSH,2,3
CAMELSH__01467471,3,8,CAMELSH,0,4
CAMELSH__01467492,3,8,CAMELSH,0,3
CAMELSH__01468500,230,105,CAMELSH,3,3
CAMELSH__01469500,235,103,CAMELSH,3,0
CAMELSH__01469700,3,8,CAMELSH,0,1
CAMELSH__01470500,263,115,CAMELSH,3,4
CAMELSH__01470756,14,12,CAMELSH,0,2
CAMELSH__01470779,125,61,CAMELSH,1,1
CAMELSH__01470853,72,36,CAMELSH,0,2
CAMELSH__01470960,248,111,CAMELSH,3,0
CAMELSH__01471000,247,109,CAMELSH,3,2
CAMELSH__01471510,242,106,CAMELSH,3,2
CAMELSH__01471875,194,89,CAMELSH,2,2
CAMELSH__01471980,62,30,CAMELSH,0,0
CAMELSH__01472000,243,110,CAMELSH,3,2
CAMELSH__01472198,122,60,CAMELSH,1,4
CAMELSH__01472199,122,59,CAMELSH,1,4
CAMELSH__01473500,122,60,CAMELSH,1,4
CAMELSH__01475000,7,10,CAMELSH,0,2
CAMELSH__01475850,255,116,CAMELSH,3,1
CAMELSH__01476480,244,112,CAMELSH,3,4
CAMELSH__01477000,248,113,CAMELSH,3,3
CAMELSH__01477800,257,111,CAMELSH,3,2
CAMELSH__01478000,249,114,CAMELSH,3,4
CAMELSH__01478120,124,61,CAMELSH,1,2
CAMELSH__01478245,201,93,CAMELSH,2,0
CAMELSH__01478650,223,102,CAMELSH,3,3
CAMELSH__01479000,254,116,CAMELSH,3,2
CAMELSH__01479820,255,116,CAMELSH,3,2
CAMELSH__01480000,257,117,CAMELSH,3,0
CAMELSH__01480015,250,108,CAMELSH,3,4
CAMELSH__01480300,125,60,CAMELSH,1,4
CAMELSH__01480400,126,61,CAMELSH,1,0
CAMELSH__01480500,261,118,CAMELSH,3,0
CAMELSH__01480617,273,118,CAMELSH,4,4
CAMELSH__01480638,123,60,CAMELSH,1,0
CAMELSH__01480675,257,117,CAMELSH,3,0
CAMELSH__01480685,267,122,CAMELSH,4,1
CAMELSH__01480700,260,119,CAMELSH,3,4
CAMELSH__01480870,274,118,CAMELSH,4,0
CAMELSH__01481000,125,61,CAMELSH,1,4
CAMELSH__01483155,162,77,CAMELSH,2,4
CAMELSH__01483200,271,117,CAMELSH,4,3
CAMELSH__01483700,215,99,CAMELSH,3,1
CAMELSH__01484000,62,26,CAMELSH,0,0
CAMELSH__01484085,23,13,CAMELSH,0,4
CAMELSH__01484100,247,113,CAMELSH,3,4
CAMELSH__01484525,245,112,CAMELSH,3,0
CAMELSH__01484800,31,20,CAMELSH,0,3
CAMELSH__01485000,238,109,CAMELSH,3,0
CAMELSH__01485500,256,116,CAMELSH,3,2
CAMELSH__01486000,251,114,CAMELSH,3,0
CAMELSH__01486500,124,60,CAMELSH,1,1
CAMELSH__01487000,259,117,CAMELSH,3,4
CAMELSH__01488500,240,110,CAMELSH,3,1
CAMELSH__01490000,170,79,CAMELSH,2,4
CAMELSH__01491000,256,116,CAMELSH,3,4
CAMELSH__01491500,182,85,CAMELSH,2,0
CAMELSH__01492500,170,80,CAMELSH,2,2
CAMELSH__01493000,258,111,CAMELSH,3,1
CAMELSH__01493500,248,106,CAMELSH,3,1
CAMELSH__01494150,24,14,CAMELSH,0,0
CAMELSH__01496200,11,5,CAMELSH,0,1
CAMELSH__01500000,212,96,CAMELSH,2,2
CAMELSH__01500500,131,62,CAMELSH,1,0
CAMELSH__01502000,10,8,CAMELSH,0,4
CAMELSH__01502500,175,79,CAMELSH,2,4
CAMELSH__01503000,179,79,CAMELSH,2,4
CAMELSH__01505000,175,76,CAMELSH,2,4
CAMELSH__01507000,118,55,CAMELSH,1,1
CAMELSH__01509000,184,83,CAMELSH,2,1
CAMELSH__01510000,159,73,CAMELSH,1,1
CAMELSH__01512500,159,70,CAMELSH,1,0
CAMELSH__01514000,56,24,CAMELSH,0,2
CAMELSH__01516350,184,79,CAMELSH,2,0
CAMELSH__01516500,202,93,CAMELSH,2,2
CAMELSH__01518000,197,88,CAMELSH,2,1
CAMELSH__01518700,195,86,CAMELSH,2,1
CAMELSH__01518862,204,94,CAMELSH,2,4
CAMELSH__01520000,199,88,CAMELSH,2,4
CAMELSH__01520500,162,75,CAMELSH,2,4
CAMELSH__01521500,221,95,CAMELSH,3,2
CAMELSH__01523500,190,87,CAMELSH,2,4
CAMELSH__01524500,166,72,CAMELSH,2,4
CAMELSH__01525500,113,48,CAMELSH,1,3
CAMELSH__01525981,152,65,CAMELSH,1,0
CAMELSH__01526500,177,77,CAMELSH,2,0
CAMELSH__01527500,135,65,CAMELSH,1,0
CAMELSH__01528000,10,10,CAMELSH,0,0
CAMELSH__01529500,163,70,CAMELSH,1,2
CAMELSH__01529950,174,75,CAMELSH,2,1
CAMELSH__01530500,110,52,CAMELSH,1,0
CAMELSH__01531000,179,77,CAMELSH,2,2
CAMELSH__01532000,225,103,CAMELSH,3,3
CAMELSH__01534000,117,58,CAMELSH,1,4
CAMELSH__01534300,203,89,CAMELSH,2,4
CAMELSH__01534500,205,88,CAMELSH,2,0
CAMELSH__01534860,114,56,CAMELSH,1,1
CAMELSH__01536000,222,103,CAMELSH,3,0
CAMELSH__01537000,21,16,CAMELSH,0,4
CAMELSH__01538000,234,107,CAMELSH,3,4
CAMELSH__01539000,179,77,CAMELSH,2,4
CAMELSH__01541000,188,82,CAMELSH,2,3
CAMELSH__01541200,302,136,CAMELSH,4,3
CAMELSH__01541303,187,86,CAMELSH,2,3
CAMELSH__01541500,116,56,CAMELSH,1,1
CAMELSH__01542500,170,79,CAMELSH,2,1
CAMELSH__01542810,229,105,CAMELSH,3,4
CAMELSH__01543000,192,89,CAMELSH,2,3
CAMELSH__01543500,185,86,CAMELSH,2,0
CAMELSH__01544000,202,94,CAMELSH,2,2
CAMELSH__01544500,199,86,CAMELSH,2,2
CAMELSH__01545000,196,91,CAMELSH,2,1
CAMELSH__01545500,195,90,CAMELSH,2,4
CAMELSH__01545600,228,105,CAMELSH,3,3
CAMELSH__01546400,225,104,CAMELSH,3,1
CAMELSH__01546500,249,114,CAMELSH,3,0
CAMELSH__01547100,263,120,CAMELSH,3,2
CAMELSH__01547200,126,61,CAMELSH,1,0
CAMELSH__01547500,203,94,CAMELSH,2,2
CAMELSH__01547700,240,110,CAMELSH,3,0
CAMELSH__01547950,232,107,CAMELSH,3,4
CAMELSH__01548005,55,31,CAMELSH,0,2
CAMELSH__01548500,235,106,CAMELSH,3,3
CAMELSH__01549500,231,105,CAMELSH,3,0
CAMELSH__01549700,210,96,CAMELSH,2,2
CAMELSH__01550000,284,127,CAMELSH,4,1
CAMELSH__01552000,116,56,CAMELSH,1,0
CAMELSH__01552500,115,56,CAMELSH,1,4
CAMELSH__01553700,262,120,CAMELSH,3,4
CAMELSH__01555000,223,102,CAMELSH,3,4
CAMELSH__01555500,210,97,CAMELSH,2,4
CAMELSH__01556000,199,92,CAMELSH,2,1
CAMELSH__01557500,233,106,CAMELSH,3,2
CAMELSH__01558000,182,85,CAMELSH,2,2
CAMELSH__01559000,200,93,CAMELSH,2,3
CAMELSH__01560000,274,121,CAMELSH,4,4
CAMELSH__01562000,195,84,CAMELSH,2,0
CAMELSH__01563200,176,82,CAMELSH,2,2
CAMELSH__01563500,193,90,CAMELSH,2,1
CAMELSH__01564500,237,109,CAMELSH,3,4
CAMELSH__01565000,174,82,CAMELSH,2,4
CAMELSH__01566000,164,76,CAMELSH,2,3
CAMELSH__01567000,189,88,CAMELSH,2,2
CAMELSH__01567500,125,61,CAMELSH,1,0
CAMELSH__01568000,205,94,CAMELSH,2,3
CAMELSH__01568500,16,14,CAMELSH,0,1
CAMELSH__01569800,102,51,CAMELSH,1,0
CAMELSH__01570000,218,99,CAMELSH,3,0
CAMELSH__01571184,135,65,CAMELSH,1,2
CAMELSH__01571500,225,104,CAMELSH,3,0
CAMELSH__01572025,225,103,CAMELSH,3,0
CAMELSH__01572190,217,99,CAMELSH,3,1
CAMELSH__01572950,65,34,CAMELSH,0,1
CAMELSH__01573000,214,98,CAMELSH,2,3
CAMELSH__01573482,62,33,CAMELSH,0,2
CAMELSH__01573560,260,115,CAMELSH,3,1
CAMELSH__01573825,156,73,CAMELSH,1,1
CAMELSH__01573849,145,69,CAMELSH,1,2
CAMELSH__01580000,246,112,CAMELSH,3,4
CAMELSH__01581700,250,113,CAMELSH,3,3
CAMELSH__01581752,170,79,CAMELSH,2,4
CAMELSH__01581757,150,71,CAMELSH,1,0
CAMELSH__01581810,183,85,CAMELSH,2,3
CAMELSH__01581870,180,84,CAMELSH,2,4
CAMELSH__01581920,183,86,CAMELSH,2,4
CAMELSH__01581960,183,85,CAMELSH,2,3
CAMELSH__01582000,267,114,CAMELSH,3,4
CAMELSH__01583500,293,126,CAMELSH,4,3
CAMELSH__01583580,181,84,CAMELSH,2,3
CAMELSH__01585500,267,114,CAMELSH,3,4
CAMELSH__01586610,285,128,CAMELSH,4,3
CAMELSH__01589000,156,74,CAMELSH,1,3
CAMELSH__01589100,192,87,CAMELSH,2,2
CAMELSH__01589197,197,90,CAMELSH,2,1
CAMELSH__01589290,136,66,CAMELSH,1,3
CAMELSH__01589300,228,98,CAMELSH,3,4
CAMELSH__01589305,91,46,CAMELSH,0,1
CAMELSH__01589312,119,58,CAMELSH,1,4
CAMELSH__01589317,119,58,CAMELSH,1,0
CAMELSH__01589330,196,90,CAMELSH,2,3
CAMELSH__01589352,191,89,CAMELSH,2,0
CAMELSH__01589440,227,97,CAMELSH,3,0
CAMELSH__01591400,252,108,CAMELSH,3,4
CAMELSH__01594526,246,113,CAMELSH,3,4
CAMELSH__01594930,62,33,CAMELSH,0,1
CAMELSH__01594936,105,51,CAMELSH,1,3
CAMELSH__01594950,196,91,CAMELSH,2,1
CAMELSH__01595000,233,107,CAMELSH,3,0
CAMELSH__01595300,80,41,CAMELSH,0,2
CAMELSH__01595500,148,70,CAMELSH,1,1
CAMELSH__01595800,159,76,CAMELSH,1,4
CAMELSH__01596500,188,85,CAMELSH,2,0
CAMELSH__01597000,5,9,CAMELSH,0,3
CAMELSH__01597500,260,118,CAMELSH,3,3
CAMELSH__01598500,251,114,CAMELSH,3,1
CAMELSH__01599000,247,112,CAMELSH,3,1
CAMELSH__01600000,23,17,CAMELSH,0,0
CAMELSH__01601000,163,75,CAMELSH,2,2
CAMELSH__01601500,249,113,CAMELSH,3,1
CAMELSH__01603000,248,112,CAMELSH,3,3
CAMELSH__01604500,216,98,CAMELSH,3,3
CAMELSH__01605500,229,104,CAMELSH,3,1
CAMELSH__01606000,197,91,CAMELSH,2,2
CAMELSH__01606500,228,104,CAMELSH,3,3
CAMELSH__01607500,219,101,CAMELSH,3,0
CAMELSH__01608000,228,102,CAMELSH,3,1
CAMELSH__01608500,230,103,CAMELSH,3,3
CAMELSH__01609000,151,72,CAMELSH,1,4
CAMELSH__01610000,246,112,CAMELSH,3,3
CAMELSH__01610155,183,84,CAMELSH,2,1
CAMELSH__01611500,226,98,CAMELSH,3,4
CAMELSH__01613050,239,109,CAMELSH,3,4
CAMELSH__01613095,126,61,CAMELSH,1,0
CAMELSH__01613525,125,60,CAMELSH,1,1
CAMELSH__01613900,169,79,CAMELSH,2,0
CAMELSH__01614000,150,72,CAMELSH,1,1
CAMELSH__01614500,245,111,CAMELSH,3,4
CAMELSH__01614830,55,31,CAMELSH,0,1
CAMELSH__01615000,215,100,CAMELSH,3,3
CAMELSH__01616000,15,14,CAMELSH,0,4
CAMELSH__01616100,159,76,CAMELSH,1,2
CAMELSH__01616500,229,100,CAMELSH,3,4
CAMELSH__01617000,136,66,CAMELSH,1,2
CAMELSH__01617800,257,110,CAMELSH,3,4
CAMELSH__01619000,143,68,CAMELSH,1,3
CAMELSH__01619500,273,117,CAMELSH,4,2
CAMELSH__01620500,227,100,CAMELSH,3,2
CAMELSH__01621050,229,105,CAMELSH,3,1
CAMELSH__01622000,263,120,CAMELSH,3,2
CAMELSH__01624800,39,24,CAMELSH,0,0
CAMELSH__01625000,259,118,CAMELSH,3,3
CAMELSH__01626000,258,117,CAMELSH,3,0
CAMELSH__01626850,187,88,CAMELSH,2,3
CAMELSH__01627500,261,119,CAMELSH,3,0
CAMELSH__01628500,259,119,CAMELSH,3,3
CAMELSH__01629500,253,116,CAMELSH,3,4
CAMELSH__01630700,41,24,CAMELSH,0,2
CAMELSH__01631000,238,105,CAMELSH,3,2
CAMELSH__01632000,165,77,CAMELSH,2,2
CAMELSH__01632082,255,116,CAMELSH,3,0
CAMELSH__01632900,248,114,CAMELSH,3,4
CAMELSH__01633000,261,119,CAMELSH,3,0
CAMELSH__01634000,238,105,CAMELSH,3,4
CAMELSH__01634500,250,114,CAMELSH,3,0
CAMELSH__01635090,53,30,CAMELSH,0,3
CAMELSH__01635500,252,115,CAMELSH,3,3
CAMELSH__01636242,15,13,CAMELSH,0,1
CAMELSH__0163626650,43,24,CAMELSH,0,2
CAMELSH__01636316,160,76,CAMELSH,1,3
CAMELSH__01636500,226,99,CAMELSH,3,3
CAMELSH__01636690,170,80,CAMELSH,2,4
CAMELSH__01637500,246,106,CAMELSH,3,1
CAMELSH__01638350,171,81,CAMELSH,2,4
CAMELSH__01638420,172,81,CAMELSH,2,3
CAMELSH__01638480,245,112,CAMELSH,3,3
CAMELSH__01639000,242,111,CAMELSH,3,3
CAMELSH__01639500,254,109,CAMELSH,3,1
CAMELSH__01641000,8,4,CAMELSH,0,4
CAMELSH__01642190,130,63,CAMELSH,1,1
CAMELSH__01642438,1,7,CAMELSH,0,0
CAMELSH__01643000,253,116,CAMELSH,3,0
CAMELSH__01643395,152,70,CAMELSH,1,2
CAMELSH__01643500,243,112,CAMELSH,3,1
CAMELSH__01643590,175,82,CAMELSH,2,3
CAMELSH__01643700,218,101,CAMELSH,3,3
CAMELSH__01643805,162,76,CAMELSH,2,1
CAMELSH__01643880,172,81,CAMELSH,2,1
CAMELSH__01644000,255,116,CAMELSH,3,4
CAMELSH__01644280,172,81,CAMELSH,2,4
CAMELSH__01644371,145,69,CAMELSH,1,2
CAMELSH__01644375,144,68,CAMELSH,1,0
CAMELSH__01644380,131,61,CAMELSH,1,2
CAMELSH__01644600,84,43,CAMELSH,0,4
CAMELSH__01645000,248,113,CAMELSH,3,2
CAMELSH__01645704,123,60,CAMELSH,1,1
CAMELSH__01645762,123,59,CAMELSH,1,3
CAMELSH__01646000,157,74,CAMELSH,1,4
CAMELSH__01646305,123,60,CAMELSH,1,3
CAMELSH__01647850,123,59,CAMELSH,1,2
CAMELSH__01648000,254,116,CAMELSH,3,0
CAMELSH__01649150,118,57,CAMELSH,1,3
CAMELSH__01649190,121,59,CAMELSH,1,1
CAMELSH__01649500,242,111,CAMELSH,3,3
CAMELSH__01650500,200,93,CAMELSH,2,0
CAMELSH__01650800,114,56,CAMELSH,1,3
CAMELSH__01651000,240,110,CAMELSH,3,0
CAMELSH__01651800,242,110,CAMELSH,3,0
CAMELSH__01652500,193,90,CAMELSH,2,1
CAMELSH__01653000,259,119,CAMELSH,3,2
CAMELSH__01653600,234,106,CAMELSH,3,1
CAMELSH__01654000,245,112,CAMELSH,3,2
CAMELSH__01656000,254,116,CAMELSH,3,2
CAMELSH__01656903,124,60,CAMELSH,1,4
CAMELSH__01658000,179,83,CAMELSH,2,1
CAMELSH__01658500,243,110,CAMELSH,3,3
CAMELSH__01659000,42,25,CAMELSH,0,1
CAMELSH__01659500,41,21,CAMELSH,0,2
CAMELSH__01660000,38,23,CAMELSH,0,0
CAMELSH__01660400,223,102,CAMELSH,3,3
CAMELSH__01660920,236,106,CAMELSH,3,1
CAMELSH__01661050,246,106,CAMELSH,3,1
CAMELSH__01661500,248,114,CAMELSH,3,4
CAMELSH__01662800,232,107,CAMELSH,3,2
CAMELSH__01663500,165,77,CAMELSH,2,0
CAMELSH__01664000,241,109,CAMELSH,3,2
CAMELSH__01665000,36,23,CAMELSH,0,1
CAMELSH__01665500,229,104,CAMELSH,3,1
CAMELSH__01666500,257,117,CAMELSH,3,1
CAMELSH__01667500,255,116,CAMELSH,3,2
CAMELSH__01668000,255,116,CAMELSH,3,2
CAMELSH__01668500,52,30,CAMELSH,0,0
CAMELSH__01669000,249,114,CAMELSH,3,3
CAMELSH__01669520,258,117,CAMELSH,3,0
CAMELSH__01670400,172,80,CAMELSH,2,0
CAMELSH__01671020,194,90,CAMELSH,2,0
CAMELSH__01671025,114,56,CAMELSH,1,1
CAMELSH__01671100,254,116,CAMELSH,3,4
CAMELSH__01672500,159,75,CAMELSH,1,2
CAMELSH__01673000,167,78,CAMELSH,2,4
CAMELSH__01673550,252,115,CAMELSH,3,3
CAMELSH__01673638,69,37,CAMELSH,0,0
CAMELSH__01673800,255,116,CAMELSH,3,4
CAMELSH__01674000,255,116,CAMELSH,3,0
CAMELSH__01674500,267,115,CAMELSH,3,4
CAMELSH__02011400,253,114,CAMELSH,3,0
CAMELSH__02011460,253,113,CAMELSH,3,3
CAMELSH__02011470,261,115,CAMELSH,3,1
CAMELSH__02011490,249,110,CAMELSH,3,0
CAMELSH__02011500,257,116,CAMELSH,3,0
CAMELSH__02011800,262,117,CAMELSH,3,3
CAMELSH__02013000,256,115,CAMELSH,3,2
CAMELSH__02013100,263,117,CAMELSH,3,1
CAMELSH__02014000,262,114,CAMELSH,3,1
CAMELSH__02015700,194,90,CAMELSH,2,4
CAMELSH__02016000,255,113,CAMELSH,3,1
CAMELSH__02016500,258,113,CAMELSH,3,1
CAMELSH__02017500,251,115,CAMELSH,3,2
CAMELSH__02018000,256,113,CAMELSH,3,0
CAMELSH__02018500,255,117,CAMELSH,3,2
CAMELSH__02019500,246,110,CAMELSH,3,4
CAMELSH__02020500,239,109,CAMELSH,3,1
CAMELSH__02021500,244,109,CAMELSH,3,3
CAMELSH__02022500,257,118,CAMELSH,3,1
CAMELSH__02024000,243,109,CAMELSH,3,0
CAMELSH__02024752,125,60,CAMELSH,1,2
CAMELSH__02024915,162,76,CAMELSH,2,1
CAMELSH__02025500,245,108,CAMELSH,3,3
CAMELSH__02026000,242,110,CAMELSH,3,1
CAMELSH__02027000,192,89,CAMELSH,2,2
CAMELSH__02027500,240,109,CAMELSH,3,1
CAMELSH__02027800,22,16,CAMELSH,0,2
CAMELSH__02028500,198,91,CAMELSH,2,4
CAMELSH__02030000,250,115,CAMELSH,3,4
CAMELSH__02030500,178,82,CAMELSH,2,0
CAMELSH__02031000,195,90,CAMELSH,2,3
CAMELSH__02032250,128,62,CAMELSH,1,0
CAMELSH__02032640,222,101,CAMELSH,3,0
CAMELSH__02034000,265,121,CAMELSH,4,0
CAMELSH__02036500,256,117,CAMELSH,3,1
CAMELSH__02038000,15,13,CAMELSH,0,4
CAMELSH__02038850,233,104,CAMELSH,3,1
CAMELSH__02039000,260,119,CAMELSH,3,3
CAMELSH__02039500,261,119,CAMELSH,3,0
CAMELSH__02040000,247,113,CAMELSH,3,0
CAMELSH__02041000,262,120,CAMELSH,3,2
CAMELSH__02041650,267,121,CAMELSH,4,4
CAMELSH__02042500,264,121,CAMELSH,3,1
CAMELSH__02043500,15,9,CAMELSH,0,0
CAMELSH__0204382800,153,70,CAMELSH,1,4
CAMELSH__02044500,263,120,CAMELSH,3,3
CAMELSH__02045500,251,114,CAMELSH,3,0
CAMELSH__02046000,250,113,CAMELSH,3,4
CAMELSH__02047000,258,118,CAMELSH,3,4
CAMELSH__02047500,265,121,CAMELSH,4,4
CAMELSH__02049500,125,61,CAMELSH,1,3
CAMELSH__02051000,197,92,CAMELSH,2,4
CAMELSH__02051500,248,112,CAMELSH,3,1
CAMELSH__02052000,264,120,CAMELSH,3,3
CAMELSH__02052500,32,19,CAMELSH,0,1
CAMELSH__02053200,284,127,CAMELSH,4,4
CAMELSH__02053800,259,118,CAMELSH,3,1
CAMELSH__02054500,258,115,CAMELSH,3,1
CAMELSH__02054530,245,111,CAMELSH,3,1
CAMELSH__02055000,256,115,CAMELSH,3,0
CAMELSH__02055100,258,116,CAMELSH,3,2
CAMELSH__02056000,255,114,CAMELSH,3,2
CAMELSH__02056650,250,112,CAMELSH,3,3
CAMELSH__02056900,255,116,CAMELSH,3,3
CAMELSH__02058400,263,120,CAMELSH,3,4
CAMELSH__02059485,42,25,CAMELSH,0,2
CAMELSH__02059500,251,114,CAMELSH,3,0
CAMELSH__02060500,267,122,CAMELSH,4,3
CAMELSH__02061000,44,25,CAMELSH,0,4
CAMELSH__02061500,257,117,CAMELSH,3,4
CAMELSH__02062500,259,118,CAMELSH,3,2
CAMELSH__02064000,246,110,CAMELSH,3,3
CAMELSH__02065500,256,117,CAMELSH,3,0
CAMELSH__02066000,266,121,CAMELSH,4,2
CAMELSH__02068500,266,121,CAMELSH,4,2
CAMELSH__02069000,116,57,CAMELSH,1,0
CAMELSH__02069700,257,117,CAMELSH,3,0
CAMELSH__02070000,257,117,CAMELSH,3,3
CAMELSH__02070500,235,107,CAMELSH,3,4
CAMELSH__02071530,228,100,CAMELSH,3,4
CAMELSH__02074500,255,115,CAMELSH,3,3
CAMELSH__02075000,21,15,CAMELSH,0,2
CAMELSH__02075045,222,102,CAMELSH,3,1
CAMELSH__02075500,266,121,CAMELSH,4,1
CAMELSH__02076500,34,21,CAMELSH,0,0
CAMELSH__02077000,250,114,CAMELSH,3,3
CAMELSH__02077200,279,125,CAMELSH,4,1
CAMELSH__02079640,205,94,CAMELSH,2,4
CAMELSH__0208111310,271,120,CAMELSH,4,2
CAMELSH__02081500,278,126,CAMELSH,4,0
CAMELSH__02082770,254,116,CAMELSH,3,0
CAMELSH__02082950,283,129,CAMELSH,4,4
CAMELSH__02084160,218,100,CAMELSH,3,1
CAMELSH__02084557,286,130,CAMELSH,4,1
CAMELSH__02085220,1,6,CAMELSH,0,2
CAMELSH__0208650112,149,71,CAMELSH,1,3
CAMELSH__02088470,16,13,CAMELSH,0,0
CAMELSH__02091000,300,136,CAMELSH,4,2
CAMELSH__02091700,6,4,CAMELSH,0,1
CAMELSH__02092000,17,12,CAMELSH,0,4
CAMELSH__02092500,296,134,CAMELSH,4,0
CAMELSH__02093000,285,129,CAMELSH,4,0
CAMELSH__0209553650,203,94,CAMELSH,2,1
CAMELSH__02096846,260,118,CAMELSH,3,0
CAMELSH__0209722970,117,57,CAMELSH,1,0
CAMELSH__02097280,113,55,CAMELSH,1,0
CAMELSH__02102908,310,140,CAMELSH,4,1
CAMELSH__02104220,268,122,CAMELSH,4,4
CAMELSH__02105900,119,57,CAMELSH,1,2
CAMELSH__02108000,303,137,CAMELSH,4,2
CAMELSH__02110500,310,138,CAMELSH,4,0
CAMELSH__02111000,302,132,CAMELSH,4,2
CAMELSH__02111180,282,128,CAMELSH,4,2
CAMELSH__0211139110,125,61,CAMELSH,1,3
CAMELSH__02111500,291,130,CAMELSH,4,2
CAMELSH__02112000,297,134,CAMELSH,4,1
CAMELSH__02112120,203,93,CAMELSH,2,3
CAMELSH__02112250,292,127,CAMELSH,4,2
CAMELSH__02112360,207,96,CAMELSH,2,0
CAMELSH__02118500,287,128,CAMELSH,4,2
CAMELSH__02123567,117,57,CAMELSH,1,2
CAMELSH__02125000,186,86,CAMELSH,2,3
CAMELSH__02128000,299,135,CAMELSH,4,2
CAMELSH__02135300,114,55,CAMELSH,1,3
CAMELSH__02137727,304,137,CAMELSH,4,2
CAMELSH__02138500,287,129,CAMELSH,4,3
CAMELSH__0213903612,128,59,CAMELSH,1,3
CAMELSH__02140991,296,132,CAMELSH,4,3
CAMELSH__02142000,276,126,CAMELSH,4,4
CAMELSH__0214253361,6,10,CAMELSH,0,3
CAMELSH__02143000,292,131,CAMELSH,4,0
CAMELSH__02143040,296,134,CAMELSH,4,2
CAMELSH__0214657975,193,90,CAMELSH,2,1
CAMELSH__02147500,280,127,CAMELSH,4,4
CAMELSH__02149000,301,135,CAMELSH,4,4
CAMELSH__02150495,199,93,CAMELSH,2,2
CAMELSH__02152100,297,135,CAMELSH,4,4
CAMELSH__02152474,121,59,CAMELSH,1,3
CAMELSH__02153200,209,97,CAMELSH,2,1
CAMELSH__02157470,158,75,CAMELSH,1,1
CAMELSH__02157490,89,46,CAMELSH,0,2
CAMELSH__02160000,22,17,CAMELSH,0,0
CAMELSH__02162350,209,96,CAMELSH,2,1
CAMELSH__02162500,271,120,CAMELSH,4,3
CAMELSH__02163001,126,61,CAMELSH,1,2
CAMELSH__02167450,263,119,CAMELSH,3,0
CAMELSH__02171680,23,15,CAMELSH,0,4
CAMELSH__02174250,41,24,CAMELSH,0,1
CAMELSH__02177000,297,135,CAMELSH,4,4
CAMELSH__02178400,278,123,CAMELSH,4,2
CAMELSH__02181580,204,94,CAMELSH,2,3
CAMELSH__02191300,203,94,CAMELSH,2,2
CAMELSH__02192500,265,121,CAMELSH,4,0
CAMELSH__02193340,257,118,CAMELSH,3,1
CAMELSH__02196000,266,118,CAMELSH,3,1
CAMELSH__02196835,123,59,CAMELSH,1,4
CAMELSH__02197300,20,16,CAMELSH,0,4
CAMELSH__02198100,281,127,CAMELSH,4,3
CAMELSH__02198690,252,115,CAMELSH,3,2
CAMELSH__02201230,161,76,CAMELSH,2,4
CAMELSH__02202600,265,121,CAMELSH,4,0
CAMELSH__02203655,165,78,CAMELSH,2,4
CAMELSH__02203700,143,68,CAMELSH,1,2
CAMELSH__02204130,159,75,CAMELSH,1,0
CAMELSH__02205522,44,25,CAMELSH,0,3
CAMELSH__02206500,40,25,CAMELSH,0,4
CAMELSH__02207120,177,83,CAMELSH,2,2
CAMELSH__02207185,172,80,CAMELSH,2,4
CAMELSH__02207220,164,77,CAMELSH,2,1
CAMELSH__02207335,166,78,CAMELSH,2,4
CAMELSH__02207385,180,83,CAMELSH,2,0
CAMELSH__02207400,172,81,CAMELSH,2,0
CAMELSH__02207418,174,82,CAMELSH,2,0
CAMELSH__02207435,155,73,CAMELSH,1,0
CAMELSH__02207448,126,61,CAMELSH,1,4
CAMELSH__02208050,26,16,CAMELSH,0,2
CAMELSH__02208130,15,14,CAMELSH,0,4
CAMELSH__02208150,174,82,CAMELSH,2,1
CAMELSH__02212600,234,108,CAMELSH,3,0
CAMELSH__02215000,125,60,CAMELSH,1,4
CAMELSH__02215100,273,125,CAMELSH,4,0
CAMELSH__02216180,252,116,CAMELSH,3,0
CAMELSH__02217274,169,80,CAMELSH,2,3
CAMELSH__02217297,124,60,CAMELSH,1,1
CAMELSH__02218565,175,82,CAMELSH,2,1
CAMELSH__02221525,273,125,CAMELSH,4,2
CAMELSH__02226100,102,50,CAMELSH,1,3
CAMELSH__02228500,250,114,CAMELSH,3,1
CAMELSH__02231000,226,104,CAMELSH,3,3
CAMELSH__02231342,223,103,CAMELSH,3,2
CAMELSH__02231396,222,102,CAMELSH,3,2
CAMELSH__02231600,229,99,CAMELSH,3,4
CAMELSH__02232000,213,98,CAMELSH,2,4
CAMELSH__02232155,222,103,CAMELSH,3,4
CAMELSH__02232200,232,99,CAMELSH,3,2
CAMELSH__02232400,214,99,CAMELSH,2,1
CAMELSH__02232500,222,101,CAMELSH,3,2
CAMELSH__02235200,234,107,CAMELSH,3,3
CAMELSH__02236500,207,96,CAMELSH,2,1
CAMELSH__02244440,128,58,CAMELSH,1,0
CAMELSH__02245260,150,69,CAMELSH,1,1
CAMELSH__02245500,263,113,CAMELSH,3,2
CAMELSH__02246000,288,129,CAMELSH,4,1
CAMELSH__02246459,82,39,CAMELSH,0,0
CAMELSH__02247222,85,39,CAMELSH,0,1
CAMELSH__02251000,227,104,CAMELSH,3,4
CAMELSH__02266200,203,95,CAMELSH,2,4
CAMELSH__02268390,246,113,CAMELSH,3,1
CAMELSH__02269520,249,113,CAMELSH,3,3
CAMELSH__02270000,258,118,CAMELSH,3,3
CAMELSH__02270500,164,77,CAMELSH,2,2
CAMELSH__02271500,255,113,CAMELSH,3,2
CAMELSH__02274005,158,75,CAMELSH,1,2
CAMELSH__02274010,156,73,CAMELSH,1,0
CAMELSH__02274325,126,60,CAMELSH,1,0
CAMELSH__02277600,125,60,CAMELSH,1,4
CAMELSH__02291500,113,56,CAMELSH,1,4
CAMELSH__02291580,126,61,CAMELSH,1,1
CAMELSH__02292900,99,49,CAMELSH,0,2
CAMELSH__022929176,55,29,CAMELSH,0,1
CAMELSH__02293055,56,30,CAMELSH,0,0
CAMELSH__02293090,64,32,CAMELSH,0,3
CAMELSH__02294161,133,64,CAMELSH,1,0
CAMELSH__02294217,212,98,CAMELSH,2,4
CAMELSH__02294290,109,53,CAMELSH,1,4
CAMELSH__02294330,111,55,CAMELSH,1,1
CAMELSH__02294491,185,84,CAMELSH,2,1
CAMELSH__02295013,250,115,CAMELSH,3,1
CAMELSH__02296260,150,72,CAMELSH,1,0
CAMELSH__02296500,249,113,CAMELSH,3,4
CAMELSH__02296750,267,115,CAMELSH,3,3
CAMELSH__02297100,244,111,CAMELSH,3,2
CAMELSH__02297105,55,31,CAMELSH,0,2
CAMELSH__02297155,284,129,CAMELSH,4,4
CAMELSH__02297310,252,115,CAMELSH,3,4
CAMELSH__02298110,124,61,CAMELSH,1,2
CAMELSH__02298123,236,108,CAMELSH,3,3
CAMELSH__02298202,233,106,CAMELSH,3,3
CAMELSH__02298488,196,91,CAMELSH,2,0
CAMELSH__02298495,184,86,CAMELSH,2,2
CAMELSH__02298530,196,91,CAMELSH,2,4
CAMELSH__02298554,175,80,CAMELSH,2,1
CAMELSH__02298608,289,131,CAMELSH,4,0
CAMELSH__02298880,119,58,CAMELSH,1,1
CAMELSH__02299950,256,111,CAMELSH,3,2
CAMELSH__02300042,248,112,CAMELSH,3,1
CAMELSH__02300700,248,109,CAMELSH,3,4
CAMELSH__02301900,216,100,CAMELSH,3,3
CAMELSH__02301990,217,97,CAMELSH,3,2
CAMELSH__02302010,171,80,CAMELSH,2,2
CAMELSH__02302500,248,113,CAMELSH,3,2
CAMELSH__02303000,276,122,CAMELSH,4,3
CAMELSH__02303205,223,103,CAMELSH,3,0
CAMELSH__02303330,253,116,CAMELSH,3,0
CAMELSH__02303350,239,103,CAMELSH,3,1
CAMELSH__02303400,185,82,CAMELSH,2,1
CAMELSH__02303420,266,115,CAMELSH,3,1
CAMELSH__02303800,260,113,CAMELSH,3,2
CAMELSH__02304500,125,60,CAMELSH,1,3
CAMELSH__02304510,66,33,CAMELSH,0,1
CAMELSH__02306500,251,110,CAMELSH,3,4
CAMELSH__02306647,258,116,CAMELSH,3,0
CAMELSH__02306774,251,111,CAMELSH,3,1
CAMELSH__02307000,243,111,CAMELSH,3,0
CAMELSH__02307323,126,61,CAMELSH,1,2
CAMELSH__02307359,253,110,CAMELSH,3,0
CAMELSH__02307668,165,78,CAMELSH,2,4
CAMELSH__02307671,86,40,CAMELSH,0,4
CAMELSH__02310147,111,48,CAMELSH,1,3
CAMELSH__02310947,208,96,CAMELSH,2,2
CAMELSH__02312200,207,95,CAMELSH,2,0
CAMELSH__02313700,138,64,CAMELSH,1,4
CAMELSH__02314500,297,131,CAMELSH,4,0
CAMELSH__02315000,156,74,CAMELSH,1,1
CAMELSH__02315500,235,104,CAMELSH,3,3
CAMELSH__02315550,170,80,CAMELSH,2,1
CAMELSH__02321000,242,111,CAMELSH,3,1
CAMELSH__02322698,28,17,CAMELSH,0,0
CAMELSH__02322700,127,59,CAMELSH,1,4
CAMELSH__02322800,115,57,CAMELSH,1,2
CAMELSH__02324000,282,128,CAMELSH,4,2
CAMELSH__02324400,285,130,CAMELSH,4,2
CAMELSH__02324500,113,56,CAMELSH,1,4
CAMELSH__02325000,287,129,CAMELSH,4,4
CAMELSH__02326000,278,127,CAMELSH,4,2
CAMELSH__02326512,82,42,CAMELSH,0,3
CAMELSH__02327033,110,52,CAMELSH,1,2
CAMELSH__02327100,279,127,CAMELSH,4,1
CAMELSH__02328522,188,88,CAMELSH,2,3
CAMELSH__02330400,203,90,CAMELSH,2,0
CAMELSH__02330450,263,120,CAMELSH,3,3
CAMELSH__02331000,118,57,CAMELSH,1,1
CAMELSH__02334578,177,83,CAMELSH,2,2
CAMELSH__02334620,148,70,CAMELSH,1,1
CAMELSH__02338523,171,80,CAMELSH,2,4
CAMELSH__02339495,111,55,CAMELSH,1,4
CAMELSH__02341725,14,14,CAMELSH,0,4
CAMELSH__02341910,13,11,CAMELSH,0,3
CAMELSH__02342070,10,10,CAMELSH,0,3
CAMELSH__02342500,235,108,CAMELSH,3,3
CAMELSH__02342850,120,58,CAMELSH,1,2
CAMELSH__02343225,121,59,CAMELSH,1,4
CAMELSH__02343940,173,82,CAMELSH,2,4
CAMELSH__02349900,266,121,CAMELSH,4,0
CAMELSH__02350600,218,101,CAMELSH,3,4
CAMELSH__02350900,276,126,CAMELSH,4,4
CAMELSH__02361000,227,104,CAMELSH,3,3
CAMELSH__02362240,212,97,CAMELSH,2,4
CAMELSH__02363000,233,107,CAMELSH,3,4
CAMELSH__02364500,163,77,CAMELSH,2,4
CAMELSH__02365470,188,88,CAMELSH,2,1
CAMELSH__02365769,185,86,CAMELSH,2,3
CAMELSH__02366996,189,88,CAMELSH,2,4
CAMELSH__02367310,147,70,CAMELSH,1,0
CAMELSH__02369800,234,108,CAMELSH,3,1
CAMELSH__02370000,205,95,CAMELSH,2,1
CAMELSH__02370700,37,23,CAMELSH,0,2
CAMELSH__02371500,230,106,CAMELSH,3,4
CAMELSH__02372250,231,106,CAMELSH,3,2
CAMELSH__02373000,223,102,CAMELSH,3,1
CAMELSH__02374500,231,107,CAMELSH,3,2
CAMELSH__02374745,196,92,CAMELSH,2,0
CAMELSH__02374950,187,88,CAMELSH,2,3
CAMELSH__02379500,109,54,CAMELSH,1,2
CAMELSH__02380500,286,123,CAMELSH,4,1
CAMELSH__02381090,124,60,CAMELSH,1,2
CAMELSH__02381600,257,117,CAMELSH,3,0
CAMELSH__02382200,269,123,CAMELSH,4,1
CAMELSH__02382500,282,128,CAMELSH,4,0
CAMELSH__02383500,293,133,CAMELSH,4,0
CAMELSH__02384500,292,132,CAMELSH,4,2
CAMELSH__02384540,263,120,CAMELSH,3,4
CAMELSH__02385170,125,61,CAMELSH,1,0
CAMELSH__02385500,145,69,CAMELSH,1,0
CAMELSH__02385800,261,119,CAMELSH,3,1
CAMELSH__02387000,238,109,CAMELSH,3,1
CAMELSH__02387500,285,129,CAMELSH,4,3
CAMELSH__02387600,140,67,CAMELSH,1,3
CAMELSH__02388320,262,119,CAMELSH,3,4
CAMELSH__02388350,122,59,CAMELSH,1,0
CAMELSH__02388500,273,124,CAMELSH,4,1
CAMELSH__02388900,53,30,CAMELSH,0,0
CAMELSH__02390000,143,68,CAMELSH,1,1
CAMELSH__02391540,140,67,CAMELSH,1,4
CAMELSH__02391840,124,60,CAMELSH,1,3
CAMELSH__02392360,143,68,CAMELSH,1,1
CAMELSH__02392780,141,68,CAMELSH,1,2
CAMELSH__02392950,200,93,CAMELSH,2,1
CAMELSH__02392975,200,93,CAMELSH,2,2
CAMELSH__02393419,137,66,CAMELSH,1,1
CAMELSH__02395120,273,123,CAMELSH,4,0
CAMELSH__02397500,148,71,CAMELSH,1,2
CAMELSH__02398000,289,125,CAMELSH,4,1
CAMELSH__02398300,235,108,CAMELSH,3,1
CAMELSH__02399200,233,106,CAMELSH,3,3
CAMELSH__02400100,233,105,CAMELSH,3,0
CAMELSH__02400680,168,79,CAMELSH,2,3
CAMELSH__02401000,234,107,CAMELSH,3,3
CAMELSH__02401390,234,106,CAMELSH,3,3
CAMELSH__02404400,228,105,CAMELSH,3,0
CAMELSH__02405500,214,99,CAMELSH,2,1
CAMELSH__02407514,142,68,CAMELSH,1,0
CAMELSH__02408540,234,108,CAMELSH,3,2
CAMELSH__02411930,180,85,CAMELSH,2,0
CAMELSH__02412000,230,106,CAMELSH,3,0
CAMELSH__02413000,122,59,CAMELSH,1,2
CAMELSH__02413210,161,76,CAMELSH,2,2
CAMELSH__02413300,228,105,CAMELSH,3,2
CAMELSH__02414500,231,107,CAMELSH,3,3
CAMELSH__02414715,233,107,CAMELSH,3,3
CAMELSH__02415000,229,105,CAMELSH,3,3
CAMELSH__02418230,191,89,CAMELSH,2,0
CAMELSH__02418760,166,79,CAMELSH,2,4
CAMELSH__02419000,234,107,CAMELSH,3,1
CAMELSH__02421000,226,104,CAMELSH,3,1
CAMELSH__02422500,228,105,CAMELSH,3,4
CAMELSH__02423130,223,102,CAMELSH,3,4
CAMELSH__02423380,229,105,CAMELSH,3,3
CAMELSH__02423397,213,98,CAMELSH,2,0
CAMELSH__02423400,172,80,CAMELSH,2,1
CAMELSH__02423414,150,71,CAMELSH,1,0
CAMELSH__02423425,217,98,CAMELSH,3,4
CAMELSH__02423496,230,106,CAMELSH,3,3
CAMELSH__02423500,229,106,CAMELSH,3,4
CAMELSH__0242354750,199,92,CAMELSH,2,3
CAMELSH__02423555,171,73,CAMELSH,2,4
CAMELSH__02423630,207,95,CAMELSH,2,1
CAMELSH__02424000,220,101,CAMELSH,3,0
CAMELSH__02425000,220,102,CAMELSH,3,3
CAMELSH__02427250,230,106,CAMELSH,3,3
CAMELSH__02429980,95,48,CAMELSH,0,2
CAMELSH__02430085,274,122,CAMELSH,4,1
CAMELSH__02430615,159,73,CAMELSH,1,3
CAMELSH__02430880,251,115,CAMELSH,3,3
CAMELSH__02437100,26,16,CAMELSH,0,1
CAMELSH__02438000,202,94,CAMELSH,2,4
CAMELSH__02440500,48,27,CAMELSH,0,2
CAMELSH__02442500,32,21,CAMELSH,0,2
CAMELSH__02443500,217,98,CAMELSH,3,2
CAMELSH__02446500,234,108,CAMELSH,3,3
CAMELSH__02448900,229,105,CAMELSH,3,1
CAMELSH__02449882,223,103,CAMELSH,3,4
CAMELSH__02450000,65,35,CAMELSH,0,0
CAMELSH__02450180,211,97,CAMELSH,2,1
CAMELSH__02450250,227,103,CAMELSH,3,1
CAMELSH__02450825,225,103,CAMELSH,3,1
CAMELSH__02453000,236,106,CAMELSH,3,0
CAMELSH__02454055,204,94,CAMELSH,2,0
CAMELSH__02455000,224,103,CAMELSH,3,1
CAMELSH__02455185,135,65,CAMELSH,1,4
CAMELSH__02455980,228,105,CAMELSH,3,4
CAMELSH__02456000,63,34,CAMELSH,0,0
CAMELSH__02456500,230,105,CAMELSH,3,1
CAMELSH__02457000,169,77,CAMELSH,2,0
CAMELSH__02457595,228,104,CAMELSH,3,0
CAMELSH__02458300,191,88,CAMELSH,2,1
CAMELSH__02458450,228,105,CAMELSH,3,1
CAMELSH__02458600,215,99,CAMELSH,3,2
CAMELSH__02461500,230,106,CAMELSH,3,2
CAMELSH__02462000,224,103,CAMELSH,3,4
CAMELSH__02464000,230,105,CAMELSH,3,2
CAMELSH__02464146,192,83,CAMELSH,2,4
CAMELSH__02465292,167,79,CAMELSH,2,3
CAMELSH__02465493,233,107,CAMELSH,3,0
CAMELSH__02467500,225,103,CAMELSH,3,4
CAMELSH__02469800,231,107,CAMELSH,3,1
CAMELSH__02470072,217,100,CAMELSH,3,2
CAMELSH__02471001,228,105,CAMELSH,3,1
CAMELSH__02471078,233,106,CAMELSH,3,4
CAMELSH__02472000,317,143,CAMELSH,4,4
CAMELSH__02472500,307,139,CAMELSH,4,2
CAMELSH__02472850,228,103,CAMELSH,3,2
CAMELSH__02476500,278,123,CAMELSH,4,1
CAMELSH__02479155,268,122,CAMELSH,4,3
CAMELSH__02479300,258,117,CAMELSH,3,2
CAMELSH__02479431,21,16,CAMELSH,0,2
CAMELSH__02479500,14,13,CAMELSH,0,1
CAMELSH__02479560,197,92,CAMELSH,2,0
CAMELSH__02479945,234,108,CAMELSH,3,3
CAMELSH__02481000,274,124,CAMELSH,4,4
CAMELSH__02481510,278,125,CAMELSH,4,4
CAMELSH__02483500,192,90,CAMELSH,2,2
CAMELSH__02488700,113,55,CAMELSH,1,0
CAMELSH__03007800,235,107,CAMELSH,3,3
CAMELSH__03010500,235,107,CAMELSH,3,0
CAMELSH__03010655,178,83,CAMELSH,2,4
CAMELSH__03011020,239,109,CAMELSH,3,3
CAMELSH__03011800,227,103,CAMELSH,3,0
CAMELSH__03012550,109,54,CAMELSH,1,2
CAMELSH__03013000,4,5,CAMELSH,0,3
CAMELSH__03014500,254,115,CAMELSH,3,0
CAMELSH__03015000,240,110,CAMELSH,3,4
CAMELSH__03015310,155,73,CAMELSH,1,3
CAMELSH__03015500,234,107,CAMELSH,3,0
CAMELSH__03016000,115,57,CAMELSH,1,2
CAMELSH__03017500,84,43,CAMELSH,0,0
CAMELSH__03020000,125,61,CAMELSH,1,1
CAMELSH__03020500,243,105,CAMELSH,3,3
CAMELSH__03021350,229,103,CAMELSH,3,0
CAMELSH__03021520,104,51,CAMELSH,1,3
CAMELSH__03022540,144,68,CAMELSH,1,3
CAMELSH__03022554,123,60,CAMELSH,1,3
CAMELSH__03023100,246,111,CAMELSH,3,4
CAMELSH__03024000,233,107,CAMELSH,3,0
CAMELSH__03026500,232,106,CAMELSH,3,0
CAMELSH__03027500,126,61,CAMELSH,1,1
CAMELSH__03028000,229,104,CAMELSH,3,3
CAMELSH__03028500,134,64,CAMELSH,1,3
CAMELSH__03029500,230,105,CAMELSH,3,1
CAMELSH__03030500,209,97,CAMELSH,2,3
CAMELSH__03032500,181,84,CAMELSH,2,1
CAMELSH__03034000,192,89,CAMELSH,2,4
CAMELSH__03034500,235,107,CAMELSH,3,3
CAMELSH__03036000,125,54,CAMELSH,1,0
CAMELSH__03038000,180,84,CAMELSH,2,1
CAMELSH__03039000,109,54,CAMELSH,1,3
CAMELSH__03040000,227,104,CAMELSH,3,4
CAMELSH__03041029,163,77,CAMELSH,2,4
CAMELSH__03041500,235,107,CAMELSH,3,4
CAMELSH__03042000,215,97,CAMELSH,2,2
CAMELSH__03042280,239,109,CAMELSH,3,1
CAMELSH__03042500,255,112,CAMELSH,3,1
CAMELSH__03044000,107,53,CAMELSH,1,0
CAMELSH__03045000,233,106,CAMELSH,3,4
CAMELSH__03047000,126,61,CAMELSH,1,2
CAMELSH__03048500,250,114,CAMELSH,3,4
CAMELSH__03049000,155,71,CAMELSH,1,1
CAMELSH__03049646,2,7,CAMELSH,0,2
CAMELSH__03049658,1,7,CAMELSH,0,2
CAMELSH__03049800,200,88,CAMELSH,2,2
CAMELSH__03050000,213,96,CAMELSH,2,2
CAMELSH__03050500,48,27,CAMELSH,0,4
CAMELSH__03051000,212,97,CAMELSH,2,3
CAMELSH__03052000,217,95,CAMELSH,2,2
CAMELSH__03052500,197,91,CAMELSH,2,3
CAMELSH__03053500,202,93,CAMELSH,2,1
CAMELSH__03054500,218,97,CAMELSH,3,4
CAMELSH__03056000,110,54,CAMELSH,1,3
CAMELSH__03056250,212,97,CAMELSH,2,2
CAMELSH__03057000,101,50,CAMELSH,1,4
CAMELSH__03058000,126,61,CAMELSH,1,1
CAMELSH__03058500,85,43,CAMELSH,0,4
CAMELSH__03061000,215,98,CAMELSH,2,0
CAMELSH__03061500,204,94,CAMELSH,2,1
CAMELSH__03062400,19,15,CAMELSH,0,4
CAMELSH__03062500,163,77,CAMELSH,2,2
CAMELSH__03065000,213,94,CAMELSH,2,3
CAMELSH__03065400,113,55,CAMELSH,1,2
CAMELSH__03066000,201,92,CAMELSH,2,2
CAMELSH__03067510,182,78,CAMELSH,2,0
CAMELSH__03068800,198,92,CAMELSH,2,0
CAMELSH__03069500,212,97,CAMELSH,2,3
CAMELSH__03069870,82,42,CAMELSH,0,3
CAMELSH__03070500,199,91,CAMELSH,2,0
CAMELSH__03072000,239,109,CAMELSH,3,0
CAMELSH__03073000,103,51,CAMELSH,1,3
CAMELSH__03074500,244,108,CAMELSH,3,1
CAMELSH__03075500,228,105,CAMELSH,3,4
CAMELSH__03075905,116,56,CAMELSH,1,2
CAMELSH__03076500,241,111,CAMELSH,3,0
CAMELSH__03076600,221,101,CAMELSH,3,3
CAMELSH__03077500,108,53,CAMELSH,1,1
CAMELSH__03078000,224,103,CAMELSH,3,4
CAMELSH__03079000,250,114,CAMELSH,3,2
CAMELSH__03080000,242,110,CAMELSH,3,1
CAMELSH__03081000,266,121,CAMELSH,4,2
CAMELSH__03081500,129,63,CAMELSH,1,1
CAMELSH__03082500,259,118,CAMELSH,3,4
CAMELSH__03083500,247,111,CAMELSH,3,4
CAMELSH__03084000,5,6,CAMELSH,0,4
CAMELSH__03084698,17,14,CAMELSH,0,0
CAMELSH__03084800,18,14,CAMELSH,0,2
CAMELSH__03085049,4,8,CAMELSH,0,4
CAMELSH__03085213,18,15,CAMELSH,0,0
CAMELSH__03085500,234,107,CAMELSH,3,2
CAMELSH__03085956,46,26,CAMELSH,0,2
CAMELSH__03086500,4,8,CAMELSH,0,3
CAMELSH__03090500,126,60,CAMELSH,1,3
CAMELSH__03091500,265,121,CAMELSH,4,3
CAMELSH__03092000,6,9,CAMELSH,0,2
CAMELSH__03092090,23,10,CAMELSH,0,1
CAMELSH__03092460,109,54,CAMELSH,1,2
CAMELSH__03093000,264,114,CAMELSH,3,3
CAMELSH__03094000,260,118,CAMELSH,3,0
CAMELSH__03095500,127,61,CAMELSH,1,0
CAMELSH__03097550,128,62,CAMELSH,1,1
CAMELSH__03098600,255,110,CAMELSH,3,4
CAMELSH__03099500,97,49,CAMELSH,0,2
CAMELSH__03101500,258,118,CAMELSH,3,0
CAMELSH__03102500,207,95,CAMELSH,2,3
CAMELSH__03102850,250,113,CAMELSH,3,3
CAMELSH__03102950,12,12,CAMELSH,0,3
CAMELSH__03103500,118,58,CAMELSH,1,1
CAMELSH__03105500,263,120,CAMELSH,3,1
CAMELSH__03106000,240,109,CAMELSH,3,1
CAMELSH__03106300,167,76,CAMELSH,2,1
CAMELSH__03106500,244,110,CAMELSH,3,3
CAMELSH__03107500,244,110,CAMELSH,3,1
CAMELSH__03108000,245,112,CAMELSH,3,1
CAMELSH__03109500,257,111,CAMELSH,3,2
CAMELSH__03110000,235,103,CAMELSH,3,4
CAMELSH__03110830,157,74,CAMELSH,1,1
CAMELSH__03111500,250,112,CAMELSH,3,4
CAMELSH__03111548,257,116,CAMELSH,3,2
CAMELSH__03112000,214,95,CAMELSH,2,4
CAMELSH__03113990,148,69,CAMELSH,1,0
CAMELSH__03114000,94,40,CAMELSH,0,3
CAMELSH__03114500,110,54,CAMELSH,1,2
CAMELSH__03115400,213,98,CAMELSH,2,0
CAMELSH__03115973,133,65,CAMELSH,1,1
CAMELSH__03116000,22,17,CAMELSH,0,0
CAMELSH__03116077,167,78,CAMELSH,2,4
CAMELSH__03117000,248,113,CAMELSH,3,2
CAMELSH__03117500,234,104,CAMELSH,3,3
CAMELSH__03118000,244,111,CAMELSH,3,3
CAMELSH__03118500,225,104,CAMELSH,3,2
CAMELSH__03120500,76,40,CAMELSH,0,1
CAMELSH__03124500,237,105,CAMELSH,3,0
CAMELSH__03126000,78,39,CAMELSH,0,4
CAMELSH__03127000,75,39,CAMELSH,0,4
CAMELSH__03128500,42,25,CAMELSH,0,4
CAMELSH__03129000,250,114,CAMELSH,3,0
CAMELSH__03131500,7,3,CAMELSH,0,4
CAMELSH__03135000,7,10,CAMELSH,0,3
CAMELSH__03136500,232,105,CAMELSH,3,1
CAMELSH__03139000,270,117,CAMELSH,4,3
CAMELSH__03140000,242,111,CAMELSH,3,2
CAMELSH__03141500,78,40,CAMELSH,0,4
CAMELSH__03141870,174,81,CAMELSH,2,0
CAMELSH__03142000,243,111,CAMELSH,3,3
CAMELSH__03143500,7,3,CAMELSH,0,2
CAMELSH__03144000,238,108,CAMELSH,3,2
CAMELSH__03144816,118,58,CAMELSH,1,3
CAMELSH__03145000,249,114,CAMELSH,3,4
CAMELSH__03145483,113,55,CAMELSH,1,3
CAMELSH__03146500,244,112,CAMELSH,3,1
CAMELSH__03149500,162,75,CAMELSH,2,4
CAMELSH__03151400,217,96,CAMELSH,2,4
CAMELSH__03152000,32,21,CAMELSH,0,3
CAMELSH__03154000,64,35,CAMELSH,0,4
CAMELSH__03155000,213,98,CAMELSH,2,1
CAMELSH__03157000,239,110,CAMELSH,3,2
CAMELSH__03157500,250,114,CAMELSH,3,4
CAMELSH__03158200,124,58,CAMELSH,1,2
CAMELSH__03159246,74,38,CAMELSH,0,0
CAMELSH__03159500,222,102,CAMELSH,3,2
CAMELSH__03159540,244,112,CAMELSH,3,0
CAMELSH__03161000,291,125,CAMELSH,4,4
CAMELSH__03164000,246,110,CAMELSH,3,4
CAMELSH__03165000,249,111,CAMELSH,3,4
CAMELSH__03165500,219,101,CAMELSH,3,3
CAMELSH__03167000,250,111,CAMELSH,3,2
CAMELSH__03167500,15,12,CAMELSH,0,3
CAMELSH__03168000,263,117,CAMELSH,3,4
CAMELSH__03170000,257,115,CAMELSH,3,3
CAMELSH__03171000,262,117,CAMELSH,3,0
CAMELSH__03173000,258,115,CAMELSH,3,4
CAMELSH__03175500,253,113,CAMELSH,3,0
CAMELSH__03176500,264,118,CAMELSH,3,1
CAMELSH__03177710,195,87,CAMELSH,2,1
CAMELSH__03179000,205,88,CAMELSH,2,0
CAMELSH__03180500,179,83,CAMELSH,2,0
CAMELSH__03182500,213,97,CAMELSH,2,1
CAMELSH__03183500,209,95,CAMELSH,2,2
CAMELSH__03184000,213,98,CAMELSH,2,1
CAMELSH__03185000,164,77,CAMELSH,2,0
CAMELSH__03186500,201,93,CAMELSH,2,4
CAMELSH__03187500,205,94,CAMELSH,2,1
CAMELSH__03189100,218,98,CAMELSH,3,3
CAMELSH__03189600,39,24,CAMELSH,0,4
CAMELSH__03190000,85,43,CAMELSH,0,4
CAMELSH__03190400,95,48,CAMELSH,0,2
CAMELSH__03191500,176,81,CAMELSH,2,0
CAMELSH__03192000,219,101,CAMELSH,3,0
CAMELSH__03194700,217,99,CAMELSH,3,2
CAMELSH__03196600,1,8,CAMELSH,0,4
CAMELSH__03196800,8,11,CAMELSH,0,2
CAMELSH__03197000,217,100,CAMELSH,3,4
CAMELSH__03198350,176,82,CAMELSH,2,3
CAMELSH__03198500,208,96,CAMELSH,2,0
CAMELSH__03199000,28,18,CAMELSH,0,3
CAMELSH__03200500,216,100,CAMELSH,3,4
CAMELSH__03201000,71,38,CAMELSH,0,4
CAMELSH__03201405,196,91,CAMELSH,2,2
CAMELSH__03201902,115,56,CAMELSH,1,1
CAMELSH__03201980,145,69,CAMELSH,1,2
CAMELSH__03202000,242,111,CAMELSH,3,4
CAMELSH__03202400,212,98,CAMELSH,2,2
CAMELSH__03202750,189,85,CAMELSH,2,4
CAMELSH__03203600,177,80,CAMELSH,2,4
CAMELSH__03204500,23,17,CAMELSH,0,1
CAMELSH__03205470,171,79,CAMELSH,2,1
CAMELSH__03206600,212,97,CAMELSH,2,0
CAMELSH__03207800,259,115,CAMELSH,3,0
CAMELSH__03207965,211,95,CAMELSH,2,2
CAMELSH__03208500,254,113,CAMELSH,3,1
CAMELSH__03208950,256,113,CAMELSH,3,0
CAMELSH__03209000,264,115,CAMELSH,3,1
CAMELSH__03209200,20,16,CAMELSH,0,3
CAMELSH__03209500,32,21,CAMELSH,0,1
CAMELSH__03210000,255,112,CAMELSH,3,2
CAMELSH__03212500,57,32,CAMELSH,0,3
CAMELSH__03212750,209,95,CAMELSH,2,2
CAMELSH__03212980,211,96,CAMELSH,2,1
CAMELSH__03213000,24,17,CAMELSH,0,3
CAMELSH__03213700,203,92,CAMELSH,2,4
CAMELSH__03214500,189,83,CAMELSH,2,3
CAMELSH__03216350,10,11,CAMELSH,0,1
CAMELSH__03216500,260,116,CAMELSH,3,0
CAMELSH__03217000,268,122,CAMELSH,4,0
CAMELSH__03219500,263,115,CAMELSH,3,2
CAMELSH__03220000,225,104,CAMELSH,3,1
CAMELSH__03221000,261,119,CAMELSH,3,4
CAMELSH__03223000,42,25,CAMELSH,0,1
CAMELSH__03223425,133,57,CAMELSH,1,2
CAMELSH__03225500,268,122,CAMELSH,4,0
CAMELSH__03226800,211,95,CAMELSH,2,4
CAMELSH__03227500,247,111,CAMELSH,3,1
CAMELSH__03228300,257,110,CAMELSH,3,2
CAMELSH__03228500,266,120,CAMELSH,4,0
CAMELSH__03228750,166,75,CAMELSH,2,3
CAMELSH__03228805,235,105,CAMELSH,3,2
CAMELSH__03229000,47,28,CAMELSH,0,4
CAMELSH__03229500,255,117,CAMELSH,3,1
CAMELSH__03229610,131,64,CAMELSH,1,0
CAMELSH__03229796,123,60,CAMELSH,1,3
CAMELSH__03230450,231,106,CAMELSH,3,2
CAMELSH__03230500,258,111,CAMELSH,3,2
CAMELSH__03230800,210,96,CAMELSH,2,0
CAMELSH__03230900,40,25,CAMELSH,0,2
CAMELSH__03231500,258,118,CAMELSH,3,3
CAMELSH__03232000,216,99,CAMELSH,3,4
CAMELSH__03232470,7,3,CAMELSH,0,2
CAMELSH__03232500,248,114,CAMELSH,3,3
CAMELSH__03234000,156,74,CAMELSH,1,2
CAMELSH__03234300,266,114,CAMELSH,3,0
CAMELSH__03237255,60,33,CAMELSH,0,1
CAMELSH__03237280,217,100,CAMELSH,3,0
CAMELSH__03237500,239,109,CAMELSH,3,4
CAMELSH__03238500,120,58,CAMELSH,1,2
CAMELSH__03240000,249,114,CAMELSH,3,3
CAMELSH__03241500,239,109,CAMELSH,3,2
CAMELSH__03244936,146,70,CAMELSH,1,4
CAMELSH__03245500,264,120,CAMELSH,3,4
CAMELSH__03247050,14,13,CAMELSH,0,4
CAMELSH__03247500,260,118,CAMELSH,3,1
CAMELSH__03248300,149,71,CAMELSH,1,1
CAMELSH__03249500,70,37,CAMELSH,0,2
CAMELSH__03249505,8,10,CAMELSH,0,1
CAMELSH__03250000,8,9,CAMELSH,0,3
CAMELSH__03250100,139,63,CAMELSH,1,1
CAMELSH__03250310,70,37,CAMELSH,0,2
CAMELSH__03250322,193,88,CAMELSH,2,2
CAMELSH__03250500,174,81,CAMELSH,2,4
CAMELSH__03251000,13,12,CAMELSH,0,0
CAMELSH__03251200,250,111,CAMELSH,3,0
CAMELSH__03252300,204,94,CAMELSH,2,3
CAMELSH__03252500,3,8,CAMELSH,0,2
CAMELSH__03259000,181,85,CAMELSH,2,3
CAMELSH__03260706,182,84,CAMELSH,2,0
CAMELSH__03261500,239,109,CAMELSH,3,2
CAMELSH__03261950,245,112,CAMELSH,3,2
CAMELSH__03262000,243,111,CAMELSH,3,4
CAMELSH__03262700,222,102,CAMELSH,3,1
CAMELSH__03263000,251,114,CAMELSH,3,2
CAMELSH__03264000,232,107,CAMELSH,3,4
CAMELSH__03265000,237,107,CAMELSH,3,2
CAMELSH__03266000,241,110,CAMELSH,3,0
CAMELSH__03266560,220,101,CAMELSH,3,3
CAMELSH__03267000,227,104,CAMELSH,3,3
CAMELSH__03267900,213,98,CAMELSH,2,3
CAMELSH__03269500,260,118,CAMELSH,3,0
CAMELSH__03270000,262,119,CAMELSH,3,4
CAMELSH__03270500,266,120,CAMELSH,4,2
CAMELSH__03271000,203,94,CAMELSH,2,2
CAMELSH__03271300,142,61,CAMELSH,1,3
CAMELSH__03271500,84,42,CAMELSH,0,1
CAMELSH__03271601,184,86,CAMELSH,2,3
CAMELSH__03271800,46,27,CAMELSH,0,2
CAMELSH__03272000,245,112,CAMELSH,3,4
CAMELSH__03272700,234,107,CAMELSH,3,2
CAMELSH__03274000,270,116,CAMELSH,4,1
CAMELSH__03274650,233,107,CAMELSH,3,3
CAMELSH__03274750,81,42,CAMELSH,0,0
CAMELSH__03274950,7,8,CAMELSH,0,2
CAMELSH__03275000,273,117,CAMELSH,4,1
CAMELSH__03275500,41,24,CAMELSH,0,1
CAMELSH__03275600,269,122,CAMELSH,4,4
CAMELSH__03276500,282,121,CAMELSH,4,0
CAMELSH__03276700,15,14,CAMELSH,0,0
CAMELSH__03277300,194,90,CAMELSH,2,2
CAMELSH__03277500,130,63,CAMELSH,1,4
CAMELSH__03280000,50,29,CAMELSH,0,0
CAMELSH__03280600,3,7,CAMELSH,0,0
CAMELSH__03280700,258,117,CAMELSH,3,3
CAMELSH__03281000,258,116,CAMELSH,3,2
CAMELSH__03281100,237,109,CAMELSH,3,0
CAMELSH__03281500,247,112,CAMELSH,3,1
CAMELSH__03282000,257,116,CAMELSH,3,0
CAMELSH__03282040,227,104,CAMELSH,3,4
CAMELSH__03282060,148,70,CAMELSH,1,4
CAMELSH__03282120,150,71,CAMELSH,1,4
CAMELSH__03282290,163,77,CAMELSH,2,4
CAMELSH__03282500,223,102,CAMELSH,3,2
CAMELSH__03283500,260,117,CAMELSH,3,2
CAMELSH__03285000,262,117,CAMELSH,3,0
CAMELSH__03288100,224,103,CAMELSH,3,3
CAMELSH__03288200,59,32,CAMELSH,0,3
CAMELSH__03291780,250,114,CAMELSH,3,2
CAMELSH__03292460,36,22,CAMELSH,0,1
CAMELSH__03294000,267,121,CAMELSH,4,1
CAMELSH__03297800,161,73,CAMELSH,1,4
CAMELSH__03297900,232,105,CAMELSH,3,3
CAMELSH__03299000,22,16,CAMELSH,0,0
CAMELSH__03300400,280,127,CAMELSH,4,4
CAMELSH__03302050,190,89,CAMELSH,2,3
CAMELSH__03302110,72,38,CAMELSH,0,2
CAMELSH__03302680,256,117,CAMELSH,3,2
CAMELSH__03310400,148,70,CAMELSH,1,1
CAMELSH__03311500,19,12,CAMELSH,0,2
CAMELSH__03311600,20,15,CAMELSH,0,3
CAMELSH__03312259,105,52,CAMELSH,1,3
CAMELSH__03313000,24,13,CAMELSH,0,1
CAMELSH__03318800,134,63,CAMELSH,1,0
CAMELSH__03319000,36,17,CAMELSH,0,1
CAMELSH__03322900,254,115,CAMELSH,3,3
CAMELSH__03322985,35,22,CAMELSH,0,2
CAMELSH__03323000,59,32,CAMELSH,0,1
CAMELSH__03324000,259,117,CAMELSH,3,4
CAMELSH__03324200,93,47,CAMELSH,0,4
CAMELSH__03324300,257,111,CAMELSH,3,0
CAMELSH__03325000,249,113,CAMELSH,3,4
CAMELSH__03325500,177,83,CAMELSH,2,1
CAMELSH__03326070,92,46,CAMELSH,0,4
CAMELSH__03326500,264,116,CAMELSH,3,2
CAMELSH__03327500,254,113,CAMELSH,3,0
CAMELSH__03327520,94,47,CAMELSH,0,3
CAMELSH__03328000,252,115,CAMELSH,3,2
CAMELSH__03328430,76,39,CAMELSH,0,4
CAMELSH__03328500,263,119,CAMELSH,3,2
CAMELSH__03329000,275,118,CAMELSH,4,3
CAMELSH__03329400,30,18,CAMELSH,0,3
CAMELSH__03329700,258,117,CAMELSH,3,1
CAMELSH__03330241,257,118,CAMELSH,3,4
CAMELSH__03330500,283,129,CAMELSH,4,0
CAMELSH__03331110,100,50,CAMELSH,0,0
CAMELSH__03331500,263,119,CAMELSH,3,2
CAMELSH__03331753,155,73,CAMELSH,1,4
CAMELSH__03333050,276,122,CAMELSH,4,3
CAMELSH__03333450,255,115,CAMELSH,3,1
CAMELSH__03333600,129,60,CAMELSH,1,2
CAMELSH__03333700,281,127,CAMELSH,4,0
CAMELSH__03334000,261,118,CAMELSH,3,3
CAMELSH__03334500,271,123,CAMELSH,4,4
CAMELSH__03335000,262,118,CAMELSH,3,2
CAMELSH__03335690,97,47,CAMELSH,0,3
CAMELSH__03336645,245,111,CAMELSH,3,4
CAMELSH__03336900,156,71,CAMELSH,1,3
CAMELSH__03337000,256,111,CAMELSH,3,2
CAMELSH__03337100,160,76,CAMELSH,1,0
CAMELSH__03338780,150,70,CAMELSH,1,4
CAMELSH__03339000,246,112,CAMELSH,3,2
CAMELSH__03339108,12,11,CAMELSH,0,2
CAMELSH__03339280,234,106,CAMELSH,3,1
CAMELSH__03339500,266,120,CAMELSH,4,2
CAMELSH__03340800,261,113,CAMELSH,3,4
CAMELSH__03341300,253,115,CAMELSH,3,1
CAMELSH__03343400,249,114,CAMELSH,3,1
CAMELSH__03345500,232,99,CAMELSH,3,4
CAMELSH__03346000,241,107,CAMELSH,3,1
CAMELSH__03347000,269,122,CAMELSH,4,2
CAMELSH__03347500,106,52,CAMELSH,1,3
CAMELSH__03348000,182,84,CAMELSH,2,1
CAMELSH__03348020,14,13,CAMELSH,0,0
CAMELSH__03348130,179,83,CAMELSH,2,4
CAMELSH__03348350,169,79,CAMELSH,2,3
CAMELSH__03349000,260,118,CAMELSH,3,4
CAMELSH__03349210,103,50,CAMELSH,1,4
CAMELSH__03349510,139,61,CAMELSH,1,1
CAMELSH__03350500,62,34,CAMELSH,0,4
CAMELSH__03350700,269,122,CAMELSH,4,4
CAMELSH__03350800,126,60,CAMELSH,1,0
CAMELSH__03351000,279,126,CAMELSH,4,3
CAMELSH__03351072,115,56,CAMELSH,1,2
CAMELSH__03351310,262,119,CAMELSH,3,0
CAMELSH__03351400,3,5,CAMELSH,0,1
CAMELSH__03351500,276,125,CAMELSH,4,3
CAMELSH__03352500,270,123,CAMELSH,4,3
CAMELSH__03352988,118,57,CAMELSH,1,0
CAMELSH__03353000,229,105,CAMELSH,3,2
CAMELSH__03353120,265,120,CAMELSH,3,0
CAMELSH__03353180,26,18,CAMELSH,0,4
CAMELSH__03353200,265,120,CAMELSH,4,2
CAMELSH__03353460,133,64,CAMELSH,1,0
CAMELSH__03353500,270,123,CAMELSH,4,1
CAMELSH__03353600,257,117,CAMELSH,3,3
CAMELSH__03353611,240,110,CAMELSH,3,2
CAMELSH__03353620,257,114,CAMELSH,3,2
CAMELSH__03353700,25,18,CAMELSH,0,3
CAMELSH__03353800,243,111,CAMELSH,3,1
CAMELSH__03354000,290,128,CAMELSH,4,2
CAMELSH__03357000,25,18,CAMELSH,0,3
CAMELSH__03357330,150,70,CAMELSH,1,3
CAMELSH__03357350,261,117,CAMELSH,3,3
CAMELSH__03357500,99,49,CAMELSH,0,3
CAMELSH__03358000,7,10,CAMELSH,0,4
CAMELSH__03360000,266,114,CAMELSH,3,2
CAMELSH__03361000,121,59,CAMELSH,1,4
CAMELSH__03361500,278,126,CAMELSH,4,4
CAMELSH__03361650,262,119,CAMELSH,3,2
CAMELSH__03361850,266,121,CAMELSH,4,3
CAMELSH__03362000,255,116,CAMELSH,3,4
CAMELSH__03362500,275,125,CAMELSH,4,1
CAMELSH__03363000,126,61,CAMELSH,1,4
CAMELSH__03363500,271,123,CAMELSH,4,3
CAMELSH__03363900,271,123,CAMELSH,4,1
CAMELSH__03364000,280,127,CAMELSH,4,0
CAMELSH__03364200,120,58,CAMELSH,1,4
CAMELSH__03364500,262,119,CAMELSH,3,4
CAMELSH__03365500,278,124,CAMELSH,4,3
CAMELSH__03366200,106,53,CAMELSH,1,1
CAMELSH__03366500,272,123,CAMELSH,4,2
CAMELSH__03369000,90,46,CAMELSH,0,1
CAMELSH__03369500,247,113,CAMELSH,3,3
CAMELSH__03371500,268,121,CAMELSH,4,1
CAMELSH__03371520,101,49,CAMELSH,0,4
CAMELSH__03373508,115,55,CAMELSH,1,2
CAMELSH__03374455,85,43,CAMELSH,0,4
CAMELSH__03384450,258,115,CAMELSH,3,4
CAMELSH__03400500,109,54,CAMELSH,1,3
CAMELSH__03400800,64,34,CAMELSH,0,0
CAMELSH__03401000,246,111,CAMELSH,3,3
CAMELSH__03403500,96,42,CAMELSH,0,1
CAMELSH__03403910,156,74,CAMELSH,1,4
CAMELSH__03404000,268,116,CAMELSH,3,3
CAMELSH__03404900,220,97,CAMELSH,3,0
CAMELSH__03406500,218,101,CAMELSH,3,2
CAMELSH__03407908,8,11,CAMELSH,0,1
CAMELSH__03408500,231,106,CAMELSH,3,3
CAMELSH__03409500,219,101,CAMELSH,3,4
CAMELSH__03410210,189,88,CAMELSH,2,3
CAMELSH__03410500,182,79,CAMELSH,2,1
CAMELSH__03413200,226,103,CAMELSH,3,4
CAMELSH__03414500,179,84,CAMELSH,2,0
CAMELSH__03415000,148,71,CAMELSH,1,1
CAMELSH__03416000,173,82,CAMELSH,2,0
CAMELSH__03418000,34,22,CAMELSH,0,1
CAMELSH__03422500,42,25,CAMELSH,0,2
CAMELSH__03424730,260,118,CAMELSH,3,1
CAMELSH__03426470,217,100,CAMELSH,3,1
CAMELSH__03427500,241,109,CAMELSH,3,3
CAMELSH__03431599,241,111,CAMELSH,3,1
CAMELSH__03432100,23,17,CAMELSH,0,1
CAMELSH__03433637,26,11,CAMELSH,0,0
CAMELSH__03436690,218,99,CAMELSH,3,2
CAMELSH__03439000,305,138,CAMELSH,4,3
CAMELSH__03440000,130,63,CAMELSH,1,1
CAMELSH__03441000,283,128,CAMELSH,4,0
CAMELSH__03441440,28,18,CAMELSH,0,0
CAMELSH__03443000,304,134,CAMELSH,4,1
CAMELSH__03446000,304,137,CAMELSH,4,1
CAMELSH__03447687,178,83,CAMELSH,2,1
CAMELSH__03447894,48,28,CAMELSH,0,4
CAMELSH__0344894205,266,121,CAMELSH,4,1
CAMELSH__03450000,266,119,CAMELSH,4,1
CAMELSH__03451000,305,138,CAMELSH,4,3
CAMELSH__03451500,292,132,CAMELSH,4,1
CAMELSH__03453000,235,108,CAMELSH,3,2
CAMELSH__03453500,307,138,CAMELSH,4,2
CAMELSH__03455000,278,126,CAMELSH,4,1
CAMELSH__03455500,291,132,CAMELSH,4,2
CAMELSH__0345577330,257,118,CAMELSH,3,1
CAMELSH__03456100,307,138,CAMELSH,4,0
CAMELSH__03456500,301,136,CAMELSH,4,2
CAMELSH__03456991,304,136,CAMELSH,4,1
CAMELSH__03459500,306,138,CAMELSH,4,0
CAMELSH__03460000,296,134,CAMELSH,4,0
CAMELSH__03460795,213,98,CAMELSH,2,0
CAMELSH__03461500,183,84,CAMELSH,2,1
CAMELSH__03463300,302,136,CAMELSH,4,2
CAMELSH__03465500,260,118,CAMELSH,3,2
CAMELSH__03466208,215,100,CAMELSH,3,2
CAMELSH__03466228,69,37,CAMELSH,0,1
CAMELSH__03466500,88,45,CAMELSH,0,2
CAMELSH__03467000,39,23,CAMELSH,0,1
CAMELSH__03467609,217,100,CAMELSH,3,3
CAMELSH__03469175,140,67,CAMELSH,1,3
CAMELSH__03470000,88,45,CAMELSH,0,2
CAMELSH__03471500,248,110,CAMELSH,3,4
CAMELSH__03473000,257,115,CAMELSH,3,1
CAMELSH__03474000,216,100,CAMELSH,3,4
CAMELSH__03475000,247,110,CAMELSH,3,1
CAMELSH__03478400,256,114,CAMELSH,3,4
CAMELSH__03479000,292,133,CAMELSH,4,1
CAMELSH__03485500,49,28,CAMELSH,0,4
CAMELSH__03486000,49,28,CAMELSH,0,4
CAMELSH__03488000,259,115,CAMELSH,3,2
CAMELSH__03490000,88,45,CAMELSH,0,2
CAMELSH__03490500,16,14,CAMELSH,0,0
CAMELSH__03491000,271,123,CAMELSH,4,0
CAMELSH__03491544,124,60,CAMELSH,1,3
CAMELSH__03495500,16,14,CAMELSH,0,1
CAMELSH__03497300,263,120,CAMELSH,3,1
CAMELSH__03498500,273,125,CAMELSH,4,2
CAMELSH__03498850,262,120,CAMELSH,3,0
CAMELSH__03500000,306,138,CAMELSH,4,2
CAMELSH__03500240,258,118,CAMELSH,3,4
CAMELSH__03503000,306,138,CAMELSH,4,4
CAMELSH__03504000,305,138,CAMELSH,4,3
CAMELSH__03505550,143,69,CAMELSH,1,4
CAMELSH__03508050,151,72,CAMELSH,1,3
CAMELSH__03509000,3,7,CAMELSH,0,3
CAMELSH__03510577,153,73,CAMELSH,1,3
CAMELSH__03512000,270,123,CAMELSH,4,2
CAMELSH__03513000,292,132,CAMELSH,4,1
CAMELSH__0351706800,193,90,CAMELSH,2,0
CAMELSH__03518500,144,68,CAMELSH,1,2
CAMELSH__03524000,255,113,CAMELSH,3,3
CAMELSH__03526000,4,9,CAMELSH,0,4
CAMELSH__03527000,166,78,CAMELSH,2,1
CAMELSH__03527220,122,60,CAMELSH,1,2
CAMELSH__03528000,276,126,CAMELSH,4,2
CAMELSH__03529500,175,82,CAMELSH,2,0
CAMELSH__03531500,252,113,CAMELSH,3,4
CAMELSH__03532000,223,102,CAMELSH,3,4
CAMELSH__03535000,166,79,CAMELSH,2,4
CAMELSH__03535400,125,61,CAMELSH,1,2
CAMELSH__03539600,196,90,CAMELSH,2,0
CAMELSH__03539778,204,94,CAMELSH,2,2
CAMELSH__03539800,195,90,CAMELSH,2,0
CAMELSH__03540500,274,125,CAMELSH,4,3
CAMELSH__03543500,138,64,CAMELSH,1,3
CAMELSH__03544947,150,65,CAMELSH,1,0
CAMELSH__03544970,125,60,CAMELSH,1,1
CAMELSH__03548500,135,65,CAMELSH,1,0
CAMELSH__03550000,307,139,CAMELSH,4,0
CAMELSH__03550500,124,60,CAMELSH,1,0
CAMELSH__03558000,49,28,CAMELSH,0,3
CAMELSH__03559500,49,28,CAMELSH,0,3
CAMELSH__03560500,36,17,CAMELSH,0,3
CAMELSH__03563000,55,31,CAMELSH,0,1
CAMELSH__03564500,23,17,CAMELSH,0,1
CAMELSH__03565500,173,75,CAMELSH,2,1
CAMELSH__03566000,139,66,CAMELSH,1,0
CAMELSH__03566420,40,18,CAMELSH,0,3
CAMELSH__03566525,67,36,CAMELSH,0,3
CAMELSH__03567500,178,84,CAMELSH,2,0
CAMELSH__03568933,273,124,CAMELSH,4,2
CAMELSH__03570835,33,22,CAMELSH,0,1
CAMELSH__03571000,216,100,CAMELSH,3,2
CAMELSH__03572110,2,8,CAMELSH,0,0
CAMELSH__03572900,49,28,CAMELSH,0,3
CAMELSH__03574500,236,106,CAMELSH,3,0
CAMELSH__0357479650,81,42,CAMELSH,0,2
CAMELSH__03575100,166,78,CAMELSH,2,2
CAMELSH__03575830,56,31,CAMELSH,0,1
CAMELSH__03576250,232,107,CAMELSH,3,4
CAMELSH__03576500,128,62,CAMELSH,1,2
CAMELSH__03578000,166,78,CAMELSH,2,0
CAMELSH__03578500,152,72,CAMELSH,1,4
CAMELSH__03582000,119,59,CAMELSH,1,4
CAMELSH__03584020,53,30,CAMELSH,0,2
CAMELSH__03584600,218,101,CAMELSH,3,0
CAMELSH__03586500,232,107,CAMELSH,3,1
CAMELSH__03588500,229,101,CAMELSH,3,4
CAMELSH__03591800,1,7,CAMELSH,0,1
CAMELSH__03592000,49,29,CAMELSH,0,2
CAMELSH__03592500,66,35,CAMELSH,0,3
CAMELSH__03592718,166,78,CAMELSH,2,1
CAMELSH__03593800,83,43,CAMELSH,0,2
CAMELSH__03596000,117,58,CAMELSH,1,0
CAMELSH__03597210,152,72,CAMELSH,1,1
CAMELSH__03597590,275,125,CAMELSH,4,3
CAMELSH__03597860,77,39,CAMELSH,0,1
CAMELSH__03599450,150,70,CAMELSH,1,2
CAMELSH__03601630,22,17,CAMELSH,0,3
CAMELSH__03601990,179,84,CAMELSH,2,4
CAMELSH__03602500,221,99,CAMELSH,3,4
CAMELSH__03604000,275,125,CAMELSH,4,0
CAMELSH__03606500,171,80,CAMELSH,2,3
CAMELSH__04015330,140,64,CAMELSH,1,0
CAMELSH__04021520,58,29,CAMELSH,0,1
CAMELSH__04024000,165,77,CAMELSH,2,2
CAMELSH__04024098,16,12,CAMELSH,0,0
CAMELSH__04024430,182,82,CAMELSH,2,2
CAMELSH__04025500,238,108,CAMELSH,3,2
CAMELSH__04027000,193,87,CAMELSH,2,0
CAMELSH__04027500,255,116,CAMELSH,3,4
CAMELSH__04031000,125,59,CAMELSH,1,4
CAMELSH__04032000,44,24,CAMELSH,0,1
CAMELSH__04033000,155,71,CAMELSH,1,0
CAMELSH__04034500,127,62,CAMELSH,1,4
CAMELSH__04035500,96,46,CAMELSH,0,2
CAMELSH__04036000,269,121,CAMELSH,4,1
CAMELSH__04037500,265,121,CAMELSH,4,1
CAMELSH__04040000,192,87,CAMELSH,2,0
CAMELSH__04040500,190,86,CAMELSH,2,3
CAMELSH__04041500,272,124,CAMELSH,4,3
CAMELSH__04043050,229,105,CAMELSH,3,3
CAMELSH__04043140,24,15,CAMELSH,0,0
CAMELSH__04043150,123,57,CAMELSH,1,1
CAMELSH__04043238,115,50,CAMELSH,1,2
CAMELSH__04043244,123,58,CAMELSH,1,4
CAMELSH__04043275,50,25,CAMELSH,0,3
CAMELSH__04044724,243,111,CAMELSH,3,0
CAMELSH__04045500,256,117,CAMELSH,3,1
CAMELSH__04046000,209,96,CAMELSH,2,4
CAMELSH__04056500,196,89,CAMELSH,2,2
CAMELSH__04057510,177,81,CAMELSH,2,1
CAMELSH__04057800,199,92,CAMELSH,2,1
CAMELSH__04058100,257,117,CAMELSH,3,2
CAMELSH__04059000,190,85,CAMELSH,2,0
CAMELSH__04059500,184,84,CAMELSH,2,0
CAMELSH__04060500,126,60,CAMELSH,1,2
CAMELSH__04060993,169,77,CAMELSH,2,4
CAMELSH__04061000,15,11,CAMELSH,0,3
CAMELSH__04061500,31,20,CAMELSH,0,1
CAMELSH__04062000,197,89,CAMELSH,2,4
CAMELSH__04062011,268,122,CAMELSH,4,3
CAMELSH__04062200,36,19,CAMELSH,0,0
CAMELSH__04062500,270,123,CAMELSH,4,1
CAMELSH__04063000,238,109,CAMELSH,3,4
CAMELSH__04063500,130,63,CAMELSH,1,1
CAMELSH__04063700,226,102,CAMELSH,3,4
CAMELSH__04064500,157,72,CAMELSH,1,1
CAMELSH__04065106,201,93,CAMELSH,2,2
CAMELSH__04065722,265,121,CAMELSH,4,1
CAMELSH__04066003,218,98,CAMELSH,3,1
CAMELSH__04066030,188,88,CAMELSH,2,1
CAMELSH__04066500,123,58,CAMELSH,1,1
CAMELSH__04066800,154,70,CAMELSH,1,4
CAMELSH__04067958,139,64,CAMELSH,1,4
CAMELSH__04069416,153,71,CAMELSH,1,2
CAMELSH__04069500,233,105,CAMELSH,3,4
CAMELSH__04071000,212,94,CAMELSH,2,3
CAMELSH__04071765,165,76,CAMELSH,2,3
CAMELSH__04071858,41,22,CAMELSH,0,1
CAMELSH__04072150,184,84,CAMELSH,2,4
CAMELSH__04072845,7,10,CAMELSH,0,3
CAMELSH__04073462,172,81,CAMELSH,2,1
CAMELSH__04073468,130,62,CAMELSH,1,0
CAMELSH__04073473,130,63,CAMELSH,1,4
CAMELSH__04073500,224,103,CAMELSH,3,3
CAMELSH__04073970,11,10,CAMELSH,0,0
CAMELSH__04074538,31,21,CAMELSH,0,1
CAMELSH__04074548,33,19,CAMELSH,0,3
CAMELSH__04074950,205,93,CAMELSH,2,3
CAMELSH__04077400,74,36,CAMELSH,0,1
CAMELSH__04077630,170,78,CAMELSH,2,3
CAMELSH__04078500,178,81,CAMELSH,2,0
CAMELSH__04079000,216,97,CAMELSH,2,2
CAMELSH__04080000,62,31,CAMELSH,0,0
CAMELSH__04081000,66,33,CAMELSH,0,4
CAMELSH__04083545,6,9,CAMELSH,0,2
CAMELSH__040851325,57,31,CAMELSH,0,3
CAMELSH__04085200,224,101,CAMELSH,3,3
CAMELSH__04085281,47,26,CAMELSH,0,4
CAMELSH__04085427,207,93,CAMELSH,2,2
CAMELSH__04086000,217,99,CAMELSH,3,0
CAMELSH__04086500,229,103,CAMELSH,3,4
CAMELSH__04086600,219,99,CAMELSH,3,4
CAMELSH__04087000,230,104,CAMELSH,3,4
CAMELSH__04087030,221,101,CAMELSH,3,4
CAMELSH__04087050,114,54,CAMELSH,1,2
CAMELSH__04087070,133,64,CAMELSH,1,3
CAMELSH__04087088,259,118,CAMELSH,3,2
CAMELSH__04087119,133,64,CAMELSH,1,3
CAMELSH__04087120,244,111,CAMELSH,3,0
CAMELSH__04087142,53,24,CAMELSH,0,2
CAMELSH__040871488,172,77,CAMELSH,2,1
CAMELSH__04087159,256,116,CAMELSH,3,4
CAMELSH__04087170,68,33,CAMELSH,0,2
CAMELSH__04087204,274,124,CAMELSH,4,1
CAMELSH__04087214,130,63,CAMELSH,1,4
CAMELSH__04087220,244,110,CAMELSH,3,4
CAMELSH__04087240,278,126,CAMELSH,4,2
CAMELSH__04087257,255,116,CAMELSH,3,2
CAMELSH__04093000,283,127,CAMELSH,4,2
CAMELSH__04094000,256,117,CAMELSH,3,2
CAMELSH__04094500,7,10,CAMELSH,0,2
CAMELSH__04095300,178,83,CAMELSH,2,2
CAMELSH__04095380,123,58,CAMELSH,1,1
CAMELSH__04096015,193,88,CAMELSH,2,0
CAMELSH__04096100,105,49,CAMELSH,1,0
CAMELSH__04096405,233,105,CAMELSH,3,4
CAMELSH__04096515,239,109,CAMELSH,3,2
CAMELSH__04096900,46,26,CAMELSH,0,3
CAMELSH__04097500,246,113,CAMELSH,3,4
CAMELSH__04097540,255,116,CAMELSH,3,0
CAMELSH__04099000,271,123,CAMELSH,4,0
CAMELSH__04099510,280,127,CAMELSH,4,4
CAMELSH__04099750,262,119,CAMELSH,3,4
CAMELSH__04099808,109,54,CAMELSH,1,4
CAMELSH__04099850,106,53,CAMELSH,1,4
CAMELSH__04100222,254,115,CAMELSH,3,3
CAMELSH__04100252,101,50,CAMELSH,1,3
CAMELSH__04100295,84,42,CAMELSH,0,4
CAMELSH__04100500,257,117,CAMELSH,3,1
CAMELSH__04101000,284,129,CAMELSH,4,3
CAMELSH__04101370,210,96,CAMELSH,2,3
CAMELSH__04101500,269,122,CAMELSH,4,2
CAMELSH__04101800,272,124,CAMELSH,4,2
CAMELSH__04102500,253,115,CAMELSH,3,1
CAMELSH__04102700,254,115,CAMELSH,3,0
CAMELSH__04102776,96,47,CAMELSH,0,1
CAMELSH__04103010,152,72,CAMELSH,1,1
CAMELSH__04103500,175,81,CAMELSH,2,1
CAMELSH__04104945,215,99,CAMELSH,3,0
CAMELSH__04105000,269,122,CAMELSH,4,0
CAMELSH__04105500,265,120,CAMELSH,4,3
CAMELSH__04105700,268,121,CAMELSH,4,2
CAMELSH__04106000,275,125,CAMELSH,4,0
CAMELSH__04106320,40,24,CAMELSH,0,2
CAMELSH__04106400,247,113,CAMELSH,3,2
CAMELSH__04108500,16,14,CAMELSH,0,2
CAMELSH__04108600,250,114,CAMELSH,3,2
CAMELSH__04108670,46,26,CAMELSH,0,4
CAMELSH__04108800,210,96,CAMELSH,2,1
CAMELSH__04108801,14,12,CAMELSH,0,2
CAMELSH__04109000,275,125,CAMELSH,4,4
CAMELSH__04111000,192,88,CAMELSH,2,0
CAMELSH__04111379,148,71,CAMELSH,1,4
CAMELSH__04111500,134,64,CAMELSH,1,3
CAMELSH__04112500,272,124,CAMELSH,4,2
CAMELSH__04113000,269,123,CAMELSH,4,3
CAMELSH__04114000,250,114,CAMELSH,3,4
CAMELSH__04114498,152,72,CAMELSH,1,4
CAMELSH__04114500,32,20,CAMELSH,0,4
CAMELSH__04115000,259,118,CAMELSH,3,2
CAMELSH__04115265,258,118,CAMELSH,3,2
CAMELSH__04116000,250,114,CAMELSH,3,4
CAMELSH__04117000,152,73,CAMELSH,1,2
CAMELSH__04117500,273,124,CAMELSH,4,2
CAMELSH__04118000,23,16,CAMELSH,0,2
CAMELSH__04118500,252,114,CAMELSH,3,2
CAMELSH__04121300,256,117,CAMELSH,3,0
CAMELSH__04121500,248,112,CAMELSH,3,2
CAMELSH__04121900,34,21,CAMELSH,0,0
CAMELSH__04121944,203,92,CAMELSH,2,2
CAMELSH__04121970,227,104,CAMELSH,3,0
CAMELSH__04122000,15,14,CAMELSH,0,4
CAMELSH__04122100,249,113,CAMELSH,3,0
CAMELSH__04122200,244,111,CAMELSH,3,1
CAMELSH__04122500,236,105,CAMELSH,3,3
CAMELSH__04123500,7,11,CAMELSH,0,3
CAMELSH__04124000,237,105,CAMELSH,3,1
CAMELSH__04124200,219,98,CAMELSH,3,2
CAMELSH__04125460,213,98,CAMELSH,2,1
CAMELSH__04125550,214,99,CAMELSH,2,2
CAMELSH__04126000,15,13,CAMELSH,0,4
CAMELSH__04126740,266,121,CAMELSH,4,0
CAMELSH__04126970,207,96,CAMELSH,2,1
CAMELSH__04127800,255,116,CAMELSH,3,0
CAMELSH__04127918,110,52,CAMELSH,1,4
CAMELSH__04127997,219,98,CAMELSH,3,4
CAMELSH__04128000,21,15,CAMELSH,0,4
CAMELSH__04128990,244,112,CAMELSH,3,0
CAMELSH__04130500,72,38,CAMELSH,0,0
CAMELSH__04133501,128,60,CAMELSH,1,0
CAMELSH__04135500,15,14,CAMELSH,0,4
CAMELSH__04135700,242,111,CAMELSH,3,1
CAMELSH__04136000,203,92,CAMELSH,2,3
CAMELSH__04136500,275,125,CAMELSH,4,0
CAMELSH__04136900,193,88,CAMELSH,2,4
CAMELSH__04137005,214,99,CAMELSH,2,0
CAMELSH__04137500,274,125,CAMELSH,4,2
CAMELSH__04142000,216,98,CAMELSH,3,0
CAMELSH__04145000,27,17,CAMELSH,0,0
CAMELSH__04146000,249,112,CAMELSH,3,0
CAMELSH__04146063,229,104,CAMELSH,3,0
CAMELSH__04147500,265,121,CAMELSH,4,3
CAMELSH__04148140,235,106,CAMELSH,3,0
CAMELSH__04148500,275,125,CAMELSH,4,3
CAMELSH__04149000,82,40,CAMELSH,0,3
CAMELSH__04150500,29,18,CAMELSH,0,4
CAMELSH__04150800,21,15,CAMELSH,0,4
CAMELSH__04151500,239,108,CAMELSH,3,3
CAMELSH__04152238,211,95,CAMELSH,2,0
CAMELSH__04152500,68,35,CAMELSH,0,4
CAMELSH__04153500,12,11,CAMELSH,0,1
CAMELSH__04154000,234,106,CAMELSH,3,4
CAMELSH__04155000,130,61,CAMELSH,1,3
CAMELSH__04155500,199,90,CAMELSH,2,1
CAMELSH__04156000,237,107,CAMELSH,3,1
CAMELSH__04159492,225,102,CAMELSH,3,2
CAMELSH__04159900,219,99,CAMELSH,3,0
CAMELSH__04160600,235,107,CAMELSH,3,1
CAMELSH__04160800,130,62,CAMELSH,1,2
CAMELSH__04160900,143,67,CAMELSH,1,3
CAMELSH__04161000,164,77,CAMELSH,2,4
CAMELSH__04161540,212,97,CAMELSH,2,0
CAMELSH__04161800,179,84,CAMELSH,2,4
CAMELSH__04161820,181,81,CAMELSH,2,3
CAMELSH__04163400,241,109,CAMELSH,3,4
CAMELSH__04164000,274,121,CAMELSH,4,3
CAMELSH__04164100,243,110,CAMELSH,3,3
CAMELSH__04164300,115,55,CAMELSH,1,0
CAMELSH__04164500,246,112,CAMELSH,3,2
CAMELSH__04165500,231,103,CAMELSH,3,3
CAMELSH__04166000,236,108,CAMELSH,3,2
CAMELSH__04166100,211,97,CAMELSH,2,2
CAMELSH__04166300,208,96,CAMELSH,2,3
CAMELSH__04166500,250,114,CAMELSH,3,0
CAMELSH__04167000,257,117,CAMELSH,3,0
CAMELSH__04168000,189,88,CAMELSH,2,2
CAMELSH__04168580,159,74,CAMELSH,1,4
CAMELSH__04170000,209,97,CAMELSH,2,0
CAMELSH__04170500,188,86,CAMELSH,2,0
CAMELSH__04172000,251,114,CAMELSH,3,0
CAMELSH__04173500,212,97,CAMELSH,2,2
CAMELSH__04174500,272,124,CAMELSH,4,2
CAMELSH__04174518,190,87,CAMELSH,2,0
CAMELSH__04175600,243,111,CAMELSH,3,4
CAMELSH__04176000,247,112,CAMELSH,3,0
CAMELSH__04176500,246,112,CAMELSH,3,4
CAMELSH__04176605,129,62,CAMELSH,1,2
CAMELSH__04177000,229,104,CAMELSH,3,3
CAMELSH__04177720,277,126,CAMELSH,4,1
CAMELSH__04178000,261,118,CAMELSH,3,1
CAMELSH__04179520,153,72,CAMELSH,1,4
CAMELSH__04180000,270,122,CAMELSH,4,1
CAMELSH__04180500,253,115,CAMELSH,3,4
CAMELSH__04180988,121,59,CAMELSH,1,2
CAMELSH__04181500,257,117,CAMELSH,3,2
CAMELSH__04182000,261,119,CAMELSH,3,2
CAMELSH__04182950,139,66,CAMELSH,1,1
CAMELSH__04183000,265,120,CAMELSH,4,3
CAMELSH__04183500,70,35,CAMELSH,0,3
CAMELSH__04184500,159,73,CAMELSH,1,2
CAMELSH__04185000,238,109,CAMELSH,3,0
CAMELSH__04185440,226,104,CAMELSH,3,3
CAMELSH__04186500,237,108,CAMELSH,3,0
CAMELSH__04188337,112,55,CAMELSH,1,0
CAMELSH__04188400,118,57,CAMELSH,1,3
CAMELSH__04188433,116,56,CAMELSH,1,4
CAMELSH__04188496,117,57,CAMELSH,1,3
CAMELSH__04189000,233,107,CAMELSH,3,0
CAMELSH__04191500,248,113,CAMELSH,3,0
CAMELSH__04195500,241,111,CAMELSH,3,4
CAMELSH__04195820,180,83,CAMELSH,2,2
CAMELSH__04196000,205,95,CAMELSH,2,4
CAMELSH__04196500,167,78,CAMELSH,2,2
CAMELSH__04196800,240,109,CAMELSH,3,4
CAMELSH__04197100,251,115,CAMELSH,3,4
CAMELSH__04197170,232,106,CAMELSH,3,2
CAMELSH__04198000,246,110,CAMELSH,3,2
CAMELSH__04199000,242,110,CAMELSH,3,3
CAMELSH__04199155,225,104,CAMELSH,3,4
CAMELSH__04199500,162,75,CAMELSH,2,1
CAMELSH__04200500,235,108,CAMELSH,3,1
CAMELSH__04201500,232,106,CAMELSH,3,2
CAMELSH__04202000,245,112,CAMELSH,3,2
CAMELSH__04206000,276,126,CAMELSH,4,0
CAMELSH__04206043,56,30,CAMELSH,0,4
CAMELSH__04206212,127,61,CAMELSH,1,1
CAMELSH__04206220,122,59,CAMELSH,1,1
CAMELSH__04207200,240,109,CAMELSH,3,0
CAMELSH__04213000,218,98,CAMELSH,3,3
CAMELSH__04213040,7,6,CAMELSH,0,3
CAMELSH__04213075,233,103,CAMELSH,3,3
CAMELSH__04216418,225,102,CAMELSH,3,2
CAMELSH__04221000,249,110,CAMELSH,3,0
CAMELSH__04224775,227,98,CAMELSH,3,0
CAMELSH__04233000,113,51,CAMELSH,1,1
CAMELSH__04233286,146,68,CAMELSH,1,4
CAMELSH__04233300,203,92,CAMELSH,2,2
CAMELSH__0423401815,105,49,CAMELSH,1,4
CAMELSH__04237962,64,28,CAMELSH,0,2
CAMELSH__04256000,208,94,CAMELSH,2,0
CAMELSH__04265432,128,60,CAMELSH,1,0
CAMELSH__04268800,199,88,CAMELSH,2,3
CAMELSH__04270510,11,10,CAMELSH,0,0
CAMELSH__04273700,193,87,CAMELSH,2,4
CAMELSH__04273800,193,85,CAMELSH,2,1
CAMELSH__04276842,159,74,CAMELSH,1,1
CAMELSH__04280350,97,43,CAMELSH,0,4
CAMELSH__04282000,223,101,CAMELSH,3,3
CAMELSH__04282500,225,101,CAMELSH,3,1
CAMELSH__04282525,191,86,CAMELSH,2,0
CAMELSH__04282650,184,82,CAMELSH,2,2
CAMELSH__04282780,192,87,CAMELSH,2,4
CAMELSH__04282795,192,88,CAMELSH,2,4
CAMELSH__04282813,30,18,CAMELSH,0,3
CAMELSH__04285500,227,103,CAMELSH,3,2
CAMELSH__04286000,199,90,CAMELSH,2,1
CAMELSH__04287000,221,101,CAMELSH,3,0
CAMELSH__04288000,197,88,CAMELSH,2,3
CAMELSH__04288225,167,78,CAMELSH,2,2
CAMELSH__04288230,155,73,CAMELSH,1,2
CAMELSH__04289000,245,112,CAMELSH,3,0
CAMELSH__04290335,25,16,CAMELSH,0,4
CAMELSH__04290500,218,99,CAMELSH,3,0
CAMELSH__04292000,207,93,CAMELSH,2,4
CAMELSH__04292770,13,11,CAMELSH,0,3
CAMELSH__04292810,102,49,CAMELSH,1,1
CAMELSH__04296000,203,93,CAMELSH,2,1
CAMELSH__04296500,223,96,CAMELSH,3,0
CAMELSH__05014300,73,35,CAMELSH,0,2
CAMELSH__05014500,216,100,CAMELSH,3,1
CAMELSH__05017500,218,97,CAMELSH,3,0
CAMELSH__05030500,204,88,CAMELSH,2,3
CAMELSH__05046000,241,109,CAMELSH,3,4
CAMELSH__05049000,7,6,CAMELSH,0,0
CAMELSH__05050000,176,79,CAMELSH,2,1
CAMELSH__05051300,159,72,CAMELSH,1,1
CAMELSH__05051500,156,67,CAMELSH,1,3
CAMELSH__05051600,91,43,CAMELSH,0,4
CAMELSH__05052500,82,38,CAMELSH,0,4
CAMELSH__05053000,138,63,CAMELSH,1,3
CAMELSH__05054500,143,66,CAMELSH,1,4
CAMELSH__05055300,85,41,CAMELSH,0,3
CAMELSH__05055400,86,41,CAMELSH,0,1
CAMELSH__05056000,180,82,CAMELSH,2,1
CAMELSH__05056100,75,35,CAMELSH,0,0
CAMELSH__05056200,103,48,CAMELSH,1,2
CAMELSH__05057000,159,68,CAMELSH,1,3
CAMELSH__05057200,154,66,CAMELSH,1,0
CAMELSH__05059600,78,37,CAMELSH,0,2
CAMELSH__05059700,164,77,CAMELSH,2,0
CAMELSH__05059715,20,10,CAMELSH,0,3
CAMELSH__05060000,83,38,CAMELSH,0,4
CAMELSH__05060100,146,63,CAMELSH,1,2
CAMELSH__05060500,122,58,CAMELSH,1,1
CAMELSH__05061000,156,68,CAMELSH,1,4
CAMELSH__05061500,146,67,CAMELSH,1,2
CAMELSH__05062000,152,68,CAMELSH,1,4
CAMELSH__05062500,148,67,CAMELSH,1,1
CAMELSH__05063398,89,43,CAMELSH,0,2
CAMELSH__05064000,115,54,CAMELSH,1,4
CAMELSH__05065500,51,26,CAMELSH,0,3
CAMELSH__05066500,136,63,CAMELSH,1,3
CAMELSH__05069000,142,65,CAMELSH,1,0
CAMELSH__05075000,137,63,CAMELSH,1,0
CAMELSH__05076000,147,67,CAMELSH,1,4
CAMELSH__05078000,132,61,CAMELSH,1,3
CAMELSH__05078230,152,69,CAMELSH,1,2
CAMELSH__05078500,51,26,CAMELSH,0,2
CAMELSH__05082625,137,63,CAMELSH,1,4
CAMELSH__05084000,129,61,CAMELSH,1,3
CAMELSH__05085000,109,51,CAMELSH,1,0
CAMELSH__05085450,68,34,CAMELSH,0,2
CAMELSH__05087500,134,61,CAMELSH,1,4
CAMELSH__05090000,150,64,CAMELSH,1,0
CAMELSH__05094000,135,63,CAMELSH,1,2
CAMELSH__05099400,95,45,CAMELSH,0,3
CAMELSH__05101000,96,45,CAMELSH,0,1
CAMELSH__05104500,136,63,CAMELSH,1,1
CAMELSH__05116500,161,74,CAMELSH,1,0
CAMELSH__05120500,102,48,CAMELSH,0,2
CAMELSH__05123400,124,55,CAMELSH,1,0
CAMELSH__05124480,207,96,CAMELSH,2,4
CAMELSH__05127500,242,110,CAMELSH,3,1
CAMELSH__05129115,241,105,CAMELSH,3,0
CAMELSH__05130500,50,25,CAMELSH,0,3
CAMELSH__05131500,147,67,CAMELSH,1,1
CAMELSH__05132000,133,61,CAMELSH,1,4
CAMELSH__05200510,132,62,CAMELSH,1,2
CAMELSH__05211000,138,66,CAMELSH,1,3
CAMELSH__05212700,124,58,CAMELSH,1,2
CAMELSH__05243725,153,71,CAMELSH,1,1
CAMELSH__05244000,152,69,CAMELSH,1,4
CAMELSH__05245100,169,75,CAMELSH,2,3
CAMELSH__05270500,166,76,CAMELSH,2,4
CAMELSH__05275000,165,76,CAMELSH,2,3
CAMELSH__05280000,178,82,CAMELSH,2,2
CAMELSH__05286000,168,77,CAMELSH,2,1
CAMELSH__05287890,171,79,CAMELSH,2,1
CAMELSH__05288580,76,37,CAMELSH,0,4
CAMELSH__05288705,192,87,CAMELSH,2,3
CAMELSH__05289800,104,50,CAMELSH,1,1
CAMELSH__05290000,137,63,CAMELSH,1,3
CAMELSH__05291000,175,80,CAMELSH,2,0
CAMELSH__05292000,218,99,CAMELSH,3,3
CAMELSH__05293000,140,64,CAMELSH,1,4
CAMELSH__05294000,150,69,CAMELSH,1,3
CAMELSH__05300000,159,68,CAMELSH,1,4
CAMELSH__05304500,160,73,CAMELSH,1,2
CAMELSH__05313500,167,74,CAMELSH,2,4
CAMELSH__05315000,141,65,CAMELSH,1,1
CAMELSH__05316500,163,75,CAMELSH,2,3
CAMELSH__05317000,175,80,CAMELSH,2,1
CAMELSH__05317200,188,88,CAMELSH,2,4
CAMELSH__05319500,157,73,CAMELSH,1,0
CAMELSH__05320000,196,89,CAMELSH,2,2
CAMELSH__05320270,56,29,CAMELSH,0,0
CAMELSH__05320500,160,74,CAMELSH,1,1
CAMELSH__05327000,138,64,CAMELSH,1,0
CAMELSH__05331833,160,75,CAMELSH,1,1
CAMELSH__05333500,208,94,CAMELSH,2,0
CAMELSH__05336700,177,80,CAMELSH,2,3
CAMELSH__05337400,44,24,CAMELSH,0,4
CAMELSH__05338500,192,83,CAMELSH,2,0
CAMELSH__05342000,160,74,CAMELSH,1,4
CAMELSH__05345000,180,84,CAMELSH,2,2
CAMELSH__05353800,175,80,CAMELSH,2,3
CAMELSH__05355200,191,87,CAMELSH,2,2
CAMELSH__05356000,292,133,CAMELSH,4,0
CAMELSH__05356500,208,94,CAMELSH,2,2
CAMELSH__05357335,177,82,CAMELSH,2,0
CAMELSH__05359500,29,20,CAMELSH,0,3
CAMELSH__05360500,234,105,CAMELSH,3,2
CAMELSH__05362000,201,91,CAMELSH,2,4
CAMELSH__05368000,228,104,CAMELSH,3,2
CAMELSH__05369000,295,134,CAMELSH,4,4
CAMELSH__05370000,294,133,CAMELSH,4,3
CAMELSH__05372995,241,104,CAMELSH,3,0
CAMELSH__05379400,70,36,CAMELSH,0,4
CAMELSH__05379500,223,101,CAMELSH,3,2
CAMELSH__05381000,203,92,CAMELSH,2,1
CAMELSH__053813595,104,51,CAMELSH,1,1
CAMELSH__05382000,214,97,CAMELSH,2,4
CAMELSH__05382255,111,54,CAMELSH,1,4
CAMELSH__05382257,110,54,CAMELSH,1,1
CAMELSH__05382267,109,53,CAMELSH,1,0
CAMELSH__05382325,220,100,CAMELSH,3,4
CAMELSH__05383075,163,76,CAMELSH,2,0
CAMELSH__05383950,127,56,CAMELSH,1,2
CAMELSH__05385000,148,66,CAMELSH,1,4
CAMELSH__05385500,112,55,CAMELSH,1,0
CAMELSH__05387440,137,63,CAMELSH,1,1
CAMELSH__05387500,147,68,CAMELSH,1,1
CAMELSH__05388250,210,93,CAMELSH,2,2
CAMELSH__05389000,141,67,CAMELSH,1,0
CAMELSH__05389400,246,112,CAMELSH,3,3
CAMELSH__05391000,300,136,CAMELSH,4,1
CAMELSH__05393500,195,88,CAMELSH,2,1
CAMELSH__05394500,236,107,CAMELSH,3,1
CAMELSH__05395000,233,106,CAMELSH,3,1
CAMELSH__05397500,196,89,CAMELSH,2,2
CAMELSH__05399500,199,90,CAMELSH,2,0
CAMELSH__05402000,223,100,CAMELSH,3,2
CAMELSH__05403500,97,48,CAMELSH,0,1
CAMELSH__05404116,177,83,CAMELSH,2,3
CAMELSH__05405000,254,116,CAMELSH,3,0
CAMELSH__05406500,286,129,CAMELSH,4,4
CAMELSH__05407470,107,53,CAMELSH,1,4
CAMELSH__05408000,230,104,CAMELSH,3,2
CAMELSH__05410490,242,110,CAMELSH,3,3
CAMELSH__05411600,95,46,CAMELSH,0,2
CAMELSH__05411850,153,70,CAMELSH,1,2
CAMELSH__05412020,149,70,CAMELSH,1,3
CAMELSH__05412400,157,73,CAMELSH,1,2
CAMELSH__05412500,217,98,CAMELSH,3,3
CAMELSH__05413500,236,107,CAMELSH,3,1
CAMELSH__05414000,247,112,CAMELSH,3,1
CAMELSH__05414820,270,116,CAMELSH,4,4
CAMELSH__05415000,24,17,CAMELSH,0,1
CAMELSH__05416900,157,73,CAMELSH,1,4
CAMELSH__05418400,167,78,CAMELSH,2,2
CAMELSH__05418500,223,102,CAMELSH,3,0
CAMELSH__05419000,271,117,CAMELSH,4,2
CAMELSH__05420680,150,69,CAMELSH,1,4
CAMELSH__05421000,237,108,CAMELSH,3,2
CAMELSH__05421740,142,66,CAMELSH,1,4
CAMELSH__05422000,214,97,CAMELSH,2,4
CAMELSH__05422560,106,50,CAMELSH,1,2
CAMELSH__05422600,200,91,CAMELSH,2,0
CAMELSH__05424000,19,15,CAMELSH,0,2
CAMELSH__05424057,139,60,CAMELSH,1,3
CAMELSH__05425500,253,115,CAMELSH,3,0
CAMELSH__05425912,300,136,CAMELSH,4,4
CAMELSH__05426000,236,107,CAMELSH,3,3
CAMELSH__05426067,149,70,CAMELSH,1,0
CAMELSH__05426250,251,114,CAMELSH,3,2
CAMELSH__05427085,162,75,CAMELSH,2,0
CAMELSH__05427570,188,88,CAMELSH,2,1
CAMELSH__05427850,161,75,CAMELSH,1,0
CAMELSH__05427948,313,140,CAMELSH,4,2
CAMELSH__05429500,291,132,CAMELSH,4,4
CAMELSH__05430150,291,132,CAMELSH,4,3
CAMELSH__05430175,272,124,CAMELSH,4,4
CAMELSH__05430500,267,121,CAMELSH,4,2
CAMELSH__054310157,139,65,CAMELSH,1,2
CAMELSH__05431016,188,87,CAMELSH,2,3
CAMELSH__05431017,3,7,CAMELSH,0,0
CAMELSH__05431032,101,51,CAMELSH,1,0
CAMELSH__05431486,252,115,CAMELSH,3,4
CAMELSH__05432500,254,116,CAMELSH,3,1
CAMELSH__05432695,64,34,CAMELSH,0,1
CAMELSH__05432927,57,31,CAMELSH,0,2
CAMELSH__05433000,241,109,CAMELSH,3,2
CAMELSH__05434500,244,111,CAMELSH,3,2
CAMELSH__05435500,265,117,CAMELSH,3,3
CAMELSH__05435935,12,8,CAMELSH,0,3
CAMELSH__05435943,216,100,CAMELSH,3,1
CAMELSH__05436500,254,115,CAMELSH,3,1
CAMELSH__05437050,149,68,CAMELSH,1,4
CAMELSH__05438283,249,114,CAMELSH,3,2
CAMELSH__05438500,266,116,CAMELSH,3,3
CAMELSH__05439000,254,114,CAMELSH,3,0
CAMELSH__05439500,259,113,CAMELSH,3,0
CAMELSH__05440000,264,115,CAMELSH,3,2
CAMELSH__05444000,259,114,CAMELSH,3,2
CAMELSH__05447500,244,106,CAMELSH,3,1
CAMELSH__05448000,222,98,CAMELSH,3,4
CAMELSH__05449000,24,15,CAMELSH,0,0
CAMELSH__05449500,200,91,CAMELSH,2,1
CAMELSH__05451080,3,7,CAMELSH,0,0
CAMELSH__05451210,171,78,CAMELSH,2,1
CAMELSH__05451500,191,86,CAMELSH,2,0
CAMELSH__05451700,217,97,CAMELSH,3,3
CAMELSH__05451900,198,90,CAMELSH,2,1
CAMELSH__05452000,215,97,CAMELSH,2,1
CAMELSH__05452200,218,96,CAMELSH,3,0
CAMELSH__05453000,206,94,CAMELSH,2,4
CAMELSH__05453100,213,97,CAMELSH,2,3
CAMELSH__05453520,237,108,CAMELSH,3,4
CAMELSH__05454000,247,110,CAMELSH,3,3
CAMELSH__05454090,124,59,CAMELSH,1,3
CAMELSH__05454220,187,84,CAMELSH,2,0
CAMELSH__05454300,146,68,CAMELSH,1,3
CAMELSH__05454500,291,131,CAMELSH,4,4
CAMELSH__05455010,31,14,CAMELSH,0,1
CAMELSH__05455100,217,98,CAMELSH,3,3
CAMELSH__05455500,217,99,CAMELSH,3,4
CAMELSH__05457000,221,100,CAMELSH,3,0
CAMELSH__05457700,210,95,CAMELSH,2,3
CAMELSH__05458000,243,107,CAMELSH,3,3
CAMELSH__05458300,109,50,CAMELSH,1,1
CAMELSH__05458500,225,102,CAMELSH,3,2
CAMELSH__05458900,209,95,CAMELSH,2,2
CAMELSH__05459500,231,104,CAMELSH,3,1
CAMELSH__05462000,194,88,CAMELSH,2,4
CAMELSH__05463000,205,93,CAMELSH,2,0
CAMELSH__05463500,163,74,CAMELSH,2,0
CAMELSH__05464220,165,76,CAMELSH,2,0
CAMELSH__05464942,120,56,CAMELSH,1,1
CAMELSH__05466000,230,100,CAMELSH,3,2
CAMELSH__05466500,234,101,CAMELSH,3,0
CAMELSH__05467000,219,94,CAMELSH,2,2
CAMELSH__05469000,225,97,CAMELSH,3,2
CAMELSH__05470000,224,101,CAMELSH,3,2
CAMELSH__05470500,229,104,CAMELSH,3,4
CAMELSH__05471000,206,93,CAMELSH,2,3
CAMELSH__05471050,227,102,CAMELSH,3,1
CAMELSH__05471200,212,97,CAMELSH,2,3
CAMELSH__05471500,206,94,CAMELSH,2,1
CAMELSH__05472500,218,99,CAMELSH,3,0
CAMELSH__05473400,208,95,CAMELSH,2,2
CAMELSH__05473450,168,79,CAMELSH,2,3
CAMELSH__05476000,170,74,CAMELSH,2,4
CAMELSH__05476500,38,22,CAMELSH,0,3
CAMELSH__05476750,238,108,CAMELSH,3,0
CAMELSH__05479000,208,95,CAMELSH,2,1
CAMELSH__05481000,211,96,CAMELSH,2,4
CAMELSH__05481950,216,98,CAMELSH,3,0
CAMELSH__05482300,197,90,CAMELSH,2,4
CAMELSH__05482500,207,95,CAMELSH,2,2
CAMELSH__05483450,215,98,CAMELSH,2,2
CAMELSH__05483600,245,110,CAMELSH,3,2
CAMELSH__05484000,199,91,CAMELSH,2,4
CAMELSH__05484500,227,102,CAMELSH,3,4
CAMELSH__05484650,175,80,CAMELSH,2,3
CAMELSH__05484800,188,86,CAMELSH,2,0
CAMELSH__05484900,149,70,CAMELSH,1,4
CAMELSH__05485605,152,72,CAMELSH,1,0
CAMELSH__05485640,154,71,CAMELSH,1,3
CAMELSH__05486000,195,90,CAMELSH,2,4
CAMELSH__05486490,218,99,CAMELSH,3,3
CAMELSH__05487470,215,95,CAMELSH,2,2
CAMELSH__05487980,207,93,CAMELSH,2,2
CAMELSH__05488200,209,96,CAMELSH,2,2
CAMELSH__05489000,221,100,CAMELSH,3,1
CAMELSH__05494300,120,56,CAMELSH,1,3
CAMELSH__05495000,181,83,CAMELSH,2,3
CAMELSH__05495500,233,100,CAMELSH,3,1
CAMELSH__05496000,204,90,CAMELSH,2,0
CAMELSH__05497000,60,26,CAMELSH,0,0
CAMELSH__05497150,134,64,CAMELSH,1,4
CAMELSH__05498000,61,26,CAMELSH,0,1
CAMELSH__05498150,122,59,CAMELSH,1,2
CAMELSH__05498700,120,59,CAMELSH,1,2
CAMELSH__05500000,205,89,CAMELSH,2,2
CAMELSH__05501000,210,90,CAMELSH,2,2
CAMELSH__05502300,206,89,CAMELSH,2,0
CAMELSH__05502500,256,116,CAMELSH,3,3
CAMELSH__05503800,221,99,CAMELSH,3,0
CAMELSH__05504800,222,98,CAMELSH,3,4
CAMELSH__05506100,222,100,CAMELSH,3,1
CAMELSH__05506350,176,82,CAMELSH,2,3
CAMELSH__05506500,49,23,CAMELSH,0,4
CAMELSH__05506800,221,98,CAMELSH,3,4
CAMELSH__05507600,227,98,CAMELSH,3,2
CAMELSH__05507800,214,95,CAMELSH,2,3
CAMELSH__05508000,235,103,CAMELSH,3,3
CAMELSH__05508805,215,96,CAMELSH,2,1
CAMELSH__05514500,211,93,CAMELSH,2,3
CAMELSH__05514712,12,13,CAMELSH,0,3
CAMELSH__05515000,104,51,CAMELSH,1,2
CAMELSH__05515500,270,123,CAMELSH,4,0
CAMELSH__05516500,269,122,CAMELSH,4,0
CAMELSH__05517000,272,123,CAMELSH,4,1
CAMELSH__05517500,275,125,CAMELSH,4,4
CAMELSH__05517530,263,120,CAMELSH,3,3
CAMELSH__05518000,267,121,CAMELSH,4,0
CAMELSH__05520500,264,116,CAMELSH,3,2
CAMELSH__05521000,98,49,CAMELSH,0,2
CAMELSH__05522000,29,17,CAMELSH,0,4
CAMELSH__05522500,258,117,CAMELSH,3,2
CAMELSH__05524500,216,100,CAMELSH,3,0
CAMELSH__05525000,255,114,CAMELSH,3,2
CAMELSH__05525500,252,112,CAMELSH,3,3
CAMELSH__05526000,242,110,CAMELSH,3,0
CAMELSH__05527800,264,115,CAMELSH,3,4
CAMELSH__05527900,65,34,CAMELSH,0,2
CAMELSH__05527905,65,32,CAMELSH,0,3
CAMELSH__05527910,76,39,CAMELSH,0,2
CAMELSH__05527950,232,104,CAMELSH,3,4
CAMELSH__05528000,297,129,CAMELSH,4,0
CAMELSH__05528500,273,121,CAMELSH,4,2
CAMELSH__05529000,288,125,CAMELSH,4,3
CAMELSH__05529500,272,118,CAMELSH,4,2
CAMELSH__05530000,261,114,CAMELSH,3,1
CAMELSH__05530990,274,118,CAMELSH,4,4
CAMELSH__05531300,261,116,CAMELSH,3,2
CAMELSH__05531500,279,122,CAMELSH,4,4
CAMELSH__05532000,282,122,CAMELSH,4,0
CAMELSH__05532500,285,124,CAMELSH,4,3
CAMELSH__05533000,295,128,CAMELSH,4,3
CAMELSH__05533400,249,114,CAMELSH,3,1
CAMELSH__05534500,280,121,CAMELSH,4,1
CAMELSH__05535000,279,121,CAMELSH,4,0
CAMELSH__05535070,273,118,CAMELSH,4,0
CAMELSH__05535500,291,126,CAMELSH,4,1
CAMELSH__05536000,276,120,CAMELSH,4,0
CAMELSH__05536105,184,86,CAMELSH,2,3
CAMELSH__05536118,21,16,CAMELSH,0,2
CAMELSH__05536195,241,109,CAMELSH,3,1
CAMELSH__05536215,286,124,CAMELSH,4,3
CAMELSH__05536235,253,109,CAMELSH,3,4
CAMELSH__05536255,279,121,CAMELSH,4,0
CAMELSH__05536275,293,127,CAMELSH,4,3
CAMELSH__05536290,252,115,CAMELSH,3,3
CAMELSH__05536340,245,112,CAMELSH,3,0
CAMELSH__05536500,276,120,CAMELSH,4,4
CAMELSH__05537500,249,114,CAMELSH,3,2
CAMELSH__05537980,133,64,CAMELSH,1,0
CAMELSH__05539000,245,112,CAMELSH,3,4
CAMELSH__05539900,282,122,CAMELSH,4,3
CAMELSH__05540060,250,114,CAMELSH,3,3
CAMELSH__05540091,111,48,CAMELSH,1,4
CAMELSH__05540095,289,125,CAMELSH,4,2
CAMELSH__05540130,225,101,CAMELSH,3,2
CAMELSH__05540160,261,112,CAMELSH,3,3
CAMELSH__05540195,223,102,CAMELSH,3,1
CAMELSH__05540250,249,112,CAMELSH,3,2
CAMELSH__05540275,267,120,CAMELSH,4,0
CAMELSH__05540500,281,122,CAMELSH,4,1
CAMELSH__05541710,109,53,CAMELSH,1,4
CAMELSH__05542000,224,97,CAMELSH,3,3
CAMELSH__05543830,278,126,CAMELSH,4,2
CAMELSH__05544200,295,133,CAMELSH,4,1
CAMELSH__05545750,205,93,CAMELSH,2,1
CAMELSH__05548280,260,117,CAMELSH,3,2
CAMELSH__05549000,76,40,CAMELSH,0,0
CAMELSH__05550000,163,71,CAMELSH,1,4
CAMELSH__05550300,189,88,CAMELSH,2,0
CAMELSH__05550500,280,126,CAMELSH,4,3
CAMELSH__05551200,259,114,CAMELSH,3,4
CAMELSH__05551330,193,88,CAMELSH,2,3
CAMELSH__05551540,161,75,CAMELSH,1,4
CAMELSH__05551675,173,81,CAMELSH,2,2
CAMELSH__05551700,271,117,CAMELSH,4,4
CAMELSH__05552500,266,116,CAMELSH,3,4
CAMELSH__05554500,270,117,CAMELSH,4,2
CAMELSH__05555300,256,111,CAMELSH,3,1
CAMELSH__05556500,235,106,CAMELSH,3,4
CAMELSH__05560500,193,87,CAMELSH,2,2
CAMELSH__05561500,142,64,CAMELSH,1,1
CAMELSH__05564400,6,9,CAMELSH,0,4
CAMELSH__05567500,255,111,CAMELSH,3,1
CAMELSH__05568000,246,109,CAMELSH,3,1
CAMELSH__05568800,251,109,CAMELSH,3,0
CAMELSH__05569500,247,108,CAMELSH,3,3
CAMELSH__05570000,241,105,CAMELSH,3,2
CAMELSH__05570360,21,9,CAMELSH,0,3
CAMELSH__05570370,19,9,CAMELSH,0,2
CAMELSH__05570910,247,108,CAMELSH,3,1
CAMELSH__05572000,270,122,CAMELSH,4,4
CAMELSH__05573540,276,120,CAMELSH,4,3
CAMELSH__05576000,236,103,CAMELSH,3,4
CAMELSH__05576500,259,111,CAMELSH,3,3
CAMELSH__05577500,243,108,CAMELSH,3,1
CAMELSH__05578500,264,115,CAMELSH,3,3
CAMELSH__05579500,250,108,CAMELSH,3,3
CAMELSH__05579725,142,68,CAMELSH,1,2
CAMELSH__05580000,244,106,CAMELSH,3,0
CAMELSH__05580950,285,123,CAMELSH,4,3
CAMELSH__05582000,257,110,CAMELSH,3,3
CAMELSH__05584500,239,104,CAMELSH,3,1
CAMELSH__05585000,242,105,CAMELSH,3,1
CAMELSH__05587000,236,105,CAMELSH,3,3
CAMELSH__05590800,215,92,CAMELSH,2,4
CAMELSH__05590950,211,95,CAMELSH,2,0
CAMELSH__05591200,260,114,CAMELSH,3,4
CAMELSH__05591550,249,109,CAMELSH,3,0
CAMELSH__05591700,250,109,CAMELSH,3,3
CAMELSH__05592000,278,124,CAMELSH,4,3
CAMELSH__05592050,241,105,CAMELSH,3,2
CAMELSH__05592100,229,98,CAMELSH,3,4
CAMELSH__05592500,278,123,CAMELSH,4,0
CAMELSH__05592575,224,101,CAMELSH,3,4
CAMELSH__05593575,243,109,CAMELSH,3,0
CAMELSH__05593900,267,115,CAMELSH,3,1
CAMELSH__05595730,260,112,CAMELSH,3,3
CAMELSH__06006000,117,54,CAMELSH,1,2
CAMELSH__06012500,130,59,CAMELSH,1,4
CAMELSH__06016000,169,74,CAMELSH,2,0
CAMELSH__06017000,117,54,CAMELSH,1,4
CAMELSH__06018500,213,98,CAMELSH,2,2
CAMELSH__06019500,233,106,CAMELSH,3,3
CAMELSH__06020600,233,107,CAMELSH,3,1
CAMELSH__06024450,134,61,CAMELSH,1,2
CAMELSH__06024540,117,54,CAMELSH,1,0
CAMELSH__06025250,115,53,CAMELSH,1,4
CAMELSH__06025500,186,86,CAMELSH,2,0
CAMELSH__06260000,13,9,CAMELSH,0,1
CAMELSH__06260400,40,21,CAMELSH,0,1
CAMELSH__06265337,80,39,CAMELSH,0,1
CAMELSH__06276500,75,33,CAMELSH,0,3
CAMELSH__06278300,197,88,CAMELSH,2,3
CAMELSH__06278500,74,32,CAMELSH,0,0
CAMELSH__06280300,236,108,CAMELSH,3,4
CAMELSH__06285100,210,96,CAMELSH,2,2
CAMELSH__06289000,227,98,CAMELSH,3,1
CAMELSH__06289600,191,88,CAMELSH,2,1
CAMELSH__06289820,183,85,CAMELSH,2,2
CAMELSH__06290000,54,23,CAMELSH,0,0
CAMELSH__06290500,51,27,CAMELSH,0,0
CAMELSH__06291500,69,30,CAMELSH,0,4
CAMELSH__06294000,105,45,CAMELSH,0,0
CAMELSH__06295113,150,67,CAMELSH,1,3
CAMELSH__06295250,33,17,CAMELSH,0,4
CAMELSH__06296003,51,25,CAMELSH,0,2
CAMELSH__06298000,218,97,CAMELSH,3,1
CAMELSH__06299500,25,11,CAMELSH,0,4
CAMELSH__06299980,71,36,CAMELSH,0,0
CAMELSH__06301480,43,22,CAMELSH,0,2
CAMELSH__06303500,32,14,CAMELSH,0,4
CAMELSH__06305700,141,66,CAMELSH,1,3
CAMELSH__06306200,46,25,CAMELSH,0,0
CAMELSH__06306250,81,38,CAMELSH,0,3
CAMELSH__06306300,172,77,CAMELSH,2,1
CAMELSH__06307500,230,103,CAMELSH,3,3
CAMELSH__06307600,78,37,CAMELSH,0,4
CAMELSH__06307616,167,75,CAMELSH,2,3
CAMELSH__06307740,77,36,CAMELSH,0,4
CAMELSH__06309200,210,96,CAMELSH,2,4
CAMELSH__06311000,175,81,CAMELSH,2,0
CAMELSH__06311400,206,95,CAMELSH,2,3
CAMELSH__06313500,116,55,CAMELSH,1,1
CAMELSH__06316400,59,29,CAMELSH,0,3
CAMELSH__06317020,82,42,CAMELSH,0,1
CAMELSH__06318500,80,39,CAMELSH,0,0
CAMELSH__06320000,71,30,CAMELSH,0,3
CAMELSH__06320500,35,15,CAMELSH,0,1
CAMELSH__06323000,56,27,CAMELSH,0,3
CAMELSH__06324000,64,31,CAMELSH,0,4
CAMELSH__06324970,201,93,CAMELSH,2,1
CAMELSH__06329597,26,15,CAMELSH,0,0
CAMELSH__06331000,144,66,CAMELSH,1,3
CAMELSH__06332000,47,25,CAMELSH,0,3
CAMELSH__06332515,114,51,CAMELSH,1,0
CAMELSH__06332523,106,50,CAMELSH,1,0
CAMELSH__06332770,113,51,CAMELSH,1,3
CAMELSH__06334500,176,77,CAMELSH,2,4
CAMELSH__06336600,89,42,CAMELSH,0,4
CAMELSH__06339100,147,67,CAMELSH,1,3
CAMELSH__06339500,139,63,CAMELSH,1,0
CAMELSH__06340000,121,56,CAMELSH,1,4
CAMELSH__06340500,149,66,CAMELSH,1,2
CAMELSH__06342260,131,62,CAMELSH,1,4
CAMELSH__06342450,78,35,CAMELSH,0,0
CAMELSH__06343000,62,31,CAMELSH,0,0
CAMELSH__06344600,125,59,CAMELSH,1,0
CAMELSH__06345500,115,54,CAMELSH,1,3
CAMELSH__06345780,129,61,CAMELSH,1,1
CAMELSH__06347000,99,47,CAMELSH,0,4
CAMELSH__06347500,108,50,CAMELSH,1,3
CAMELSH__06348300,126,58,CAMELSH,1,1
CAMELSH__06348500,82,39,CAMELSH,0,2
CAMELSH__06349000,139,64,CAMELSH,1,1
CAMELSH__06349600,76,35,CAMELSH,0,0
CAMELSH__06350000,123,57,CAMELSH,1,1
CAMELSH__06351200,114,53,CAMELSH,1,4
CAMELSH__06352000,119,55,CAMELSH,1,4
CAMELSH__06353000,115,54,CAMELSH,1,1
CAMELSH__06354580,119,54,CAMELSH,1,1
CAMELSH__06354882,94,47,CAMELSH,0,4
CAMELSH__06355500,172,79,CAMELSH,2,0
CAMELSH__06356000,10,9,CAMELSH,0,2
CAMELSH__06356500,148,69,CAMELSH,1,3
CAMELSH__06359500,155,71,CAMELSH,1,2
CAMELSH__06365900,25,18,CAMELSH,0,4
CAMELSH__06392900,192,89,CAMELSH,2,4
CAMELSH__06392950,210,97,CAMELSH,2,4
CAMELSH__06394000,25,16,CAMELSH,0,4
CAMELSH__06400000,188,87,CAMELSH,2,0
CAMELSH__06400875,218,100,CAMELSH,3,1
CAMELSH__06402000,257,117,CAMELSH,3,3
CAMELSH__06402430,233,107,CAMELSH,3,0
CAMELSH__06402500,242,110,CAMELSH,3,0
CAMELSH__06403300,204,89,CAMELSH,2,2
CAMELSH__06404000,227,99,CAMELSH,3,3
CAMELSH__06406000,236,109,CAMELSH,3,2
CAMELSH__06408700,247,112,CAMELSH,3,2
CAMELSH__06409000,207,95,CAMELSH,2,4
CAMELSH__06422500,183,84,CAMELSH,2,2
CAMELSH__06425100,212,97,CAMELSH,2,0
CAMELSH__06425500,193,90,CAMELSH,2,2
CAMELSH__06425720,66,33,CAMELSH,0,1
CAMELSH__06426130,80,39,CAMELSH,0,3
CAMELSH__06426160,81,41,CAMELSH,0,1
CAMELSH__06426500,163,73,CAMELSH,1,1
CAMELSH__06428200,40,20,CAMELSH,0,2
CAMELSH__06428500,181,83,CAMELSH,2,2
CAMELSH__06429500,165,76,CAMELSH,2,1
CAMELSH__06429905,216,99,CAMELSH,3,3
CAMELSH__06430500,253,115,CAMELSH,3,1
CAMELSH__06430532,101,50,CAMELSH,1,3
CAMELSH__06430770,250,114,CAMELSH,3,2
CAMELSH__06430800,167,77,CAMELSH,2,2
CAMELSH__06430850,247,113,CAMELSH,3,2
CAMELSH__06430900,99,50,CAMELSH,0,2
CAMELSH__06431500,194,90,CAMELSH,2,0
CAMELSH__06433000,232,105,CAMELSH,3,1
CAMELSH__06433500,26,16,CAMELSH,0,0
CAMELSH__06436180,186,85,CAMELSH,2,3
CAMELSH__06436190,249,114,CAMELSH,3,1
CAMELSH__06436198,194,89,CAMELSH,2,0
CAMELSH__06436760,139,66,CAMELSH,1,3
CAMELSH__06437020,211,96,CAMELSH,2,4
CAMELSH__06439000,21,12,CAMELSH,0,1
CAMELSH__06440200,199,92,CAMELSH,2,1
CAMELSH__06441500,167,77,CAMELSH,2,1
CAMELSH__06445685,188,84,CAMELSH,2,1
CAMELSH__06446000,166,76,CAMELSH,2,4
CAMELSH__06446700,164,71,CAMELSH,1,2
CAMELSH__06447230,137,66,CAMELSH,1,4
CAMELSH__06447500,180,82,CAMELSH,2,3
CAMELSH__06448000,73,36,CAMELSH,0,4
CAMELSH__06449000,217,100,CAMELSH,3,2
CAMELSH__06449100,191,87,CAMELSH,2,0
CAMELSH__06449400,32,20,CAMELSH,0,1
CAMELSH__06449500,161,76,CAMELSH,2,1
CAMELSH__06450500,149,71,CAMELSH,1,3
CAMELSH__06452320,179,82,CAMELSH,2,4
CAMELSH__06453255,69,35,CAMELSH,0,2
CAMELSH__06453600,123,57,CAMELSH,1,3
CAMELSH__06463500,232,103,CAMELSH,3,1
CAMELSH__06464100,177,81,CAMELSH,2,1
CAMELSH__06464500,180,80,CAMELSH,2,3
CAMELSH__06465700,96,46,CAMELSH,0,3
CAMELSH__06466400,131,57,CAMELSH,1,4
CAMELSH__06466500,149,68,CAMELSH,1,3
CAMELSH__06468170,147,68,CAMELSH,1,3
CAMELSH__06468250,144,65,CAMELSH,1,3
CAMELSH__06469400,150,69,CAMELSH,1,2
CAMELSH__06469500,6,8,CAMELSH,0,3
CAMELSH__06470000,141,68,CAMELSH,1,0
CAMELSH__06470800,115,54,CAMELSH,1,3
CAMELSH__06471200,169,79,CAMELSH,2,4
CAMELSH__06471500,179,81,CAMELSH,2,2
CAMELSH__06471800,122,58,CAMELSH,1,1
CAMELSH__06477500,205,92,CAMELSH,2,3
CAMELSH__06478540,94,47,CAMELSH,0,1
CAMELSH__06478600,147,68,CAMELSH,1,2
CAMELSH__06478690,180,82,CAMELSH,2,3
CAMELSH__06479010,186,84,CAMELSH,2,0
CAMELSH__06479215,167,77,CAMELSH,2,0
CAMELSH__06479438,170,78,CAMELSH,2,3
CAMELSH__06479500,116,54,CAMELSH,1,0
CAMELSH__06479525,163,74,CAMELSH,2,3
CAMELSH__06479770,115,53,CAMELSH,1,1
CAMELSH__06480000,178,81,CAMELSH,2,4
CAMELSH__06481000,167,77,CAMELSH,2,4
CAMELSH__06481480,119,56,CAMELSH,1,2
CAMELSH__06481500,170,78,CAMELSH,2,0
CAMELSH__06482000,101,49,CAMELSH,0,4
CAMELSH__06482610,119,56,CAMELSH,1,0
CAMELSH__06483290,137,64,CAMELSH,1,0
CAMELSH__06483500,166,76,CAMELSH,2,4
CAMELSH__06600000,82,35,CAMELSH,0,4
CAMELSH__06600100,177,81,CAMELSH,2,2
CAMELSH__06600300,11,10,CAMELSH,0,4
CAMELSH__06600500,180,82,CAMELSH,2,4
CAMELSH__06600900,124,54,CAMELSH,1,0
CAMELSH__06601000,170,75,CAMELSH,2,2
CAMELSH__06605000,207,91,CAMELSH,2,0
CAMELSH__06605850,202,92,CAMELSH,2,0
CAMELSH__06606600,201,91,CAMELSH,2,2
CAMELSH__06607200,188,85,CAMELSH,2,1
CAMELSH__06607500,180,82,CAMELSH,2,4
CAMELSH__06608500,192,87,CAMELSH,2,0
CAMELSH__06609500,190,87,CAMELSH,2,2
CAMELSH__06610732,81,40,CAMELSH,0,1
CAMELSH__06610750,57,29,CAMELSH,0,1
CAMELSH__06610795,58,30,CAMELSH,0,0
CAMELSH__06614800,203,91,CAMELSH,2,3
CAMELSH__06620000,165,73,CAMELSH,2,4
CAMELSH__06622700,223,102,CAMELSH,3,1
CAMELSH__06622900,78,34,CAMELSH,0,1
CAMELSH__06623800,197,89,CAMELSH,2,4
CAMELSH__06625000,194,88,CAMELSH,2,2
CAMELSH__06627800,73,34,CAMELSH,0,4
CAMELSH__06628900,79,37,CAMELSH,0,0
CAMELSH__06632400,195,89,CAMELSH,2,4
CAMELSH__06634620,215,99,CAMELSH,3,0
CAMELSH__06635000,188,82,CAMELSH,2,2
CAMELSH__06637750,13,11,CAMELSH,0,0
CAMELSH__06639000,75,32,CAMELSH,0,4
CAMELSH__06647500,146,67,CAMELSH,1,2
CAMELSH__06653500,29,19,CAMELSH,0,0
CAMELSH__06659500,14,10,CAMELSH,0,4
CAMELSH__06659502,72,35,CAMELSH,0,1
CAMELSH__06659580,87,41,CAMELSH,0,3
CAMELSH__06660000,47,25,CAMELSH,0,3
CAMELSH__06661000,80,34,CAMELSH,0,2
CAMELSH__06661585,101,43,CAMELSH,0,2
CAMELSH__06664400,71,34,CAMELSH,0,1
CAMELSH__06665790,76,36,CAMELSH,0,2
CAMELSH__06696980,75,36,CAMELSH,0,3
CAMELSH__06700000,82,39,CAMELSH,0,1
CAMELSH__06701620,64,31,CAMELSH,0,0
CAMELSH__06701900,163,77,CAMELSH,2,4
CAMELSH__06708800,170,80,CAMELSH,2,3
CAMELSH__06709000,224,99,CAMELSH,3,2
CAMELSH__06709530,236,106,CAMELSH,3,1
CAMELSH__06710150,155,74,CAMELSH,1,3
CAMELSH__06710247,221,102,CAMELSH,3,3
CAMELSH__06710385,186,85,CAMELSH,2,2
CAMELSH__06710605,156,74,CAMELSH,1,4
CAMELSH__06712000,201,91,CAMELSH,2,3
CAMELSH__06713500,285,128,CAMELSH,4,3
CAMELSH__06717400,63,31,CAMELSH,0,3
CAMELSH__06720820,268,119,CAMELSH,4,3
CAMELSH__06720990,228,105,CAMELSH,3,1
CAMELSH__06727000,7,4,CAMELSH,0,4
CAMELSH__06746095,117,52,CAMELSH,1,0
CAMELSH__06746110,182,82,CAMELSH,2,4
CAMELSH__06751150,205,95,CAMELSH,2,2
CAMELSH__06751490,237,106,CAMELSH,3,0
CAMELSH__06755960,146,66,CAMELSH,1,3
CAMELSH__06762500,85,41,CAMELSH,0,1
CAMELSH__06769000,148,67,CAMELSH,1,1
CAMELSH__06769525,142,64,CAMELSH,1,4
CAMELSH__06771500,6,5,CAMELSH,0,0
CAMELSH__06772000,4,8,CAMELSH,0,0
CAMELSH__06772100,84,42,CAMELSH,0,3
CAMELSH__06772775,127,56,CAMELSH,1,3
CAMELSH__06772898,166,76,CAMELSH,2,3
CAMELSH__06773500,152,70,CAMELSH,1,2
CAMELSH__06775500,226,102,CAMELSH,3,0
CAMELSH__06776500,9,9,CAMELSH,0,2
CAMELSH__06783500,6,8,CAMELSH,0,4
CAMELSH__06784000,205,93,CAMELSH,2,0
CAMELSH__06784800,8,9,CAMELSH,0,4
CAMELSH__06786000,202,92,CAMELSH,2,2
CAMELSH__06787500,12,11,CAMELSH,0,2
CAMELSH__06788500,11,10,CAMELSH,0,1
CAMELSH__06791500,8,10,CAMELSH,0,3
CAMELSH__06792000,4,5,CAMELSH,0,1
CAMELSH__06794000,190,82,CAMELSH,2,4
CAMELSH__06794650,200,92,CAMELSH,2,0
CAMELSH__06795500,186,80,CAMELSH,2,2
CAMELSH__06797500,97,47,CAMELSH,0,2
CAMELSH__06798500,6,7,CAMELSH,0,1
CAMELSH__06799000,182,80,CAMELSH,2,1
CAMELSH__06799100,190,82,CAMELSH,2,1
CAMELSH__06799445,143,62,CAMELSH,1,1
CAMELSH__06799450,6,7,CAMELSH,0,4
CAMELSH__06799460,30,18,CAMELSH,0,2
CAMELSH__06799500,155,67,CAMELSH,1,0
CAMELSH__06800000,192,84,CAMELSH,2,0
CAMELSH__06803000,158,69,CAMELSH,1,3
CAMELSH__06803080,203,88,CAMELSH,2,2
CAMELSH__06803093,193,83,CAMELSH,2,0
CAMELSH__06803170,201,86,CAMELSH,2,1
CAMELSH__06803486,156,72,CAMELSH,1,3
CAMELSH__06803495,125,60,CAMELSH,1,3
CAMELSH__06803500,184,80,CAMELSH,2,0
CAMELSH__06803510,202,87,CAMELSH,2,4
CAMELSH__06803513,229,99,CAMELSH,3,4
CAMELSH__06803520,205,90,CAMELSH,2,0
CAMELSH__06803530,194,84,CAMELSH,2,3
CAMELSH__06803555,175,75,CAMELSH,2,0
CAMELSH__06804000,146,65,CAMELSH,1,4
CAMELSH__06804700,202,90,CAMELSH,2,0
CAMELSH__06804900,104,52,CAMELSH,1,2
CAMELSH__06806500,142,62,CAMELSH,1,2
CAMELSH__06807410,198,85,CAMELSH,2,3
CAMELSH__06808500,218,100,CAMELSH,3,0
CAMELSH__06809210,192,88,CAMELSH,2,2
CAMELSH__06809500,217,99,CAMELSH,3,0
CAMELSH__06810000,175,81,CAMELSH,2,4
CAMELSH__06811500,158,69,CAMELSH,1,0
CAMELSH__06813000,120,54,CAMELSH,1,3
CAMELSH__06814000,185,79,CAMELSH,2,3
CAMELSH__06814500,91,45,CAMELSH,0,3
CAMELSH__06815000,191,83,CAMELSH,2,4
CAMELSH__06817000,238,107,CAMELSH,3,2
CAMELSH__06817500,52,29,CAMELSH,0,1
CAMELSH__06817700,183,79,CAMELSH,2,2
CAMELSH__06819185,245,110,CAMELSH,3,0
CAMELSH__06820410,111,54,CAMELSH,1,3
CAMELSH__06820500,208,89,CAMELSH,2,1
CAMELSH__06821080,159,74,CAMELSH,1,0
CAMELSH__06821150,196,91,CAMELSH,2,1
CAMELSH__06821190,219,94,CAMELSH,2,3
CAMELSH__06821500,138,63,CAMELSH,1,2
CAMELSH__06823500,171,76,CAMELSH,2,0
CAMELSH__06827000,153,70,CAMELSH,1,4
CAMELSH__06827500,119,52,CAMELSH,1,1
CAMELSH__06831500,8,9,CAMELSH,0,1
CAMELSH__06832500,6,7,CAMELSH,0,3
CAMELSH__06834000,113,54,CAMELSH,1,2
CAMELSH__06835000,5,8,CAMELSH,0,3
CAMELSH__06835500,201,92,CAMELSH,2,3
CAMELSH__06836500,210,94,CAMELSH,2,2
CAMELSH__06837300,6,3,CAMELSH,0,0
CAMELSH__06844000,3,5,CAMELSH,0,3
CAMELSH__06844900,85,37,CAMELSH,0,2
CAMELSH__06845000,69,34,CAMELSH,0,2
CAMELSH__06845110,183,84,CAMELSH,2,1
CAMELSH__06846000,105,49,CAMELSH,1,4
CAMELSH__06846500,249,114,CAMELSH,3,0
CAMELSH__06847000,77,35,CAMELSH,0,1
CAMELSH__06847500,190,83,CAMELSH,2,3
CAMELSH__06847900,237,108,CAMELSH,3,3
CAMELSH__06851500,2,5,CAMELSH,0,2
CAMELSH__06852000,6,6,CAMELSH,0,2
CAMELSH__06853800,197,91,CAMELSH,2,1
CAMELSH__06854000,9,10,CAMELSH,0,1
CAMELSH__06860000,246,111,CAMELSH,3,3
CAMELSH__06863500,211,96,CAMELSH,2,4
CAMELSH__06866900,181,84,CAMELSH,2,0
CAMELSH__06867000,116,56,CAMELSH,1,3
CAMELSH__06868200,210,97,CAMELSH,2,4
CAMELSH__06869500,231,107,CAMELSH,3,3
CAMELSH__06869950,167,79,CAMELSH,2,2
CAMELSH__06870300,147,69,CAMELSH,1,3
CAMELSH__06871000,183,82,CAMELSH,2,3
CAMELSH__06871500,203,93,CAMELSH,2,2
CAMELSH__06871800,42,25,CAMELSH,0,0
CAMELSH__06872500,225,97,CAMELSH,3,3
CAMELSH__06873000,156,73,CAMELSH,1,4
CAMELSH__06873200,55,31,CAMELSH,0,2
CAMELSH__06873460,240,110,CAMELSH,3,3
CAMELSH__06874000,233,100,CAMELSH,3,1
CAMELSH__06876700,206,94,CAMELSH,2,1
CAMELSH__06878000,250,114,CAMELSH,3,1
CAMELSH__06879650,319,141,CAMELSH,4,3
CAMELSH__06879900,11,11,CAMELSH,0,3
CAMELSH__06880000,11,11,CAMELSH,0,2
CAMELSH__06880500,7,8,CAMELSH,0,3
CAMELSH__06880800,196,85,CAMELSH,2,4
CAMELSH__06881000,207,90,CAMELSH,2,0
CAMELSH__06881200,9,5,CAMELSH,0,2
CAMELSH__06881380,125,54,CAMELSH,1,1
CAMELSH__06883000,174,77,CAMELSH,2,0
CAMELSH__06884000,195,84,CAMELSH,2,4
CAMELSH__06884025,200,87,CAMELSH,2,0
CAMELSH__06884200,178,82,CAMELSH,2,2
CAMELSH__06884400,224,102,CAMELSH,3,1
CAMELSH__06885500,236,107,CAMELSH,3,0
CAMELSH__06888000,151,72,CAMELSH,1,1
CAMELSH__06888500,199,92,CAMELSH,2,3
CAMELSH__06889140,15,11,CAMELSH,0,3
CAMELSH__06889160,16,13,CAMELSH,0,1
CAMELSH__06889200,203,92,CAMELSH,2,0
CAMELSH__06889500,256,115,CAMELSH,3,1
CAMELSH__06890100,242,108,CAMELSH,3,4
CAMELSH__06890900,143,67,CAMELSH,1,0
CAMELSH__06891260,153,69,CAMELSH,1,2
CAMELSH__06891500,258,117,CAMELSH,3,0
CAMELSH__06891810,59,31,CAMELSH,0,4
CAMELSH__06892000,229,103,CAMELSH,3,2
CAMELSH__06892360,158,71,CAMELSH,1,0
CAMELSH__06892495,157,74,CAMELSH,1,2
CAMELSH__06892513,165,78,CAMELSH,2,3
CAMELSH__06893080,247,112,CAMELSH,3,2
CAMELSH__06893100,159,75,CAMELSH,1,1
CAMELSH__06893150,134,65,CAMELSH,1,4
CAMELSH__06893300,266,121,CAMELSH,4,4
CAMELSH__06893390,163,77,CAMELSH,2,4
CAMELSH__06893400,35,22,CAMELSH,0,3
CAMELSH__06893500,225,97,CAMELSH,3,2
CAMELSH__06893557,195,90,CAMELSH,2,3
CAMELSH__06893562,66,35,CAMELSH,0,1
CAMELSH__06893578,165,76,CAMELSH,2,2
CAMELSH__06893620,141,68,CAMELSH,1,0
CAMELSH__06893793,7,9,CAMELSH,0,3
CAMELSH__06893890,128,61,CAMELSH,1,1
CAMELSH__06893910,16,13,CAMELSH,0,2
CAMELSH__06893970,130,62,CAMELSH,1,4
CAMELSH__06894000,219,94,CAMELSH,2,2
CAMELSH__06894200,125,61,CAMELSH,1,1
CAMELSH__06895000,117,57,CAMELSH,1,4
CAMELSH__06896000,115,56,CAMELSH,1,3
CAMELSH__06897000,183,82,CAMELSH,2,3
CAMELSH__06897500,183,79,CAMELSH,2,1
CAMELSH__06898000,201,92,CAMELSH,2,1
CAMELSH__06899500,193,83,CAMELSH,2,0
CAMELSH__06899700,123,60,CAMELSH,1,0
CAMELSH__06900050,175,81,CAMELSH,2,2
CAMELSH__06901500,168,78,CAMELSH,2,1
CAMELSH__06903400,182,83,CAMELSH,2,0
CAMELSH__06903700,188,86,CAMELSH,2,1
CAMELSH__06903900,121,58,CAMELSH,1,4
CAMELSH__06904010,93,46,CAMELSH,0,1
CAMELSH__06904050,149,65,CAMELSH,1,4
CAMELSH__06904500,210,90,CAMELSH,2,4
CAMELSH__06905500,212,91,CAMELSH,2,2
CAMELSH__06906000,159,73,CAMELSH,1,0
CAMELSH__06906150,214,96,CAMELSH,2,3
CAMELSH__06906200,225,96,CAMELSH,3,0
CAMELSH__06906300,109,47,CAMELSH,1,1
CAMELSH__06906800,211,97,CAMELSH,2,1
CAMELSH__06907700,126,61,CAMELSH,1,2
CAMELSH__06908000,214,92,CAMELSH,2,3
CAMELSH__06909500,132,57,CAMELSH,1,1
CAMELSH__06910230,142,61,CAMELSH,1,4
CAMELSH__06910750,180,84,CAMELSH,2,2
CAMELSH__06910800,253,116,CAMELSH,3,2
CAMELSH__06911000,109,54,CAMELSH,1,2
CAMELSH__06911490,177,83,CAMELSH,2,2
CAMELSH__06911500,11,12,CAMELSH,0,0
CAMELSH__06911900,256,116,CAMELSH,3,1
CAMELSH__06912500,252,114,CAMELSH,3,1
CAMELSH__06913000,253,116,CAMELSH,3,3
CAMELSH__06913500,258,117,CAMELSH,3,0
CAMELSH__06914000,36,22,CAMELSH,0,1
CAMELSH__06914100,102,48,CAMELSH,0,0
CAMELSH__06914950,233,107,CAMELSH,3,3
CAMELSH__06914990,230,105,CAMELSH,3,1
CAMELSH__06915000,234,108,CAMELSH,3,4
CAMELSH__06915800,203,94,CAMELSH,2,4
CAMELSH__06916600,244,111,CAMELSH,3,4
CAMELSH__06917000,221,102,CAMELSH,3,0
CAMELSH__06917060,185,79,CAMELSH,2,3
CAMELSH__06917240,175,81,CAMELSH,2,0
CAMELSH__06917380,126,61,CAMELSH,1,0
CAMELSH__06917500,112,56,CAMELSH,1,3
CAMELSH__06917560,140,67,CAMELSH,1,0
CAMELSH__06917630,156,73,CAMELSH,1,2
CAMELSH__06918060,151,71,CAMELSH,1,4
CAMELSH__06918440,225,101,CAMELSH,3,4
CAMELSH__06918460,238,102,CAMELSH,3,4
CAMELSH__06918493,197,91,CAMELSH,2,4
CAMELSH__06918740,224,96,CAMELSH,3,2
CAMELSH__06919020,229,98,CAMELSH,3,3
CAMELSH__06919500,220,95,CAMELSH,3,3
CAMELSH__06919900,224,97,CAMELSH,3,1
CAMELSH__06920580,6,7,CAMELSH,0,4
CAMELSH__06921070,232,105,CAMELSH,3,1
CAMELSH__06921200,231,102,CAMELSH,3,0
CAMELSH__06921350,228,102,CAMELSH,3,4
CAMELSH__06921590,125,60,CAMELSH,1,4
CAMELSH__06921720,123,59,CAMELSH,1,0
CAMELSH__06923250,153,71,CAMELSH,1,4
CAMELSH__06923940,120,59,CAMELSH,1,0
CAMELSH__06923950,215,99,CAMELSH,3,0
CAMELSH__06927000,166,78,CAMELSH,2,2
CAMELSH__06927240,101,48,CAMELSH,0,4
CAMELSH__06928000,181,84,CAMELSH,2,3
CAMELSH__06928300,189,88,CAMELSH,2,0
CAMELSH__06928420,97,48,CAMELSH,0,1
CAMELSH__06930000,189,88,CAMELSH,2,2
CAMELSH__06930060,185,86,CAMELSH,2,4
CAMELSH__06932000,228,99,CAMELSH,3,3
CAMELSH__06933500,226,102,CAMELSH,3,1
CAMELSH__06934000,230,99,CAMELSH,3,2
CAMELSH__06935755,194,89,CAMELSH,2,1
CAMELSH__06935770,190,88,CAMELSH,2,3
CAMELSH__06935830,208,96,CAMELSH,2,1
CAMELSH__06935850,201,93,CAMELSH,2,4
CAMELSH__06935890,163,77,CAMELSH,2,3
CAMELSH__06935955,206,95,CAMELSH,2,4
CAMELSH__06935980,209,96,CAMELSH,2,0
CAMELSH__06935997,200,92,CAMELSH,2,1
CAMELSH__06936475,216,99,CAMELSH,3,1
CAMELSH__07001910,122,59,CAMELSH,1,4
CAMELSH__07001985,168,79,CAMELSH,2,3
CAMELSH__07005000,188,87,CAMELSH,2,2
CAMELSH__07010022,204,94,CAMELSH,2,4
CAMELSH__07010030,199,92,CAMELSH,2,2
CAMELSH__07010035,198,90,CAMELSH,2,4
CAMELSH__07010055,170,80,CAMELSH,2,4
CAMELSH__07010061,125,61,CAMELSH,1,2
CAMELSH__07010070,165,78,CAMELSH,2,3
CAMELSH__07010075,176,83,CAMELSH,2,4
CAMELSH__07010082,152,72,CAMELSH,1,2
CAMELSH__07010086,204,94,CAMELSH,2,1
CAMELSH__07010090,158,73,CAMELSH,1,4
CAMELSH__07010094,132,64,CAMELSH,1,2
CAMELSH__07010097,120,57,CAMELSH,1,3
CAMELSH__07010180,204,93,CAMELSH,2,0
CAMELSH__07010208,198,92,CAMELSH,2,1
CAMELSH__07010350,122,59,CAMELSH,1,3
CAMELSH__07013000,237,102,CAMELSH,3,4
CAMELSH__07014000,130,63,CAMELSH,1,0
CAMELSH__07014500,256,111,CAMELSH,3,3
CAMELSH__07015720,209,92,CAMELSH,2,3
CAMELSH__07016500,219,95,CAMELSH,3,0
CAMELSH__07017200,211,97,CAMELSH,2,1
CAMELSH__07018100,217,97,CAMELSH,3,4
CAMELSH__07018500,211,96,CAMELSH,2,0
CAMELSH__07019000,231,100,CAMELSH,3,2
CAMELSH__07019072,210,95,CAMELSH,2,0
CAMELSH__07019090,200,93,CAMELSH,2,3
CAMELSH__07019120,199,92,CAMELSH,2,0
CAMELSH__07019150,204,94,CAMELSH,2,3
CAMELSH__07019175,202,94,CAMELSH,2,4
CAMELSH__07019195,191,89,CAMELSH,2,1
CAMELSH__07019220,203,94,CAMELSH,2,1
CAMELSH__07019317,200,92,CAMELSH,2,3
CAMELSH__07020550,171,80,CAMELSH,2,0
CAMELSH__07021000,173,80,CAMELSH,2,1
CAMELSH__07024000,246,112,CAMELSH,3,1
CAMELSH__07024200,120,59,CAMELSH,1,1
CAMELSH__07024300,2,8,CAMELSH,0,3
CAMELSH__07024500,167,77,CAMELSH,2,3
CAMELSH__07025400,175,82,CAMELSH,2,0
CAMELSH__07025500,18,11,CAMELSH,0,0
CAMELSH__07027720,181,83,CAMELSH,2,3
CAMELSH__07028500,26,19,CAMELSH,0,0
CAMELSH__07028960,206,96,CAMELSH,2,2
CAMELSH__07029270,84,43,CAMELSH,0,0
CAMELSH__07029500,265,116,CAMELSH,3,1
CAMELSH__07030050,161,77,CAMELSH,2,0
CAMELSH__07030392,215,99,CAMELSH,3,2
CAMELSH__07030500,171,79,CAMELSH,2,0
CAMELSH__07035000,180,81,CAMELSH,2,2
CAMELSH__07035800,210,96,CAMELSH,2,4
CAMELSH__07036100,197,89,CAMELSH,2,0
CAMELSH__07037300,140,67,CAMELSH,1,4
CAMELSH__07037500,208,95,CAMELSH,2,3
CAMELSH__07039500,225,102,CAMELSH,3,4
CAMELSH__07040000,77,40,CAMELSH,0,0
CAMELSH__07040100,7,11,CAMELSH,0,2
CAMELSH__07040450,8,11,CAMELSH,0,1
CAMELSH__07047800,85,44,CAMELSH,0,1
CAMELSH__07048480,90,44,CAMELSH,0,0
CAMELSH__07048490,91,45,CAMELSH,0,1
CAMELSH__07048550,159,74,CAMELSH,1,0
CAMELSH__07048600,258,118,CAMELSH,3,0
CAMELSH__07048700,30,16,CAMELSH,0,2
CAMELSH__07048800,45,26,CAMELSH,0,3
CAMELSH__07049000,197,92,CAMELSH,2,1
CAMELSH__07050152,123,59,CAMELSH,1,2
CAMELSH__07050500,238,109,CAMELSH,3,0
CAMELSH__07050690,187,87,CAMELSH,2,1
CAMELSH__07050700,216,100,CAMELSH,3,4
CAMELSH__07052000,198,92,CAMELSH,2,3
CAMELSH__07052100,178,83,CAMELSH,2,1
CAMELSH__07052120,199,90,CAMELSH,2,4
CAMELSH__07052152,178,84,CAMELSH,2,0
CAMELSH__07052250,174,81,CAMELSH,2,1
CAMELSH__07052345,172,81,CAMELSH,2,0
CAMELSH__07052500,218,94,CAMELSH,2,0
CAMELSH__07052820,112,55,CAMELSH,1,3
CAMELSH__07053250,229,106,CAMELSH,3,0
CAMELSH__07053810,220,100,CAMELSH,3,2
CAMELSH__07054080,235,105,CAMELSH,3,3
CAMELSH__07055646,214,99,CAMELSH,2,3
CAMELSH__07055875,223,102,CAMELSH,3,4
CAMELSH__07056000,257,117,CAMELSH,3,4
CAMELSH__07056515,146,70,CAMELSH,1,2
CAMELSH__07056700,165,78,CAMELSH,2,2
CAMELSH__07057500,230,105,CAMELSH,3,2
CAMELSH__07058000,205,94,CAMELSH,2,3
CAMELSH__07060710,251,114,CAMELSH,3,1
CAMELSH__07061270,158,74,CAMELSH,1,2
CAMELSH__07061290,123,60,CAMELSH,1,0
CAMELSH__07061300,18,12,CAMELSH,0,4
CAMELSH__07061500,235,101,CAMELSH,3,0
CAMELSH__07061600,131,60,CAMELSH,1,4
CAMELSH__07061900,209,94,CAMELSH,2,0
CAMELSH__07062500,120,59,CAMELSH,1,3
CAMELSH__07062575,102,51,CAMELSH,1,1
CAMELSH__07063000,230,105,CAMELSH,3,0
CAMELSH__07064000,257,118,CAMELSH,3,2
CAMELSH__07064440,130,63,CAMELSH,1,2
CAMELSH__07064533,164,78,CAMELSH,2,0
CAMELSH__07065200,139,67,CAMELSH,1,0
CAMELSH__07065495,238,109,CAMELSH,3,3
CAMELSH__07066000,223,100,CAMELSH,3,0
CAMELSH__07067000,225,102,CAMELSH,3,0
CAMELSH__07068000,227,104,CAMELSH,3,2
CAMELSH__07068510,131,63,CAMELSH,1,4
CAMELSH__07069305,174,82,CAMELSH,2,0
CAMELSH__07069500,196,91,CAMELSH,2,3
CAMELSH__07071500,232,106,CAMELSH,3,4
CAMELSH__07072000,237,104,CAMELSH,3,1
CAMELSH__07075000,125,61,CAMELSH,1,1
CAMELSH__07075300,228,105,CAMELSH,3,4
CAMELSH__07076517,215,99,CAMELSH,3,4
CAMELSH__07077700,39,23,CAMELSH,0,3
CAMELSH__07079300,199,91,CAMELSH,2,3
CAMELSH__07081200,182,83,CAMELSH,2,4
CAMELSH__07083000,164,73,CAMELSH,2,3
CAMELSH__07083200,48,23,CAMELSH,0,3
CAMELSH__07086000,7,6,CAMELSH,0,2
CAMELSH__07087050,98,46,CAMELSH,0,4
CAMELSH__07093700,53,23,CAMELSH,0,4
CAMELSH__07096000,52,25,CAMELSH,0,0
CAMELSH__07096250,212,96,CAMELSH,2,3
CAMELSH__07099060,186,84,CAMELSH,2,0
CAMELSH__07099215,98,47,CAMELSH,0,0
CAMELSH__07103980,233,107,CAMELSH,3,2
CAMELSH__07103990,251,113,CAMELSH,3,0
CAMELSH__07105600,114,52,CAMELSH,1,1
CAMELSH__07105900,282,126,CAMELSH,4,4
CAMELSH__07105945,242,110,CAMELSH,3,3
CAMELSH__07106000,255,116,CAMELSH,3,0
CAMELSH__07106300,292,126,CAMELSH,4,1
CAMELSH__07106500,278,126,CAMELSH,4,3
CAMELSH__07108900,266,121,CAMELSH,4,2
CAMELSH__07116500,250,111,CAMELSH,3,3
CAMELSH__07119500,275,123,CAMELSH,4,2
CAMELSH__07121500,276,125,CAMELSH,4,4
CAMELSH__07122400,19,8,CAMELSH,0,2
CAMELSH__07126200,236,106,CAMELSH,3,0
CAMELSH__07126300,246,108,CAMELSH,3,0
CAMELSH__07126485,196,89,CAMELSH,2,0
CAMELSH__07128500,261,119,CAMELSH,3,0
CAMELSH__07134100,136,65,CAMELSH,1,2
CAMELSH__07134990,141,64,CAMELSH,1,3
CAMELSH__07140850,246,113,CAMELSH,3,2
CAMELSH__07141175,102,51,CAMELSH,1,4
CAMELSH__07141200,220,94,CAMELSH,3,1
CAMELSH__07141770,109,51,CAMELSH,1,0
CAMELSH__07141780,154,72,CAMELSH,1,1
CAMELSH__07141900,240,110,CAMELSH,3,0
CAMELSH__07142020,104,52,CAMELSH,1,4
CAMELSH__07142300,244,111,CAMELSH,3,1
CAMELSH__07142575,217,93,CAMELSH,2,3
CAMELSH__07142620,26,18,CAMELSH,0,4
CAMELSH__07143300,249,107,CAMELSH,3,4
CAMELSH__07143665,242,111,CAMELSH,3,1
CAMELSH__07143672,221,101,CAMELSH,3,1
CAMELSH__07144100,233,107,CAMELSH,3,2
CAMELSH__07144200,113,55,CAMELSH,1,3
CAMELSH__07144480,115,55,CAMELSH,1,2
CAMELSH__07144485,31,20,CAMELSH,0,4
CAMELSH__07144780,235,106,CAMELSH,3,0
CAMELSH__07144795,169,78,CAMELSH,2,2
CAMELSH__07144910,263,119,CAMELSH,3,2
CAMELSH__07145200,248,112,CAMELSH,3,0
CAMELSH__07145500,246,112,CAMELSH,3,1
CAMELSH__07145700,248,110,CAMELSH,3,3
CAMELSH__07147070,257,117,CAMELSH,3,4
CAMELSH__07147800,256,117,CAMELSH,3,1
CAMELSH__07148400,253,108,CAMELSH,3,2
CAMELSH__07149000,231,99,CAMELSH,3,4
CAMELSH__07151500,234,107,CAMELSH,3,1
CAMELSH__07152000,231,105,CAMELSH,3,1
CAMELSH__07153000,231,106,CAMELSH,3,3
CAMELSH__07154500,238,108,CAMELSH,3,0
CAMELSH__07157500,219,100,CAMELSH,3,4
CAMELSH__07157960,10,11,CAMELSH,0,4
CAMELSH__07159750,139,64,CAMELSH,1,0
CAMELSH__07160350,207,96,CAMELSH,2,4
CAMELSH__07160500,194,83,CAMELSH,2,4
CAMELSH__07163000,6,9,CAMELSH,0,0
CAMELSH__07164600,246,106,CAMELSH,3,4
CAMELSH__07165562,238,103,CAMELSH,3,2
CAMELSH__07165565,218,100,CAMELSH,3,4
CAMELSH__07166500,232,106,CAMELSH,3,3
CAMELSH__07167500,258,117,CAMELSH,3,2
CAMELSH__07169500,265,121,CAMELSH,4,1
CAMELSH__07169800,248,112,CAMELSH,3,1
CAMELSH__07170060,58,31,CAMELSH,0,1
CAMELSH__07170500,252,115,CAMELSH,3,1
CAMELSH__07170700,118,56,CAMELSH,1,3
CAMELSH__07170990,150,72,CAMELSH,1,0
CAMELSH__07171000,265,115,CAMELSH,3,0
CAMELSH__07172000,261,119,CAMELSH,3,4
CAMELSH__07174400,260,113,CAMELSH,3,4
CAMELSH__07174600,16,10,CAMELSH,0,1
CAMELSH__07175500,245,112,CAMELSH,3,1
CAMELSH__07176500,262,117,CAMELSH,3,2
CAMELSH__07176950,70,37,CAMELSH,0,1
CAMELSH__07177500,269,119,CAMELSH,4,0
CAMELSH__07177800,249,109,CAMELSH,3,3
CAMELSH__07178000,264,118,CAMELSH,3,1
CAMELSH__07178200,259,117,CAMELSH,3,1
CAMELSH__07179500,268,115,CAMELSH,3,3
CAMELSH__07179730,261,119,CAMELSH,3,4
CAMELSH__07179795,253,116,CAMELSH,3,1
CAMELSH__07180400,120,58,CAMELSH,1,4
CAMELSH__07180500,249,114,CAMELSH,3,2
CAMELSH__07182000,20,15,CAMELSH,0,4
CAMELSH__07182250,257,117,CAMELSH,3,1
CAMELSH__07182510,266,121,CAMELSH,4,1
CAMELSH__07183000,241,110,CAMELSH,3,2
CAMELSH__07184000,219,101,CAMELSH,3,3
CAMELSH__07185090,111,54,CAMELSH,1,1
CAMELSH__07185095,174,81,CAMELSH,2,3
CAMELSH__07185700,124,60,CAMELSH,1,3
CAMELSH__07185765,178,84,CAMELSH,2,3
CAMELSH__07185910,128,61,CAMELSH,1,0
CAMELSH__07186000,226,104,CAMELSH,3,0
CAMELSH__07187000,215,99,CAMELSH,3,1
CAMELSH__07188000,272,121,CAMELSH,4,1
CAMELSH__07188653,185,86,CAMELSH,2,2
CAMELSH__07188838,146,69,CAMELSH,1,0
CAMELSH__07188885,183,84,CAMELSH,2,3
CAMELSH__07189000,270,120,CAMELSH,4,4
CAMELSH__07189100,176,82,CAMELSH,2,0
CAMELSH__07189540,199,92,CAMELSH,2,1
CAMELSH__07189542,205,95,CAMELSH,2,4
CAMELSH__07191000,260,116,CAMELSH,3,3
CAMELSH__07191160,170,79,CAMELSH,2,2
CAMELSH__07191179,166,78,CAMELSH,2,2
CAMELSH__07191220,258,116,CAMELSH,3,2
CAMELSH__071912213,174,79,CAMELSH,2,2
CAMELSH__07191222,196,89,CAMELSH,2,1
CAMELSH__07191288,174,81,CAMELSH,2,1
CAMELSH__07194800,238,102,CAMELSH,3,4
CAMELSH__07195000,223,102,CAMELSH,3,3
CAMELSH__07195400,163,77,CAMELSH,2,1
CAMELSH__07195430,226,104,CAMELSH,3,0
CAMELSH__07195500,258,117,CAMELSH,3,0
CAMELSH__07195800,252,115,CAMELSH,3,2
CAMELSH__07195855,280,127,CAMELSH,4,4
CAMELSH__07195865,212,98,CAMELSH,2,3
CAMELSH__07196000,242,111,CAMELSH,3,1
CAMELSH__07196500,266,121,CAMELSH,4,3
CAMELSH__07196900,262,120,CAMELSH,3,2
CAMELSH__07197000,260,118,CAMELSH,3,4
CAMELSH__07197360,180,82,CAMELSH,2,2
CAMELSH__07198000,263,120,CAMELSH,3,2
CAMELSH__07203000,193,87,CAMELSH,2,0
CAMELSH__07204000,72,34,CAMELSH,0,0
CAMELSH__07204500,72,35,CAMELSH,0,3
CAMELSH__07205000,74,34,CAMELSH,0,3
CAMELSH__07206000,229,105,CAMELSH,3,2
CAMELSH__07207000,161,75,CAMELSH,1,1
CAMELSH__07207500,207,95,CAMELSH,2,2
CAMELSH__07208500,207,93,CAMELSH,2,4
CAMELSH__07211000,81,41,CAMELSH,0,4
CAMELSH__07211500,209,96,CAMELSH,2,2
CAMELSH__07215500,241,110,CAMELSH,3,4
CAMELSH__07216500,229,103,CAMELSH,3,2
CAMELSH__07218000,203,93,CAMELSH,2,1
CAMELSH__07221000,28,18,CAMELSH,0,4
CAMELSH__07222500,29,19,CAMELSH,0,2
CAMELSH__07226500,195,88,CAMELSH,2,1
CAMELSH__07227100,221,101,CAMELSH,3,4
CAMELSH__07229300,85,40,CAMELSH,0,4
CAMELSH__07230500,202,92,CAMELSH,2,1
CAMELSH__07231000,211,96,CAMELSH,2,3
CAMELSH__07233650,111,54,CAMELSH,1,0
CAMELSH__07234100,7,10,CAMELSH,0,1
CAMELSH__07235000,121,58,CAMELSH,1,1
CAMELSH__07237000,8,10,CAMELSH,0,4
CAMELSH__07242350,14,12,CAMELSH,0,4
CAMELSH__07242380,218,94,CAMELSH,2,4
CAMELSH__07243000,15,12,CAMELSH,0,2
CAMELSH__07243500,257,116,CAMELSH,3,0
CAMELSH__07247000,282,128,CAMELSH,4,0
CAMELSH__07247015,223,102,CAMELSH,3,4
CAMELSH__07247250,231,106,CAMELSH,3,2
CAMELSH__07247500,250,111,CAMELSH,3,2
CAMELSH__07249400,262,118,CAMELSH,3,0
CAMELSH__07249413,255,111,CAMELSH,3,3
CAMELSH__07249800,185,86,CAMELSH,2,3
CAMELSH__07249920,180,82,CAMELSH,2,3
CAMELSH__07249985,248,112,CAMELSH,3,0
CAMELSH__07250000,25,17,CAMELSH,0,1
CAMELSH__07250085,234,105,CAMELSH,3,4
CAMELSH__07250935,169,79,CAMELSH,2,4
CAMELSH__07250965,177,83,CAMELSH,2,2
CAMELSH__07250974,144,65,CAMELSH,1,0
CAMELSH__07252000,158,74,CAMELSH,1,2
CAMELSH__07257000,20,9,CAMELSH,0,3
CAMELSH__07257006,221,102,CAMELSH,3,2
CAMELSH__07257500,187,87,CAMELSH,2,4
CAMELSH__07258500,190,88,CAMELSH,2,4
CAMELSH__07260000,165,78,CAMELSH,2,3
CAMELSH__07260500,262,118,CAMELSH,3,0
CAMELSH__07261000,270,121,CAMELSH,4,1
CAMELSH__07261500,254,116,CAMELSH,3,3
CAMELSH__07263012,167,75,CAMELSH,2,2
CAMELSH__07263295,266,118,CAMELSH,3,4
CAMELSH__07263296,126,61,CAMELSH,1,2
CAMELSH__072632971,132,61,CAMELSH,1,4
CAMELSH__072632982,127,59,CAMELSH,1,0
CAMELSH__07263300,260,118,CAMELSH,3,0
CAMELSH__07263580,207,96,CAMELSH,2,4
CAMELSH__07264000,256,117,CAMELSH,3,2
CAMELSH__07280400,64,35,CAMELSH,0,1
CAMELSH__07281960,81,40,CAMELSH,0,0
CAMELSH__07281977,74,38,CAMELSH,0,1
CAMELSH__07285500,188,85,CAMELSH,2,2
CAMELSH__07287150,119,58,CAMELSH,1,2
CAMELSH__07287160,148,69,CAMELSH,1,0
CAMELSH__0728875070,53,30,CAMELSH,0,2
CAMELSH__07289730,220,102,CAMELSH,3,0
CAMELSH__07290650,190,85,CAMELSH,2,4
CAMELSH__07291000,301,130,CAMELSH,4,4
CAMELSH__07292500,287,124,CAMELSH,4,0
CAMELSH__07295000,260,114,CAMELSH,3,0
CAMELSH__07295500,165,78,CAMELSH,2,4
CAMELSH__07297910,114,55,CAMELSH,1,0
CAMELSH__07299670,235,101,CAMELSH,3,4
CAMELSH__07299890,201,93,CAMELSH,2,4
CAMELSH__07300000,235,102,CAMELSH,3,4
CAMELSH__07300500,215,99,CAMELSH,3,3
CAMELSH__07301110,233,104,CAMELSH,3,4
CAMELSH__07301300,120,58,CAMELSH,1,4
CAMELSH__07301410,120,58,CAMELSH,1,2
CAMELSH__07301420,242,111,CAMELSH,3,0
CAMELSH__07301500,253,115,CAMELSH,3,2
CAMELSH__07303000,263,120,CAMELSH,3,2
CAMELSH__07303400,220,101,CAMELSH,3,4
CAMELSH__07304500,5,8,CAMELSH,0,4
CAMELSH__07307800,109,53,CAMELSH,1,2
CAMELSH__07308200,112,55,CAMELSH,1,1
CAMELSH__07309435,52,30,CAMELSH,0,0
CAMELSH__07311000,258,114,CAMELSH,3,1
CAMELSH__07311200,82,41,CAMELSH,0,3
CAMELSH__07311500,224,102,CAMELSH,3,4
CAMELSH__07311600,103,51,CAMELSH,1,3
CAMELSH__07311700,255,109,CAMELSH,3,1
CAMELSH__07311800,119,58,CAMELSH,1,3
CAMELSH__07311900,203,94,CAMELSH,2,4
CAMELSH__07312200,120,58,CAMELSH,1,3
CAMELSH__07312700,183,82,CAMELSH,2,1
CAMELSH__07314500,122,60,CAMELSH,1,3
CAMELSH__07315200,224,100,CAMELSH,3,2
CAMELSH__07315700,124,60,CAMELSH,1,0
CAMELSH__07316500,247,112,CAMELSH,3,1
CAMELSH__07324200,248,113,CAMELSH,3,3
CAMELSH__07324400,257,115,CAMELSH,3,0
CAMELSH__07325000,253,115,CAMELSH,3,0
CAMELSH__07325800,250,112,CAMELSH,3,0
CAMELSH__07325840,115,54,CAMELSH,1,3
CAMELSH__07325850,139,66,CAMELSH,1,2
CAMELSH__07325860,111,55,CAMELSH,1,3
CAMELSH__07326000,245,109,CAMELSH,3,3
CAMELSH__07326500,247,112,CAMELSH,3,3
CAMELSH__073274406,120,57,CAMELSH,1,1
CAMELSH__07327442,218,100,CAMELSH,3,3
CAMELSH__07327447,232,105,CAMELSH,3,0
CAMELSH__07327550,215,98,CAMELSH,2,0
CAMELSH__07328180,192,88,CAMELSH,2,1
CAMELSH__07329780,139,67,CAMELSH,1,2
CAMELSH__07329852,254,113,CAMELSH,3,4
CAMELSH__07331200,118,58,CAMELSH,1,0
CAMELSH__07331295,64,34,CAMELSH,0,0
CAMELSH__07331300,155,73,CAMELSH,1,3
CAMELSH__07332390,152,72,CAMELSH,1,3
CAMELSH__07332500,248,111,CAMELSH,3,3
CAMELSH__07332620,91,45,CAMELSH,0,3
CAMELSH__07334000,261,115,CAMELSH,3,2
CAMELSH__07335000,36,19,CAMELSH,0,1
CAMELSH__07335300,266,118,CAMELSH,3,4
CAMELSH__07335700,261,119,CAMELSH,3,0
CAMELSH__07335790,254,115,CAMELSH,3,4
CAMELSH__07336200,252,114,CAMELSH,3,2
CAMELSH__07337900,259,116,CAMELSH,3,0
CAMELSH__07338500,260,116,CAMELSH,3,1
CAMELSH__07338750,254,116,CAMELSH,3,4
CAMELSH__07339000,269,119,CAMELSH,4,2
CAMELSH__07340000,281,128,CAMELSH,4,4
CAMELSH__07340300,280,126,CAMELSH,4,2
CAMELSH__07341200,281,127,CAMELSH,4,4
CAMELSH__07342465,202,94,CAMELSH,2,2
CAMELSH__07342480,252,115,CAMELSH,3,4
CAMELSH__07342500,126,61,CAMELSH,1,4
CAMELSH__07343000,124,60,CAMELSH,1,2
CAMELSH__07343200,125,60,CAMELSH,1,1
CAMELSH__07343450,116,56,CAMELSH,1,3
CAMELSH__07344450,16,14,CAMELSH,0,0
CAMELSH__07344486,56,29,CAMELSH,0,4
CAMELSH__07346045,125,61,CAMELSH,1,0
CAMELSH__07348700,202,93,CAMELSH,2,1
CAMELSH__07351500,221,101,CAMELSH,3,0
CAMELSH__07351750,179,81,CAMELSH,2,3
CAMELSH__07352000,226,104,CAMELSH,3,2
CAMELSH__07356000,284,129,CAMELSH,4,3
CAMELSH__07359001,79,41,CAMELSH,0,1
CAMELSH__07359002,169,79,CAMELSH,2,1
CAMELSH__07359500,7,7,CAMELSH,0,1
CAMELSH__07359610,257,117,CAMELSH,3,3
CAMELSH__07360200,197,92,CAMELSH,2,2
CAMELSH__07361500,280,126,CAMELSH,4,4
CAMELSH__07362100,255,117,CAMELSH,3,0
CAMELSH__07362500,122,60,CAMELSH,1,4
CAMELSH__07362587,266,120,CAMELSH,4,2
CAMELSH__07362641,23,17,CAMELSH,0,1
CAMELSH__07362656,7,10,CAMELSH,0,4
CAMELSH__07362693,34,22,CAMELSH,0,3
CAMELSH__07363000,185,86,CAMELSH,2,3
CAMELSH__07363200,156,74,CAMELSH,1,0
CAMELSH__07366200,216,100,CAMELSH,3,4
CAMELSH__07369500,219,100,CAMELSH,3,3
CAMELSH__07372050,167,79,CAMELSH,2,3
CAMELSH__07372200,187,85,CAMELSH,2,3
CAMELSH__07373000,223,103,CAMELSH,3,0
CAMELSH__07375000,192,89,CAMELSH,2,4
CAMELSH__07375280,215,99,CAMELSH,3,2
CAMELSH__07375500,225,104,CAMELSH,3,1
CAMELSH__07375800,173,81,CAMELSH,2,0
CAMELSH__07375960,125,61,CAMELSH,1,3
CAMELSH__07376000,222,102,CAMELSH,3,1
CAMELSH__07376500,218,101,CAMELSH,3,2
CAMELSH__07377000,202,94,CAMELSH,2,3
CAMELSH__07377500,150,71,CAMELSH,1,0
CAMELSH__07377782,53,30,CAMELSH,0,0
CAMELSH__07378000,173,81,CAMELSH,2,1
CAMELSH__07378500,222,103,CAMELSH,3,4
CAMELSH__07380120,189,85,CAMELSH,2,3
CAMELSH__07381450,50,28,CAMELSH,0,0
CAMELSH__07382000,227,104,CAMELSH,3,4
CAMELSH__07382500,195,88,CAMELSH,2,0
CAMELSH__07385700,126,61,CAMELSH,1,0
CAMELSH__07386980,134,63,CAMELSH,1,2
CAMELSH__08010000,216,100,CAMELSH,3,0
CAMELSH__08012000,212,98,CAMELSH,2,3
CAMELSH__08012150,128,60,CAMELSH,1,3
CAMELSH__08013000,225,101,CAMELSH,3,1
CAMELSH__08013500,214,97,CAMELSH,2,2
CAMELSH__08014500,218,99,CAMELSH,3,1
CAMELSH__08014800,126,62,CAMELSH,1,3
CAMELSH__08015500,162,76,CAMELSH,2,0
CAMELSH__08017200,251,115,CAMELSH,3,0
CAMELSH__08017300,188,88,CAMELSH,2,3
CAMELSH__08017410,228,105,CAMELSH,3,3
CAMELSH__08018500,258,118,CAMELSH,3,0
CAMELSH__08019000,231,107,CAMELSH,3,0
CAMELSH__08019200,209,97,CAMELSH,2,0
CAMELSH__08019500,246,113,CAMELSH,3,0
CAMELSH__08020000,257,117,CAMELSH,3,4
CAMELSH__08020900,225,104,CAMELSH,3,1
CAMELSH__08022040,242,111,CAMELSH,3,0
CAMELSH__08022070,22,17,CAMELSH,0,0
CAMELSH__08023080,223,103,CAMELSH,3,0
CAMELSH__08023400,220,97,CAMELSH,3,1
CAMELSH__08025500,224,100,CAMELSH,3,3
CAMELSH__08028000,206,96,CAMELSH,2,1
CAMELSH__08029500,279,121,CAMELSH,4,1
CAMELSH__08031000,166,78,CAMELSH,2,1
CAMELSH__08032000,261,119,CAMELSH,3,0
CAMELSH__08032500,19,10,CAMELSH,0,4
CAMELSH__08033000,88,39,CAMELSH,0,2
CAMELSH__08033500,260,118,CAMELSH,3,3
CAMELSH__08033900,59,33,CAMELSH,0,1
CAMELSH__08034500,126,61,CAMELSH,1,0
CAMELSH__08036500,255,116,CAMELSH,3,1
CAMELSH__08037050,47,27,CAMELSH,0,0
CAMELSH__08038000,14,7,CAMELSH,0,0
CAMELSH__08041500,262,119,CAMELSH,3,1
CAMELSH__08041700,127,61,CAMELSH,1,1
CAMELSH__08041749,106,51,CAMELSH,1,3
CAMELSH__08042800,125,61,CAMELSH,1,3
CAMELSH__08043950,46,27,CAMELSH,0,2
CAMELSH__08044000,123,60,CAMELSH,1,4
CAMELSH__08044500,125,61,CAMELSH,1,2
CAMELSH__08044800,222,101,CAMELSH,3,3
CAMELSH__08047000,126,61,CAMELSH,1,2
CAMELSH__08047050,191,89,CAMELSH,2,1
CAMELSH__08047500,294,128,CAMELSH,4,1
CAMELSH__08048000,126,61,CAMELSH,1,1
CAMELSH__08048543,121,59,CAMELSH,1,0
CAMELSH__08048970,272,123,CAMELSH,4,4
CAMELSH__08049500,126,61,CAMELSH,1,4
CAMELSH__08049580,256,116,CAMELSH,3,2
CAMELSH__08049700,126,61,CAMELSH,1,4
CAMELSH__08050100,123,60,CAMELSH,1,2
CAMELSH__08050400,124,61,CAMELSH,1,2
CAMELSH__08050800,124,61,CAMELSH,1,3
CAMELSH__08050840,247,113,CAMELSH,3,1
CAMELSH__08051500,171,80,CAMELSH,2,3
CAMELSH__08052700,234,107,CAMELSH,3,1
CAMELSH__08052745,149,70,CAMELSH,1,4
CAMELSH__08052780,121,58,CAMELSH,1,0
CAMELSH__08053000,250,112,CAMELSH,3,1
CAMELSH__08053009,131,64,CAMELSH,1,2
CAMELSH__08053500,121,59,CAMELSH,1,3
CAMELSH__08055000,159,75,CAMELSH,1,2
CAMELSH__08055500,281,127,CAMELSH,4,0
CAMELSH__08056500,110,54,CAMELSH,1,3
CAMELSH__08057200,246,113,CAMELSH,3,4
CAMELSH__08057445,121,58,CAMELSH,1,4
CAMELSH__08059000,106,53,CAMELSH,1,1
CAMELSH__08059350,128,62,CAMELSH,1,1
CAMELSH__08059400,88,38,CAMELSH,0,4
CAMELSH__08061000,3,8,CAMELSH,0,3
CAMELSH__08061540,239,107,CAMELSH,3,0
CAMELSH__08061750,123,60,CAMELSH,1,3
CAMELSH__08062000,125,61,CAMELSH,1,0
CAMELSH__08062800,161,75,CAMELSH,1,1
CAMELSH__08062895,113,56,CAMELSH,1,2
CAMELSH__08063048,82,42,CAMELSH,0,0
CAMELSH__08063100,124,60,CAMELSH,1,0
CAMELSH__08063800,122,59,CAMELSH,1,4
CAMELSH__08064100,124,61,CAMELSH,1,4
CAMELSH__08064700,232,106,CAMELSH,3,3
CAMELSH__08065200,126,60,CAMELSH,1,2
CAMELSH__08065800,263,120,CAMELSH,3,4
CAMELSH__08066170,118,54,CAMELSH,1,3
CAMELSH__08066200,251,115,CAMELSH,3,3
CAMELSH__08066300,210,97,CAMELSH,2,2
CAMELSH__08067650,29,14,CAMELSH,0,4
CAMELSH__08068000,263,120,CAMELSH,3,4
CAMELSH__08068090,229,104,CAMELSH,3,0
CAMELSH__08068275,192,89,CAMELSH,2,1
CAMELSH__08068390,197,91,CAMELSH,2,0
CAMELSH__08068400,198,92,CAMELSH,2,4
CAMELSH__08068450,184,85,CAMELSH,2,0
CAMELSH__08068500,225,103,CAMELSH,3,0
CAMELSH__08068780,232,105,CAMELSH,3,4
CAMELSH__08070000,259,118,CAMELSH,3,2
CAMELSH__08070200,264,120,CAMELSH,3,2
CAMELSH__08070500,263,120,CAMELSH,3,3
CAMELSH__08071000,195,91,CAMELSH,2,1
CAMELSH__08071280,167,73,CAMELSH,2,3
CAMELSH__08074020,191,89,CAMELSH,2,0
CAMELSH__08074150,9,4,CAMELSH,0,3
CAMELSH__08075500,34,15,CAMELSH,0,4
CAMELSH__08075605,134,65,CAMELSH,1,1
CAMELSH__08078000,257,117,CAMELSH,3,3
CAMELSH__08079600,158,71,CAMELSH,1,4
CAMELSH__08080700,169,79,CAMELSH,2,1
CAMELSH__08082700,235,104,CAMELSH,3,0
CAMELSH__08083100,222,97,CAMELSH,3,0
CAMELSH__08083230,139,67,CAMELSH,1,0
CAMELSH__08083240,53,30,CAMELSH,0,0
CAMELSH__08083420,177,83,CAMELSH,2,1
CAMELSH__08084000,217,99,CAMELSH,3,4
CAMELSH__08084800,236,104,CAMELSH,3,3
CAMELSH__08086050,167,78,CAMELSH,2,4
CAMELSH__08086212,215,98,CAMELSH,3,3
CAMELSH__08086290,209,97,CAMELSH,2,2
CAMELSH__08091500,126,61,CAMELSH,1,1
CAMELSH__08092000,139,67,CAMELSH,1,4
CAMELSH__08093360,183,82,CAMELSH,2,2
CAMELSH__08094800,105,52,CAMELSH,1,0
CAMELSH__08095000,230,105,CAMELSH,3,4
CAMELSH__08095200,254,115,CAMELSH,3,2
CAMELSH__08095300,126,60,CAMELSH,1,1
CAMELSH__08095400,146,68,CAMELSH,1,4
CAMELSH__08098300,164,78,CAMELSH,2,2
CAMELSH__08099100,122,57,CAMELSH,1,3
CAMELSH__08099300,202,87,CAMELSH,2,3
CAMELSH__08099500,128,60,CAMELSH,1,0
CAMELSH__08100000,123,60,CAMELSH,1,4
CAMELSH__08100500,126,61,CAMELSH,1,3
CAMELSH__08101000,121,59,CAMELSH,1,4
CAMELSH__08102500,125,61,CAMELSH,1,2
CAMELSH__08103800,126,61,CAMELSH,1,4
CAMELSH__08103900,236,108,CAMELSH,3,3
CAMELSH__08104100,124,60,CAMELSH,1,1
CAMELSH__0810464660,117,57,CAMELSH,1,4
CAMELSH__08104900,124,60,CAMELSH,1,1
CAMELSH__08105095,157,75,CAMELSH,1,4
CAMELSH__08105700,126,61,CAMELSH,1,0
CAMELSH__08109700,125,60,CAMELSH,1,2
CAMELSH__08110325,125,61,CAMELSH,1,3
CAMELSH__08111000,3,6,CAMELSH,0,0
CAMELSH__08111700,124,61,CAMELSH,1,2
CAMELSH__08115000,264,120,CAMELSH,3,4
CAMELSH__08116400,124,60,CAMELSH,1,2
CAMELSH__08117500,260,118,CAMELSH,3,3
CAMELSH__08120500,176,82,CAMELSH,2,1
CAMELSH__08127000,228,104,CAMELSH,3,4
CAMELSH__08128000,174,82,CAMELSH,2,1
CAMELSH__08128400,180,84,CAMELSH,2,0
CAMELSH__08131400,176,83,CAMELSH,2,2
CAMELSH__08133250,178,83,CAMELSH,2,0
CAMELSH__08134000,208,96,CAMELSH,2,1
CAMELSH__08134250,177,83,CAMELSH,2,4
CAMELSH__08143600,214,99,CAMELSH,3,4
CAMELSH__08144500,207,90,CAMELSH,2,1
CAMELSH__08144600,111,49,CAMELSH,1,0
CAMELSH__08146000,210,90,CAMELSH,2,3
CAMELSH__08148500,167,79,CAMELSH,2,3
CAMELSH__08150000,210,90,CAMELSH,2,3
CAMELSH__08150700,209,90,CAMELSH,2,2
CAMELSH__08150800,215,96,CAMELSH,2,4
CAMELSH__08152000,215,99,CAMELSH,3,4
CAMELSH__08152900,208,92,CAMELSH,2,2
CAMELSH__08153500,126,61,CAMELSH,1,1
CAMELSH__08154700,124,60,CAMELSH,1,4
CAMELSH__08155240,275,125,CAMELSH,4,0
CAMELSH__08155300,117,57,CAMELSH,1,3
CAMELSH__08155400,197,91,CAMELSH,2,3
CAMELSH__08155541,127,62,CAMELSH,1,2
CAMELSH__08156675,122,59,CAMELSH,1,0
CAMELSH__08156800,122,60,CAMELSH,1,1
CAMELSH__08156910,127,62,CAMELSH,1,2
CAMELSH__08158030,125,61,CAMELSH,1,3
CAMELSH__08158035,126,61,CAMELSH,1,3
CAMELSH__08158045,25,17,CAMELSH,0,0
CAMELSH__08158200,124,60,CAMELSH,1,2
CAMELSH__08158380,123,60,CAMELSH,1,4
CAMELSH__08158600,121,59,CAMELSH,1,0
CAMELSH__08158700,262,120,CAMELSH,3,3
CAMELSH__08158810,122,60,CAMELSH,1,2
CAMELSH__08158819,41,24,CAMELSH,0,2
CAMELSH__08158827,161,75,CAMELSH,1,3
CAMELSH__08158840,122,59,CAMELSH,1,0
CAMELSH__08158860,155,73,CAMELSH,1,4
CAMELSH__08158920,107,53,CAMELSH,1,4
CAMELSH__08158930,179,84,CAMELSH,2,2
CAMELSH__08158970,126,62,CAMELSH,1,4
CAMELSH__08159000,250,115,CAMELSH,3,4
CAMELSH__08160800,227,102,CAMELSH,3,0
CAMELSH__08162600,258,118,CAMELSH,3,3
CAMELSH__08163500,69,35,CAMELSH,0,1
CAMELSH__08164000,256,117,CAMELSH,3,3
CAMELSH__08164300,255,114,CAMELSH,3,0
CAMELSH__08164390,213,99,CAMELSH,2,3
CAMELSH__08164450,211,94,CAMELSH,2,3
CAMELSH__08164503,254,116,CAMELSH,3,1
CAMELSH__08164504,216,98,CAMELSH,3,0
CAMELSH__08164600,256,114,CAMELSH,3,1
CAMELSH__08164800,257,118,CAMELSH,3,1
CAMELSH__08165300,219,94,CAMELSH,3,1
CAMELSH__08165500,257,114,CAMELSH,3,3
CAMELSH__08166000,195,91,CAMELSH,2,4
CAMELSH__08166140,193,90,CAMELSH,2,0
CAMELSH__08166200,220,96,CAMELSH,3,2
CAMELSH__08166250,117,57,CAMELSH,1,0
CAMELSH__08167000,277,119,CAMELSH,4,2
CAMELSH__08167500,278,124,CAMELSH,4,3
CAMELSH__08167800,284,126,CAMELSH,4,2
CAMELSH__08168500,242,106,CAMELSH,3,1
CAMELSH__08168797,137,66,CAMELSH,1,4
CAMELSH__08169000,264,118,CAMELSH,3,3
CAMELSH__08169792,148,70,CAMELSH,1,0
CAMELSH__08170500,232,107,CAMELSH,3,2
CAMELSH__08171000,241,103,CAMELSH,3,1
CAMELSH__08171290,77,39,CAMELSH,0,4
CAMELSH__08171300,244,112,CAMELSH,3,0
CAMELSH__08172000,276,120,CAMELSH,4,2
CAMELSH__08172400,255,116,CAMELSH,3,3
CAMELSH__08173000,190,89,CAMELSH,2,3
CAMELSH__08173900,217,99,CAMELSH,3,2
CAMELSH__08174600,186,86,CAMELSH,2,0
CAMELSH__08175000,252,115,CAMELSH,3,0
CAMELSH__08176900,252,116,CAMELSH,3,1
CAMELSH__08177300,188,81,CAMELSH,2,4
CAMELSH__08177500,253,116,CAMELSH,3,2
CAMELSH__08177700,174,82,CAMELSH,2,4
CAMELSH__08178000,95,48,CAMELSH,0,1
CAMELSH__08178565,264,116,CAMELSH,3,0
CAMELSH__08178700,223,102,CAMELSH,3,2
CAMELSH__08178800,282,122,CAMELSH,4,0
CAMELSH__08178880,272,117,CAMELSH,4,4
CAMELSH__08180700,254,109,CAMELSH,3,0
CAMELSH__08180800,44,26,CAMELSH,0,1
CAMELSH__08181400,243,112,CAMELSH,3,3
CAMELSH__08181480,276,119,CAMELSH,4,0
CAMELSH__08181500,264,120,CAMELSH,3,3
CAMELSH__08181800,276,118,CAMELSH,4,0
CAMELSH__08183200,140,67,CAMELSH,1,2
CAMELSH__08183500,277,120,CAMELSH,4,4
CAMELSH__08183890,47,28,CAMELSH,0,1
CAMELSH__08183900,123,60,CAMELSH,1,2
CAMELSH__08185000,256,117,CAMELSH,3,4
CAMELSH__08185065,138,67,CAMELSH,1,1
CAMELSH__08185100,141,67,CAMELSH,1,2
CAMELSH__08185500,142,68,CAMELSH,1,2
CAMELSH__08186000,258,117,CAMELSH,3,2
CAMELSH__08186500,156,74,CAMELSH,1,1
CAMELSH__08189200,220,101,CAMELSH,3,1
CAMELSH__08189300,175,82,CAMELSH,2,0
CAMELSH__08189500,262,113,CAMELSH,3,3
CAMELSH__08189700,224,103,CAMELSH,3,1
CAMELSH__08190000,256,117,CAMELSH,3,1
CAMELSH__08190500,260,117,CAMELSH,3,3
CAMELSH__08192000,253,114,CAMELSH,3,0
CAMELSH__08194200,230,106,CAMELSH,3,1
CAMELSH__08195000,251,115,CAMELSH,3,4
CAMELSH__08196000,246,113,CAMELSH,3,1
CAMELSH__08197500,250,109,CAMELSH,3,1
CAMELSH__08198000,253,113,CAMELSH,3,3
CAMELSH__08198500,240,110,CAMELSH,3,0
CAMELSH__08200000,242,111,CAMELSH,3,4
CAMELSH__08200720,136,65,CAMELSH,1,4
CAMELSH__08200977,135,64,CAMELSH,1,3
CAMELSH__08201500,247,113,CAMELSH,3,3
CAMELSH__08204005,163,77,CAMELSH,2,1
CAMELSH__08205500,267,115,CAMELSH,3,1
CAMELSH__08206700,272,117,CAMELSH,4,2
CAMELSH__08207500,168,79,CAMELSH,2,4
CAMELSH__08208000,256,117,CAMELSH,3,0
CAMELSH__08211520,224,103,CAMELSH,3,3
CAMELSH__08211900,194,90,CAMELSH,2,0
CAMELSH__08212400,184,86,CAMELSH,2,0
CAMELSH__08220000,28,15,CAMELSH,0,0
CAMELSH__08252500,119,54,CAMELSH,1,2
CAMELSH__08253000,120,55,CAMELSH,1,2
CAMELSH__08253500,118,54,CAMELSH,1,1
CAMELSH__08254000,123,57,CAMELSH,1,0
CAMELSH__08255500,204,92,CAMELSH,2,1
CAMELSH__08261000,129,59,CAMELSH,1,3
CAMELSH__08265000,226,104,CAMELSH,3,2
CAMELSH__08266000,32,20,CAMELSH,0,0
CAMELSH__08266820,263,117,CAMELSH,3,3
CAMELSH__08267500,227,103,CAMELSH,3,1
CAMELSH__08269000,229,98,CAMELSH,3,0
CAMELSH__08271000,216,99,CAMELSH,3,3
CAMELSH__08275500,210,96,CAMELSH,2,3
CAMELSH__08276300,249,111,CAMELSH,3,3
CAMELSH__08277470,200,91,CAMELSH,2,4
CAMELSH__08279000,248,111,CAMELSH,3,3
CAMELSH__08284100,204,92,CAMELSH,2,2
CAMELSH__08285500,261,119,CAMELSH,3,2
CAMELSH__08286500,245,110,CAMELSH,3,4
CAMELSH__08287000,258,117,CAMELSH,3,2
CAMELSH__08289000,257,116,CAMELSH,3,3
CAMELSH__08290000,238,102,CAMELSH,3,1
CAMELSH__08291000,220,101,CAMELSH,3,2
CAMELSH__08294195,78,39,CAMELSH,0,4
CAMELSH__08294210,233,106,CAMELSH,3,0
CAMELSH__08302500,154,69,CAMELSH,1,4
CAMELSH__08305030,56,31,CAMELSH,0,0
CAMELSH__08315480,102,48,CAMELSH,0,1
CAMELSH__08316000,234,108,CAMELSH,3,1
CAMELSH__08317200,187,87,CAMELSH,2,3
CAMELSH__08317950,194,88,CAMELSH,2,2
CAMELSH__08323000,20,15,CAMELSH,0,3
CAMELSH__08324000,240,109,CAMELSH,3,4
CAMELSH__08329000,91,46,CAMELSH,0,2
CAMELSH__08329700,174,81,CAMELSH,2,4
CAMELSH__08329840,124,60,CAMELSH,1,1
CAMELSH__08329882,51,28,CAMELSH,0,3
CAMELSH__08334000,139,63,CAMELSH,1,1
CAMELSH__08340500,85,42,CAMELSH,0,1
CAMELSH__08341500,9,11,CAMELSH,0,3
CAMELSH__08351500,14,13,CAMELSH,0,3
CAMELSH__08377900,193,87,CAMELSH,2,0
CAMELSH__08378500,205,93,CAMELSH,2,1
CAMELSH__08379500,247,113,CAMELSH,3,4
CAMELSH__08380500,221,100,CAMELSH,3,4
CAMELSH__08382500,232,107,CAMELSH,3,0
CAMELSH__08382600,247,109,CAMELSH,3,4
CAMELSH__08382650,237,108,CAMELSH,3,2
CAMELSH__08382830,193,90,CAMELSH,2,2
CAMELSH__08386505,185,85,CAMELSH,2,1
CAMELSH__08387000,257,115,CAMELSH,3,0
CAMELSH__08387600,208,96,CAMELSH,2,3
CAMELSH__08390500,257,117,CAMELSH,3,2
CAMELSH__08390800,251,115,CAMELSH,3,1
CAMELSH__08393610,208,96,CAMELSH,2,1
CAMELSH__08397600,161,76,CAMELSH,2,3
CAMELSH__08397620,179,83,CAMELSH,2,4
CAMELSH__08405500,254,115,CAMELSH,3,4
CAMELSH__08406000,177,83,CAMELSH,2,3
CAMELSH__08408500,235,108,CAMELSH,3,3
CAMELSH__08447020,167,79,CAMELSH,2,2
CAMELSH__08477110,243,111,CAMELSH,3,4
CAMELSH__08481500,209,97,CAMELSH,2,1
CAMELSH__09010500,151,69,CAMELSH,1,3
CAMELSH__09019000,32,21,CAMELSH,0,1
CAMELSH__09019500,112,48,CAMELSH,1,1
CAMELSH__09021000,38,24,CAMELSH,0,0
CAMELSH__09022000,184,79,CAMELSH,2,4
CAMELSH__09024000,230,104,CAMELSH,3,3
CAMELSH__09034900,198,85,CAMELSH,2,0
CAMELSH__09035800,81,38,CAMELSH,0,4
CAMELSH__09035900,182,81,CAMELSH,2,0
CAMELSH__09041000,16,11,CAMELSH,0,4
CAMELSH__09041090,147,65,CAMELSH,1,1
CAMELSH__09041400,221,101,CAMELSH,3,2
CAMELSH__09047700,204,91,CAMELSH,2,0
CAMELSH__09052000,15,11,CAMELSH,0,2
CAMELSH__09052400,14,6,CAMELSH,0,3
CAMELSH__09052800,16,10,CAMELSH,0,4
CAMELSH__09058700,58,27,CAMELSH,0,3
CAMELSH__09058800,36,16,CAMELSH,0,0
CAMELSH__09063200,75,33,CAMELSH,0,2
CAMELSH__09063400,102,45,CAMELSH,0,3
CAMELSH__09064500,79,38,CAMELSH,0,0
CAMELSH__09065500,181,78,CAMELSH,2,0
CAMELSH__09066000,149,68,CAMELSH,1,4
CAMELSH__09066100,87,37,CAMELSH,0,2
CAMELSH__09066150,89,43,CAMELSH,0,4
CAMELSH__09066200,206,92,CAMELSH,2,4
CAMELSH__09066300,198,89,CAMELSH,2,3
CAMELSH__09066400,105,47,CAMELSH,1,3
CAMELSH__09071300,35,21,CAMELSH,0,0
CAMELSH__09072550,35,18,CAMELSH,0,4
CAMELSH__09073005,110,54,CAMELSH,1,0
CAMELSH__09073300,232,100,CAMELSH,3,1
CAMELSH__09073400,268,116,CAMELSH,3,1
CAMELSH__09074000,154,66,CAMELSH,1,1
CAMELSH__09074800,39,20,CAMELSH,0,2
CAMELSH__09075700,22,14,CAMELSH,0,3
CAMELSH__09080400,251,115,CAMELSH,3,3
CAMELSH__09081000,190,87,CAMELSH,2,2
CAMELSH__09081600,289,124,CAMELSH,4,3
CAMELSH__09083800,56,30,CAMELSH,0,2
CAMELSH__09097900,36,22,CAMELSH,0,3
CAMELSH__09107000,187,84,CAMELSH,2,3
CAMELSH__09126000,210,94,CAMELSH,2,1
CAMELSH__09132940,42,21,CAMELSH,0,1
CAMELSH__09132985,40,21,CAMELSH,0,3
CAMELSH__09132995,66,33,CAMELSH,0,1
CAMELSH__09135900,29,13,CAMELSH,0,0
CAMELSH__09135950,43,21,CAMELSH,0,3
CAMELSH__09143000,176,77,CAMELSH,2,4
CAMELSH__09149500,289,131,CAMELSH,4,3
CAMELSH__09153290,95,48,CAMELSH,0,4
CAMELSH__09168730,117,53,CAMELSH,1,2
CAMELSH__09169500,201,86,CAMELSH,2,2
CAMELSH__09171100,248,109,CAMELSH,3,1
CAMELSH__09174600,194,89,CAMELSH,2,4
CAMELSH__09177000,204,87,CAMELSH,2,0
CAMELSH__09182400,151,66,CAMELSH,1,3
CAMELSH__09183000,5,6,CAMELSH,0,3
CAMELSH__09183500,221,95,CAMELSH,3,0
CAMELSH__09183600,154,73,CAMELSH,1,3
CAMELSH__09186500,2,4,CAMELSH,0,2
CAMELSH__09188500,158,71,CAMELSH,1,1
CAMELSH__09196500,211,96,CAMELSH,2,2
CAMELSH__09197000,97,42,CAMELSH,0,3
CAMELSH__09205000,171,78,CAMELSH,2,2
CAMELSH__09209400,174,80,CAMELSH,2,1
CAMELSH__09210500,177,80,CAMELSH,2,4
CAMELSH__09213500,120,54,CAMELSH,1,2
CAMELSH__09216050,74,36,CAMELSH,0,3
CAMELSH__09217900,147,67,CAMELSH,1,1
CAMELSH__09218500,68,37,CAMELSH,0,4
CAMELSH__09220000,153,66,CAMELSH,1,3
CAMELSH__09223000,154,70,CAMELSH,1,0
CAMELSH__09223385,5,8,CAMELSH,0,0
CAMELSH__09224700,187,85,CAMELSH,2,1
CAMELSH__09229500,136,62,CAMELSH,1,1
CAMELSH__09230300,19,14,CAMELSH,0,1
CAMELSH__09235600,20,11,CAMELSH,0,1
CAMELSH__09240020,40,19,CAMELSH,0,2
CAMELSH__09243800,77,35,CAMELSH,0,3
CAMELSH__09243900,41,19,CAMELSH,0,4
CAMELSH__09244490,101,50,CAMELSH,1,3
CAMELSH__09245000,30,16,CAMELSH,0,4
CAMELSH__09246200,147,68,CAMELSH,1,2
CAMELSH__09246500,71,35,CAMELSH,0,3
CAMELSH__09256000,1,3,CAMELSH,0,2
CAMELSH__09257000,60,30,CAMELSH,0,0
CAMELSH__09258980,148,71,CAMELSH,1,2
CAMELSH__09268500,2,8,CAMELSH,0,0
CAMELSH__09268900,5,6,CAMELSH,0,3
CAMELSH__09270500,4,7,CAMELSH,0,2
CAMELSH__09277800,15,14,CAMELSH,0,4
CAMELSH__09295000,238,108,CAMELSH,3,2
CAMELSH__09295100,155,73,CAMELSH,1,4
CAMELSH__09301500,154,72,CAMELSH,1,2
CAMELSH__09302000,222,99,CAMELSH,3,1
CAMELSH__09303300,18,12,CAMELSH,0,1
CAMELSH__09303500,7,8,CAMELSH,0,2
CAMELSH__09306007,45,26,CAMELSH,0,0
CAMELSH__09306200,200,91,CAMELSH,2,2
CAMELSH__09306222,193,83,CAMELSH,2,0
CAMELSH__09306224,26,15,CAMELSH,0,0
CAMELSH__09306242,280,123,CAMELSH,4,4
CAMELSH__09306255,206,92,CAMELSH,2,0
CAMELSH__09306290,205,93,CAMELSH,2,2
CAMELSH__09308500,4,5,CAMELSH,0,0
CAMELSH__09312600,138,62,CAMELSH,1,0
CAMELSH__09312700,5,5,CAMELSH,0,0
CAMELSH__09312800,4,5,CAMELSH,0,1
CAMELSH__09313000,49,26,CAMELSH,0,0
CAMELSH__09314500,146,63,CAMELSH,1,1
CAMELSH__09328500,180,78,CAMELSH,2,4
CAMELSH__09329050,143,62,CAMELSH,1,3
CAMELSH__09337500,235,102,CAMELSH,3,4
CAMELSH__09339900,13,10,CAMELSH,0,1
CAMELSH__09346050,5,7,CAMELSH,0,3
CAMELSH__09346400,173,80,CAMELSH,2,2
CAMELSH__09349800,203,87,CAMELSH,2,0
CAMELSH__09352900,190,86,CAMELSH,2,4
CAMELSH__09353800,169,79,CAMELSH,2,2
CAMELSH__09354500,178,83,CAMELSH,2,2
CAMELSH__09355000,84,36,CAMELSH,0,3
CAMELSH__09355500,249,114,CAMELSH,3,0
CAMELSH__09358000,150,69,CAMELSH,1,1
CAMELSH__09358550,198,90,CAMELSH,2,1
CAMELSH__09359010,147,68,CAMELSH,1,3
CAMELSH__09359020,174,78,CAMELSH,2,0
CAMELSH__09359500,97,46,CAMELSH,0,4
CAMELSH__09361000,17,13,CAMELSH,0,3
CAMELSH__09363500,226,102,CAMELSH,3,1
CAMELSH__09364010,150,71,CAMELSH,1,4
CAMELSH__09364500,253,116,CAMELSH,3,1
CAMELSH__09367000,126,58,CAMELSH,1,1
CAMELSH__09367500,173,80,CAMELSH,2,4
CAMELSH__09370600,45,24,CAMELSH,0,3
CAMELSH__09371000,201,86,CAMELSH,2,0
CAMELSH__09371492,217,99,CAMELSH,3,1
CAMELSH__09371520,206,90,CAMELSH,2,0
CAMELSH__09372000,223,96,CAMELSH,3,3
CAMELSH__09372400,36,21,CAMELSH,0,3
CAMELSH__09378170,172,74,CAMELSH,2,4
CAMELSH__09378630,192,84,CAMELSH,2,0
CAMELSH__09379200,240,109,CAMELSH,3,1
CAMELSH__09381800,135,63,CAMELSH,1,4
CAMELSH__09382000,302,129,CAMELSH,4,0
CAMELSH__09386900,168,79,CAMELSH,2,4
CAMELSH__09386950,242,110,CAMELSH,3,2
CAMELSH__09396100,39,17,CAMELSH,0,3
CAMELSH__09400562,131,63,CAMELSH,1,0
CAMELSH__09400568,186,86,CAMELSH,2,2
CAMELSH__09401110,198,90,CAMELSH,2,4
CAMELSH__09401260,240,109,CAMELSH,3,0
CAMELSH__09403000,2,8,CAMELSH,0,2
CAMELSH__09403600,254,109,CAMELSH,3,3
CAMELSH__09404115,199,92,CAMELSH,2,4
CAMELSH__09404208,223,101,CAMELSH,3,0
CAMELSH__09404222,190,88,CAMELSH,2,2
CAMELSH__09404450,276,121,CAMELSH,4,2
CAMELSH__09404900,215,99,CAMELSH,3,2
CAMELSH__09405500,259,117,CAMELSH,3,3
CAMELSH__09406000,275,119,CAMELSH,4,3
CAMELSH__09406100,139,66,CAMELSH,1,0
CAMELSH__09408135,165,75,CAMELSH,2,3
CAMELSH__09408150,265,117,CAMELSH,3,1
CAMELSH__09408195,185,81,CAMELSH,2,1
CAMELSH__09409880,146,65,CAMELSH,1,4
CAMELSH__09410100,162,73,CAMELSH,1,1
CAMELSH__09413000,261,114,CAMELSH,3,0
CAMELSH__09413200,257,112,CAMELSH,3,2
CAMELSH__09413900,238,108,CAMELSH,3,4
CAMELSH__09414900,94,47,CAMELSH,0,2
CAMELSH__09415460,92,47,CAMELSH,0,2
CAMELSH__09415515,34,19,CAMELSH,0,3
CAMELSH__09417500,126,60,CAMELSH,1,3
CAMELSH__09418500,230,105,CAMELSH,3,2
CAMELSH__094196783,182,85,CAMELSH,2,0
CAMELSH__09419696,157,74,CAMELSH,1,0
CAMELSH__09419700,189,84,CAMELSH,2,0
CAMELSH__09419753,211,97,CAMELSH,2,3
CAMELSH__09419800,168,79,CAMELSH,2,1
CAMELSH__09423350,189,88,CAMELSH,2,1
CAMELSH__09424447,146,68,CAMELSH,1,2
CAMELSH__09424450,252,115,CAMELSH,3,4
CAMELSH__09424900,255,114,CAMELSH,3,3
CAMELSH__09430500,258,118,CAMELSH,3,4
CAMELSH__09430600,238,109,CAMELSH,3,2
CAMELSH__09442692,30,20,CAMELSH,0,0
CAMELSH__09444000,255,116,CAMELSH,3,2
CAMELSH__09444200,192,90,CAMELSH,2,3
CAMELSH__09447800,264,120,CAMELSH,3,3
CAMELSH__09460150,171,75,CAMELSH,2,1
CAMELSH__09468500,258,117,CAMELSH,3,1
CAMELSH__09470700,178,84,CAMELSH,2,3
CAMELSH__09470750,182,85,CAMELSH,2,1
CAMELSH__09470800,231,106,CAMELSH,3,4
CAMELSH__09471310,168,78,CAMELSH,2,2
CAMELSH__09471380,180,84,CAMELSH,2,4
CAMELSH__09471400,158,75,CAMELSH,1,0
CAMELSH__09473000,273,121,CAMELSH,4,3
CAMELSH__09480000,258,117,CAMELSH,3,4
CAMELSH__09484000,273,123,CAMELSH,4,4
CAMELSH__09484500,235,106,CAMELSH,3,3
CAMELSH__09484550,173,82,CAMELSH,2,1
CAMELSH__09484600,251,113,CAMELSH,3,1
CAMELSH__09485000,269,122,CAMELSH,4,2
CAMELSH__09485700,228,102,CAMELSH,3,4
CAMELSH__09486590,84,43,CAMELSH,0,2
CAMELSH__09492400,271,122,CAMELSH,4,2
CAMELSH__09494000,276,125,CAMELSH,4,3
CAMELSH__09497700,11,10,CAMELSH,0,1
CAMELSH__09497800,262,118,CAMELSH,3,1
CAMELSH__09497980,285,129,CAMELSH,4,1
CAMELSH__09498503,256,112,CAMELSH,3,3
CAMELSH__09505200,285,129,CAMELSH,4,3
CAMELSH__09505350,284,129,CAMELSH,4,3
CAMELSH__09505800,276,125,CAMELSH,4,0
CAMELSH__09508300,275,122,CAMELSH,4,2
CAMELSH__09510200,256,115,CAMELSH,3,4
CAMELSH__09512280,269,122,CAMELSH,4,3
CAMELSH__09513780,277,126,CAMELSH,4,1
CAMELSH__09516500,186,80,CAMELSH,2,2
CAMELSH__09517000,224,102,CAMELSH,3,4
CAMELSH__09537200,271,123,CAMELSH,4,3
CAMELSH__09537500,167,78,CAMELSH,2,4
CAMELSH__10015700,53,24,CAMELSH,0,4
CAMELSH__10015900,13,8,CAMELSH,0,1
CAMELSH__10020100,197,88,CAMELSH,2,4
CAMELSH__10020300,282,124,CAMELSH,4,0
CAMELSH__10023000,133,61,CAMELSH,1,3
CAMELSH__10026500,26,14,CAMELSH,0,0
CAMELSH__10028500,107,50,CAMELSH,1,2
CAMELSH__10038000,212,94,CAMELSH,2,1
CAMELSH__10039500,191,86,CAMELSH,2,2
CAMELSH__10041000,15,10,CAMELSH,0,2
CAMELSH__10068500,197,90,CAMELSH,2,3
CAMELSH__10093000,20,15,CAMELSH,0,1
CAMELSH__10104700,15,13,CAMELSH,0,4
CAMELSH__10105900,237,109,CAMELSH,3,2
CAMELSH__10109001,42,26,CAMELSH,0,4
CAMELSH__10125500,6,9,CAMELSH,0,1
CAMELSH__10129900,172,80,CAMELSH,2,3
CAMELSH__10143500,64,34,CAMELSH,0,3
CAMELSH__10148200,9,5,CAMELSH,0,2
CAMELSH__10149000,170,79,CAMELSH,2,1
CAMELSH__10149400,164,77,CAMELSH,2,0
CAMELSH__10149500,24,17,CAMELSH,0,4
CAMELSH__10153100,117,57,CAMELSH,1,0
CAMELSH__10153800,34,19,CAMELSH,0,1
CAMELSH__10155500,251,115,CAMELSH,3,0
CAMELSH__10156000,234,107,CAMELSH,3,2
CAMELSH__10157500,149,71,CAMELSH,1,2
CAMELSH__10166430,206,92,CAMELSH,2,3
CAMELSH__10172200,266,121,CAMELSH,4,3
CAMELSH__10172700,254,114,CAMELSH,3,3
CAMELSH__10172800,263,118,CAMELSH,3,0
CAMELSH__10172860,89,45,CAMELSH,0,0
CAMELSH__10172870,195,88,CAMELSH,2,4
CAMELSH__10172875,52,28,CAMELSH,0,1
CAMELSH__10172952,240,106,CAMELSH,3,0
CAMELSH__10173450,201,89,CAMELSH,2,3
CAMELSH__10174500,267,120,CAMELSH,4,4
CAMELSH__10180000,41,24,CAMELSH,0,3
CAMELSH__10183500,277,125,CAMELSH,4,3
CAMELSH__10183900,24,12,CAMELSH,0,3
CAMELSH__10189000,240,109,CAMELSH,3,2
CAMELSH__10191500,101,50,CAMELSH,1,1
CAMELSH__10194000,34,21,CAMELSH,0,3
CAMELSH__10194200,259,117,CAMELSH,3,2
CAMELSH__10205000,104,51,CAMELSH,1,0
CAMELSH__10205030,196,86,CAMELSH,2,4
CAMELSH__10206000,34,19,CAMELSH,0,4
CAMELSH__10215700,26,18,CAMELSH,0,2
CAMELSH__10215900,244,109,CAMELSH,3,0
CAMELSH__10219200,35,15,CAMELSH,0,2
CAMELSH__10224100,45,23,CAMELSH,0,2
CAMELSH__10234500,235,104,CAMELSH,3,4
CAMELSH__10237000,110,52,CAMELSH,1,4
CAMELSH__10239000,104,47,CAMELSH,1,1
CAMELSH__10242000,223,97,CAMELSH,3,2
CAMELSH__10243260,161,75,CAMELSH,1,2
CAMELSH__10243700,235,107,CAMELSH,3,2
CAMELSH__10244950,244,109,CAMELSH,3,4
CAMELSH__10245445,55,29,CAMELSH,0,0
CAMELSH__10245900,93,46,CAMELSH,0,3
CAMELSH__10245910,105,46,CAMELSH,1,1
CAMELSH__10246846,18,10,CAMELSH,0,3
CAMELSH__10249280,262,118,CAMELSH,3,1
CAMELSH__10249300,246,111,CAMELSH,3,2
CAMELSH__10251300,188,87,CAMELSH,2,4
CAMELSH__10256500,266,121,CAMELSH,4,1
CAMELSH__10257500,230,103,CAMELSH,3,4
CAMELSH__10257548,198,92,CAMELSH,2,3
CAMELSH__10257600,219,100,CAMELSH,3,1
CAMELSH__10257720,272,123,CAMELSH,4,0
CAMELSH__10258000,279,125,CAMELSH,4,4
CAMELSH__10258500,270,123,CAMELSH,4,0
CAMELSH__10259000,284,129,CAMELSH,4,2
CAMELSH__10259200,279,124,CAMELSH,4,2
CAMELSH__10260470,7,10,CAMELSH,0,2
CAMELSH__10260500,237,107,CAMELSH,3,1
CAMELSH__10260865,19,15,CAMELSH,0,0
CAMELSH__10260950,123,60,CAMELSH,1,0
CAMELSH__10261500,225,102,CAMELSH,3,4
CAMELSH__10263500,202,94,CAMELSH,2,1
CAMELSH__10289000,22,15,CAMELSH,0,0
CAMELSH__10289500,81,40,CAMELSH,0,3
CAMELSH__10290500,198,89,CAMELSH,2,0
CAMELSH__10291500,156,69,CAMELSH,1,2
CAMELSH__10293000,249,113,CAMELSH,3,1
CAMELSH__10293048,74,39,CAMELSH,0,0
CAMELSH__10293500,244,108,CAMELSH,3,2
CAMELSH__10295500,74,39,CAMELSH,0,0
CAMELSH__10296000,234,106,CAMELSH,3,1
CAMELSH__10296500,256,115,CAMELSH,3,4
CAMELSH__10297500,265,119,CAMELSH,3,4
CAMELSH__10299100,61,33,CAMELSH,0,3
CAMELSH__10300000,244,108,CAMELSH,3,1
CAMELSH__10301500,252,113,CAMELSH,3,1
CAMELSH__10301600,220,101,CAMELSH,3,1
CAMELSH__10301745,195,88,CAMELSH,2,2
CAMELSH__10308200,246,111,CAMELSH,3,0
CAMELSH__10308783,119,56,CAMELSH,1,1
CAMELSH__10308789,180,81,CAMELSH,2,0
CAMELSH__103087891,107,52,CAMELSH,1,1
CAMELSH__10308794,117,57,CAMELSH,1,1
CAMELSH__10308800,164,78,CAMELSH,2,4
CAMELSH__10309000,248,112,CAMELSH,3,2
CAMELSH__10310000,232,106,CAMELSH,3,1
CAMELSH__10310500,268,121,CAMELSH,4,3
CAMELSH__10311000,266,120,CAMELSH,4,4
CAMELSH__10311300,239,107,CAMELSH,3,1
CAMELSH__10311400,259,116,CAMELSH,3,2
CAMELSH__10311700,113,56,CAMELSH,1,2
CAMELSH__10312000,271,119,CAMELSH,4,4
CAMELSH__10312150,268,121,CAMELSH,4,1
CAMELSH__10313400,115,53,CAMELSH,1,4
CAMELSH__10315500,271,121,CAMELSH,4,3
CAMELSH__10315600,96,45,CAMELSH,0,1
CAMELSH__10316500,213,98,CAMELSH,2,1
CAMELSH__10317500,138,65,CAMELSH,1,0
CAMELSH__10318500,237,102,CAMELSH,3,3
CAMELSH__10319900,227,103,CAMELSH,3,1
CAMELSH__10320000,247,112,CAMELSH,3,4
CAMELSH__10321590,179,81,CAMELSH,2,0
CAMELSH__10321940,193,90,CAMELSH,2,4
CAMELSH__10321950,236,101,CAMELSH,3,3
CAMELSH__10322000,249,112,CAMELSH,3,4
CAMELSH__10322150,259,115,CAMELSH,3,2
CAMELSH__10324500,238,107,CAMELSH,3,3
CAMELSH__10324700,112,49,CAMELSH,1,1
CAMELSH__10329000,260,118,CAMELSH,3,2
CAMELSH__10329500,252,115,CAMELSH,3,0
CAMELSH__10336580,145,67,CAMELSH,1,3
CAMELSH__10336645,257,112,CAMELSH,3,2
CAMELSH__10336660,250,112,CAMELSH,3,0
CAMELSH__10336676,232,104,CAMELSH,3,0
CAMELSH__103366993,140,64,CAMELSH,1,1
CAMELSH__103367592,132,63,CAMELSH,1,4
CAMELSH__10336770,134,62,CAMELSH,1,0
CAMELSH__10343500,282,125,CAMELSH,4,0
CAMELSH__10348850,194,89,CAMELSH,2,3
CAMELSH__10349300,255,117,CAMELSH,3,0
CAMELSH__10349495,47,27,CAMELSH,0,2
CAMELSH__10349849,176,83,CAMELSH,2,4
CAMELSH__10349980,232,107,CAMELSH,3,2
CAMELSH__10350400,64,28,CAMELSH,0,3
CAMELSH__10352500,227,101,CAMELSH,3,0
CAMELSH__10353600,34,20,CAMELSH,0,1
CAMELSH__10353750,131,63,CAMELSH,1,2
CAMELSH__10353770,58,32,CAMELSH,0,4
CAMELSH__10353800,126,60,CAMELSH,1,1
CAMELSH__10378500,6,4,CAMELSH,0,3
CAMELSH__10384000,3,8,CAMELSH,0,2
CAMELSH__10388000,13,10,CAMELSH,0,3
CAMELSH__10396000,130,62,CAMELSH,1,3
CAMELSH__10406500,2,7,CAMELSH,0,3
CAMELSH__11014000,273,123,CAMELSH,4,0
CAMELSH__11015000,279,126,CAMELSH,4,3
CAMELSH__11016200,142,68,CAMELSH,1,0
CAMELSH__11022200,273,122,CAMELSH,4,4
CAMELSH__11023000,283,127,CAMELSH,4,0
CAMELSH__11023340,279,126,CAMELSH,4,4
CAMELSH__11025500,271,121,CAMELSH,4,1
CAMELSH__11027000,148,70,CAMELSH,1,3
CAMELSH__11028500,281,126,CAMELSH,4,4
CAMELSH__11042000,246,112,CAMELSH,3,0
CAMELSH__11042400,268,121,CAMELSH,4,4
CAMELSH__11044250,269,122,CAMELSH,4,3
CAMELSH__11044350,267,121,CAMELSH,4,4
CAMELSH__11044800,230,104,CAMELSH,3,0
CAMELSH__11045300,237,109,CAMELSH,3,3
CAMELSH__11046090,64,35,CAMELSH,0,1
CAMELSH__11046100,233,104,CAMELSH,3,0
CAMELSH__11046300,240,110,CAMELSH,3,2
CAMELSH__11046360,192,90,CAMELSH,2,4
CAMELSH__11046530,121,59,CAMELSH,1,3
CAMELSH__11047300,242,104,CAMELSH,3,4
CAMELSH__11048553,87,44,CAMELSH,0,4
CAMELSH__11048600,176,83,CAMELSH,2,0
CAMELSH__11051499,228,105,CAMELSH,3,1
CAMELSH__11055500,264,120,CAMELSH,3,3
CAMELSH__11055800,270,122,CAMELSH,4,3
CAMELSH__11057500,255,116,CAMELSH,3,1
CAMELSH__11058000,56,29,CAMELSH,0,3
CAMELSH__11058500,255,115,CAMELSH,3,2
CAMELSH__11058600,120,58,CAMELSH,1,0
CAMELSH__11059300,231,105,CAMELSH,3,0
CAMELSH__11060400,281,128,CAMELSH,4,4
CAMELSH__11062000,230,104,CAMELSH,3,3
CAMELSH__11063510,257,118,CAMELSH,3,1
CAMELSH__11063680,272,124,CAMELSH,4,1
CAMELSH__11065000,258,117,CAMELSH,3,1
CAMELSH__11069500,217,100,CAMELSH,3,1
CAMELSH__11070465,185,85,CAMELSH,2,3
CAMELSH__11073300,193,88,CAMELSH,2,1
CAMELSH__11073360,284,129,CAMELSH,4,1
CAMELSH__11073495,257,117,CAMELSH,3,1
CAMELSH__11074000,281,128,CAMELSH,4,4
CAMELSH__11075720,280,125,CAMELSH,4,4
CAMELSH__11077500,269,123,CAMELSH,4,0
CAMELSH__11078000,264,118,CAMELSH,3,3
CAMELSH__11085000,284,128,CAMELSH,4,2
CAMELSH__11087020,276,124,CAMELSH,4,4
CAMELSH__11088500,273,123,CAMELSH,4,4
CAMELSH__11089500,275,124,CAMELSH,4,4
CAMELSH__11092450,167,78,CAMELSH,2,1
CAMELSH__11097000,284,128,CAMELSH,4,2
CAMELSH__11098000,268,121,CAMELSH,4,2
CAMELSH__11101250,291,126,CAMELSH,4,1
CAMELSH__11102300,60,32,CAMELSH,0,1
CAMELSH__11105510,23,17,CAMELSH,0,4
CAMELSH__11106550,133,64,CAMELSH,1,4
CAMELSH__11109000,209,92,CAMELSH,2,4
CAMELSH__11109600,251,114,CAMELSH,3,3
CAMELSH__11109800,110,54,CAMELSH,1,2
CAMELSH__11111500,224,101,CAMELSH,3,4
CAMELSH__11113000,246,112,CAMELSH,3,3
CAMELSH__11113500,189,87,CAMELSH,2,0
CAMELSH__11114495,170,74,CAMELSH,2,2
CAMELSH__11118500,265,119,CAMELSH,3,1
CAMELSH__11119500,269,121,CAMELSH,4,3
CAMELSH__11119745,178,77,CAMELSH,2,1
CAMELSH__11119750,251,115,CAMELSH,3,3
CAMELSH__11119940,264,119,CAMELSH,3,2
CAMELSH__11120000,265,118,CAMELSH,3,3
CAMELSH__11120500,243,110,CAMELSH,3,4
CAMELSH__11120520,66,36,CAMELSH,0,1
CAMELSH__11123000,260,119,CAMELSH,3,4
CAMELSH__11123500,265,120,CAMELSH,4,1
CAMELSH__11124500,242,110,CAMELSH,3,0
CAMELSH__11125600,105,51,CAMELSH,1,0
CAMELSH__11128250,229,101,CAMELSH,3,2
CAMELSH__11128500,234,107,CAMELSH,3,3
CAMELSH__11129800,222,101,CAMELSH,3,4
CAMELSH__11132500,264,118,CAMELSH,3,0
CAMELSH__11133000,240,110,CAMELSH,3,2
CAMELSH__11134000,176,78,CAMELSH,2,3
CAMELSH__11134800,118,57,CAMELSH,1,1
CAMELSH__11135800,193,88,CAMELSH,2,3
CAMELSH__11136100,56,32,CAMELSH,0,1
CAMELSH__11136800,240,109,CAMELSH,3,0
CAMELSH__11137900,157,74,CAMELSH,1,1
CAMELSH__11138500,153,71,CAMELSH,1,2
CAMELSH__11140000,169,78,CAMELSH,2,3
CAMELSH__11140585,102,47,CAMELSH,0,4
CAMELSH__11141050,234,106,CAMELSH,3,4
CAMELSH__11141280,264,119,CAMELSH,3,4
CAMELSH__11143000,262,119,CAMELSH,3,3
CAMELSH__11143200,276,124,CAMELSH,4,4
CAMELSH__11143250,274,124,CAMELSH,4,0
CAMELSH__11147500,269,122,CAMELSH,4,2
CAMELSH__11148900,270,119,CAMELSH,4,1
CAMELSH__11149400,276,125,CAMELSH,4,2
CAMELSH__11149900,268,118,CAMELSH,4,1
CAMELSH__11150500,272,121,CAMELSH,4,4
CAMELSH__11151300,265,120,CAMELSH,4,0
CAMELSH__11151870,16,11,CAMELSH,0,4
CAMELSH__11152000,266,121,CAMELSH,4,2
CAMELSH__11152050,198,89,CAMELSH,2,3
CAMELSH__11152600,194,89,CAMELSH,2,2
CAMELSH__11153000,134,65,CAMELSH,1,2
CAMELSH__11153650,166,78,CAMELSH,2,1
CAMELSH__11154700,147,70,CAMELSH,1,1
CAMELSH__11156500,258,118,CAMELSH,3,1
CAMELSH__11157500,203,93,CAMELSH,2,1
CAMELSH__11158600,260,118,CAMELSH,3,3
CAMELSH__11159000,277,125,CAMELSH,4,2
CAMELSH__11162500,282,126,CAMELSH,4,4
CAMELSH__11162570,218,99,CAMELSH,3,3
CAMELSH__11162620,204,94,CAMELSH,2,0
CAMELSH__11166000,214,93,CAMELSH,2,1
CAMELSH__11167800,13,13,CAMELSH,0,0
CAMELSH__11169025,170,80,CAMELSH,2,3
CAMELSH__11169800,151,72,CAMELSH,1,3
CAMELSH__11170000,6,10,CAMELSH,0,2
CAMELSH__11172175,198,91,CAMELSH,2,0
CAMELSH__11172945,229,105,CAMELSH,3,4
CAMELSH__11173200,232,106,CAMELSH,3,3
CAMELSH__11173500,171,80,CAMELSH,2,3
CAMELSH__11173510,205,93,CAMELSH,2,1
CAMELSH__11173575,191,88,CAMELSH,2,2
CAMELSH__11176400,288,130,CAMELSH,4,3
CAMELSH__11176500,291,130,CAMELSH,4,1
CAMELSH__11176900,156,74,CAMELSH,1,4
CAMELSH__11179000,288,129,CAMELSH,4,4
CAMELSH__11180500,292,130,CAMELSH,4,1
CAMELSH__11180700,265,118,CAMELSH,3,1
CAMELSH__11180825,260,116,CAMELSH,3,1
CAMELSH__11180900,201,92,CAMELSH,2,1
CAMELSH__11180960,126,61,CAMELSH,1,4
CAMELSH__11181000,203,92,CAMELSH,2,2
CAMELSH__11181008,293,129,CAMELSH,4,2
CAMELSH__11181040,250,112,CAMELSH,3,1
CAMELSH__11182500,283,127,CAMELSH,4,0
CAMELSH__11200800,278,126,CAMELSH,4,0
CAMELSH__11203580,179,84,CAMELSH,2,1
CAMELSH__11204100,182,84,CAMELSH,2,0
CAMELSH__11224500,271,120,CAMELSH,4,0
CAMELSH__11253310,278,123,CAMELSH,4,2
CAMELSH__11255575,107,48,CAMELSH,1,1
CAMELSH__11264500,280,125,CAMELSH,4,3
CAMELSH__11266500,281,126,CAMELSH,4,4
CAMELSH__11274500,275,122,CAMELSH,4,1
CAMELSH__11274538,178,82,CAMELSH,2,3
CAMELSH__11274630,272,121,CAMELSH,4,3
CAMELSH__11274790,130,63,CAMELSH,1,2
CAMELSH__11284400,284,126,CAMELSH,4,4
CAMELSH__11299600,265,118,CAMELSH,3,4
CAMELSH__11335655,43,24,CAMELSH,0,4
CAMELSH__11336580,145,69,CAMELSH,1,2
CAMELSH__11336585,160,76,CAMELSH,1,3
CAMELSH__11337600,88,45,CAMELSH,0,4
CAMELSH__11355500,50,29,CAMELSH,0,4
CAMELSH__11374000,283,129,CAMELSH,4,0
CAMELSH__11376000,280,127,CAMELSH,4,4
CAMELSH__11379500,273,124,CAMELSH,4,1
CAMELSH__11381500,280,127,CAMELSH,4,1
CAMELSH__11383500,279,127,CAMELSH,4,0
CAMELSH__11390000,275,125,CAMELSH,4,1
CAMELSH__11402000,294,131,CAMELSH,4,0
CAMELSH__11413000,293,127,CAMELSH,4,1
CAMELSH__11418500,274,123,CAMELSH,4,2
CAMELSH__11421000,259,116,CAMELSH,3,1
CAMELSH__11424000,287,127,CAMELSH,4,3
CAMELSH__11427000,280,126,CAMELSH,4,3
CAMELSH__11431800,140,65,CAMELSH,1,2
CAMELSH__11433040,159,72,CAMELSH,1,3
CAMELSH__11446500,275,122,CAMELSH,4,1
CAMELSH__11447293,101,44,CAMELSH,0,2
CAMELSH__11447360,215,99,CAMELSH,3,2
CAMELSH__11449500,123,59,CAMELSH,1,4
CAMELSH__11451000,126,61,CAMELSH,1,2
CAMELSH__11451100,273,124,CAMELSH,4,1
CAMELSH__11451300,244,112,CAMELSH,3,2
CAMELSH__11451715,199,91,CAMELSH,2,3
CAMELSH__11452500,289,128,CAMELSH,4,3
CAMELSH__11453500,201,94,CAMELSH,2,3
CAMELSH__11454000,274,123,CAMELSH,4,4
CAMELSH__11456000,252,112,CAMELSH,3,2
CAMELSH__11458000,294,127,CAMELSH,4,0
CAMELSH__11458433,118,58,CAMELSH,1,4
CAMELSH__11458500,175,82,CAMELSH,2,1
CAMELSH__11459500,279,125,CAMELSH,4,3
CAMELSH__11460000,104,49,CAMELSH,1,3
CAMELSH__11460400,283,127,CAMELSH,4,0
CAMELSH__11460600,122,59,CAMELSH,1,1
CAMELSH__11460750,126,61,CAMELSH,1,1
CAMELSH__11461000,260,117,CAMELSH,3,3
CAMELSH__11461500,288,130,CAMELSH,4,3
CAMELSH__11462000,180,85,CAMELSH,2,2
CAMELSH__11462500,282,127,CAMELSH,4,4
CAMELSH__11463000,271,123,CAMELSH,4,2
CAMELSH__11463170,284,128,CAMELSH,4,4
CAMELSH__11463200,197,90,CAMELSH,2,0
CAMELSH__11463900,81,41,CAMELSH,0,2
CAMELSH__11463980,85,42,CAMELSH,0,4
CAMELSH__11464000,284,128,CAMELSH,4,1
CAMELSH__11465200,106,52,CAMELSH,1,0
CAMELSH__11465350,228,102,CAMELSH,3,2
CAMELSH__11465660,78,38,CAMELSH,0,4
CAMELSH__11465680,195,90,CAMELSH,2,2
CAMELSH__11465690,77,37,CAMELSH,0,1
CAMELSH__11465700,188,86,CAMELSH,2,4
CAMELSH__11465750,189,87,CAMELSH,2,4
CAMELSH__11466065,12,10,CAMELSH,0,4
CAMELSH__11466170,87,42,CAMELSH,0,3
CAMELSH__11466200,96,46,CAMELSH,0,0
CAMELSH__11466320,192,89,CAMELSH,2,2
CAMELSH__11466800,128,62,CAMELSH,1,2
CAMELSH__11467000,290,129,CAMELSH,4,3
CAMELSH__11467200,159,75,CAMELSH,1,1
CAMELSH__11467510,125,61,CAMELSH,1,0
CAMELSH__11468000,266,118,CAMELSH,3,1
CAMELSH__11468500,283,125,CAMELSH,4,3
CAMELSH__11468900,176,82,CAMELSH,2,2
CAMELSH__11469000,279,126,CAMELSH,4,1
CAMELSH__11472160,23,17,CAMELSH,0,4
CAMELSH__11473900,259,115,CAMELSH,3,2
CAMELSH__11475000,280,122,CAMELSH,4,4
CAMELSH__11475560,282,124,CAMELSH,4,1
CAMELSH__11475610,65,35,CAMELSH,0,4
CAMELSH__11475800,232,102,CAMELSH,3,3
CAMELSH__11476500,279,121,CAMELSH,4,1
CAMELSH__11476600,260,114,CAMELSH,3,3
CAMELSH__11477000,283,128,CAMELSH,4,1
CAMELSH__11478500,262,118,CAMELSH,3,2
CAMELSH__11480390,213,98,CAMELSH,2,0
CAMELSH__11481000,217,100,CAMELSH,3,3
CAMELSH__11481200,226,104,CAMELSH,3,4
CAMELSH__11481500,223,98,CAMELSH,3,2
CAMELSH__11482500,285,125,CAMELSH,4,2
CAMELSH__11493500,237,107,CAMELSH,3,2
CAMELSH__11495800,125,61,CAMELSH,1,2
CAMELSH__11497500,5,6,CAMELSH,0,1
CAMELSH__11501000,267,121,CAMELSH,4,1
CAMELSH__11502500,273,124,CAMELSH,4,2
CAMELSH__11507500,274,124,CAMELSH,4,0
CAMELSH__11517000,172,81,CAMELSH,2,3
CAMELSH__11517500,283,129,CAMELSH,4,4
CAMELSH__11519500,279,127,CAMELSH,4,1
CAMELSH__11521500,281,126,CAMELSH,4,4
CAMELSH__11522500,275,121,CAMELSH,4,1
CAMELSH__11523200,281,128,CAMELSH,4,0
CAMELSH__11525500,284,128,CAMELSH,4,2
CAMELSH__11525530,151,72,CAMELSH,1,4
CAMELSH__11525630,105,52,CAMELSH,1,0
CAMELSH__11525655,177,83,CAMELSH,2,1
CAMELSH__11525670,151,72,CAMELSH,1,1
CAMELSH__11525854,149,71,CAMELSH,1,2
CAMELSH__11526250,149,71,CAMELSH,1,0
CAMELSH__11526400,146,70,CAMELSH,1,2
CAMELSH__11526500,48,27,CAMELSH,0,0
CAMELSH__11527000,266,118,CAMELSH,3,4
CAMELSH__11528700,277,121,CAMELSH,4,2
CAMELSH__11530000,274,122,CAMELSH,4,2
CAMELSH__11532500,284,128,CAMELSH,4,0
CAMELSH__12010000,288,131,CAMELSH,4,3
CAMELSH__12013500,286,130,CAMELSH,4,0
CAMELSH__12017000,17,15,CAMELSH,0,1
CAMELSH__12020000,269,122,CAMELSH,4,1
CAMELSH__12020800,112,51,CAMELSH,1,1
CAMELSH__12024000,117,53,CAMELSH,1,0
CAMELSH__12024400,114,51,CAMELSH,1,0
CAMELSH__12025000,276,126,CAMELSH,4,0
CAMELSH__12025700,289,131,CAMELSH,4,3
CAMELSH__12026150,280,127,CAMELSH,4,0
CAMELSH__12026400,122,60,CAMELSH,1,1
CAMELSH__12027500,292,132,CAMELSH,4,3
CAMELSH__12031000,273,124,CAMELSH,4,1
CAMELSH__12035000,291,132,CAMELSH,4,0
CAMELSH__12035002,13,13,CAMELSH,0,1
CAMELSH__12035400,265,121,CAMELSH,4,0
CAMELSH__12035450,35,17,CAMELSH,0,2
CAMELSH__12036000,271,122,CAMELSH,4,1
CAMELSH__12037400,279,127,CAMELSH,4,2
CAMELSH__12039005,153,73,CAMELSH,1,4
CAMELSH__12039500,267,122,CAMELSH,4,2
CAMELSH__12040500,278,126,CAMELSH,4,1
CAMELSH__12041200,260,119,CAMELSH,3,0
CAMELSH__12043000,260,119,CAMELSH,3,3
CAMELSH__12043300,246,109,CAMELSH,3,0
CAMELSH__12044900,78,41,CAMELSH,0,0
CAMELSH__12045500,270,122,CAMELSH,4,0
CAMELSH__12048000,265,120,CAMELSH,4,0
CAMELSH__12052210,225,104,CAMELSH,3,3
CAMELSH__12054000,263,119,CAMELSH,3,0
CAMELSH__12056500,281,128,CAMELSH,4,0
CAMELSH__12058790,119,58,CAMELSH,1,4
CAMELSH__12059500,273,123,CAMELSH,4,2
CAMELSH__12060500,222,102,CAMELSH,3,1
CAMELSH__12073500,270,123,CAMELSH,4,4
CAMELSH__12076800,141,68,CAMELSH,1,3
CAMELSH__12079000,282,128,CAMELSH,4,3
CAMELSH__12080010,254,116,CAMELSH,3,1
CAMELSH__12082500,274,124,CAMELSH,4,0
CAMELSH__12083000,239,110,CAMELSH,3,4
CAMELSH__12086500,290,132,CAMELSH,4,1
CAMELSH__12087000,249,114,CAMELSH,3,4
CAMELSH__12088000,223,103,CAMELSH,3,3
CAMELSH__12089500,292,132,CAMELSH,4,2
CAMELSH__12090400,194,90,CAMELSH,2,4
CAMELSH__12090500,223,103,CAMELSH,3,3
CAMELSH__12091100,239,106,CAMELSH,3,2
CAMELSH__12091200,280,124,CAMELSH,4,1
CAMELSH__12091290,83,39,CAMELSH,0,0
CAMELSH__12091300,99,46,CAMELSH,0,0
CAMELSH__12091500,180,85,CAMELSH,2,2
CAMELSH__12092000,274,124,CAMELSH,4,3
CAMELSH__12093500,275,125,CAMELSH,4,3
CAMELSH__12094000,247,113,CAMELSH,3,3
CAMELSH__12095000,270,123,CAMELSH,4,0
CAMELSH__12096500,132,64,CAMELSH,1,0
CAMELSH__12097500,261,115,CAMELSH,3,1
CAMELSH__12097850,174,80,CAMELSH,2,2
CAMELSH__12098500,88,45,CAMELSH,0,2
CAMELSH__12099200,157,73,CAMELSH,1,0
CAMELSH__12099600,288,129,CAMELSH,4,1
CAMELSH__12100000,106,51,CAMELSH,1,2
CAMELSH__12100496,91,44,CAMELSH,0,2
CAMELSH__12101500,282,125,CAMELSH,4,4
CAMELSH__12102190,138,65,CAMELSH,1,1
CAMELSH__12104500,12,12,CAMELSH,0,2
CAMELSH__12105900,127,61,CAMELSH,1,4
CAMELSH__12106700,289,131,CAMELSH,4,0
CAMELSH__12108500,262,119,CAMELSH,3,0
CAMELSH__12112600,271,124,CAMELSH,4,4
CAMELSH__12113000,293,132,CAMELSH,4,2
CAMELSH__12113347,232,104,CAMELSH,3,2
CAMELSH__12113349,231,105,CAMELSH,3,0
CAMELSH__12114500,281,128,CAMELSH,4,4
CAMELSH__12115000,261,119,CAMELSH,3,3
CAMELSH__12115500,265,119,CAMELSH,3,1
CAMELSH__12115700,228,104,CAMELSH,3,4
CAMELSH__12116400,140,68,CAMELSH,1,3
CAMELSH__12116500,280,125,CAMELSH,4,3
CAMELSH__12117000,264,119,CAMELSH,3,3
CAMELSH__12117500,293,133,CAMELSH,4,1
CAMELSH__12117600,256,117,CAMELSH,3,2
CAMELSH__12118500,146,70,CAMELSH,1,4
CAMELSH__12119000,302,133,CAMELSH,4,4
CAMELSH__12120000,243,111,CAMELSH,3,0
CAMELSH__12120600,279,127,CAMELSH,4,3
CAMELSH__12121600,294,133,CAMELSH,4,3
CAMELSH__12125200,115,57,CAMELSH,1,4
CAMELSH__12128000,122,60,CAMELSH,1,0
CAMELSH__12134500,289,131,CAMELSH,4,2
CAMELSH__12135000,32,20,CAMELSH,0,0
CAMELSH__12137290,254,116,CAMELSH,3,3
CAMELSH__12137800,283,127,CAMELSH,4,4
CAMELSH__12138160,256,117,CAMELSH,3,2
CAMELSH__12141300,280,127,CAMELSH,4,3
CAMELSH__12142000,279,127,CAMELSH,4,3
CAMELSH__12143400,274,124,CAMELSH,4,4
CAMELSH__12143600,276,124,CAMELSH,4,3
CAMELSH__12143700,269,121,CAMELSH,4,0
CAMELSH__12143900,267,116,CAMELSH,3,2
CAMELSH__12144000,270,122,CAMELSH,4,2
CAMELSH__12144500,289,131,CAMELSH,4,1
CAMELSH__12145500,284,129,CAMELSH,4,0
CAMELSH__12147500,200,92,CAMELSH,2,1
CAMELSH__12147600,283,128,CAMELSH,4,3
CAMELSH__12148000,284,129,CAMELSH,4,2
CAMELSH__12148300,279,123,CAMELSH,4,0
CAMELSH__12148500,290,132,CAMELSH,4,2
CAMELSH__12149000,289,131,CAMELSH,4,4
CAMELSH__12150800,264,119,CAMELSH,3,2
CAMELSH__12155300,247,113,CAMELSH,3,3
CAMELSH__12157250,167,79,CAMELSH,2,1
CAMELSH__12158010,137,66,CAMELSH,1,0
CAMELSH__12158040,179,84,CAMELSH,2,2
CAMELSH__12167000,270,123,CAMELSH,4,4
CAMELSH__12175500,257,114,CAMELSH,3,1
CAMELSH__12178100,238,108,CAMELSH,3,0
CAMELSH__12179900,193,90,CAMELSH,2,0
CAMELSH__12181100,27,16,CAMELSH,0,0
CAMELSH__12181200,95,48,CAMELSH,0,2
CAMELSH__12182500,136,66,CAMELSH,1,3
CAMELSH__12186000,291,127,CAMELSH,4,1
CAMELSH__12189500,270,123,CAMELSH,4,2
CAMELSH__12193500,161,76,CAMELSH,2,4
CAMELSH__12201500,214,98,CAMELSH,2,2
CAMELSH__12201950,122,60,CAMELSH,1,4
CAMELSH__12201960,154,73,CAMELSH,1,1
CAMELSH__12202300,175,81,CAMELSH,2,1
CAMELSH__12202310,158,75,CAMELSH,1,1
CAMELSH__12205000,283,129,CAMELSH,4,0
CAMELSH__12206900,75,38,CAMELSH,0,3
CAMELSH__12207750,69,37,CAMELSH,0,4
CAMELSH__12207850,72,36,CAMELSH,0,3
CAMELSH__12208000,222,102,CAMELSH,3,0
CAMELSH__12209000,117,54,CAMELSH,1,0
CAMELSH__12209490,192,86,CAMELSH,2,2
CAMELSH__12210000,117,57,CAMELSH,1,1
CAMELSH__12210500,100,49,CAMELSH,0,1
CAMELSH__12210700,153,69,CAMELSH,1,1
CAMELSH__12210900,175,83,CAMELSH,2,3
CAMELSH__12213100,271,123,CAMELSH,4,4
CAMELSH__12301300,124,60,CAMELSH,1,0
CAMELSH__12302055,243,110,CAMELSH,3,4
CAMELSH__12303500,14,11,CAMELSH,0,1
CAMELSH__12323240,205,95,CAMELSH,2,4
CAMELSH__12323250,264,120,CAMELSH,3,0
CAMELSH__12323600,190,82,CAMELSH,2,2
CAMELSH__12323670,133,63,CAMELSH,1,2
CAMELSH__12323700,131,62,CAMELSH,1,1
CAMELSH__12323710,117,56,CAMELSH,1,3
CAMELSH__12323720,162,77,CAMELSH,2,3
CAMELSH__12323750,239,104,CAMELSH,3,2
CAMELSH__12323760,197,92,CAMELSH,2,4
CAMELSH__12323770,211,95,CAMELSH,2,4
CAMELSH__12323800,203,94,CAMELSH,2,1
CAMELSH__12323840,139,66,CAMELSH,1,4
CAMELSH__12323850,145,69,CAMELSH,1,3
CAMELSH__12324200,221,101,CAMELSH,3,0
CAMELSH__12324590,190,86,CAMELSH,2,4
CAMELSH__12324680,209,95,CAMELSH,2,1
CAMELSH__12325500,168,79,CAMELSH,2,1
CAMELSH__12329500,205,94,CAMELSH,2,0
CAMELSH__12330000,209,95,CAMELSH,2,2
CAMELSH__12331500,172,80,CAMELSH,2,3
CAMELSH__12331800,244,107,CAMELSH,3,4
CAMELSH__12332000,165,75,CAMELSH,2,0
CAMELSH__12334510,237,102,CAMELSH,3,0
CAMELSH__12334550,245,112,CAMELSH,3,0
CAMELSH__12335100,146,69,CAMELSH,1,2
CAMELSH__12335500,174,80,CAMELSH,2,4
CAMELSH__12338300,200,93,CAMELSH,2,0
CAMELSH__12340000,216,99,CAMELSH,3,2
CAMELSH__12342500,253,112,CAMELSH,3,1
CAMELSH__12343400,10,10,CAMELSH,0,1
CAMELSH__12344000,236,106,CAMELSH,3,1
CAMELSH__12346500,6,8,CAMELSH,0,4
CAMELSH__12350250,120,55,CAMELSH,1,0
CAMELSH__12351200,31,19,CAMELSH,0,3
CAMELSH__12352500,228,104,CAMELSH,3,3
CAMELSH__12354000,166,78,CAMELSH,2,1
CAMELSH__12358500,186,87,CAMELSH,2,0
CAMELSH__12359800,137,63,CAMELSH,1,4
CAMELSH__12362500,200,92,CAMELSH,2,2
CAMELSH__12365000,48,21,CAMELSH,0,4
CAMELSH__12365700,91,44,CAMELSH,0,3
CAMELSH__12366000,45,19,CAMELSH,0,3
CAMELSH__12366080,75,38,CAMELSH,0,2
CAMELSH__12370000,256,116,CAMELSH,3,4
CAMELSH__12374250,139,66,CAMELSH,1,3
CAMELSH__12375900,163,76,CAMELSH,2,2
CAMELSH__12377150,240,109,CAMELSH,3,2
CAMELSH__12381400,202,91,CAMELSH,2,0
CAMELSH__12383500,118,56,CAMELSH,1,1
CAMELSH__12387450,15,11,CAMELSH,0,1
CAMELSH__12388200,43,24,CAMELSH,0,1
CAMELSH__12388400,104,50,CAMELSH,1,2
CAMELSH__12389500,205,95,CAMELSH,2,3
CAMELSH__12390700,230,99,CAMELSH,3,3
CAMELSH__12392155,249,109,CAMELSH,3,3
CAMELSH__12392300,61,32,CAMELSH,0,2
CAMELSH__12394000,109,49,CAMELSH,1,1
CAMELSH__12395000,265,114,CAMELSH,3,0
CAMELSH__12396900,53,29,CAMELSH,0,4
CAMELSH__12397100,194,85,CAMELSH,2,4
CAMELSH__12398000,64,34,CAMELSH,0,3
CAMELSH__12409000,265,119,CAMELSH,3,2
CAMELSH__12411000,217,98,CAMELSH,3,0
CAMELSH__12413000,245,111,CAMELSH,3,4
CAMELSH__12413125,167,78,CAMELSH,2,4
CAMELSH__12413130,149,71,CAMELSH,1,0
CAMELSH__12413140,45,25,CAMELSH,0,0
CAMELSH__12413210,267,116,CAMELSH,3,0
CAMELSH__12413355,117,58,CAMELSH,1,2
CAMELSH__12413360,91,46,CAMELSH,0,4
CAMELSH__12413370,165,78,CAMELSH,2,2
CAMELSH__12413445,130,63,CAMELSH,1,1
CAMELSH__12413470,264,116,CAMELSH,3,1
CAMELSH__12413500,263,114,CAMELSH,3,0
CAMELSH__12413860,19,12,CAMELSH,0,4
CAMELSH__12413875,146,69,CAMELSH,1,1
CAMELSH__12414500,229,104,CAMELSH,3,1
CAMELSH__12414900,225,99,CAMELSH,3,3
CAMELSH__12415140,17,11,CAMELSH,0,2
CAMELSH__12416000,28,16,CAMELSH,0,1
CAMELSH__12422990,124,59,CAMELSH,1,4
CAMELSH__12424000,258,118,CAMELSH,3,2
CAMELSH__12431000,289,130,CAMELSH,4,3
CAMELSH__12431500,208,97,CAMELSH,2,3
CAMELSH__12433200,249,114,CAMELSH,3,0
CAMELSH__12433542,82,40,CAMELSH,0,1
CAMELSH__12433890,14,13,CAMELSH,0,1
CAMELSH__12434110,9,10,CAMELSH,0,2
CAMELSH__12434590,117,56,CAMELSH,1,0
CAMELSH__12447383,213,94,CAMELSH,2,3
CAMELSH__12447390,228,105,CAMELSH,3,2
CAMELSH__12448000,212,97,CAMELSH,2,1
CAMELSH__12448500,271,123,CAMELSH,4,4
CAMELSH__12448998,236,106,CAMELSH,3,2
CAMELSH__12449500,246,112,CAMELSH,3,3
CAMELSH__12449950,270,122,CAMELSH,4,0
CAMELSH__12451000,280,126,CAMELSH,4,0
CAMELSH__12452500,126,61,CAMELSH,1,0
CAMELSH__12452800,252,114,CAMELSH,3,4
CAMELSH__12452890,146,70,CAMELSH,1,2
CAMELSH__12452990,212,97,CAMELSH,2,2
CAMELSH__12456500,213,98,CAMELSH,2,3
CAMELSH__12457000,272,123,CAMELSH,4,2
CAMELSH__12458000,236,108,CAMELSH,3,0
CAMELSH__12459000,264,121,CAMELSH,4,1
CAMELSH__12462500,282,127,CAMELSH,4,1
CAMELSH__12464770,78,39,CAMELSH,0,2
CAMELSH__12464800,163,72,CAMELSH,1,0
CAMELSH__12465000,268,120,CAMELSH,4,2
CAMELSH__12465400,177,83,CAMELSH,2,3
CAMELSH__12467000,268,122,CAMELSH,4,2
CAMELSH__12479500,4,8,CAMELSH,0,1
CAMELSH__12484500,285,129,CAMELSH,4,2
CAMELSH__12488500,275,121,CAMELSH,4,3
CAMELSH__12500450,277,125,CAMELSH,4,3
CAMELSH__12502500,271,123,CAMELSH,4,4
CAMELSH__12513000,141,66,CAMELSH,1,3
CAMELSH__13010065,180,81,CAMELSH,2,2
CAMELSH__13011000,234,104,CAMELSH,3,4
CAMELSH__13011500,145,63,CAMELSH,1,1
CAMELSH__13011900,125,55,CAMELSH,1,4
CAMELSH__13013650,216,100,CAMELSH,3,3
CAMELSH__13014500,121,56,CAMELSH,1,1
CAMELSH__13015000,127,55,CAMELSH,1,1
CAMELSH__13016240,19,11,CAMELSH,0,0
CAMELSH__13016305,181,84,CAMELSH,2,1
CAMELSH__13016450,230,103,CAMELSH,3,0
CAMELSH__13018300,229,101,CAMELSH,3,0
CAMELSH__13018350,184,82,CAMELSH,2,0
CAMELSH__13018750,191,82,CAMELSH,2,1
CAMELSH__13022500,169,72,CAMELSH,2,3
CAMELSH__13023000,141,62,CAMELSH,1,2
CAMELSH__13027500,222,96,CAMELSH,3,4
CAMELSH__13039500,168,77,CAMELSH,2,1
CAMELSH__13042500,262,114,CAMELSH,3,0
CAMELSH__13046000,188,88,CAMELSH,2,0
CAMELSH__13046680,79,39,CAMELSH,0,0
CAMELSH__13046995,189,87,CAMELSH,2,4
CAMELSH__13047500,219,95,CAMELSH,3,2
CAMELSH__13047600,196,91,CAMELSH,2,0
CAMELSH__13049500,192,84,CAMELSH,2,1
CAMELSH__13050500,224,98,CAMELSH,3,0
CAMELSH__13052200,190,82,CAMELSH,2,1
CAMELSH__13055000,229,99,CAMELSH,3,4
CAMELSH__13055198,65,30,CAMELSH,0,1
CAMELSH__13055250,128,59,CAMELSH,1,2
CAMELSH__13055340,192,83,CAMELSH,2,2
CAMELSH__13056500,213,92,CAMELSH,2,1
CAMELSH__13057940,177,77,CAMELSH,2,0
CAMELSH__13058000,232,101,CAMELSH,3,4
CAMELSH__13063000,102,48,CAMELSH,0,0
CAMELSH__13066000,212,92,CAMELSH,2,0
CAMELSH__13068500,196,89,CAMELSH,2,1
CAMELSH__13068501,4,9,CAMELSH,0,3
CAMELSH__13073000,236,107,CAMELSH,3,3
CAMELSH__13075000,254,110,CAMELSH,3,3
CAMELSH__13075500,233,102,CAMELSH,3,2
CAMELSH__13075910,231,100,CAMELSH,3,3
CAMELSH__13075983,260,115,CAMELSH,3,4
CAMELSH__13078000,236,107,CAMELSH,3,3
CAMELSH__13082500,236,101,CAMELSH,3,3
CAMELSH__13083000,282,122,CAMELSH,4,3
CAMELSH__13092747,241,105,CAMELSH,3,0
CAMELSH__13105000,233,105,CAMELSH,3,0
CAMELSH__13108150,264,117,CAMELSH,3,2
CAMELSH__13112000,245,106,CAMELSH,3,4
CAMELSH__13113000,33,15,CAMELSH,0,0
CAMELSH__13116500,189,84,CAMELSH,2,0
CAMELSH__13118700,193,83,CAMELSH,2,0
CAMELSH__13119000,75,34,CAMELSH,0,0
CAMELSH__13120500,179,78,CAMELSH,2,0
CAMELSH__13127000,256,113,CAMELSH,3,0
CAMELSH__13132500,236,103,CAMELSH,3,3
CAMELSH__13132520,196,86,CAMELSH,2,4
CAMELSH__13132535,203,89,CAMELSH,2,3
CAMELSH__13132565,165,76,CAMELSH,2,0
CAMELSH__13135500,91,46,CAMELSH,0,3
CAMELSH__13139500,108,53,CAMELSH,1,2
CAMELSH__13140800,212,98,CAMELSH,2,0
CAMELSH__13141000,37,23,CAMELSH,0,3
CAMELSH__13141500,266,118,CAMELSH,3,1
CAMELSH__13142500,257,113,CAMELSH,3,4
CAMELSH__13147900,157,72,CAMELSH,1,3
CAMELSH__13148500,187,83,CAMELSH,2,3
CAMELSH__13150430,255,114,CAMELSH,3,4
CAMELSH__13152500,244,106,CAMELSH,3,0
CAMELSH__13153500,101,45,CAMELSH,0,0
CAMELSH__13159800,232,104,CAMELSH,3,3
CAMELSH__13161500,212,97,CAMELSH,2,2
CAMELSH__13162225,186,86,CAMELSH,2,0
CAMELSH__13168500,264,119,CAMELSH,3,0
CAMELSH__13169500,99,45,CAMELSH,0,2
CAMELSH__13174500,191,89,CAMELSH,2,3
CAMELSH__13175100,183,84,CAMELSH,2,3
CAMELSH__13185000,217,100,CAMELSH,3,1
CAMELSH__13186000,237,106,CAMELSH,3,2
CAMELSH__13190500,262,117,CAMELSH,3,3
CAMELSH__13200000,202,91,CAMELSH,2,4
CAMELSH__13202000,67,35,CAMELSH,0,4
CAMELSH__13204640,138,66,CAMELSH,1,2
CAMELSH__13206000,210,93,CAMELSH,2,0
CAMELSH__13215000,71,38,CAMELSH,0,3
CAMELSH__13216500,8,7,CAMELSH,0,1
CAMELSH__13217500,73,37,CAMELSH,0,1
CAMELSH__13235000,186,81,CAMELSH,2,4
CAMELSH__13236500,236,105,CAMELSH,3,0
CAMELSH__13237920,181,83,CAMELSH,2,3
CAMELSH__13239000,213,97,CAMELSH,2,2
CAMELSH__13240000,163,74,CAMELSH,2,3
CAMELSH__13245000,58,32,CAMELSH,0,1
CAMELSH__13246000,255,115,CAMELSH,3,0
CAMELSH__13247500,244,108,CAMELSH,3,1
CAMELSH__13249500,251,114,CAMELSH,3,0
CAMELSH__13250000,176,79,CAMELSH,2,3
CAMELSH__13251000,252,114,CAMELSH,3,3
CAMELSH__13258500,250,114,CAMELSH,3,3
CAMELSH__13265500,168,79,CAMELSH,2,2
CAMELSH__13266000,236,105,CAMELSH,3,3
CAMELSH__13275300,9,10,CAMELSH,0,2
CAMELSH__13290190,23,16,CAMELSH,0,0
CAMELSH__13292000,189,86,CAMELSH,2,2
CAMELSH__13295000,204,90,CAMELSH,2,3
CAMELSH__13296500,210,95,CAMELSH,2,3
CAMELSH__13297330,246,110,CAMELSH,3,1
CAMELSH__13297350,122,59,CAMELSH,1,0
CAMELSH__13297355,201,87,CAMELSH,2,3
CAMELSH__13302005,237,105,CAMELSH,3,1
CAMELSH__13302500,235,108,CAMELSH,3,2
CAMELSH__13305000,230,104,CAMELSH,3,4
CAMELSH__13305310,198,90,CAMELSH,2,3
CAMELSH__13306385,212,94,CAMELSH,2,3
CAMELSH__13309220,172,75,CAMELSH,2,3
CAMELSH__13310199,208,94,CAMELSH,2,3
CAMELSH__13310700,218,96,CAMELSH,3,4
CAMELSH__13313000,255,116,CAMELSH,3,3
CAMELSH__13316500,250,113,CAMELSH,3,2
CAMELSH__13324300,135,63,CAMELSH,1,3
CAMELSH__13329770,81,42,CAMELSH,0,3
CAMELSH__13330000,109,54,CAMELSH,1,4
CAMELSH__13330300,61,33,CAMELSH,0,2
CAMELSH__13330500,75,38,CAMELSH,0,1
CAMELSH__13331450,32,21,CAMELSH,0,0
CAMELSH__13331500,256,115,CAMELSH,3,0
CAMELSH__13333000,275,122,CAMELSH,4,3
CAMELSH__13334450,142,68,CAMELSH,1,1
CAMELSH__13334700,32,21,CAMELSH,0,2
CAMELSH__13335050,249,111,CAMELSH,3,3
CAMELSH__13336500,252,114,CAMELSH,3,3
CAMELSH__13337000,245,111,CAMELSH,3,2
CAMELSH__13337500,72,35,CAMELSH,0,1
CAMELSH__13338500,250,108,CAMELSH,3,0
CAMELSH__13339500,247,107,CAMELSH,3,3
CAMELSH__13340600,261,118,CAMELSH,3,0
CAMELSH__13341570,153,73,CAMELSH,1,3
CAMELSH__13342295,119,58,CAMELSH,1,3
CAMELSH__13342340,113,55,CAMELSH,1,0
CAMELSH__13342450,251,110,CAMELSH,3,4
CAMELSH__13344500,240,109,CAMELSH,3,3
CAMELSH__13345000,249,108,CAMELSH,3,1
CAMELSH__13346800,265,115,CAMELSH,3,2
CAMELSH__13348000,171,80,CAMELSH,2,3
CAMELSH__13351000,276,125,CAMELSH,4,4
CAMELSH__14010000,8,10,CAMELSH,0,3
CAMELSH__14010800,8,11,CAMELSH,0,3
CAMELSH__14013000,278,126,CAMELSH,4,2
CAMELSH__14013700,183,80,CAMELSH,2,2
CAMELSH__14015000,278,127,CAMELSH,4,0
CAMELSH__14018500,248,111,CAMELSH,3,2
CAMELSH__14020000,269,121,CAMELSH,4,2
CAMELSH__14020300,266,118,CAMELSH,3,1
CAMELSH__14020850,222,102,CAMELSH,3,2
CAMELSH__14021000,4,8,CAMELSH,0,4
CAMELSH__14026000,13,8,CAMELSH,0,3
CAMELSH__14033500,281,127,CAMELSH,4,1
CAMELSH__14034470,256,117,CAMELSH,3,2
CAMELSH__14034480,94,46,CAMELSH,0,0
CAMELSH__14034500,272,124,CAMELSH,4,4
CAMELSH__14034608,114,56,CAMELSH,1,3
CAMELSH__14036860,122,59,CAMELSH,1,4
CAMELSH__14038530,261,117,CAMELSH,3,3
CAMELSH__14044000,253,115,CAMELSH,3,4
CAMELSH__14046000,165,78,CAMELSH,2,4
CAMELSH__14046778,126,61,CAMELSH,1,3
CAMELSH__14046890,136,65,CAMELSH,1,4
CAMELSH__14050000,9,10,CAMELSH,0,2
CAMELSH__14050500,12,9,CAMELSH,0,1
CAMELSH__14051000,10,9,CAMELSH,0,2
CAMELSH__14052000,7,8,CAMELSH,0,2
CAMELSH__14054000,9,7,CAMELSH,0,0
CAMELSH__14054500,9,10,CAMELSH,0,0
CAMELSH__14056500,10,10,CAMELSH,0,2
CAMELSH__14057500,10,8,CAMELSH,0,3
CAMELSH__14060000,8,9,CAMELSH,0,3
CAMELSH__14063000,29,18,CAMELSH,0,4
CAMELSH__14064500,12,10,CAMELSH,0,1
CAMELSH__14070500,1,5,CAMELSH,0,0
CAMELSH__14075000,27,16,CAMELSH,0,4
CAMELSH__14076500,283,129,CAMELSH,4,3
CAMELSH__14080500,15,14,CAMELSH,0,2
CAMELSH__14088000,9,7,CAMELSH,0,1
CAMELSH__14090350,153,73,CAMELSH,1,0
CAMELSH__14090400,127,62,CAMELSH,1,4
CAMELSH__14091500,300,136,CAMELSH,4,1
CAMELSH__14092750,277,126,CAMELSH,4,1
CAMELSH__14092885,47,27,CAMELSH,0,4
CAMELSH__14093000,163,76,CAMELSH,2,1
CAMELSH__14095500,162,76,CAMELSH,2,2
CAMELSH__14096300,137,66,CAMELSH,1,0
CAMELSH__14096850,295,134,CAMELSH,4,1
CAMELSH__14097100,297,135,CAMELSH,4,1
CAMELSH__14101500,26,18,CAMELSH,0,1
CAMELSH__14107000,229,106,CAMELSH,3,2
CAMELSH__14111400,215,100,CAMELSH,3,2
CAMELSH__14113000,257,117,CAMELSH,3,0
CAMELSH__14113200,142,68,CAMELSH,1,1
CAMELSH__14118500,19,16,CAMELSH,0,0
CAMELSH__14120000,292,132,CAMELSH,4,3
CAMELSH__14123500,285,129,CAMELSH,4,3
CAMELSH__14134000,2,7,CAMELSH,0,0
CAMELSH__14137000,282,126,CAMELSH,4,0
CAMELSH__14137002,28,19,CAMELSH,0,3
CAMELSH__14138720,248,113,CAMELSH,3,3
CAMELSH__14138800,267,121,CAMELSH,4,0
CAMELSH__14138850,257,117,CAMELSH,3,1
CAMELSH__14138870,274,125,CAMELSH,4,3
CAMELSH__14138900,268,120,CAMELSH,4,1
CAMELSH__14139700,87,44,CAMELSH,0,3
CAMELSH__14139800,289,131,CAMELSH,4,1
CAMELSH__14140000,272,123,CAMELSH,4,2
CAMELSH__14141500,273,122,CAMELSH,4,2
CAMELSH__14142500,266,121,CAMELSH,4,1
CAMELSH__14142800,190,88,CAMELSH,2,1
CAMELSH__14144800,71,38,CAMELSH,0,0
CAMELSH__14145500,299,135,CAMELSH,4,2
CAMELSH__14146500,35,22,CAMELSH,0,4
CAMELSH__14147500,37,23,CAMELSH,0,4
CAMELSH__14148000,293,133,CAMELSH,4,2
CAMELSH__14150000,292,132,CAMELSH,4,3
CAMELSH__14150300,80,40,CAMELSH,0,1
CAMELSH__14150800,179,82,CAMELSH,2,1
CAMELSH__14151000,289,131,CAMELSH,4,2
CAMELSH__14152000,295,134,CAMELSH,4,1
CAMELSH__14152500,50,29,CAMELSH,0,3
CAMELSH__14153500,276,125,CAMELSH,4,3
CAMELSH__14154500,279,127,CAMELSH,4,4
CAMELSH__14155500,277,124,CAMELSH,4,4
CAMELSH__14157500,280,127,CAMELSH,4,3
CAMELSH__14158500,288,131,CAMELSH,4,0
CAMELSH__14158790,277,126,CAMELSH,4,3
CAMELSH__14158850,290,132,CAMELSH,4,2
CAMELSH__14159000,13,13,CAMELSH,0,2
CAMELSH__14159110,13,13,CAMELSH,0,0
CAMELSH__14159200,182,85,CAMELSH,2,3
CAMELSH__14159500,289,131,CAMELSH,4,4
CAMELSH__14161100,72,37,CAMELSH,0,0
CAMELSH__14161500,276,125,CAMELSH,4,1
CAMELSH__14162200,285,130,CAMELSH,4,1
CAMELSH__14162500,290,132,CAMELSH,4,3
CAMELSH__14163000,17,14,CAMELSH,0,1
CAMELSH__14163150,274,125,CAMELSH,4,4
CAMELSH__14163900,274,125,CAMELSH,4,3
CAMELSH__14164700,175,82,CAMELSH,2,3
CAMELSH__14164900,131,63,CAMELSH,1,0
CAMELSH__14165000,274,125,CAMELSH,4,0
CAMELSH__14165500,93,47,CAMELSH,0,3
CAMELSH__14166000,282,128,CAMELSH,4,4
CAMELSH__14166500,280,127,CAMELSH,4,1
CAMELSH__14169000,291,132,CAMELSH,4,4
CAMELSH__14170000,291,132,CAMELSH,4,4
CAMELSH__14171000,182,85,CAMELSH,2,0
CAMELSH__14172000,2,5,CAMELSH,0,3
CAMELSH__14178000,277,125,CAMELSH,4,0
CAMELSH__14179000,197,92,CAMELSH,2,0
CAMELSH__14180300,198,89,CAMELSH,2,1
CAMELSH__14181500,282,127,CAMELSH,4,0
CAMELSH__14182500,281,126,CAMELSH,4,1
CAMELSH__14183000,284,128,CAMELSH,4,1
CAMELSH__14184100,143,69,CAMELSH,1,2
CAMELSH__14185000,283,126,CAMELSH,4,1
CAMELSH__14185900,281,124,CAMELSH,4,4
CAMELSH__14187000,280,125,CAMELSH,4,0
CAMELSH__14187200,280,126,CAMELSH,4,1
CAMELSH__14187500,274,123,CAMELSH,4,2
CAMELSH__14188610,229,106,CAMELSH,3,3
CAMELSH__14188800,149,71,CAMELSH,1,3
CAMELSH__14189000,279,126,CAMELSH,4,0
CAMELSH__14190500,277,126,CAMELSH,4,4
CAMELSH__14192500,10,9,CAMELSH,0,3
CAMELSH__14193000,13,13,CAMELSH,0,0
CAMELSH__14194150,229,105,CAMELSH,3,3
CAMELSH__14194300,15,14,CAMELSH,0,0
CAMELSH__14196000,137,66,CAMELSH,1,1
CAMELSH__14198400,235,105,CAMELSH,3,0
CAMELSH__14198500,20,15,CAMELSH,0,2
CAMELSH__14199704,164,77,CAMELSH,2,2
CAMELSH__14200000,180,85,CAMELSH,2,0
CAMELSH__14201300,200,92,CAMELSH,2,2
CAMELSH__14201340,204,95,CAMELSH,2,1
CAMELSH__14201500,71,38,CAMELSH,0,4
CAMELSH__14202000,189,84,CAMELSH,2,3
CAMELSH__14202980,136,66,CAMELSH,1,0
CAMELSH__14203500,285,128,CAMELSH,4,2
CAMELSH__14205400,131,63,CAMELSH,1,3
CAMELSH__14206900,259,118,CAMELSH,3,2
CAMELSH__14206950,199,91,CAMELSH,2,1
CAMELSH__14207500,261,116,CAMELSH,3,4
CAMELSH__14208700,293,133,CAMELSH,4,4
CAMELSH__14209000,280,127,CAMELSH,4,3
CAMELSH__14209500,289,131,CAMELSH,4,2
CAMELSH__14210000,289,130,CAMELSH,4,4
CAMELSH__14211010,176,82,CAMELSH,2,3
CAMELSH__14211315,173,81,CAMELSH,2,2
CAMELSH__14211400,205,95,CAMELSH,2,0
CAMELSH__14211499,149,71,CAMELSH,1,4
CAMELSH__14211500,276,126,CAMELSH,4,4
CAMELSH__14211550,278,126,CAMELSH,4,1
CAMELSH__14216000,137,66,CAMELSH,1,1
CAMELSH__14216500,195,91,CAMELSH,2,2
CAMELSH__14219000,133,64,CAMELSH,1,4
CAMELSH__14219800,173,81,CAMELSH,2,2
CAMELSH__14220500,194,90,CAMELSH,2,4
CAMELSH__14222500,217,99,CAMELSH,3,0
CAMELSH__14226500,272,124,CAMELSH,4,0
CAMELSH__14231000,242,111,CAMELSH,3,0
CAMELSH__14232500,1,7,CAMELSH,0,4
CAMELSH__14233400,34,22,CAMELSH,0,3
CAMELSH__14236200,288,131,CAMELSH,4,4
CAMELSH__14238000,292,133,CAMELSH,4,2
CAMELSH__14240525,139,67,CAMELSH,1,2
CAMELSH__14241500,105,52,CAMELSH,1,4
CAMELSH__14242580,200,92,CAMELSH,2,3
CAMELSH__14243000,225,100,CAMELSH,3,0
CAMELSH__14299800,173,81,CAMELSH,2,0
CAMELSH__14301000,276,126,CAMELSH,4,0
CAMELSH__14301500,283,128,CAMELSH,4,0
CAMELSH__14302480,213,99,CAMELSH,2,3
CAMELSH__14302900,148,71,CAMELSH,1,3
CAMELSH__14303200,280,127,CAMELSH,4,0
CAMELSH__14303600,130,62,CAMELSH,1,0
CAMELSH__14305500,294,131,CAMELSH,4,3
CAMELSH__14306340,280,127,CAMELSH,4,2
CAMELSH__14306400,6,10,CAMELSH,0,1
CAMELSH__14306500,288,130,CAMELSH,4,2
CAMELSH__14307620,228,105,CAMELSH,3,3
CAMELSH__14308000,272,121,CAMELSH,4,2
CAMELSH__14308500,210,94,CAMELSH,2,0
CAMELSH__14308990,280,124,CAMELSH,4,1
CAMELSH__14309000,272,121,CAMELSH,4,0
CAMELSH__14309500,275,122,CAMELSH,4,2
CAMELSH__14310000,284,127,CAMELSH,4,0
CAMELSH__14311500,81,40,CAMELSH,0,0
CAMELSH__14312000,275,123,CAMELSH,4,1
CAMELSH__14312500,132,62,CAMELSH,1,1
CAMELSH__14313200,155,69,CAMELSH,1,4
CAMELSH__14313500,200,91,CAMELSH,2,2
CAMELSH__14313700,159,76,CAMELSH,1,4
CAMELSH__14314500,263,118,CAMELSH,3,3
CAMELSH__14314700,158,75,CAMELSH,1,1
CAMELSH__14315500,158,75,CAMELSH,1,2
CAMELSH__14315700,157,74,CAMELSH,1,2
CAMELSH__14315950,159,75,CAMELSH,1,3
CAMELSH__14316000,104,52,CAMELSH,1,4
CAMELSH__14316455,159,74,CAMELSH,1,0
CAMELSH__14316495,209,93,CAMELSH,2,4
CAMELSH__14316500,275,125,CAMELSH,4,3
CAMELSH__14316700,280,123,CAMELSH,4,2
CAMELSH__14318000,195,88,CAMELSH,2,1
CAMELSH__14319500,270,121,CAMELSH,4,4
CAMELSH__14319830,39,23,CAMELSH,0,4
CAMELSH__14319835,40,24,CAMELSH,0,3
CAMELSH__14320700,90,44,CAMELSH,0,1
CAMELSH__14320934,126,61,CAMELSH,1,0
CAMELSH__14321000,269,122,CAMELSH,4,4
CAMELSH__14325000,256,114,CAMELSH,3,3
CAMELSH__14328000,140,66,CAMELSH,1,2
CAMELSH__14330000,265,118,CAMELSH,3,1
CAMELSH__14332000,272,122,CAMELSH,4,4
CAMELSH__14334700,14,12,CAMELSH,0,0
CAMELSH__14337500,282,127,CAMELSH,4,4
CAMELSH__14337600,284,121,CAMELSH,4,2
CAMELSH__14337800,82,40,CAMELSH,0,1
CAMELSH__14337870,76,38,CAMELSH,0,1
CAMELSH__14338000,218,96,CAMELSH,3,1
CAMELSH__14339000,232,99,CAMELSH,3,1
CAMELSH__14353000,164,77,CAMELSH,2,2
CAMELSH__14353500,163,77,CAMELSH,2,3
CAMELSH__14354200,262,119,CAMELSH,3,1
CAMELSH__14357500,273,122,CAMELSH,4,1
CAMELSH__14359000,238,102,CAMELSH,3,0
CAMELSH__14361500,250,107,CAMELSH,3,0
CAMELSH__14362000,280,121,CAMELSH,4,1
CAMELSH__14362250,266,118,CAMELSH,3,3
CAMELSH__14366000,245,105,CAMELSH,3,2
CAMELSH__14369500,276,118,CAMELSH,4,1
CAMELSH__14372500,1,3,CAMELSH,0,4
CAMELSH__14375100,136,64,CAMELSH,1,0
CAMELSH__14377100,257,114,CAMELSH,3,2
CAMELSH__14400000,253,115,CAMELSH,3,1
CAMELSH__385106106571000,85,40,CAMELSH,0,1
CAMELSH__392547106023400,3,5,CAMELSH,0,4
CAMELSH__393109104464500,250,112,CAMELSH,3,1
CAMELSH__394220106431500,100,48,CAMELSH,0,3
CAMELSH__394308105413800,83,40,CAMELSH,0,0
CAMELSH__394839104570300,100,50,CAMELSH,0,2
CAMELSH__401733105392404,55,30,CAMELSH,0,0
CAMELSH__402114105350101,98,46,CAMELSH,0,2
CAMELSH__402913084285400,103,51,CAMELSH,1,0
Germany__10032009,122,52,Germany,1,4
Germany__11401009,293,133,Germany,4,3
Germany__11402001,293,133,Germany,4,3
Germany__11405000,295,133,Germany,4,1
Germany__11411104,293,133,Germany,4,1
Germany__11412107,293,133,Germany,4,0
Germany__11416006,292,132,Germany,4,4
Germany__11417100,51,29,Germany,0,1
Germany__11418250,40,25,Germany,0,1
Germany__11419004,293,133,Germany,4,1
Germany__11425200,293,133,Germany,4,3
Germany__11427603,293,133,Germany,4,0
Germany__11432002,293,133,Germany,4,4
Germany__11434008,293,133,Germany,4,4
Germany__11438015,293,133,Germany,4,1
Germany__11443009,310,140,Germany,4,0
Germany__11445004,293,133,Germany,4,0
Germany__11455201,293,133,Germany,4,4
Germany__11465001,293,133,Germany,4,3
Germany__11495002,293,133,Germany,4,3
Germany__11498000,269,122,Germany,4,3
Germany__11548007,333,150,Germany,4,1
Germany__11582300,293,132,Germany,4,1
Germany__11583303,293,133,Germany,4,0
Germany__11584000,293,133,Germany,4,3
Germany__11609000,293,132,Germany,4,2
Germany__11649004,293,133,Germany,4,3
Germany__11689508,268,122,Germany,4,0
Germany__11723504,310,140,Germany,4,4
Germany__11744005,293,133,Germany,4,3
Germany__11802509,268,122,Germany,4,1
Germany__11805008,268,122,Germany,4,0
Germany__11808006,268,122,Germany,4,1
Germany__11809009,268,122,Germany,4,1
Germany__11840508,285,129,Germany,4,4
Germany__11864007,268,122,Germany,4,1
Germany__11921701,335,150,Germany,4,0
Germany__11942009,335,151,Germany,4,4
Germany__11944004,335,151,Germany,4,1
Germany__11946000,334,150,Germany,4,3
Germany__12002009,293,133,Germany,4,4
Germany__12003001,293,133,Germany,4,3
Germany__12003500,291,132,Germany,4,0
Germany__12006000,293,133,Germany,4,2
Germany__12183005,292,132,Germany,4,4
Germany__12186003,292,132,Germany,4,4
Germany__12313009,293,133,Germany,4,3
Germany__12314001,292,132,Germany,4,2
Germany__12321007,284,129,Germany,4,4
Germany__12327003,65,35,Germany,0,0
Germany__12335001,292,132,Germany,4,2
Germany__12393201,268,122,Germany,4,4
Germany__12401004,293,133,Germany,4,0
Germany__12402007,293,133,Germany,4,3
Germany__12404002,291,132,Germany,4,4
Germany__12404705,292,132,Germany,4,1
Germany__12405005,292,132,Germany,4,1
Germany__12406008,293,133,Germany,4,4
Germany__12412000,300,136,Germany,4,4
Germany__12418007,293,133,Germany,4,3
Germany__12425002,293,133,Germany,4,4
Germany__12433102,60,33,Germany,0,1
Germany__12445000,292,132,Germany,4,0
Germany__12465007,293,133,Germany,4,3
Germany__12483009,293,133,Germany,4,4
Germany__12483100,171,76,Germany,2,0
Germany__13124001,343,154,Germany,4,1
Germany__13201000,251,115,Germany,3,2
Germany__13202003,292,132,Germany,4,2
Germany__13206004,293,133,Germany,4,2
Germany__13208000,293,133,Germany,4,1
Germany__13217000,335,151,Germany,4,0
Germany__13242008,256,117,Germany,3,4
Germany__13242507,287,130,Germany,4,4
Germany__13321002,334,150,Germany,4,3
Germany__13322005,335,151,Germany,4,2
Germany__13325207,18,15,Germany,0,3
Germany__13325502,226,104,Germany,3,0
Germany__13400903,326,147,Germany,4,3
Germany__13402807,326,147,Germany,4,4
Germany__13405408,326,147,Germany,4,0
Germany__13406105,326,147,Germany,4,0
Germany__13407200,326,147,Germany,4,3
Germany__13407902,260,119,Germany,3,3
Germany__13424901,326,147,Germany,4,2
Germany__13450300,326,147,Germany,4,1
Germany__13465002,326,147,Germany,4,1
Germany__13483004,320,145,Germany,4,2
Germany__13491002,325,147,Germany,4,0
Germany__13922002,335,151,Germany,4,4
Germany__13926207,336,151,Germany,4,2
Germany__14002305,333,150,Germany,4,4
Germany__14006000,336,151,Germany,4,0
Germany__14008006,336,151,Germany,4,3
Germany__14101205,332,149,Germany,4,4
Germany__14107008,352,158,Germany,4,1
Germany__14108000,333,150,Germany,4,4
Germany__14114003,333,150,Germany,4,0
Germany__14116009,161,77,Germany,2,4
Germany__14124007,334,150,Germany,4,0
Germany__14198105,82,43,Germany,0,4
Germany__14198309,84,43,Germany,0,1
Germany__14201108,335,150,Germany,4,0
Germany__14209008,334,150,Germany,4,2
Germany__14244803,334,150,Germany,4,3
Germany__14361206,87,45,Germany,0,4
Germany__14362005,335,150,Germany,4,4
Germany__14364000,334,150,Germany,4,3
Germany__14402008,344,154,Germany,4,3
Germany__14402507,344,154,Germany,4,3
Germany__14405200,337,151,Germany,4,4
Germany__14406508,342,154,Germany,4,2
Germany__14408004,318,143,Germany,4,4
Germany__14426006,336,151,Germany,4,1
Germany__14465008,337,151,Germany,4,0
Germany__14486008,334,150,Germany,4,4
Germany__14602007,335,151,Germany,4,0
Germany__14604002,335,151,Germany,4,1
Germany__14606008,335,151,Germany,4,3
Germany__14608003,335,151,Germany,4,2
Germany__14644801,310,140,Germany,4,2
Germany__14685004,335,151,Germany,4,0
Germany__15202300,323,146,Germany,4,1
Germany__15205501,324,146,Germany,4,0
Germany__15207507,323,145,Germany,4,3
Germany__15210206,335,151,Germany,4,4
Germany__15212008,333,150,Germany,4,4
Germany__15212700,330,148,Germany,4,1
Germany__15213500,334,150,Germany,4,3
Germany__15214003,288,130,Germany,4,3
Germany__15214604,339,152,Germany,4,3
Germany__15216009,333,150,Germany,4,2
Germany__15217908,333,150,Germany,4,3
Germany__15221009,345,155,Germany,4,1
Germany__15228008,344,155,Germany,4,1
Germany__15241006,343,154,Germany,4,1
Germany__15242304,97,49,Germany,0,4
Germany__15242508,20,16,Germany,0,3
Germany__15243001,326,147,Germany,4,3
Germany__15246000,326,147,Germany,4,1
Germany__15247002,341,153,Germany,4,3
Germany__15247501,321,145,Germany,4,0
Germany__15314008,342,154,Germany,4,2
Germany__15315000,341,153,Germany,4,1
Germany__15325004,293,133,Germany,4,0
Germany__15408000,324,146,Germany,4,0
Germany__15422500,351,157,Germany,4,0
Germany__15916000,343,154,Germany,4,4
Germany__15935504,325,147,Germany,4,4
Germany__15993001,350,157,Germany,4,2
Germany__16002500,335,151,Germany,4,0
Germany__16003003,335,151,Germany,4,0
Germany__16004006,335,151,Germany,4,2
Germany__16004403,335,151,Germany,4,2
Germany__16005701,268,122,Germany,4,0
Germany__16006500,268,122,Germany,4,4
Germany__16007004,268,122,Germany,4,1
Germany__16007106,311,140,Germany,4,2
Germany__16008007,268,122,Germany,4,4
Germany__16008506,268,122,Germany,4,3
Germany__16124950,335,151,Germany,4,4
Germany__16145008,335,151,Germany,4,4
Germany__16166008,277,126,Germany,4,1
Germany__16326002,335,151,Germany,4,4
Germany__16345007,334,150,Germany,4,0
Germany__16391004,335,151,Germany,4,1
Germany__16395005,333,150,Germany,4,1
Germany__16401006,335,151,Germany,4,4
Germany__16402009,335,151,Germany,4,4
Germany__16403001,279,127,Germany,4,2
Germany__16404106,99,50,Germany,0,4
Germany__16404900,325,146,Germany,4,1
Germany__16407002,335,151,Germany,4,2
Germany__16455005,335,151,Germany,4,3
Germany__16495000,334,150,Germany,4,3
Germany__16515005,260,118,Germany,3,4
Germany__16516008,271,123,Germany,4,0
Germany__16518502,191,89,Germany,2,3
Germany__16527503,335,151,Germany,4,1
Germany__16602303,335,151,Germany,4,1
Germany__16603000,335,151,Germany,4,2
Germany__16605006,335,151,Germany,4,1
Germany__16606009,293,133,Germany,4,0
Germany__16607001,335,151,Germany,4,0
Germany__16610709,335,151,Germany,4,2
Germany__16612001,335,151,Germany,4,2
Germany__16613004,335,151,Germany,4,4
Germany__16615203,335,151,Germany,4,0
Germany__16616002,333,150,Germany,4,1
Germany__16618008,335,151,Germany,4,3
Germany__16625003,335,151,Germany,4,1
Germany__16642002,335,151,Germany,4,3
Germany__16644050,335,151,Germany,4,3
Germany__16646400,57,32,Germany,0,0
Germany__16647458,285,129,Germany,4,1
Germany__16658002,84,43,Germany,0,0
Germany__16665008,335,151,Germany,4,0
Germany__16666000,302,137,Germany,4,2
Germany__16667604,335,151,Germany,4,1
Germany__16668403,333,150,Germany,4,4
Germany__16668800,335,151,Germany,4,1
Germany__16669009,335,151,Germany,4,3
Germany__16683010,80,42,Germany,0,0
Germany__16686008,335,151,Germany,4,0
Germany__16802007,335,150,Germany,4,0
Germany__16805005,333,150,Germany,4,0
Germany__16825002,335,151,Germany,4,1
Germany__16827008,335,151,Germany,4,0
Germany__16965001,326,147,Germany,4,0
Germany__17125006,351,157,Germany,4,2
Germany__17201501,326,147,Germany,4,2
Germany__17204204,327,147,Germany,4,2
Germany__17207508,327,147,Germany,4,2
Germany__17215007,326,147,Germany,4,0
Germany__17225000,325,146,Germany,4,3
Germany__17242000,343,154,Germany,4,3
Germany__17245507,138,67,Germany,1,2
Germany__17325005,342,154,Germany,4,2
Germany__17345002,344,154,Germany,4,4
Germany__17404000,335,151,Germany,4,4
Germany__17406005,335,151,Germany,4,2
Germany__17413000,335,151,Germany,4,3
Germany__17415006,335,151,Germany,4,3
Germany__17418004,253,115,Germany,3,2
Germany__17425000,335,151,Germany,4,3
Germany__17445007,335,151,Germany,4,1
Germany__17464001,335,151,Germany,4,2
Germany__17466007,335,151,Germany,4,3
Germany__17468002,335,151,Germany,4,1
Germany__18000403,326,147,Germany,4,4
Germany__18182005,292,132,Germany,4,0
Germany__18193001,323,145,Germany,4,3
Germany__18196000,326,147,Germany,4,1
Germany__18199008,326,147,Germany,4,3
Germany__18202000,326,147,Germany,4,3
Germany__18203003,326,147,Germany,4,2
Germany__18204006,324,146,Germany,4,3
Germany__18205985,75,40,Germany,0,2
Germany__18209000,326,147,Germany,4,4
Germany__18212004,326,147,Germany,4,4
Germany__18214000,319,144,Germany,4,3
Germany__18216005,325,146,Germany,4,2
Germany__18218000,236,109,Germany,3,1
Germany__18218306,227,105,Germany,3,4
Germany__18226009,325,146,Germany,4,1
Germany__18242005,326,147,Germany,4,4
Germany__18246006,326,147,Germany,4,2
Germany__18261000,322,145,Germany,4,4
Germany__18262002,326,147,Germany,4,3
Germany__18263005,326,147,Germany,4,0
Germany__18284504,325,146,Germany,4,4
Germany__18284606,176,83,Germany,2,1
Germany__18285507,171,81,Germany,2,2
Germany__18286000,326,147,Germany,4,0
Germany__18322002,327,147,Germany,4,4
Germany__18343002,326,147,Germany,4,4
Germany__18346000,326,147,Germany,4,3
Germany__18381500,326,147,Germany,4,3
Germany__18384509,326,147,Germany,4,3
Germany__18387008,326,147,Germany,4,2
Germany__18403002,268,122,Germany,4,3
Germany__18405008,268,122,Germany,4,1
Germany__18407003,268,122,Germany,4,0
Germany__18408200,296,134,Germany,4,1
Germany__18409009,265,121,Germany,4,3
Germany__18409508,273,124,Germany,4,3
Germany__18454003,270,123,Germany,4,2
Germany__18458503,268,122,Germany,4,4
Germany__18460403,268,122,Germany,4,0
Germany__18461257,111,54,Germany,1,3
Germany__18462205,144,69,Germany,1,2
Germany__18463004,326,147,Germany,4,3
Germany__18465000,325,146,Germany,4,0
Germany__18465600,325,147,Germany,4,2
Germany__18481006,268,122,Germany,4,1
Germany__18483500,268,122,Germany,4,3
Germany__18484503,268,122,Germany,4,4
Germany__18486000,268,122,Germany,4,3
Germany__18487501,268,122,Germany,4,3
Germany__18602009,326,147,Germany,4,0
Germany__18606000,326,147,Germany,4,4
Germany__18620500,326,147,Germany,4,0
Germany__18622006,331,149,Germany,4,1
Germany__18624001,326,147,Germany,4,4
Germany__18625004,326,147,Germany,4,1
Germany__18642003,326,147,Germany,4,0
Germany__18643006,326,147,Germany,4,4
Germany__18646809,326,147,Germany,4,1
Germany__18662000,326,147,Germany,4,3
Germany__18663003,178,84,Germany,2,0
Germany__18666001,326,147,Germany,4,2
Germany__18668007,326,147,Germany,4,3
Germany__18669000,326,147,Germany,4,2
Germany__18683000,326,147,Germany,4,1
Germany__18719006,325,146,Germany,4,0
Germany__18801005,337,151,Germany,4,2
Germany__18803805,337,151,Germany,4,2
Germany__18804706,337,151,Germany,4,0
Germany__18806406,337,151,Germany,4,1
Germany__18808004,337,151,Germany,4,1
Germany__18825003,337,151,Germany,4,2
Germany__18835007,287,130,Germany,4,4
Germany__18838005,262,120,Germany,3,1
Germany__18859005,304,138,Germany,4,4
Germany__19145208,60,33,Germany,0,2
Germany__19168000,294,133,Germany,4,4
Germany__21516505,83,43,Germany,0,3
Germany__21643004,335,151,Germany,4,2
Germany__21645000,335,151,Germany,4,3
Germany__24003009,268,122,Germany,4,4
Germany__24006007,293,133,Germany,4,4
Germany__24010004,293,133,Germany,4,2
Germany__24110508,289,131,Germany,4,1
Germany__24113459,293,133,Germany,4,0
Germany__24114000,293,132,Germany,4,1
Germany__24115002,293,133,Germany,4,2
Germany__24117008,293,133,Germany,4,2
Germany__24118000,293,133,Germany,4,1
Germany__24118500,293,133,Germany,4,0
Germany__24118703,284,129,Germany,4,2
Germany__24121005,235,108,Germany,3,3
Germany__24122008,293,132,Germany,4,4
Germany__24123000,293,133,Germany,4,0
Germany__24125006,293,133,Germany,4,1
Germany__24126009,293,133,Germany,4,0
Germany__24128004,292,132,Germany,4,1
Germany__24134007,293,133,Germany,4,0
Germany__24140509,276,125,Germany,4,4
Germany__24141206,200,93,Germany,2,2
Germany__24141501,276,125,Germany,4,2
Germany__24143008,276,125,Germany,4,4
Germany__24143507,276,125,Germany,4,3
Germany__24144500,273,124,Germany,4,1
Germany__24145003,274,124,Germany,4,0
Germany__24145502,276,125,Germany,4,1
Germany__24145808,276,125,Germany,4,2
Germany__24146505,276,125,Germany,4,0
Germany__24147600,276,125,Germany,4,4
Germany__24148001,276,125,Germany,4,2
Germany__24148500,276,125,Germany,4,3
Germany__24149208,193,90,Germany,2,4
Germany__24160903,25,18,Germany,0,1
Germany__24162206,25,18,Germany,0,2
Germany__24163005,276,125,Germany,4,1
Germany__24165102,25,18,Germany,0,3
Germany__24165204,201,94,Germany,2,1
Germany__24165306,260,119,Germany,3,2
Germany__24165805,226,104,Germany,3,0
Germany__24165907,25,18,Germany,0,2
Germany__24167006,276,125,Germany,4,2
Germany__24168009,276,125,Germany,4,2
Germany__24169001,276,125,Germany,4,1
Germany__24183002,276,125,Germany,4,3
Germany__24186000,275,125,Germany,4,2
Germany__24187502,276,125,Germany,4,0
Germany__24201501,242,111,Germany,3,4
Germany__24208806,235,108,Germany,3,0
Germany__24210309,293,133,Germany,4,2
Germany__24211200,292,132,Germany,4,1
Germany__24211414,40,25,Germany,0,2
Germany__24211505,293,132,Germany,4,0
Germany__24211651,291,132,Germany,4,1
Germany__24212450,292,132,Germany,4,2
Germany__24213602,290,131,Germany,4,3
Germany__24213806,293,133,Germany,4,3
Germany__24214004,293,132,Germany,4,2
Germany__24214300,293,133,Germany,4,0
Germany__24214900,292,132,Germany,4,3
Germany__24215903,293,133,Germany,4,4
Germany__24217104,310,140,Germany,4,1
Germany__24217400,310,140,Germany,4,2
Germany__24217603,293,133,Germany,4,2
Germany__24218504,292,132,Germany,4,4
Germany__24218800,54,31,Germany,0,4
Germany__24219008,293,132,Germany,4,0
Germany__24220506,116,57,Germany,1,1
Germany__24222002,293,133,Germany,4,3
Germany__24223005,284,129,Germany,4,1
Germany__24224008,284,129,Germany,4,2
Germany__24225000,284,129,Germany,4,0
Germany__24227006,284,129,Germany,4,1
Germany__24228009,285,129,Germany,4,0
Germany__24228905,80,42,Germany,0,1
Germany__24231309,335,151,Germany,4,2
Germany__24232006,335,151,Germany,4,1
Germany__24232301,335,151,Germany,4,2
Germany__24235208,292,132,Germany,4,2
Germany__24236007,292,132,Germany,4,4
Germany__24237509,293,133,Germany,4,2
Germany__24238002,293,132,Germany,4,2
Germany__24238501,293,132,Germany,4,2
Germany__24240503,234,107,Germany,3,3
Germany__24241710,72,38,Germany,0,4
Germany__24242000,284,129,Germany,4,2
Germany__24244504,283,128,Germany,4,4
Germany__24246000,284,129,Germany,4,1
Germany__24248403,310,140,Germany,4,1
Germany__24249009,276,125,Germany,4,3
Germany__24260500,341,152,Germany,4,2
Germany__24261106,221,102,Germany,3,1
Germany__24262007,343,154,Germany,4,0
Germany__24263000,343,154,Germany,4,3
Germany__24263203,91,47,Germany,0,3
Germany__24268535,116,57,Germany,1,4
Germany__24292507,293,133,Germany,4,4
Germany__24293500,292,132,Germany,4,0
Germany__24295505,293,133,Germany,4,3
Germany__24322506,301,136,Germany,4,0
Germany__24336806,293,133,Germany,4,0
Germany__24338007,293,133,Germany,4,0
Germany__24345206,293,133,Germany,4,2
Germany__24349003,335,151,Germany,4,0
Germany__24369000,100,50,Germany,0,2
Germany__24374805,343,154,Germany,4,1
Germany__24381503,3,8,Germany,0,0
Germany__24382304,275,125,Germany,4,2
Germany__24385007,276,125,Germany,4,4
Germany__24401001,284,129,Germany,4,0
Germany__24403007,284,129,Germany,4,3
Germany__24406005,284,129,Germany,4,1
Germany__24409003,283,128,Germany,4,0
Germany__24412008,197,92,Germany,2,0
Germany__24421009,126,61,Germany,1,0
Germany__24422001,284,129,Germany,4,1
Germany__24424007,282,128,Germany,4,1
Germany__24429000,86,44,Germany,0,1
Germany__24431002,292,132,Germany,4,4
Germany__24432504,292,132,Germany,4,0
Germany__24441006,284,129,Germany,4,3
Germany__24460306,267,122,Germany,4,2
Germany__24461003,284,129,Germany,4,3
Germany__24473055,51,29,Germany,0,0
Germany__24481000,293,132,Germany,4,3
Germany__24482003,293,133,Germany,4,2
Germany__24483006,293,133,Germany,4,4
Germany__24521105,284,129,Germany,4,0
Germany__24522006,284,129,Germany,4,1
Germany__24562000,100,50,Germany,1,3
Germany__24585006,326,147,Germany,4,4
Germany__24601000,352,158,Germany,4,2
Germany__24623003,352,158,Germany,4,2
Germany__24719102,57,32,Germany,0,0
Germany__24722005,352,158,Germany,4,0
Germany__24751003,265,121,Germany,4,4
Germany__24752006,352,158,Germany,4,3
Germany__24758002,351,158,Germany,4,4
Germany__24772003,302,137,Germany,4,0
Germany__24776004,318,144,Germany,4,1
Germany__53201505,308,139,Germany,4,1
Germany__53202508,344,155,Germany,4,2
Germany__53211010,177,83,Germany,2,3
Germany__53216003,344,155,Germany,4,4
Germany__53216808,345,155,Germany,4,2
Germany__53216954,344,155,Germany,4,4
Germany__53222006,75,40,Germany,0,2
Germany__53224001,76,40,Germany,0,3
Germany__56000500,265,121,Germany,4,1
Germany__56001003,307,139,Germany,4,2
Germany__56001502,310,140,Germany,4,2
Germany__56113404,327,147,Germany,4,0
Germany__56114000,326,147,Germany,4,4
Germany__56143008,308,139,Germany,4,3
Germany__56161509,311,140,Germany,4,4
Japan__301031281101030,188,87,Japan,2,2
Japan__301031281101040,182,84,Japan,2,0
Japan__301031281101050,182,84,Japan,2,0
Japan__301031281101070,198,92,Japan,2,0
Japan__301031281101080,144,69,Japan,1,1
Japan__301031281101090,178,82,Japan,2,2
Japan__301031281101150,160,74,Japan,1,0
Japan__301031281101160,176,81,Japan,2,3
Japan__301031281101200,73,36,Japan,0,1
Japan__301031281101220,147,71,Japan,1,2
Japan__301031281101230,193,88,Japan,2,1
Japan__301031281101270,168,79,Japan,2,1
Japan__301031281101290,102,49,Japan,1,1
Japan__301031281101320,121,60,Japan,1,2
Japan__301031281101330,194,90,Japan,2,3
Japan__301031281101340,195,91,Japan,2,4
Japan__301031281101370,186,87,Japan,2,0
Japan__301031281101400,199,93,Japan,2,2
Japan__301031281101410,198,92,Japan,2,4
Japan__301031281101430,190,88,Japan,2,2
Japan__301031281101470,65,35,Japan,0,2
Japan__301031281101520,199,93,Japan,2,0
Japan__301031281101550,187,87,Japan,2,2
Japan__301031281101600,183,84,Japan,2,4
Japan__301031281101610,108,54,Japan,1,0
Japan__301031281101630,198,92,Japan,2,1
Japan__301031281101670,180,84,Japan,2,0
Japan__301031281101700,198,92,Japan,2,4
Japan__301031281101750,76,39,Japan,0,0
Japan__301031281101770,178,82,Japan,2,1
Japan__301031281101790,199,92,Japan,2,1
Japan__301031281101800,80,42,Japan,0,0
Japan__301031281101820,104,52,Japan,1,0
Japan__301031281101840,189,88,Japan,2,2
Japan__301031281101880,81,42,Japan,0,3
Japan__301031281101890,199,93,Japan,2,3
Japan__301031281104010,162,77,Japan,2,0
Japan__301031281104030,199,93,Japan,2,0
Japan__301031281104040,191,88,Japan,2,1
Japan__301031281104050,197,90,Japan,2,1
Japan__301031281104060,188,88,Japan,2,2
Japan__301031281104070,186,85,Japan,2,0
Japan__301031281104090,200,92,Japan,2,0
Japan__301031281104100,185,87,Japan,2,2
Japan__301031281104120,177,81,Japan,2,0
Japan__301031281104150,156,72,Japan,1,3
Japan__301031281104160,197,92,Japan,2,4
Japan__301031281104170,167,77,Japan,2,4
Japan__301031281104200,189,87,Japan,2,0
Japan__301031281104210,192,89,Japan,2,2
Japan__301031281104220,170,80,Japan,2,1
Japan__301031281104230,171,79,Japan,2,2
Japan__301031281104240,169,78,Japan,2,3
Japan__301031281104250,153,71,Japan,1,0
Japan__301031281104260,193,90,Japan,2,2
Japan__301031281104280,59,31,Japan,0,4
Japan__301031281104290,91,39,Japan,0,3
Japan__301031281104300,123,58,Japan,1,3
Japan__301041281103010,154,73,Japan,1,3
Japan__301041281103020,154,72,Japan,1,4
Japan__301041281103030,194,91,Japan,2,1
Japan__301051281102010,110,52,Japan,1,1
Japan__301051281102020,191,89,Japan,2,3
Japan__301051281102040,198,92,Japan,2,1
Japan__301051281102050,189,87,Japan,2,0
Japan__301051281102070,119,56,Japan,1,1
Japan__301061281105010,198,92,Japan,2,3
Japan__301061281105020,194,90,Japan,2,4
Japan__301061281105030,199,93,Japan,2,3
Japan__301061281105040,198,92,Japan,2,3
Japan__301061281105050,101,51,Japan,1,1
Japan__301071281105010,199,93,Japan,2,2
Japan__301071281105030,197,92,Japan,2,4
Japan__301071281105040,112,55,Japan,1,2
Japan__301071281105050,161,76,Japan,2,3
Japan__301081281107010,175,83,Japan,2,1
Japan__301081281107020,181,85,Japan,2,4
Japan__301081281107030,106,53,Japan,1,4
Japan__301081281107040,180,84,Japan,2,2
Japan__301081281107050,179,84,Japan,2,0
Japan__301081281107060,186,86,Japan,2,1
Japan__301081281107070,155,73,Japan,1,4
Japan__301081281107100,136,65,Japan,1,1
Japan__301081281107110,135,65,Japan,1,4
Japan__301081281107120,25,16,Japan,0,2
Japan__301081281107130,25,15,Japan,0,0
Japan__301081281107150,132,58,Japan,1,4
Japan__301081281107160,144,68,Japan,1,3
Japan__301081281107170,184,86,Japan,2,2
Japan__301081281107200,183,85,Japan,2,0
Japan__301081281107220,188,86,Japan,2,3
Japan__301081281107230,170,77,Japan,2,4
Japan__301081281107240,145,67,Japan,1,3
Japan__301081281107250,112,53,Japan,1,4
Japan__301081281107260,123,58,Japan,1,1
Japan__301081281107270,54,28,Japan,0,1
Japan__301081281107280,141,66,Japan,1,1
Japan__301081281107290,186,85,Japan,2,1
Japan__301081281107300,154,72,Japan,1,0
Japan__301081281107310,62,32,Japan,0,2
Japan__301081281107320,190,88,Japan,2,0
Japan__301081281107330,159,74,Japan,1,4
Japan__301081281107340,62,32,Japan,0,4
Japan__301081281107350,142,66,Japan,1,3
Japan__301081281107360,134,63,Japan,1,0
Japan__301081281107370,137,64,Japan,1,2
Japan__301081281107420,146,68,Japan,1,3
Japan__301091281106020,183,86,Japan,2,2
Japan__301091281106050,94,46,Japan,0,2
Japan__301091281106060,159,73,Japan,1,3
Japan__301091281106070,165,76,Japan,2,0
Japan__301091281106090,102,49,Japan,1,1
Japan__301091281106100,158,73,Japan,1,4
Japan__301091281106110,161,74,Japan,1,1
Japan__301091281106120,168,77,Japan,2,1
Japan__301091281106130,163,75,Japan,2,1
Japan__302011282206030,45,27,Japan,0,4
Japan__302011282206060,119,58,Japan,1,2
Japan__302011282206100,128,62,Japan,1,3
Japan__302011282218010,261,118,Japan,3,2
Japan__302011282218020,212,97,Japan,2,3
Japan__302011282218040,322,145,Japan,4,2
Japan__302011282218070,205,95,Japan,2,1
Japan__302011282218080,169,80,Japan,2,0
Japan__302011282218090,216,100,Japan,3,4
Japan__302011282218100,332,149,Japan,4,3
Japan__302011282218110,272,123,Japan,4,1
Japan__302011282218120,203,94,Japan,2,1
Japan__302011282218150,227,98,Japan,3,4
Japan__302011282218170,268,122,Japan,4,2
Japan__302011282218210,305,138,Japan,4,3
Japan__302011282218220,214,99,Japan,3,2
Japan__302011282218250,335,150,Japan,4,4
Japan__302011282218270,343,154,Japan,4,2
Japan__302011282218290,107,53,Japan,1,2
Japan__302011282218300,335,150,Japan,4,1
Japan__302011282218310,270,123,Japan,4,4
Japan__302011282218330,290,129,Japan,4,4
Japan__302011282218350,305,138,Japan,4,1
Japan__302011282228080,162,77,Japan,2,4
Japan__302011282228090,229,104,Japan,3,4
Japan__302011282228110,253,115,Japan,3,2
Japan__302021282206030,134,65,Japan,1,3
Japan__302021282206050,144,69,Japan,1,2
Japan__302021282224020,322,145,Japan,4,2
Japan__302021282224030,184,86,Japan,2,0
Japan__302021282224050,178,83,Japan,2,4
Japan__302021282224060,133,64,Japan,1,1
Japan__302021282224070,330,148,Japan,4,2
Japan__302031282207050,339,152,Japan,4,3
Japan__302031282207070,282,128,Japan,4,2
Japan__302031282207120,317,143,Japan,4,0
Japan__302031282207150,338,152,Japan,4,2
Japan__302041282204020,166,79,Japan,2,3
Japan__302041282204080,173,81,Japan,2,1
Japan__302041282204110,199,93,Japan,2,0
Japan__302041282204150,198,92,Japan,2,1
Japan__302041282204180,152,72,Japan,1,0
Japan__302041282204200,200,93,Japan,2,4
Japan__302041282204230,199,93,Japan,2,1
Japan__302041282204250,107,53,Japan,1,4
Japan__302041282204280,165,78,Japan,2,4
Japan__302041282204310,166,79,Japan,2,3
Japan__302041282204330,158,74,Japan,1,4
Japan__302041282204340,124,61,Japan,1,3
Japan__302041282204360,166,79,Japan,2,2
Japan__302041282204380,198,92,Japan,2,1
Japan__302041282204390,125,61,Japan,1,3
Japan__302041282204400,165,78,Japan,2,3
Japan__302041282204420,166,79,Japan,2,4
Japan__302041282204430,166,79,Japan,2,4
Japan__302041282204440,166,78,Japan,2,3
Japan__302041282204450,166,79,Japan,2,0
Japan__302041282204470,164,71,Japan,1,0
Japan__302041282204480,147,70,Japan,1,4
Japan__302041282204490,143,69,Japan,1,1
Japan__302041282207090,293,132,Japan,4,2
Japan__302041282207100,341,153,Japan,4,1
Japan__302041282207140,261,118,Japan,3,3
Japan__302041282207190,338,152,Japan,4,0
Japan__302041282207220,344,155,Japan,4,0
Japan__302041282220010,86,44,Japan,0,4
Japan__302041282220020,94,48,Japan,0,3
Japan__302041282220060,33,22,Japan,0,1
Japan__302041282220070,117,57,Japan,1,2
Japan__302041282220090,117,57,Japan,1,3
Japan__302041282220100,110,55,Japan,1,0
Japan__302041282220110,119,59,Japan,1,0
Japan__302041282220130,113,56,Japan,1,1
Japan__302041282220140,254,116,Japan,3,1
Japan__302041282220150,297,134,Japan,4,3
Japan__302041282220160,280,127,Japan,4,1
Japan__302041282220180,105,52,Japan,1,2
Japan__302041282220190,114,56,Japan,1,4
Japan__302041282220200,120,59,Japan,1,1
Japan__302051282201030,296,133,Japan,4,0
Japan__302051282201050,289,130,Japan,4,1
Japan__302051282201060,253,109,Japan,3,3
Japan__302051282201070,265,114,Japan,3,2
Japan__302051282201990,271,117,Japan,4,2
Japan__302061282202010,274,125,Japan,4,4
Japan__302061282202020,273,125,Japan,4,3
Japan__302061282202030,275,125,Japan,4,0
Japan__302061282202050,276,125,Japan,4,4
Japan__302061282202080,265,120,Japan,4,4
Japan__302071282201030,328,148,Japan,4,1
Japan__302071282201040,347,155,Japan,4,1
Japan__302071282201050,344,149,Japan,4,2
Japan__302071282201070,348,155,Japan,4,3
Japan__302071282201080,302,137,Japan,4,1
Japan__302071282201090,244,110,Japan,3,3
Japan__302071282201100,284,122,Japan,4,1
Japan__302071282222030,241,110,Japan,3,0
Japan__302071282222040,246,113,Japan,3,0
Japan__302091282209010,224,96,Japan,3,3
Japan__302091282209050,154,66,Japan,1,3
Japan__302091282209060,115,57,Japan,1,0
Japan__302091282210020,157,75,Japan,1,0
Japan__302091282210030,158,75,Japan,1,0
Japan__302091282210040,157,75,Japan,1,2
Japan__302091282210050,136,66,Japan,1,1
Japan__302091282210060,158,75,Japan,1,2
Japan__302091282210090,127,55,Japan,1,0
Japan__302091282210100,158,75,Japan,1,4
Japan__302091282210110,156,74,Japan,1,0
Japan__302091282210120,154,74,Japan,1,1
Japan__302091282210130,154,73,Japan,1,3
Japan__302091282210140,158,75,Japan,1,1
Japan__302091282210150,152,73,Japan,1,4
Japan__302091282226010,132,64,Japan,1,1
Japan__302091282226020,99,50,Japan,0,1
Japan__302091282226030,127,62,Japan,1,4
Japan__302101282209010,231,106,Japan,3,1
Japan__302101282209020,191,89,Japan,2,1
Japan__302101282209050,288,130,Japan,4,3
Japan__302101282209070,109,54,Japan,1,0
Japan__302101282209090,299,128,Japan,4,1
Japan__302101282209100,88,45,Japan,0,4
Japan__302111282214010,348,156,Japan,4,1
Japan__302111282214020,347,156,Japan,4,3
Japan__302111282214050,342,153,Japan,4,0
Japan__302111282214060,175,83,Japan,2,3
Japan__302111282214070,331,149,Japan,4,2
Japan__302111282214080,349,157,Japan,4,0
Japan__302111282214090,345,154,Japan,4,1
Japan__302111282214100,342,154,Japan,4,0
Japan__302111282214130,349,156,Japan,4,4
Japan__302111282214140,208,90,Japan,2,3
Japan__302111282214160,315,142,Japan,4,1
Japan__302111282214170,205,88,Japan,2,1
Japan__302111282214180,348,156,Japan,4,4
Japan__302111282215030,274,125,Japan,4,0
Japan__302111282215050,215,100,Japan,3,4
Japan__302111282215080,118,58,Japan,1,2
Japan__302111282216010,231,104,Japan,3,0
Japan__302111282216050,296,134,Japan,4,0
Japan__302111282216060,297,134,Japan,4,0
Japan__302111282216070,323,146,Japan,4,1
Japan__302111282216080,283,128,Japan,4,0
Japan__302111282216100,289,130,Japan,4,3
Japan__302111282216120,214,92,Japan,2,1
Japan__302111282216140,305,138,Japan,4,2
Japan__302111282216150,245,113,Japan,3,0
Japan__302111282216170,57,32,Japan,0,3
Japan__302111282216190,223,102,Japan,3,4
Japan__302111282216200,317,143,Japan,4,3
Japan__302111282216210,322,145,Japan,4,0
Japan__302111282221010,347,153,Japan,4,0
Japan__302111282221020,311,138,Japan,4,3
Japan__302111282221030,289,131,Japan,4,2
Japan__302111282221040,351,155,Japan,4,1
Japan__302111282221050,340,153,Japan,4,1
Japan__302111282221060,332,149,Japan,4,4
Japan__302121282215010,262,119,Japan,3,1
Japan__302121282215040,267,122,Japan,4,2
Japan__302121282215070,339,153,Japan,4,3
Japan__302121282227030,100,50,Japan,1,4
Japan__302121282227050,72,38,Japan,0,1
Japan__303021283322030,55,31,Japan,0,4
Japan__303021283322040,249,108,Japan,3,1
Japan__303021283322060,74,39,Japan,0,0
Japan__303021283322070,57,31,Japan,0,2
Japan__303021283322100,116,57,Japan,1,3
Japan__303031283301020,343,154,Japan,4,3
Japan__303031283301030,351,157,Japan,4,0
Japan__303031283301040,340,153,Japan,4,0
Japan__303031283301060,342,154,Japan,4,4
Japan__303031283301070,344,155,Japan,4,4
Japan__303031283301090,173,82,Japan,2,0
Japan__303031283301100,349,155,Japan,4,4
Japan__303031283301110,347,156,Japan,4,2
Japan__303031283301150,347,156,Japan,4,0
Japan__303031283303170,45,26,Japan,0,0
Japan__303031283303180,43,26,Japan,0,4
Japan__303031283303190,40,25,Japan,0,1
Japan__303031283303230,41,25,Japan,0,2
Japan__303031283305140,351,157,Japan,4,3
Japan__303031283305170,344,154,Japan,4,0
Japan__303031283305190,338,152,Japan,4,0
Japan__303031283305210,351,157,Japan,4,4
Japan__303031283305520,321,145,Japan,4,1
Japan__303031283305540,334,150,Japan,4,2
Japan__303031283305570,334,150,Japan,4,3
Japan__303031283305610,333,150,Japan,4,2
Japan__303031283305780,290,131,Japan,4,4
Japan__303031283306020,65,35,Japan,0,0
Japan__303031283306050,314,141,Japan,4,2
Japan__303031283306080,318,142,Japan,4,4
Japan__303031283306170,316,142,Japan,4,2
Japan__303031283306220,255,117,Japan,3,2
Japan__303031283306300,317,143,Japan,4,0
Japan__303031283306420,272,123,Japan,4,4
Japan__303031283306540,309,139,Japan,4,4
Japan__303031283307010,90,45,Japan,0,3
Japan__303031283307080,127,62,Japan,1,4
Japan__303031283307110,316,143,Japan,4,2
Japan__303031283307130,40,24,Japan,0,2
Japan__303031283307160,321,145,Japan,4,1
Japan__303031283307210,333,150,Japan,4,3
Japan__303031283307240,341,154,Japan,4,4
Japan__303031283307270,148,71,Japan,1,3
Japan__303031283307380,171,80,Japan,2,3
Japan__303031283314010,182,78,Japan,2,0
Japan__303031283317010,344,154,Japan,4,3
Japan__303031283323030,340,153,Japan,4,0
Japan__303031283323040,350,157,Japan,4,2
Japan__303031283323050,133,64,Japan,1,4
Japan__303031283323060,333,150,Japan,4,2
Japan__303031283323070,348,156,Japan,4,1
Japan__303031283323100,141,68,Japan,1,0
Japan__303031283323110,106,53,Japan,1,4
Japan__303031283323120,60,33,Japan,0,1
Japan__303031283323140,82,43,Japan,0,4
Japan__303041283308040,269,123,Japan,4,3
Japan__303041283308050,280,128,Japan,4,3
Japan__303041283308060,49,28,Japan,0,3
Japan__303041283308080,240,110,Japan,3,0
Japan__303041283308110,267,122,Japan,4,2
Japan__303041283308140,286,130,Japan,4,4
Japan__303041283308160,260,119,Japan,3,4
Japan__303041283308170,99,50,Japan,0,0
Japan__303041283308210,294,133,Japan,4,1
Japan__303041283308220,107,53,Japan,1,3
Japan__303041283308240,290,132,Japan,4,3
Japan__303051283310050,320,144,Japan,4,4
Japan__303051283310060,256,115,Japan,3,3
Japan__303051283310070,332,149,Japan,4,0
Japan__303051283310080,241,111,Japan,3,4
Japan__303051283310100,276,124,Japan,4,0
Japan__303051283310110,260,118,Japan,3,3
Japan__303061283310070,326,147,Japan,4,1
Japan__303061283310090,267,119,Japan,4,0
Japan__303061283310120,316,142,Japan,4,0
Japan__303071283310030,298,135,Japan,4,3
Japan__303071283319020,128,62,Japan,1,2
Japan__303081283324010,272,121,Japan,4,2
Japan__304011284406010,163,76,Japan,2,2
Japan__304011284406020,166,79,Japan,2,1
Japan__304011284406030,130,63,Japan,1,4
Japan__304011284406070,163,77,Japan,2,3
Japan__304021284402010,158,75,Japan,1,2
Japan__304021284402030,132,64,Japan,1,3
Japan__304021284402080,137,66,Japan,1,0
Japan__304021284415010,140,67,Japan,1,1
Japan__304031284401020,165,78,Japan,2,0
Japan__304031284401040,160,76,Japan,1,3
Japan__304031284401060,166,79,Japan,2,1
Japan__304031284401080,166,79,Japan,2,0
Japan__304031284401090,166,79,Japan,2,4
Japan__304031284401170,166,79,Japan,2,0
Japan__304031284401180,155,74,Japan,1,0
Japan__304031284401200,53,30,Japan,0,3
Japan__304031284403070,351,157,Japan,4,0
Japan__304031284403080,348,156,Japan,4,3
Japan__304031284403090,302,135,Japan,4,1
Japan__304031284403100,337,151,Japan,4,2
Japan__304031284403110,351,157,Japan,4,2
Japan__304031284403130,337,152,Japan,4,1
Japan__304031284403140,326,146,Japan,4,4
Japan__304031284403150,337,151,Japan,4,0
Japan__304031284416010,65,35,Japan,0,4
Japan__304031284416030,166,79,Japan,2,2
Japan__304031284416080,166,79,Japan,2,3
Japan__304031284416100,166,79,Japan,2,0
Japan__304031284416130,49,28,Japan,0,2
Japan__304031284416160,27,19,Japan,0,0
Japan__304031284416180,166,79,Japan,2,4
Japan__304031284416190,163,77,Japan,2,0
Japan__304031284416210,120,59,Japan,1,2
Japan__304041284407010,164,74,Japan,2,4
Japan__304041284407020,199,93,Japan,2,0
Japan__304041284407060,143,69,Japan,1,1
Japan__304041284407070,145,69,Japan,1,0
Japan__304041284407080,150,72,Japan,1,4
Japan__304051284407020,157,75,Japan,1,2
Japan__304071284408010,166,79,Japan,2,0
Japan__304081284408010,166,79,Japan,2,3
Japan__304081284408040,160,76,Japan,1,2
Japan__304081284408060,157,75,Japan,1,4
Japan__304081284408090,152,73,Japan,1,1
Japan__304091284408020,65,35,Japan,0,1
Japan__304091284408040,166,79,Japan,2,1
Japan__304101284408030,157,75,Japan,1,0
Japan__304101284408040,157,75,Japan,1,3
Japan__304101284408060,166,79,Japan,2,3
Japan__304101284408070,62,34,Japan,0,4
Japan__304101284408080,166,78,Japan,2,2
Japan__304101284408090,65,35,Japan,0,0
Japan__304111284412070,166,79,Japan,2,1
Japan__304121284412010,166,79,Japan,2,4
Japan__304121284412020,165,78,Japan,2,4
Japan__305011285508010,280,127,Japan,4,4
Japan__305011285508060,273,124,Japan,4,1
Japan__305011285508110,218,101,Japan,3,4
Japan__305011285508120,254,116,Japan,3,3
Japan__305011285508170,263,120,Japan,3,1
Japan__305021285507020,114,54,Japan,1,2
Japan__305021285507030,87,43,Japan,0,1
Japan__305021285507070,136,66,Japan,1,0
Japan__305031285507010,101,49,Japan,1,0
Japan__305031285507050,60,32,Japan,0,3
Japan__305041285510020,174,82,Japan,2,3
Japan__305041285510070,173,82,Japan,2,2
Japan__305051285510020,172,81,Japan,2,2
Japan__305051285510070,174,82,Japan,2,0
Japan__305051285516010,171,81,Japan,2,4
Japan__305051285516030,167,79,Japan,2,2
Japan__305051285516060,157,75,Japan,1,4
Japan__305051285516090,171,81,Japan,2,3
Japan__305061285512010,174,82,Japan,2,2
Japan__305061285512040,174,82,Japan,2,4
Japan__305061285512070,175,82,Japan,2,4
Japan__305061285512120,117,56,Japan,1,3
Japan__305061285512130,175,82,Japan,2,4
Japan__305071285512010,174,82,Japan,2,2
Japan__305071285512020,173,82,Japan,2,2
Japan__305071285512040,172,81,Japan,2,4
Japan__305071285512050,174,82,Japan,2,0
Japan__305071285512080,173,82,Japan,2,3
Japan__305071285512090,82,42,Japan,0,2
Japan__305071285520060,114,54,Japan,1,3
Japan__305091285506040,97,49,Japan,0,3
Japan__305101285514010,161,76,Japan,2,3
Japan__305101285514030,162,77,Japan,2,3
Japan__305101285514050,150,72,Japan,1,0
Japan__305101285514060,164,78,Japan,2,4
Japan__305111285514010,166,79,Japan,2,3
Japan__305111285514060,141,68,Japan,1,4
Japan__305111285514090,165,78,Japan,2,3
Japan__305121285514010,166,79,Japan,2,2
Japan__305121285521030,122,60,Japan,1,2
Japan__305131285514010,159,76,Japan,1,1
Japan__306021286614020,285,129,Japan,4,1
Japan__306021286614040,265,121,Japan,4,3
Japan__306021286614070,288,131,Japan,4,3
Japan__306021286614100,226,98,Japan,3,4
Japan__306021286614200,260,119,Japan,3,2
Japan__306021286614210,69,37,Japan,0,1
Japan__306031286607010,358,161,Japan,4,0
Japan__306031286607030,359,161,Japan,4,3
Japan__306031286607040,241,111,Japan,3,2
Japan__306031286607070,197,91,Japan,2,1
Japan__306031286607090,242,110,Japan,3,0
Japan__306031286607100,201,92,Japan,2,2
Japan__306031286607130,349,157,Japan,4,3
Japan__306041286603120,124,61,Japan,1,4
Japan__306041286603180,71,38,Japan,0,3
Japan__306041286603210,94,48,Japan,0,3
Japan__306041286606010,149,71,Japan,1,0
Japan__306041286606040,156,74,Japan,1,2
Japan__306041286606060,146,70,Japan,1,3
Japan__306041286606080,330,148,Japan,4,1
Japan__306041286606090,167,79,Japan,2,2
Japan__306041286606190,156,74,Japan,1,0
Japan__306041286606310,149,71,Japan,1,1
Japan__306041286606320,149,71,Japan,1,3
Japan__306041286606340,137,66,Japan,1,0
Japan__306041286606370,139,67,Japan,1,1
Japan__306041286606440,126,58,Japan,1,1
Japan__306041286608010,350,157,Japan,4,0
Japan__306041286608020,359,161,Japan,4,4
Japan__306041286608060,332,149,Japan,4,2
Japan__306041286608070,330,149,Japan,4,0
Japan__306041286617010,352,158,Japan,4,3
Japan__306041286617040,27,18,Japan,0,3
Japan__306041286617090,299,135,Japan,4,4
Japan__306041286617110,256,117,Japan,3,3
Japan__306041286617140,357,160,Japan,4,1
Japan__306051286611020,221,102,Japan,3,4
Japan__306051286611030,240,110,Japan,3,4
Japan__306051286611050,239,110,Japan,3,0
Japan__306051286611080,121,59,Japan,1,3
Japan__306051286611090,142,68,Japan,1,4
Japan__306051286611100,203,88,Japan,2,1
Japan__306051286611110,208,93,Japan,2,2
Japan__306061286611020,196,91,Japan,2,2
Japan__306061286611030,194,90,Japan,2,4
Japan__306061286611040,220,102,Japan,3,3
Japan__306061286611050,222,102,Japan,3,1
Japan__306061286611070,197,85,Japan,2,3
Japan__306061286611090,67,29,Japan,0,0
Japan__306061286611120,104,52,Japan,1,2
Japan__306061286611130,77,41,Japan,0,3
Japan__306071286601080,214,99,Japan,3,0
Japan__306071286601130,256,117,Japan,3,2
Japan__306071286601160,254,116,Japan,3,2
Japan__306071286619060,115,57,Japan,1,1
Japan__306071286619110,331,149,Japan,4,4
Japan__306081286601010,221,102,Japan,3,1
Japan__306081286601030,258,118,Japan,3,1
Japan__306091286605010,354,159,Japan,4,1
Japan__306091286605020,299,135,Japan,4,1
Japan__306091286605030,349,156,Japan,4,4
Japan__306091286605040,193,89,Japan,2,2
Japan__306091286605050,141,67,Japan,1,4
Japan__306091286605110,115,56,Japan,1,2
Japan__306091286605200,58,32,Japan,0,2
Japan__306101286610010,95,48,Japan,0,2
Japan__306101286610020,300,135,Japan,4,3
Japan__306101286610050,327,147,Japan,4,0
Japan__306101286610120,58,32,Japan,0,1
Japan__306101286610130,191,89,Japan,2,1
Japan__306101286610160,324,146,Japan,4,1
Japan__306101286610180,305,138,Japan,4,1
Japan__307011287701010,158,75,Japan,1,3
Japan__307011287701020,167,79,Japan,2,2
Japan__307011287701040,174,82,Japan,2,3
Japan__307011287701050,174,82,Japan,2,1
Japan__307011287701080,75,39,Japan,0,0
Japan__307011287701090,171,81,Japan,2,4
Japan__307011287701110,155,74,Japan,1,4
Japan__307021287702010,151,72,Japan,1,4
Japan__307021287702020,174,82,Japan,2,0
Japan__307021287702060,171,81,Japan,2,4
Japan__307021287702110,172,81,Japan,2,0
Japan__307021287702120,146,70,Japan,1,2
Japan__307021287702130,175,82,Japan,2,2
Japan__307031287703010,174,82,Japan,2,4
Japan__307031287703020,174,82,Japan,2,3
Japan__307031287703030,174,82,Japan,2,0
Japan__307031287703080,174,82,Japan,2,2
Japan__307031287703150,174,82,Japan,2,4
Japan__307031287703160,174,82,Japan,2,3
Japan__307051287707010,176,82,Japan,2,3
Japan__307051287707030,174,82,Japan,2,2
Japan__307051287707040,139,67,Japan,1,4
Japan__307051287707060,164,73,Japan,2,0
Japan__307051287711020,174,82,Japan,2,4
Japan__307051287711040,144,62,Japan,1,0
Japan__307051287711070,174,82,Japan,2,2
Japan__307051287711100,174,82,Japan,2,4
Japan__307051287711120,174,82,Japan,2,1
Japan__307051287711130,174,82,Japan,2,3
Japan__307051287711160,174,82,Japan,2,1
Japan__307051287711170,174,82,Japan,2,4
Japan__307051287716010,99,50,Japan,0,2
Japan__307061287707010,169,80,Japan,2,0
Japan__307061287707020,174,82,Japan,2,3
Japan__307061287707030,175,82,Japan,2,0
Japan__307061287707040,174,82,Japan,2,0
Japan__307061287707060,177,81,Japan,2,2
Japan__307071287715010,161,77,Japan,2,2
Japan__307071287715020,173,82,Japan,2,4
Japan__307071287715040,168,79,Japan,2,2
Japan__307071287715090,174,82,Japan,2,1
Japan__307081287717010,157,75,Japan,1,0
Japan__307091287712010,166,78,Japan,2,0
Japan__307091287712020,166,76,Japan,2,3
Japan__307091287712030,173,82,Japan,2,3
Japan__307091287712050,173,81,Japan,2,3
Japan__307091287712080,216,100,Japan,3,0
Japan__307091287712130,149,71,Japan,1,2
Japan__307091287712140,162,76,Japan,2,2
Japan__307091287712160,183,86,Japan,2,4
Japan__307091287712190,166,79,Japan,2,2
Japan__307091287712210,150,71,Japan,1,0
Japan__307091287714010,165,78,Japan,2,0
Japan__307101287710010,174,82,Japan,2,2
Japan__307101287710020,172,81,Japan,2,2
Japan__307101287710080,152,72,Japan,1,1
Japan__307101287710100,133,65,Japan,1,2
Japan__307101287710110,173,81,Japan,2,1
Japan__307101287710120,169,80,Japan,2,3
Japan__307101287718030,157,75,Japan,1,3
Japan__307101287718040,132,64,Japan,1,3
Japan__307111287708010,164,78,Japan,2,3
Japan__307111287708020,174,82,Japan,2,1
Japan__307111287708050,174,82,Japan,2,4
Japan__307111287708130,29,20,Japan,0,0
Japan__307111287708140,148,71,Japan,1,2
Japan__307111287708170,175,82,Japan,2,2
Japan__307121287708010,174,82,Japan,2,3
Japan__307121287708070,171,81,Japan,2,1
Japan__307121287708170,149,71,Japan,1,2
Japan__307131287708010,174,82,Japan,2,3
Japan__307131287708030,169,80,Japan,2,4
Japan__307131287708040,170,80,Japan,2,0
Japan__307131287708050,173,82,Japan,2,4
Japan__307131287708060,174,82,Japan,2,1
Japan__307131287708090,174,82,Japan,2,4
Japan__307131287708130,174,82,Japan,2,3
Japan__307131287708220,114,52,Japan,1,3
Japan__308011288805010,105,52,Japan,1,3
Japan__308041288808010,174,82,Japan,2,4
Japan__308041288808020,174,82,Japan,2,0
Japan__308041288808060,148,71,Japan,1,1
Japan__308041288808070,157,75,Japan,1,0
Japan__308051288808020,174,82,Japan,2,0
Japan__308071288801010,173,82,Japan,2,0
Japan__308071288801020,174,82,Japan,2,4
Japan__309011289902010,345,155,Japan,4,4
Japan__309011289902030,339,152,Japan,4,2
Japan__309011289902040,326,147,Japan,4,3
Japan__309011289902060,46,26,Japan,0,4
Japan__309011289902090,313,141,Japan,4,1
Japan__309011289902130,157,74,Japan,1,1
Japan__309011289902150,312,141,Japan,4,1
Japan__309011289902160,317,143,Japan,4,3
Japan__309011289902170,218,99,Japan,3,0
Japan__309011289902190,333,143,Japan,4,3
Japan__309011289902210,151,71,Japan,1,2
Japan__309021289903010,127,62,Japan,1,1
Japan__309021289903040,329,148,Japan,4,2
Japan__309021289903100,345,155,Japan,4,4
Japan__309041289903130,326,147,Japan,4,3
Japan__309051289903010,351,158,Japan,4,2
Japan__309051289903060,254,116,Japan,3,1
Japan__309061289901060,174,82,Japan,2,3
Japan__309061289901110,174,82,Japan,2,0
Japan__309061289901130,174,82,Japan,2,1
Japan__309061289901330,174,82,Japan,2,1
Japan__309061289901360,168,79,Japan,2,4
Japan__309061289901400,174,82,Japan,2,4
Japan__309061289901410,174,82,Japan,2,1
Japan__309061289901430,166,78,Japan,2,1
Japan__309061289901450,174,82,Japan,2,1
Japan__309061289901510,174,82,Japan,2,1
Japan__309061289901580,174,82,Japan,2,3
Japan__309061289901650,148,71,Japan,1,3
Japan__309061289904070,115,57,Japan,1,4
Japan__309061289920010,174,82,Japan,2,1
Japan__309061289920030,103,52,Japan,1,2
Japan__309061289920040,103,52,Japan,1,0
Japan__309061289920050,103,52,Japan,1,0
Japan__309061289920070,103,52,Japan,1,2
Japan__309061289920080,101,51,Japan,1,1
Japan__309071289901040,191,89,Japan,2,2
Japan__309081289911020,340,152,Japan,4,1
Japan__309081289911030,136,66,Japan,1,4
Japan__309081289911050,267,120,Japan,4,2
Japan__309081289911060,179,84,Japan,2,2
Japan__309081289911080,250,112,Japan,3,1
Japan__309081289911110,142,61,Japan,1,2
Japan__309081289911120,303,136,Japan,4,4
Japan__309081289911140,183,83,Japan,2,1
Japan__309081289911160,125,59,Japan,1,2
Japan__309091289908020,222,103,Japan,3,3
Japan__309101289908010,43,26,Japan,0,1
Japan__309101289908020,224,103,Japan,3,0
Japan__309101289908030,224,104,Japan,3,2
Japan__309101289908060,80,42,Japan,0,2
Japan__309101289908070,65,35,Japan,0,4
Japan__309101289908100,224,104,Japan,3,3
Japan__309101289908170,107,51,Japan,1,4
Japan__309121289918060,336,151,Japan,4,4
Japan__309121289918110,335,151,Japan,4,1
Japan__309121289918120,338,152,Japan,4,3
Japan__309121289918130,279,127,Japan,4,4
Japan__309121289918140,230,105,Japan,3,2
Japan__309121289918160,128,62,Japan,1,1
Japan__309121289918200,333,150,Japan,4,0
Japan__309121289924020,236,109,Japan,3,4
Japan__309131289919010,192,88,Japan,2,4
Japan__309131289919050,312,141,Japan,4,2
Japan__309131289919060,241,110,Japan,3,1
Japan__309131289919140,267,122,Japan,4,0
Japan__309141289916010,336,148,Japan,4,4
Japan__309141289916020,348,156,Japan,4,2
Japan__309141289916050,348,156,Japan,4,0
Japan__309141289916060,342,154,Japan,4,0
Japan__309141289916080,351,157,Japan,4,2
Japan__309141289916130,321,144,Japan,4,4
Japan__309141289916160,313,141,Japan,4,2
Japan__309151289916010,350,156,Japan,4,0
Japan__309181289913020,284,129,Japan,4,4
Japan__309181289913310,40,25,Japan,0,4
Japan__309191289913020,357,160,Japan,4,4
Japan__309191289913040,297,134,Japan,4,3
Japan__309191289913100,358,160,Japan,4,4
Japan__309191289913130,358,160,Japan,4,3
LamaHCE__1,166,79,LamaHCE,2,1
LamaHCE__10,292,133,LamaHCE,4,1
LamaHCE__100,166,79,LamaHCE,2,1
LamaHCE__101,267,122,LamaHCE,4,2
LamaHCE__102,132,64,LamaHCE,1,4
LamaHCE__103,292,133,LamaHCE,4,3
LamaHCE__104,104,52,LamaHCE,1,3
LamaHCE__105,292,133,LamaHCE,4,4
LamaHCE__106,292,133,LamaHCE,4,0
LamaHCE__107,292,133,LamaHCE,4,1
LamaHCE__108,191,89,LamaHCE,2,4
LamaHCE__109,141,68,LamaHCE,1,1
LamaHCE__11,208,97,LamaHCE,2,3
LamaHCE__110,96,49,LamaHCE,0,0
LamaHCE__111,292,133,LamaHCE,4,0
LamaHCE__112,225,104,LamaHCE,3,2
LamaHCE__113,292,133,LamaHCE,4,1
LamaHCE__114,292,133,LamaHCE,4,2
LamaHCE__115,292,133,LamaHCE,4,3
LamaHCE__116,242,111,LamaHCE,3,3
LamaHCE__117,292,133,LamaHCE,4,2
LamaHCE__118,292,133,LamaHCE,4,4
LamaHCE__119,188,88,LamaHCE,2,3
LamaHCE__12,250,115,LamaHCE,3,0
LamaHCE__120,200,93,LamaHCE,2,3
LamaHCE__121,292,133,LamaHCE,4,2
LamaHCE__122,292,133,LamaHCE,4,3
LamaHCE__123,292,133,LamaHCE,4,2
LamaHCE__124,292,133,LamaHCE,4,1
LamaHCE__125,292,133,LamaHCE,4,1
LamaHCE__126,292,133,LamaHCE,4,2
LamaHCE__127,267,122,LamaHCE,4,4
LamaHCE__128,292,133,LamaHCE,4,3
LamaHCE__129,158,75,LamaHCE,1,3
LamaHCE__13,216,100,LamaHCE,3,2
LamaHCE__130,292,133,LamaHCE,4,2
LamaHCE__131,292,133,LamaHCE,4,3
LamaHCE__132,233,107,LamaHCE,3,1
LamaHCE__133,292,132,LamaHCE,4,2
LamaHCE__134,292,132,LamaHCE,4,2
LamaHCE__135,291,132,LamaHCE,4,4
LamaHCE__136,158,75,LamaHCE,1,1
LamaHCE__137,292,133,LamaHCE,4,4
LamaHCE__138,216,100,LamaHCE,3,4
LamaHCE__139,292,132,LamaHCE,4,1
LamaHCE__14,292,133,LamaHCE,4,0
LamaHCE__140,152,72,LamaHCE,1,1
LamaHCE__141,292,133,LamaHCE,4,0
LamaHCE__142,292,133,LamaHCE,4,1
LamaHCE__143,292,133,LamaHCE,4,2
LamaHCE__144,292,133,LamaHCE,4,1
LamaHCE__145,292,133,LamaHCE,4,3
LamaHCE__147,266,122,LamaHCE,4,3
LamaHCE__148,275,125,LamaHCE,4,1
LamaHCE__149,292,133,LamaHCE,4,4
LamaHCE__15,283,129,LamaHCE,4,3
LamaHCE__150,292,133,LamaHCE,4,0
LamaHCE__151,292,132,LamaHCE,4,3
LamaHCE__152,292,133,LamaHCE,4,2
LamaHCE__153,258,118,LamaHCE,3,4
LamaHCE__154,292,133,LamaHCE,4,3
LamaHCE__155,292,133,LamaHCE,4,0
LamaHCE__156,292,133,LamaHCE,4,4
LamaHCE__157,292,132,LamaHCE,4,4
LamaHCE__158,242,111,LamaHCE,3,0
LamaHCE__159,209,97,LamaHCE,2,4
LamaHCE__16,292,133,LamaHCE,4,0
LamaHCE__160,292,133,LamaHCE,4,1
LamaHCE__161,292,133,LamaHCE,4,3
LamaHCE__162,292,133,LamaHCE,4,3
LamaHCE__163,292,133,LamaHCE,4,2
LamaHCE__164,292,133,LamaHCE,4,2
LamaHCE__165,242,111,LamaHCE,3,0
LamaHCE__166,279,127,LamaHCE,4,2
LamaHCE__167,292,133,LamaHCE,4,1
LamaHCE__168,212,98,LamaHCE,2,2
LamaHCE__169,292,133,LamaHCE,4,0
LamaHCE__17,149,71,LamaHCE,1,2
LamaHCE__170,292,133,LamaHCE,4,3
LamaHCE__171,292,133,LamaHCE,4,1
LamaHCE__172,292,133,LamaHCE,4,3
LamaHCE__174,292,133,LamaHCE,4,4
LamaHCE__175,292,133,LamaHCE,4,4
LamaHCE__176,292,133,LamaHCE,4,1
LamaHCE__177,292,133,LamaHCE,4,2
LamaHCE__178,292,133,LamaHCE,4,4
LamaHCE__179,292,133,LamaHCE,4,3
LamaHCE__18,292,133,LamaHCE,4,1
LamaHCE__180,283,129,LamaHCE,4,4
LamaHCE__181,230,106,LamaHCE,3,1
LamaHCE__182,292,133,LamaHCE,4,4
LamaHCE__183,292,133,LamaHCE,4,2
LamaHCE__184,292,133,LamaHCE,4,4
LamaHCE__185,292,133,LamaHCE,4,3
LamaHCE__186,292,133,LamaHCE,4,1
LamaHCE__188,292,133,LamaHCE,4,3
LamaHCE__189,292,133,LamaHCE,4,0
LamaHCE__19,267,122,LamaHCE,4,0
LamaHCE__190,292,133,LamaHCE,4,3
LamaHCE__191,292,133,LamaHCE,4,0
LamaHCE__192,292,133,LamaHCE,4,4
LamaHCE__193,292,133,LamaHCE,4,1
LamaHCE__194,292,133,LamaHCE,4,4
LamaHCE__195,292,133,LamaHCE,4,0
LamaHCE__196,263,120,LamaHCE,3,4
LamaHCE__197,257,118,LamaHCE,3,0
LamaHCE__198,292,133,LamaHCE,4,0
LamaHCE__199,292,133,LamaHCE,4,1
LamaHCE__2,292,133,LamaHCE,4,2
LamaHCE__20,292,133,LamaHCE,4,3
LamaHCE__200,292,133,LamaHCE,4,3
LamaHCE__201,292,133,LamaHCE,4,0
LamaHCE__202,290,132,LamaHCE,4,2
LamaHCE__203,287,130,LamaHCE,4,3
LamaHCE__204,292,133,LamaHCE,4,2
LamaHCE__205,292,133,LamaHCE,4,2
LamaHCE__206,292,133,LamaHCE,4,0
LamaHCE__207,292,133,LamaHCE,4,0
LamaHCE__208,292,133,LamaHCE,4,4
LamaHCE__209,292,133,LamaHCE,4,1
LamaHCE__21,292,133,LamaHCE,4,2
LamaHCE__210,283,129,LamaHCE,4,1
LamaHCE__211,292,133,LamaHCE,4,4
LamaHCE__212,292,133,LamaHCE,4,0
LamaHCE__213,292,133,LamaHCE,4,3
LamaHCE__214,292,133,LamaHCE,4,1
LamaHCE__215,292,133,LamaHCE,4,0
LamaHCE__216,292,133,LamaHCE,4,2
LamaHCE__217,292,133,LamaHCE,4,2
LamaHCE__218,292,133,LamaHCE,4,3
LamaHCE__219,292,133,LamaHCE,4,4
LamaHCE__22,292,133,LamaHCE,4,2
LamaHCE__220,292,133,LamaHCE,4,1
LamaHCE__221,292,133,LamaHCE,4,4
LamaHCE__222,292,133,LamaHCE,4,1
LamaHCE__223,292,133,LamaHCE,4,3
LamaHCE__224,292,133,LamaHCE,4,3
LamaHCE__225,292,133,LamaHCE,4,3
LamaHCE__226,292,133,LamaHCE,4,1
LamaHCE__227,292,133,LamaHCE,4,3
LamaHCE__228,292,133,LamaHCE,4,0
LamaHCE__229,292,133,LamaHCE,4,0
LamaHCE__23,208,97,LamaHCE,2,3
LamaHCE__230,292,133,LamaHCE,4,1
LamaHCE__231,292,133,LamaHCE,4,2
LamaHCE__232,292,133,LamaHCE,4,0
LamaHCE__233,292,133,LamaHCE,4,0
LamaHCE__234,292,133,LamaHCE,4,4
LamaHCE__235,292,133,LamaHCE,4,3
LamaHCE__236,292,133,LamaHCE,4,3
LamaHCE__237,292,133,LamaHCE,4,0
LamaHCE__238,212,98,LamaHCE,2,2
LamaHCE__239,292,133,LamaHCE,4,0
LamaHCE__24,292,133,LamaHCE,4,2
LamaHCE__240,292,133,LamaHCE,4,4
LamaHCE__241,292,133,LamaHCE,4,2
LamaHCE__242,184,86,LamaHCE,2,4
LamaHCE__243,292,133,LamaHCE,4,0
LamaHCE__244,292,133,LamaHCE,4,2
LamaHCE__245,292,133,LamaHCE,4,0
LamaHCE__246,225,104,LamaHCE,3,4
LamaHCE__247,292,133,LamaHCE,4,4
LamaHCE__248,292,133,LamaHCE,4,2
LamaHCE__249,116,57,LamaHCE,1,2
LamaHCE__25,166,79,LamaHCE,2,2
LamaHCE__250,292,133,LamaHCE,4,3
LamaHCE__251,292,133,LamaHCE,4,0
LamaHCE__252,292,133,LamaHCE,4,0
LamaHCE__253,292,133,LamaHCE,4,4
LamaHCE__254,258,118,LamaHCE,3,0
LamaHCE__255,292,133,LamaHCE,4,3
LamaHCE__256,292,133,LamaHCE,4,4
LamaHCE__257,287,131,LamaHCE,4,1
LamaHCE__258,292,133,LamaHCE,4,0
LamaHCE__259,250,115,LamaHCE,3,3
LamaHCE__26,149,71,LamaHCE,1,4
LamaHCE__260,292,133,LamaHCE,4,3
LamaHCE__261,292,133,LamaHCE,4,2
LamaHCE__262,292,133,LamaHCE,4,2
LamaHCE__263,292,133,LamaHCE,4,3
LamaHCE__264,292,133,LamaHCE,4,0
LamaHCE__265,292,133,LamaHCE,4,3
LamaHCE__266,292,133,LamaHCE,4,1
LamaHCE__267,292,133,LamaHCE,4,1
LamaHCE__268,292,133,LamaHCE,4,1
LamaHCE__269,292,133,LamaHCE,4,2
LamaHCE__27,292,133,LamaHCE,4,0
LamaHCE__270,292,133,LamaHCE,4,2
LamaHCE__271,292,133,LamaHCE,4,1
LamaHCE__272,208,97,LamaHCE,2,4
LamaHCE__273,292,133,LamaHCE,4,4
LamaHCE__274,292,133,LamaHCE,4,0
LamaHCE__275,292,133,LamaHCE,4,2
LamaHCE__276,292,133,LamaHCE,4,3
LamaHCE__277,292,133,LamaHCE,4,0
LamaHCE__278,292,133,LamaHCE,4,0
LamaHCE__279,250,115,LamaHCE,3,2
LamaHCE__28,292,133,LamaHCE,4,4
LamaHCE__280,292,133,LamaHCE,4,2
LamaHCE__281,292,133,LamaHCE,4,1
LamaHCE__282,292,133,LamaHCE,4,3
LamaHCE__283,292,133,LamaHCE,4,4
LamaHCE__284,292,133,LamaHCE,4,4
LamaHCE__285,262,120,LamaHCE,3,4
LamaHCE__286,292,133,LamaHCE,4,2
LamaHCE__287,292,133,LamaHCE,4,0
LamaHCE__288,292,133,LamaHCE,4,4
LamaHCE__289,292,133,LamaHCE,4,2
LamaHCE__29,292,133,LamaHCE,4,1
LamaHCE__290,292,133,LamaHCE,4,1
LamaHCE__291,292,133,LamaHCE,4,3
LamaHCE__292,292,133,LamaHCE,4,3
LamaHCE__293,292,133,LamaHCE,4,3
LamaHCE__294,267,122,LamaHCE,4,0
LamaHCE__295,57,32,LamaHCE,0,0
LamaHCE__296,57,32,LamaHCE,0,2
LamaHCE__297,292,133,LamaHCE,4,1
LamaHCE__298,84,43,LamaHCE,0,2
LamaHCE__299,292,133,LamaHCE,4,3
LamaHCE__3,258,118,LamaHCE,3,2
LamaHCE__30,292,133,LamaHCE,4,0
LamaHCE__300,292,133,LamaHCE,4,4
LamaHCE__301,292,133,LamaHCE,4,1
LamaHCE__302,292,133,LamaHCE,4,4
LamaHCE__303,292,133,LamaHCE,4,0
LamaHCE__304,292,133,LamaHCE,4,2
LamaHCE__305,292,133,LamaHCE,4,1
LamaHCE__306,292,133,LamaHCE,4,3
LamaHCE__307,69,36,LamaHCE,0,1
LamaHCE__308,292,133,LamaHCE,4,2
LamaHCE__309,67,36,LamaHCE,0,2
LamaHCE__310,292,133,LamaHCE,4,1
LamaHCE__311,292,133,LamaHCE,4,4
LamaHCE__312,292,133,LamaHCE,4,4
LamaHCE__313,292,133,LamaHCE,4,4
LamaHCE__315,292,133,LamaHCE,4,1
LamaHCE__316,292,133,LamaHCE,4,1
LamaHCE__317,292,133,LamaHCE,4,4
LamaHCE__318,292,133,LamaHCE,4,1
LamaHCE__319,24,18,LamaHCE,0,2
LamaHCE__32,216,100,LamaHCE,3,2
LamaHCE__320,292,133,LamaHCE,4,2
LamaHCE__321,292,133,LamaHCE,4,2
LamaHCE__322,283,129,LamaHCE,4,0
LamaHCE__324,43,26,LamaHCE,0,0
LamaHCE__325,292,133,LamaHCE,4,1
LamaHCE__326,275,125,LamaHCE,4,3
LamaHCE__327,84,43,LamaHCE,0,3
LamaHCE__328,292,133,LamaHCE,4,3
LamaHCE__329,86,44,LamaHCE,0,4
LamaHCE__33,292,133,LamaHCE,4,1
LamaHCE__330,292,133,LamaHCE,4,1
LamaHCE__331,292,133,LamaHCE,4,1
LamaHCE__332,292,133,LamaHCE,4,0
LamaHCE__333,79,41,LamaHCE,0,4
LamaHCE__334,292,133,LamaHCE,4,0
LamaHCE__335,292,133,LamaHCE,4,0
LamaHCE__336,292,133,LamaHCE,4,0
LamaHCE__337,292,133,LamaHCE,4,4
LamaHCE__338,292,133,LamaHCE,4,0
LamaHCE__339,292,133,LamaHCE,4,4
LamaHCE__34,292,133,LamaHCE,4,3
LamaHCE__340,292,133,LamaHCE,4,1
LamaHCE__341,94,48,LamaHCE,0,0
LamaHCE__342,292,133,LamaHCE,4,3
LamaHCE__343,292,133,LamaHCE,4,1
LamaHCE__344,283,129,LamaHCE,4,1
LamaHCE__345,292,133,LamaHCE,4,4
LamaHCE__346,291,132,LamaHCE,4,2
LamaHCE__347,258,118,LamaHCE,3,2
LamaHCE__348,292,133,LamaHCE,4,1
LamaHCE__349,292,133,LamaHCE,4,4
LamaHCE__35,292,133,LamaHCE,4,1
LamaHCE__350,292,133,LamaHCE,4,3
LamaHCE__352,271,124,LamaHCE,4,4
LamaHCE__354,208,97,LamaHCE,2,1
LamaHCE__355,292,133,LamaHCE,4,0
LamaHCE__356,283,129,LamaHCE,4,3
LamaHCE__357,292,133,LamaHCE,4,4
LamaHCE__358,124,60,LamaHCE,1,4
LamaHCE__359,292,133,LamaHCE,4,0
LamaHCE__36,292,133,LamaHCE,4,2
LamaHCE__360,292,133,LamaHCE,4,1
LamaHCE__361,292,133,LamaHCE,4,0
LamaHCE__363,282,128,LamaHCE,4,2
LamaHCE__364,292,133,LamaHCE,4,2
LamaHCE__366,292,133,LamaHCE,4,0
LamaHCE__367,106,53,LamaHCE,1,0
LamaHCE__368,292,133,LamaHCE,4,3
LamaHCE__37,149,71,LamaHCE,1,0
LamaHCE__370,292,133,LamaHCE,4,1
LamaHCE__371,292,133,LamaHCE,4,2
LamaHCE__374,91,46,LamaHCE,0,0
LamaHCE__375,283,129,LamaHCE,4,0
LamaHCE__376,277,126,LamaHCE,4,1
LamaHCE__377,292,133,LamaHCE,4,0
LamaHCE__378,292,133,LamaHCE,4,3
LamaHCE__379,41,25,LamaHCE,0,4
LamaHCE__38,292,133,LamaHCE,4,3
LamaHCE__380,66,35,LamaHCE,0,1
LamaHCE__381,292,133,LamaHCE,4,0
LamaHCE__382,34,22,LamaHCE,0,2
LamaHCE__383,292,133,LamaHCE,4,1
LamaHCE__384,158,75,LamaHCE,1,2
LamaHCE__385,174,82,LamaHCE,2,0
LamaHCE__386,233,107,LamaHCE,3,3
LamaHCE__387,292,133,LamaHCE,4,4
LamaHCE__388,141,68,LamaHCE,1,0
LamaHCE__389,292,133,LamaHCE,4,1
LamaHCE__39,292,133,LamaHCE,4,3
LamaHCE__390,267,122,LamaHCE,4,4
LamaHCE__391,65,35,LamaHCE,0,2
LamaHCE__392,149,71,LamaHCE,1,2
LamaHCE__395,283,129,LamaHCE,4,3
LamaHCE__396,292,133,LamaHCE,4,3
LamaHCE__398,292,133,LamaHCE,4,3
LamaHCE__4,149,71,LamaHCE,1,0
LamaHCE__40,292,133,LamaHCE,4,1
LamaHCE__401,292,133,LamaHCE,4,3
LamaHCE__402,292,133,LamaHCE,4,2
LamaHCE__403,292,133,LamaHCE,4,0
LamaHCE__404,292,133,LamaHCE,4,3
LamaHCE__405,292,133,LamaHCE,4,4
LamaHCE__406,292,133,LamaHCE,4,4
LamaHCE__407,272,124,LamaHCE,4,3
LamaHCE__408,292,133,LamaHCE,4,2
LamaHCE__409,292,133,LamaHCE,4,4
LamaHCE__41,242,111,LamaHCE,3,3
LamaHCE__410,27,16,LamaHCE,0,3
LamaHCE__411,258,118,LamaHCE,3,1
LamaHCE__412,292,133,LamaHCE,4,2
LamaHCE__413,279,127,LamaHCE,4,4
LamaHCE__414,292,133,LamaHCE,4,1
LamaHCE__415,292,133,LamaHCE,4,3
LamaHCE__416,292,133,LamaHCE,4,1
LamaHCE__42,267,122,LamaHCE,4,2
LamaHCE__422,292,133,LamaHCE,4,2
LamaHCE__423,292,133,LamaHCE,4,4
LamaHCE__426,267,122,LamaHCE,4,0
LamaHCE__428,292,133,LamaHCE,4,0
LamaHCE__429,292,133,LamaHCE,4,3
LamaHCE__43,292,133,LamaHCE,4,4
LamaHCE__430,292,132,LamaHCE,4,2
LamaHCE__431,275,125,LamaHCE,4,1
LamaHCE__432,292,133,LamaHCE,4,3
LamaHCE__433,292,133,LamaHCE,4,0
LamaHCE__434,292,133,LamaHCE,4,3
LamaHCE__435,166,79,LamaHCE,2,4
LamaHCE__436,292,133,LamaHCE,4,4
LamaHCE__437,283,129,LamaHCE,4,3
LamaHCE__438,292,133,LamaHCE,4,4
LamaHCE__439,292,133,LamaHCE,4,3
LamaHCE__44,292,133,LamaHCE,4,0
LamaHCE__440,267,122,LamaHCE,4,2
LamaHCE__441,208,97,LamaHCE,2,3
LamaHCE__442,292,133,LamaHCE,4,4
LamaHCE__443,292,133,LamaHCE,4,2
LamaHCE__444,208,97,LamaHCE,2,0
LamaHCE__445,292,133,LamaHCE,4,4
LamaHCE__446,283,129,LamaHCE,4,4
LamaHCE__447,292,133,LamaHCE,4,3
LamaHCE__448,292,133,LamaHCE,4,1
LamaHCE__449,292,133,LamaHCE,4,0
LamaHCE__45,292,133,LamaHCE,4,2
LamaHCE__450,287,131,LamaHCE,4,4
LamaHCE__451,292,133,LamaHCE,4,1
LamaHCE__452,292,133,LamaHCE,4,4
LamaHCE__453,232,107,LamaHCE,3,4
LamaHCE__454,292,133,LamaHCE,4,3
LamaHCE__455,292,133,LamaHCE,4,0
LamaHCE__456,291,132,LamaHCE,4,2
LamaHCE__457,242,111,LamaHCE,3,4
LamaHCE__458,292,132,LamaHCE,4,1
LamaHCE__459,174,82,LamaHCE,2,1
LamaHCE__46,292,133,LamaHCE,4,3
LamaHCE__460,292,132,LamaHCE,4,3
LamaHCE__461,292,133,LamaHCE,4,4
LamaHCE__462,292,133,LamaHCE,4,0
LamaHCE__463,233,107,LamaHCE,3,1
LamaHCE__464,151,72,LamaHCE,1,2
LamaHCE__465,208,97,LamaHCE,2,0
LamaHCE__466,208,97,LamaHCE,2,1
LamaHCE__467,292,133,LamaHCE,4,4
LamaHCE__468,292,133,LamaHCE,4,0
LamaHCE__469,292,133,LamaHCE,4,1
LamaHCE__47,275,125,LamaHCE,4,0
LamaHCE__470,292,133,LamaHCE,4,4
LamaHCE__471,292,133,LamaHCE,4,0
LamaHCE__472,292,133,LamaHCE,4,0
LamaHCE__473,292,133,LamaHCE,4,4
LamaHCE__474,292,133,LamaHCE,4,1
LamaHCE__475,292,133,LamaHCE,4,4
LamaHCE__476,292,133,LamaHCE,4,0
LamaHCE__477,191,89,LamaHCE,2,2
LamaHCE__478,191,89,LamaHCE,2,2
LamaHCE__479,292,132,LamaHCE,4,4
LamaHCE__48,292,133,LamaHCE,4,1
LamaHCE__480,292,133,LamaHCE,4,0
LamaHCE__481,200,93,LamaHCE,2,4
LamaHCE__482,292,133,LamaHCE,4,0
LamaHCE__483,129,63,LamaHCE,1,3
LamaHCE__484,292,133,LamaHCE,4,3
LamaHCE__485,74,39,LamaHCE,0,3
LamaHCE__486,292,133,LamaHCE,4,2
LamaHCE__487,292,133,LamaHCE,4,1
LamaHCE__488,242,111,LamaHCE,3,3
LamaHCE__489,183,86,LamaHCE,2,1
LamaHCE__49,292,133,LamaHCE,4,3
LamaHCE__490,292,133,LamaHCE,4,4
LamaHCE__491,292,133,LamaHCE,4,4
LamaHCE__492,107,53,LamaHCE,1,2
LamaHCE__493,292,133,LamaHCE,4,4
LamaHCE__494,292,133,LamaHCE,4,0
LamaHCE__495,208,97,LamaHCE,2,3
LamaHCE__496,292,133,LamaHCE,4,0
LamaHCE__497,292,133,LamaHCE,4,3
LamaHCE__498,290,132,LamaHCE,4,4
LamaHCE__499,292,133,LamaHCE,4,3
LamaHCE__5,216,100,LamaHCE,3,0
LamaHCE__50,292,133,LamaHCE,4,3
LamaHCE__500,292,133,LamaHCE,4,3
LamaHCE__501,242,111,LamaHCE,3,3
LamaHCE__503,200,93,LamaHCE,2,4
LamaHCE__504,216,100,LamaHCE,3,0
LamaHCE__505,292,133,LamaHCE,4,3
LamaHCE__506,174,82,LamaHCE,2,0
LamaHCE__507,292,133,LamaHCE,4,2
LamaHCE__508,191,89,LamaHCE,2,1
LamaHCE__509,292,133,LamaHCE,4,2
LamaHCE__51,292,133,LamaHCE,4,1
LamaHCE__510,292,133,LamaHCE,4,0
LamaHCE__511,183,86,LamaHCE,2,4
LamaHCE__512,283,129,LamaHCE,4,4
LamaHCE__513,283,129,LamaHCE,4,2
LamaHCE__514,225,104,LamaHCE,3,4
LamaHCE__515,225,104,LamaHCE,3,4
LamaHCE__516,216,100,LamaHCE,3,0
LamaHCE__517,208,97,LamaHCE,2,0
LamaHCE__518,292,133,LamaHCE,4,2
LamaHCE__519,292,133,LamaHCE,4,3
LamaHCE__52,292,133,LamaHCE,4,2
LamaHCE__520,292,133,LamaHCE,4,4
LamaHCE__521,292,133,LamaHCE,4,1
LamaHCE__523,292,133,LamaHCE,4,3
LamaHCE__524,141,68,LamaHCE,1,3
LamaHCE__525,208,97,LamaHCE,2,0
LamaHCE__526,292,133,LamaHCE,4,2
LamaHCE__527,208,97,LamaHCE,2,2
LamaHCE__528,292,133,LamaHCE,4,1
LamaHCE__529,292,133,LamaHCE,4,2
LamaHCE__53,250,115,LamaHCE,3,2
LamaHCE__530,292,133,LamaHCE,4,0
LamaHCE__531,292,133,LamaHCE,4,1
LamaHCE__532,292,133,LamaHCE,4,4
LamaHCE__533,292,133,LamaHCE,4,3
LamaHCE__534,292,133,LamaHCE,4,1
LamaHCE__535,292,133,LamaHCE,4,1
LamaHCE__536,292,133,LamaHCE,4,3
LamaHCE__537,292,133,LamaHCE,4,2
LamaHCE__538,292,133,LamaHCE,4,0
LamaHCE__539,250,115,LamaHCE,3,3
LamaHCE__54,292,133,LamaHCE,4,4
LamaHCE__540,292,133,LamaHCE,4,2
LamaHCE__541,292,133,LamaHCE,4,2
LamaHCE__542,49,28,LamaHCE,0,3
LamaHCE__543,292,133,LamaHCE,4,3
LamaHCE__544,292,133,LamaHCE,4,0
LamaHCE__545,292,133,LamaHCE,4,1
LamaHCE__546,132,64,LamaHCE,1,2
LamaHCE__547,292,133,LamaHCE,4,4
LamaHCE__548,292,133,LamaHCE,4,1
LamaHCE__549,292,133,LamaHCE,4,2
LamaHCE__55,149,67,LamaHCE,1,4
LamaHCE__550,292,133,LamaHCE,4,2
LamaHCE__551,264,120,LamaHCE,3,2
LamaHCE__552,292,133,LamaHCE,4,3
LamaHCE__554,149,71,LamaHCE,1,1
LamaHCE__555,292,133,LamaHCE,4,2
LamaHCE__556,292,133,LamaHCE,4,0
LamaHCE__557,292,133,LamaHCE,4,3
LamaHCE__558,292,133,LamaHCE,4,2
LamaHCE__559,185,87,LamaHCE,2,1
LamaHCE__56,292,133,LamaHCE,4,4
LamaHCE__560,225,104,LamaHCE,3,1
LamaHCE__561,65,35,LamaHCE,0,1
LamaHCE__562,292,133,LamaHCE,4,2
LamaHCE__563,292,133,LamaHCE,4,4
LamaHCE__564,292,133,LamaHCE,4,2
LamaHCE__565,292,133,LamaHCE,4,1
LamaHCE__566,292,133,LamaHCE,4,3
LamaHCE__567,292,133,LamaHCE,4,2
LamaHCE__568,292,133,LamaHCE,4,4
LamaHCE__569,292,133,LamaHCE,4,2
LamaHCE__57,292,133,LamaHCE,4,4
LamaHCE__570,292,133,LamaHCE,4,1
LamaHCE__571,292,133,LamaHCE,4,0
LamaHCE__572,292,133,LamaHCE,4,3
LamaHCE__573,103,52,LamaHCE,1,3
LamaHCE__574,292,133,LamaHCE,4,0
LamaHCE__575,292,133,LamaHCE,4,4
LamaHCE__576,292,133,LamaHCE,4,0
LamaHCE__577,69,37,LamaHCE,0,2
LamaHCE__578,292,133,LamaHCE,4,1
LamaHCE__579,282,128,LamaHCE,4,2
LamaHCE__58,292,133,LamaHCE,4,0
LamaHCE__580,183,86,LamaHCE,2,1
LamaHCE__581,292,133,LamaHCE,4,4
LamaHCE__582,191,89,LamaHCE,2,3
LamaHCE__583,233,107,LamaHCE,3,2
LamaHCE__584,292,133,LamaHCE,4,1
LamaHCE__585,156,74,LamaHCE,1,0
LamaHCE__586,292,133,LamaHCE,4,2
LamaHCE__587,292,133,LamaHCE,4,4
LamaHCE__588,267,122,LamaHCE,4,1
LamaHCE__589,292,133,LamaHCE,4,3
LamaHCE__59,267,122,LamaHCE,4,0
LamaHCE__590,71,38,LamaHCE,0,2
LamaHCE__591,267,122,LamaHCE,4,2
LamaHCE__592,32,21,LamaHCE,0,4
LamaHCE__593,158,75,LamaHCE,1,4
LamaHCE__594,174,82,LamaHCE,2,3
LamaHCE__595,292,133,LamaHCE,4,2
LamaHCE__596,292,133,LamaHCE,4,4
LamaHCE__597,292,133,LamaHCE,4,1
LamaHCE__598,292,133,LamaHCE,4,3
LamaHCE__599,191,89,LamaHCE,2,1
LamaHCE__6,292,133,LamaHCE,4,4
LamaHCE__60,292,133,LamaHCE,4,2
LamaHCE__600,47,27,LamaHCE,0,3
LamaHCE__601,233,107,LamaHCE,3,3
LamaHCE__603,191,89,LamaHCE,2,2
LamaHCE__604,158,75,LamaHCE,1,3
LamaHCE__605,292,133,LamaHCE,4,3
LamaHCE__606,275,125,LamaHCE,4,0
LamaHCE__607,225,104,LamaHCE,3,2
LamaHCE__608,68,37,LamaHCE,0,0
LamaHCE__609,292,133,LamaHCE,4,1
LamaHCE__61,292,133,LamaHCE,4,3
LamaHCE__610,292,133,LamaHCE,4,1
LamaHCE__618,292,133,LamaHCE,4,4
LamaHCE__619,292,133,LamaHCE,4,1
LamaHCE__62,208,97,LamaHCE,2,2
LamaHCE__620,292,133,LamaHCE,4,0
LamaHCE__621,290,132,LamaHCE,4,2
LamaHCE__622,74,39,LamaHCE,0,0
LamaHCE__623,49,28,LamaHCE,0,4
LamaHCE__624,292,133,LamaHCE,4,0
LamaHCE__625,42,26,LamaHCE,0,1
LamaHCE__626,292,133,LamaHCE,4,1
LamaHCE__627,292,132,LamaHCE,4,4
LamaHCE__628,292,133,LamaHCE,4,4
LamaHCE__629,292,132,LamaHCE,4,0
LamaHCE__63,292,133,LamaHCE,4,4
LamaHCE__630,292,133,LamaHCE,4,1
LamaHCE__631,292,132,LamaHCE,4,4
LamaHCE__632,292,133,LamaHCE,4,1
LamaHCE__633,291,132,LamaHCE,4,2
LamaHCE__634,292,132,LamaHCE,4,1
LamaHCE__635,292,133,LamaHCE,4,1
LamaHCE__636,292,133,LamaHCE,4,4
LamaHCE__637,292,133,LamaHCE,4,3
LamaHCE__638,290,132,LamaHCE,4,1
LamaHCE__639,292,133,LamaHCE,4,2
LamaHCE__64,250,115,LamaHCE,3,1
LamaHCE__640,290,132,LamaHCE,4,0
LamaHCE__641,292,132,LamaHCE,4,4
LamaHCE__642,291,132,LamaHCE,4,1
LamaHCE__643,292,133,LamaHCE,4,3
LamaHCE__644,292,132,LamaHCE,4,1
LamaHCE__645,291,132,LamaHCE,4,1
LamaHCE__646,260,119,LamaHCE,3,1
LamaHCE__647,292,132,LamaHCE,4,1
LamaHCE__648,292,133,LamaHCE,4,4
LamaHCE__649,292,133,LamaHCE,4,0
LamaHCE__65,208,97,LamaHCE,2,4
LamaHCE__650,235,108,LamaHCE,3,1
LamaHCE__651,292,132,LamaHCE,4,0
LamaHCE__652,292,132,LamaHCE,4,0
LamaHCE__653,260,119,LamaHCE,3,1
LamaHCE__654,292,132,LamaHCE,4,4
LamaHCE__655,292,133,LamaHCE,4,2
LamaHCE__656,290,132,LamaHCE,4,0
LamaHCE__657,292,132,LamaHCE,4,1
LamaHCE__658,291,132,LamaHCE,4,4
LamaHCE__659,289,131,LamaHCE,4,4
LamaHCE__66,292,133,LamaHCE,4,2
LamaHCE__660,74,39,LamaHCE,0,4
LamaHCE__661,292,132,LamaHCE,4,1
LamaHCE__662,291,132,LamaHCE,4,1
LamaHCE__663,291,132,LamaHCE,4,3
LamaHCE__664,291,132,LamaHCE,4,3
LamaHCE__665,292,133,LamaHCE,4,0
LamaHCE__666,292,133,LamaHCE,4,0
LamaHCE__667,288,131,LamaHCE,4,2
LamaHCE__668,289,131,LamaHCE,4,1
LamaHCE__669,288,131,LamaHCE,4,0
LamaHCE__67,208,97,LamaHCE,2,3
LamaHCE__670,291,132,LamaHCE,4,3
LamaHCE__671,287,130,LamaHCE,4,1
LamaHCE__672,292,132,LamaHCE,4,1
LamaHCE__673,291,132,LamaHCE,4,2
LamaHCE__674,292,132,LamaHCE,4,0
LamaHCE__675,270,123,LamaHCE,4,3
LamaHCE__676,288,131,LamaHCE,4,2
LamaHCE__677,292,132,LamaHCE,4,0
LamaHCE__678,292,132,LamaHCE,4,4
LamaHCE__679,292,133,LamaHCE,4,2
LamaHCE__68,292,133,LamaHCE,4,3
LamaHCE__680,292,133,LamaHCE,4,0
LamaHCE__681,292,133,LamaHCE,4,4
LamaHCE__682,283,129,LamaHCE,4,1
LamaHCE__683,277,126,LamaHCE,4,0
LamaHCE__684,291,132,LamaHCE,4,2
LamaHCE__685,292,133,LamaHCE,4,0
LamaHCE__686,292,133,LamaHCE,4,2
LamaHCE__687,292,133,LamaHCE,4,4
LamaHCE__688,292,133,LamaHCE,4,3
LamaHCE__689,292,133,LamaHCE,4,3
LamaHCE__69,292,133,LamaHCE,4,2
LamaHCE__690,260,119,LamaHCE,3,3
LamaHCE__691,292,133,LamaHCE,4,0
LamaHCE__692,289,131,LamaHCE,4,2
LamaHCE__693,290,132,LamaHCE,4,3
LamaHCE__694,292,133,LamaHCE,4,1
LamaHCE__695,290,132,LamaHCE,4,3
LamaHCE__696,23,17,LamaHCE,0,2
LamaHCE__697,292,133,LamaHCE,4,4
LamaHCE__698,292,133,LamaHCE,4,4
LamaHCE__699,292,132,LamaHCE,4,4
LamaHCE__7,258,118,LamaHCE,3,4
LamaHCE__70,292,133,LamaHCE,4,3
LamaHCE__700,292,132,LamaHCE,4,2
LamaHCE__701,292,133,LamaHCE,4,3
LamaHCE__702,292,132,LamaHCE,4,2
LamaHCE__703,292,133,LamaHCE,4,0
LamaHCE__704,291,132,LamaHCE,4,3
LamaHCE__705,113,56,LamaHCE,1,1
LamaHCE__706,290,132,LamaHCE,4,1
LamaHCE__707,290,132,LamaHCE,4,1
LamaHCE__708,291,132,LamaHCE,4,2
LamaHCE__709,289,131,LamaHCE,4,1
LamaHCE__71,292,133,LamaHCE,4,0
LamaHCE__710,292,133,LamaHCE,4,4
LamaHCE__715,290,132,LamaHCE,4,0
LamaHCE__716,50,29,LamaHCE,0,0
LamaHCE__717,291,132,LamaHCE,4,0
LamaHCE__718,291,132,LamaHCE,4,2
LamaHCE__719,292,132,LamaHCE,4,3
LamaHCE__72,292,133,LamaHCE,4,2
LamaHCE__720,291,132,LamaHCE,4,0
LamaHCE__721,292,133,LamaHCE,4,1
LamaHCE__722,292,133,LamaHCE,4,3
LamaHCE__723,292,133,LamaHCE,4,4
LamaHCE__724,292,133,LamaHCE,4,1
LamaHCE__725,292,133,LamaHCE,4,2
LamaHCE__726,292,132,LamaHCE,4,4
LamaHCE__728,292,133,LamaHCE,4,2
LamaHCE__729,292,133,LamaHCE,4,1
LamaHCE__73,208,97,LamaHCE,2,2
LamaHCE__730,292,133,LamaHCE,4,2
LamaHCE__731,292,133,LamaHCE,4,2
LamaHCE__732,292,133,LamaHCE,4,4
LamaHCE__733,292,133,LamaHCE,4,0
LamaHCE__734,58,32,LamaHCE,0,4
LamaHCE__735,292,133,LamaHCE,4,2
LamaHCE__736,285,130,LamaHCE,4,0
LamaHCE__737,292,133,LamaHCE,4,0
LamaHCE__738,292,133,LamaHCE,4,4
LamaHCE__739,292,133,LamaHCE,4,3
LamaHCE__74,292,133,LamaHCE,4,4
LamaHCE__740,292,133,LamaHCE,4,2
LamaHCE__741,292,133,LamaHCE,4,3
LamaHCE__742,292,133,LamaHCE,4,1
LamaHCE__743,292,133,LamaHCE,4,1
LamaHCE__744,292,133,LamaHCE,4,4
LamaHCE__746,292,133,LamaHCE,4,4
LamaHCE__747,292,133,LamaHCE,4,4
LamaHCE__748,292,133,LamaHCE,4,2
LamaHCE__749,292,133,LamaHCE,4,4
LamaHCE__75,292,133,LamaHCE,4,4
LamaHCE__750,286,130,LamaHCE,4,3
LamaHCE__751,292,133,LamaHCE,4,1
LamaHCE__752,238,109,LamaHCE,3,3
LamaHCE__753,292,133,LamaHCE,4,4
LamaHCE__754,285,130,LamaHCE,4,0
LamaHCE__755,292,133,LamaHCE,4,4
LamaHCE__756,292,133,LamaHCE,4,1
LamaHCE__757,292,133,LamaHCE,4,0
LamaHCE__758,292,133,LamaHCE,4,2
LamaHCE__759,292,133,LamaHCE,4,4
LamaHCE__76,292,133,LamaHCE,4,0
LamaHCE__760,285,130,LamaHCE,4,4
LamaHCE__761,292,133,LamaHCE,4,3
LamaHCE__762,292,133,LamaHCE,4,4
LamaHCE__763,277,126,LamaHCE,4,2
LamaHCE__764,292,133,LamaHCE,4,2
LamaHCE__766,292,133,LamaHCE,4,1
LamaHCE__767,260,119,LamaHCE,3,1
LamaHCE__768,292,133,LamaHCE,4,0
LamaHCE__769,292,133,LamaHCE,4,4
LamaHCE__77,292,133,LamaHCE,4,2
LamaHCE__770,281,128,LamaHCE,4,1
LamaHCE__771,292,133,LamaHCE,4,3
LamaHCE__772,226,104,LamaHCE,3,0
LamaHCE__773,218,101,LamaHCE,3,2
LamaHCE__774,176,83,LamaHCE,2,3
LamaHCE__776,200,93,LamaHCE,2,0
LamaHCE__777,233,107,LamaHCE,3,0
LamaHCE__778,144,68,LamaHCE,1,1
LamaHCE__779,176,83,LamaHCE,2,2
LamaHCE__78,292,133,LamaHCE,4,4
LamaHCE__780,209,97,LamaHCE,2,0
LamaHCE__782,292,133,LamaHCE,4,2
LamaHCE__783,292,133,LamaHCE,4,0
LamaHCE__784,292,133,LamaHCE,4,1
LamaHCE__785,163,77,LamaHCE,2,4
LamaHCE__786,292,133,LamaHCE,4,0
LamaHCE__787,288,131,LamaHCE,4,3
LamaHCE__788,290,132,LamaHCE,4,0
LamaHCE__789,199,93,LamaHCE,2,3
LamaHCE__79,292,133,LamaHCE,4,0
LamaHCE__790,107,53,LamaHCE,1,0
LamaHCE__791,64,35,LamaHCE,0,2
LamaHCE__792,292,133,LamaHCE,4,2
LamaHCE__793,75,40,LamaHCE,0,0
LamaHCE__795,292,133,LamaHCE,4,3
LamaHCE__796,292,133,LamaHCE,4,0
LamaHCE__797,292,133,LamaHCE,4,3
LamaHCE__798,292,133,LamaHCE,4,2
LamaHCE__799,229,106,LamaHCE,3,0
LamaHCE__8,208,97,LamaHCE,2,0
LamaHCE__80,292,133,LamaHCE,4,1
LamaHCE__800,49,29,LamaHCE,0,1
LamaHCE__801,292,133,LamaHCE,4,3
LamaHCE__802,292,133,LamaHCE,4,1
LamaHCE__803,292,133,LamaHCE,4,2
LamaHCE__804,292,133,LamaHCE,4,3
LamaHCE__805,292,133,LamaHCE,4,2
LamaHCE__806,225,104,LamaHCE,3,4
LamaHCE__807,292,133,LamaHCE,4,0
LamaHCE__808,292,133,LamaHCE,4,2
LamaHCE__809,292,133,LamaHCE,4,0
LamaHCE__81,292,133,LamaHCE,4,1
LamaHCE__810,292,133,LamaHCE,4,0
LamaHCE__811,292,133,LamaHCE,4,2
LamaHCE__812,292,133,LamaHCE,4,4
LamaHCE__813,292,133,LamaHCE,4,1
LamaHCE__814,292,133,LamaHCE,4,3
LamaHCE__815,292,133,LamaHCE,4,4
LamaHCE__816,292,133,LamaHCE,4,3
LamaHCE__817,292,133,LamaHCE,4,1
LamaHCE__818,292,133,LamaHCE,4,2
LamaHCE__819,292,133,LamaHCE,4,0
LamaHCE__82,292,133,LamaHCE,4,3
LamaHCE__820,292,133,LamaHCE,4,2
LamaHCE__821,292,133,LamaHCE,4,4
LamaHCE__822,92,47,LamaHCE,0,1
LamaHCE__823,92,47,LamaHCE,0,1
LamaHCE__824,92,47,LamaHCE,0,3
LamaHCE__825,33,22,LamaHCE,0,1
LamaHCE__826,92,47,LamaHCE,0,0
LamaHCE__827,92,47,LamaHCE,0,3
LamaHCE__828,92,47,LamaHCE,0,3
LamaHCE__829,92,47,LamaHCE,0,3
LamaHCE__83,166,79,LamaHCE,2,0
LamaHCE__830,7,10,LamaHCE,0,2
LamaHCE__831,33,22,LamaHCE,0,1
LamaHCE__832,15,14,LamaHCE,0,0
LamaHCE__833,33,22,LamaHCE,0,3
LamaHCE__834,33,22,LamaHCE,0,3
LamaHCE__835,33,22,LamaHCE,0,4
LamaHCE__836,33,22,LamaHCE,0,3
LamaHCE__837,99,50,LamaHCE,0,2
LamaHCE__838,99,50,LamaHCE,0,1
LamaHCE__839,99,50,LamaHCE,0,2
LamaHCE__84,292,133,LamaHCE,4,0
LamaHCE__840,99,50,LamaHCE,0,4
LamaHCE__841,99,50,LamaHCE,0,0
LamaHCE__842,99,50,LamaHCE,0,4
LamaHCE__843,99,50,LamaHCE,0,1
LamaHCE__844,99,50,LamaHCE,0,0
LamaHCE__845,99,50,LamaHCE,0,0
LamaHCE__846,99,50,LamaHCE,0,3
LamaHCE__847,99,50,LamaHCE,0,0
LamaHCE__848,99,50,LamaHCE,0,1
LamaHCE__849,99,50,LamaHCE,0,1
LamaHCE__85,292,133,LamaHCE,4,1
LamaHCE__850,99,50,LamaHCE,0,1
LamaHCE__851,99,50,LamaHCE,0,1
LamaHCE__852,32,21,LamaHCE,0,3
LamaHCE__853,99,50,LamaHCE,0,3
LamaHCE__854,99,50,LamaHCE,0,2
LamaHCE__855,99,50,LamaHCE,0,3
LamaHCE__856,99,50,LamaHCE,0,2
LamaHCE__857,99,50,LamaHCE,0,1
LamaHCE__858,99,50,LamaHCE,0,0
LamaHCE__859,99,50,LamaHCE,0,2
LamaHCE__86,292,133,LamaHCE,4,4
LamaHCE__860,98,49,LamaHCE,0,4
LamaHCE__861,99,50,LamaHCE,0,2
LamaHCE__862,99,50,LamaHCE,0,4
LamaHCE__863,99,50,LamaHCE,0,3
LamaHCE__864,99,50,LamaHCE,0,3
LamaHCE__865,99,50,LamaHCE,0,1
LamaHCE__866,99,50,LamaHCE,0,4
LamaHCE__867,99,50,LamaHCE,0,4
LamaHCE__868,99,50,LamaHCE,0,1
LamaHCE__869,99,50,LamaHCE,0,2
LamaHCE__87,292,133,LamaHCE,4,3
LamaHCE__870,99,50,LamaHCE,0,4
LamaHCE__871,99,50,LamaHCE,0,4
LamaHCE__872,99,50,LamaHCE,0,4
LamaHCE__873,99,50,LamaHCE,0,0
LamaHCE__874,99,50,LamaHCE,0,0
LamaHCE__875,99,50,LamaHCE,0,0
LamaHCE__876,99,50,LamaHCE,0,2
LamaHCE__877,99,50,LamaHCE,0,1
LamaHCE__878,99,50,LamaHCE,0,4
LamaHCE__879,99,50,LamaHCE,0,3
LamaHCE__88,292,133,LamaHCE,4,3
LamaHCE__880,99,50,LamaHCE,0,3
LamaHCE__882,99,50,LamaHCE,0,4
LamaHCE__89,292,133,LamaHCE,4,3
LamaHCE__9,292,133,LamaHCE,4,2
LamaHCE__90,292,133,LamaHCE,4,1
LamaHCE__91,292,133,LamaHCE,4,0
LamaHCE__92,82,43,LamaHCE,0,2
LamaHCE__93,216,100,LamaHCE,3,1
LamaHCE__94,275,125,LamaHCE,4,3
LamaHCE__95,292,133,LamaHCE,4,2
LamaHCE__96,292,133,LamaHCE,4,0
LamaHCE__97,242,111,LamaHCE,3,3
LamaHCE__98,283,129,LamaHCE,4,1
LamaHCE__99,122,60,LamaHCE,1,4
LamaHIce__1,116,57,LamaHIce,1,3
LamaHIce__1010,128,60,LamaHIce,1,4
LamaHIce__102,163,77,LamaHIce,2,1
LamaHIce__104,157,74,LamaHIce,1,2
LamaHIce__105,116,57,LamaHIce,1,2
LamaHIce__11,116,57,LamaHIce,1,1
LamaHIce__12,116,57,LamaHIce,1,3
LamaHIce__13,116,57,LamaHIce,1,4
LamaHIce__14,118,58,LamaHIce,1,3
LamaHIce__15,123,60,LamaHIce,1,2
LamaHIce__17,116,57,LamaHIce,1,4
LamaHIce__2,91,46,LamaHIce,0,2
LamaHIce__20,156,74,LamaHIce,1,4
LamaHIce__21,105,53,LamaHIce,1,0
LamaHIce__22,15,14,LamaHIce,0,3
LamaHIce__24,108,54,LamaHIce,1,2
LamaHIce__25,49,29,LamaHIce,0,0
LamaHIce__26,108,54,LamaHIce,1,0
LamaHIce__27,108,54,LamaHIce,1,0
LamaHIce__28,24,18,LamaHIce,0,1
LamaHIce__3,133,64,LamaHIce,1,4
LamaHIce__30,108,54,LamaHIce,1,3
LamaHIce__32,74,39,LamaHIce,0,3
LamaHIce__33,133,64,LamaHIce,1,2
LamaHIce__34,333,150,LamaHIce,4,1
LamaHIce__36,108,54,LamaHIce,1,1
LamaHIce__37,116,57,LamaHIce,1,0
LamaHIce__38,133,64,LamaHIce,1,1
LamaHIce__39,116,57,LamaHIce,1,1
LamaHIce__4,57,32,LamaHIce,0,2
LamaHIce__40,58,32,LamaHIce,0,1
LamaHIce__45,108,54,LamaHIce,1,4
LamaHIce__46,116,57,LamaHIce,1,0
LamaHIce__47,7,11,LamaHIce,0,0
LamaHIce__48,133,64,LamaHIce,1,1
LamaHIce__5,7,10,LamaHIce,0,3
LamaHIce__50,33,21,LamaHIce,0,1
LamaHIce__54,14,14,LamaHIce,0,2
LamaHIce__55,7,10,LamaHIce,0,0
LamaHIce__56,125,61,LamaHIce,1,3
LamaHIce__59,116,57,LamaHIce,1,1
LamaHIce__60,41,21,LamaHIce,0,0
LamaHIce__61,100,50,LamaHIce,1,4
LamaHIce__62,99,50,LamaHIce,0,4
LamaHIce__63,100,50,LamaHIce,1,3
LamaHIce__64,133,64,LamaHIce,1,1
LamaHIce__66,116,57,LamaHIce,1,2
LamaHIce__67,116,57,LamaHIce,1,0
LamaHIce__68,79,41,LamaHIce,0,1
LamaHIce__7,133,65,LamaHIce,1,3
LamaHIce__70,76,40,LamaHIce,0,4
LamaHIce__71,116,57,LamaHIce,1,3
LamaHIce__72,102,51,LamaHIce,1,2
LamaHIce__73,143,67,LamaHIce,1,3
LamaHIce__75,66,36,LamaHIce,0,0
LamaHIce__78,91,46,LamaHIce,0,4
LamaHIce__79,189,88,LamaHIce,2,2
LamaHIce__8,119,56,LamaHIce,1,1
LamaHIce__80,118,57,LamaHIce,1,0
LamaHIce__81,100,49,LamaHIce,0,3
LamaHIce__82,116,57,LamaHIce,1,1
LamaHIce__85,125,61,LamaHIce,1,4
LamaHIce__86,163,77,LamaHIce,2,0
LamaHIce__890,100,50,LamaHIce,1,4
LamaHIce__90,52,30,LamaHIce,0,2
LamaHIce__91,108,54,LamaHIce,1,2
LamaHIce__92,116,57,LamaHIce,1,0
LamaHIce__93,116,57,LamaHIce,1,0
LamaHIce__94,108,54,LamaHIce,1,1
LamaHIce__95,66,36,LamaHIce,0,4
LamaHIce__96,131,63,LamaHIce,1,4
LamaHIce__98,116,57,LamaHIce,1,0
LamaHIce__9900,123,58,LamaHIce,1,2
