scheme_code,scheme_label,n_total_stations,n_valid_stations,median_train_kge,median_train_nse,n_excluded_stations
S1,S1 Csb-CA,8,6,-124.19962075163076,-4179.203331674595,2
S2,S2 Cfa-SE,17,12,-0.23670297266847828,-0.10420904349594307,5
U1,U1 Dfa-MW,10,9,-0.9082463600156876,-3.604576595046404,1
U2,U2 Dfb(E)-GL,10,7,0.31020849851487986,-0.20065847555654748,3
U3,U3 Dfb(W)-RK,6,6,-22.204016223876167,-776.9697839045426,0
U4,U4 BSk-SW,3,3,-583.4959217978748,-3325.278397295296,0
U5,U5 BSk-NP,3,3,-34.22327792026833,-626.1197579636398,0
