scheme_code,scheme_label,koppen_class,n_total_stations,n_valid_stations,median_train_kge,median_train_nse,n_excluded_stations
S1,S1 Csb-CA,Csb,8,6,-124.19962075163076,-4179.203331674595,2
S2,S2 Cfa-SE,Cfa,12,9,-0.5643535127055381,-0.03145459048585142,3
S2,S2 Cfa-SE,Cfb,5,3,0.00960798430231935,-0.1769634965060347,2
U1,U1 Dfa-MW,Dfa,10,9,-0.9082463600156876,-3.604576595046404,1
U2,U2 Dfb(E)-GL,Dfb,10,7,0.31020849851487986,-0.20065847555654748,3
U3,U3 Dfb(W)-RK,Dfb,6,6,-22.204016223876167,-776.9697839045426,0
U4,U4 BSk-SW,BSk,3,3,-583.4959217978748,-3325.278397295296,0
U5,U5 BSk-NP,BSk,3,3,-34.22327792026833,-626.1197579636398,0
